profile,scheme,feature_set,model,cv_scheme,validity,n_folds,feature_dim,classes,n_sims_per_class,ad_only_pairs,info,n_test,gate_invalid_rate,accuracy,balanced_accuracy,macro_f1,reject_rate,bal_acc_on_accepted
ideal,binary,M0,LDA,LODO+LOSO-within-class,noise-robustness-only,9,1,"['Normal', 'AD']",Normal:1|AD:3,False,,2160,0.0,0.5763888888888888,0.5763888888888888,0.5763735440519857,0.9074074074074074,0.6959783913565427
ideal,binary,M0,LR,LODO+LOSO-within-class,noise-robustness-only,9,1,"['Normal', 'AD']",Normal:1|AD:3,False,,2160,0.0,0.575462962962963,0.575462962962963,0.5754424885459368,0.8634259259259259,0.6731640769515352
ideal,binary,M0,LSVM,LODO+LOSO-within-class,noise-robustness-only,9,1,"['Normal', 'AD']",Normal:1|AD:3,False,,2160,0.0,0.5763888888888888,0.5763888888888888,0.5763735440519857,0.9050925925925926,0.6804310509250429
ideal,binary,M0,RBF,LODO+LOSO-within-class,noise-robustness-only,9,1,"['Normal', 'AD']",Normal:1|AD:3,False,,2160,0.0,0.5787037037037037,0.5787037037037037,0.5690063464999526,1.0,
ideal,binary,M0,kNN,LODO+LOSO-within-class,noise-robustness-only,9,1,"['Normal', 'AD']",Normal:1|AD:3,False,,2160,0.0,0.5555555555555556,0.5555555555555556,0.5538384609492466,0.9222222222222223,0.5000738879858135
ideal,binary,M0,ORD,LODO+LOSO-within-class,noise-robustness-only,9,1,"['Normal', 'AD']",Normal:1|AD:3,False,,2160,0.0,0.575,0.575,0.5749766791044777,0.9013888888888889,0.6871138570167696
ideal,binary,M0,THR,LODO+LOSO-within-class,noise-robustness-only,9,1,"['Normal', 'AD']",Normal:1|AD:3,False,,2160,0.0,0.575462962962963,0.575462962962963,0.5642163332630026,0.9356481481481481,0.6904761904761905
ideal,binary,M1,LDA,LODO+LOSO-within-class,noise-robustness-only,9,1,"['Normal', 'AD']",Normal:1|AD:3,False,,2160,0.0,0.4898148148148148,0.4898148148148148,0.48833913997503087,1.0,
ideal,binary,M1,LR,LODO+LOSO-within-class,noise-robustness-only,9,1,"['Normal', 'AD']",Normal:1|AD:3,False,,2160,0.0,0.48842592592592593,0.48842592592592593,0.48702198725893975,1.0,
ideal,binary,M1,LSVM,LODO+LOSO-within-class,noise-robustness-only,9,1,"['Normal', 'AD']",Normal:1|AD:3,False,,2160,0.0,0.4898148148148148,0.4898148148148148,0.48833913997503087,1.0,
ideal,binary,M1,RBF,LODO+LOSO-within-class,noise-robustness-only,9,1,"['Normal', 'AD']",Normal:1|AD:3,False,,2160,0.0,0.4930555555555556,0.4930555555555556,0.49305457765157723,1.0,
ideal,binary,M1,kNN,LODO+LOSO-within-class,noise-robustness-only,9,1,"['Normal', 'AD']",Normal:1|AD:3,False,,2160,0.0,0.4962962962962963,0.49629629629629635,0.4962807494058459,0.9921296296296296,0.5
ideal,binary,M1,ORD,LODO+LOSO-within-class,noise-robustness-only,9,1,"['Normal', 'AD']",Normal:1|AD:3,False,,2160,0.0,0.4898148148148148,0.4898148148148148,0.48833913997503087,1.0,
ideal,binary,M1,THR,LODO+LOSO-within-class,noise-robustness-only,9,1,"['Normal', 'AD']",Normal:1|AD:3,False,,2160,0.0,0.4935185185185185,0.4935185185185186,0.4896524079878089,0.9990740740740741,
ideal,binary,M2,LDA,LODO+LOSO-within-class,noise-robustness-only,9,1,"['Normal', 'AD']",Normal:1|AD:3,False,,2160,0.0,0.5328703703703703,0.5328703703703703,0.5327476885970789,0.999537037037037,
ideal,binary,M2,LR,LODO+LOSO-within-class,noise-robustness-only,9,1,"['Normal', 'AD']",Normal:1|AD:3,False,,2160,0.0,0.5328703703703703,0.5328703703703703,0.5327476885970789,0.9976851851851852,0.875
ideal,binary,M2,LSVM,LODO+LOSO-within-class,noise-robustness-only,9,1,"['Normal', 'AD']",Normal:1|AD:3,False,,2160,0.0,0.5328703703703703,0.5328703703703703,0.5327476885970789,0.999537037037037,
ideal,binary,M2,RBF,LODO+LOSO-within-class,noise-robustness-only,9,1,"['Normal', 'AD']",Normal:1|AD:3,False,,2160,0.0,0.5087962962962963,0.5087962962962963,0.5070923122221861,1.0,
ideal,binary,M2,kNN,LODO+LOSO-within-class,noise-robustness-only,9,1,"['Normal', 'AD']",Normal:1|AD:3,False,,2160,0.0,0.4861111111111111,0.4861111111111111,0.4860476602049636,0.9842592592592593,0.5
ideal,binary,M2,ORD,LODO+LOSO-within-class,noise-robustness-only,9,1,"['Normal', 'AD']",Normal:1|AD:3,False,,2160,0.0,0.5328703703703703,0.5328703703703703,0.5327476885970789,0.999537037037037,
ideal,binary,M2,THR,LODO+LOSO-within-class,noise-robustness-only,9,1,"['Normal', 'AD']",Normal:1|AD:3,False,,2160,0.0,0.5194444444444445,0.5194444444444444,0.49404063417328925,0.999537037037037,
ideal,binary,M5,LDA,LODO+LOSO-within-class,noise-robustness-only,9,4,"['Normal', 'AD']",Normal:1|AD:3,False,,2160,0.0,0.9976851851851852,0.9976851851851851,0.9976851727814899,0.01620370370370372,0.999043062200957
ideal,binary,M5,LR,LODO+LOSO-within-class,noise-robustness-only,9,4,"['Normal', 'AD']",Normal:1|AD:3,False,,2160,0.0,0.9884259259259259,0.9884259259259259,0.988425506668087,0.005555555555555536,0.9897579143389199
ideal,binary,M5,LSVM,LODO+LOSO-within-class,noise-robustness-only,9,4,"['Normal', 'AD']",Normal:1|AD:3,False,,2160,0.0,0.9986111111111111,0.9986111111111111,0.9986111084319221,0.014351851851851838,0.9990467111534795
ideal,binary,M5,RBF,LODO+LOSO-within-class,noise-robustness-only,9,4,"['Normal', 'AD']",Normal:1|AD:3,False,,2160,0.0,0.9986111111111111,0.9986111111111111,0.9986111084319221,0.008796296296296302,0.9943449575871819
ideal,binary,M5,kNN,LODO+LOSO-within-class,noise-robustness-only,9,4,"['Normal', 'AD']",Normal:1|AD:3,False,,2160,0.0,0.9953703703703703,0.9953703703703705,0.9953703664012057,0.0037037037037036535,0.9976791630821958
ideal,binary,M5,ORD,LODO+LOSO-within-class,noise-robustness-only,9,4,"['Normal', 'AD']",Normal:1|AD:3,False,,2160,0.0,0.9879629629629629,0.9879629629629629,0.9879629216835448,0.010648148148148184,0.9953137427341114
ideal,binary,M5.C3,LDA,LODO+LOSO-within-class,noise-robustness-only,9,1,"['Normal', 'AD']",Normal:1|AD:3,False,,2160,0.0,0.9930555555555556,0.9930555555555556,0.9930552206414276,0.02777777777777779,0.9859110065666961
ideal,binary,M5.C3,LR,LODO+LOSO-within-class,noise-robustness-only,9,1,"['Normal', 'AD']",Normal:1|AD:3,False,,2160,0.0,0.9879629629629629,0.9879629629629629,0.9879614767255217,0.02314814814814814,0.9869816571153279
ideal,binary,M5.C3,LSVM,LODO+LOSO-within-class,noise-robustness-only,9,1,"['Normal', 'AD']",Normal:1|AD:3,False,,2160,0.0,0.9796296296296296,0.9796296296296296,0.9796251577849734,0.025000000000000022,0.9883720930232558
ideal,binary,M5.C3,RBF,LODO+LOSO-within-class,noise-robustness-only,9,1,"['Normal', 'AD']",Normal:1|AD:3,False,,2160,0.0,0.9782407407407407,0.9782407407407407,0.9782350261289026,0.01388888888888884,0.983909764889287
ideal,binary,M5.C3,kNN,LODO+LOSO-within-class,noise-robustness-only,9,1,"['Normal', 'AD']",Normal:1|AD:3,False,,2160,0.0,0.9712962962962963,0.9712962962962963,0.9712809075507709,0.025000000000000022,0.9933307349183664
ideal,binary,M5.C3,ORD,LODO+LOSO-within-class,noise-robustness-only,9,1,"['Normal', 'AD']",Normal:1|AD:3,False,,2160,0.0,0.9810185185185185,0.9810185185185185,0.9810135334315959,0.024537037037037024,0.9865401254596582
ideal,binary,M5.C3,THR,LODO+LOSO-within-class,noise-robustness-only,9,1,"['Normal', 'AD']",Normal:1|AD:3,False,,2160,0.0,0.9787037037037037,0.9787037037037036,0.978696397941681,0.02546296296296291,0.9874297160465062
ideal,binary,M5.C3[k3],LDA,LODO+LOSO-within-class,noise-robustness-only,9,1,"['Normal', 'AD']",Normal:1|AD:3,False,,2160,0.0,1.0,1.0,1.0,0.021759259259259256,0.9990393852065322
ideal,binary,M5.C3[k3],LR,LODO+LOSO-within-class,noise-robustness-only,9,1,"['Normal', 'AD']",Normal:1|AD:3,False,,2160,0.0,1.0,1.0,1.0,0.010185185185185186,0.9995291902071564
ideal,binary,M5.C3[k3],LSVM,LODO+LOSO-within-class,noise-robustness-only,9,1,"['Normal', 'AD']",Normal:1|AD:3,False,,2160,0.0,0.9962962962962963,0.9962962962962962,0.9962962454903359,0.02083333333333337,0.9961352657004832
ideal,binary,M5.C3[k3],RBF,LODO+LOSO-within-class,noise-robustness-only,9,1,"['Normal', 'AD']",Normal:1|AD:3,False,,2160,0.0,0.9962962962962963,0.9962962962962962,0.9962962454903359,0.008333333333333304,0.9967166979362101
ideal,binary,M5.C3[k3],kNN,LODO+LOSO-within-class,noise-robustness-only,9,1,"['Normal', 'AD']",Normal:1|AD:3,False,,2160,0.0,0.9962962962962963,0.9962962962962962,0.9962962454903359,0.0064814814814815325,1.0
ideal,binary,M5.C3[k3],ORD,LODO+LOSO-within-class,noise-robustness-only,9,1,"['Normal', 'AD']",Normal:1|AD:3,False,,2160,0.0,0.9990740740740741,0.999074074074074,0.9990740732802411,0.02268518518518514,0.9961501443695862
ideal,binary,M5.C3[k3],THR,LODO+LOSO-within-class,noise-robustness-only,9,1,"['Normal', 'AD']",Normal:1|AD:3,False,,2160,0.0,0.9962962962962963,0.9962962962962962,0.9962962454903359,0.021759259259259256,0.9961427193828352
ideal,binary,M5.C3[nested],LDA,LODO+LOSO-within-class,noise-robustness-only,9,1,"['Normal', 'AD']",Normal:1|AD:3,False,"windows 3.40-3.50×6, 3.45-3.55×2, 3.40-3.60×1",2160,0.0,1.0,1.0,1.0,0.008796296296296302,1.0
ideal,binary,M5.C3[nested],LR,LODO+LOSO-within-class,noise-robustness-only,9,1,"['Normal', 'AD']",Normal:1|AD:3,False,"windows 3.40-3.50×6, 3.45-3.55×2, 3.40-3.60×1",2160,0.0,1.0,1.0,1.0,0.0037037037037036535,1.0
ideal,binary,M5.C3[nested],LSVM,LODO+LOSO-within-class,noise-robustness-only,9,1,"['Normal', 'AD']",Normal:1|AD:3,False,"windows 3.40-3.50×6, 3.45-3.55×2, 3.40-3.60×1",2160,0.0,1.0,1.0,1.0,0.009722222222222188,1.0
ideal,binary,M5.C3[nested],RBF,LODO+LOSO-within-class,noise-robustness-only,9,1,"['Normal', 'AD']",Normal:1|AD:3,False,"windows 3.40-3.50×6, 3.45-3.55×2, 3.40-3.60×1",2160,0.0,1.0,1.0,1.0,0.0023148148148147696,1.0
ideal,binary,M5.C3[nested],kNN,LODO+LOSO-within-class,noise-robustness-only,9,1,"['Normal', 'AD']",Normal:1|AD:3,False,"windows 3.40-3.50×6, 3.45-3.55×2, 3.40-3.60×1",2160,0.0,1.0,1.0,1.0,0.0,1.0
ideal,binary,M5.C3[nested],ORD,LODO+LOSO-within-class,noise-robustness-only,9,1,"['Normal', 'AD']",Normal:1|AD:3,False,"windows 3.40-3.50×6, 3.45-3.55×2, 3.40-3.60×1",2160,0.0,1.0,1.0,1.0,0.007407407407407418,1.0
ideal,binary,M5.C3[nested],THR,LODO+LOSO-within-class,noise-robustness-only,9,1,"['Normal', 'AD']",Normal:1|AD:3,False,"windows 3.40-3.50×6, 3.45-3.55×2, 3.40-3.60×1",2160,0.0,1.0,1.0,1.0,0.0064814814814815325,1.0
ideal,binary,M6,LDA,LODO+LOSO-within-class,noise-robustness-only,9,22,"['Normal', 'AD']",Normal:1|AD:3,False,,2160,0.0,1.0,1.0,1.0,0.0,1.0
ideal,binary,M6,LR,LODO+LOSO-within-class,noise-robustness-only,9,22,"['Normal', 'AD']",Normal:1|AD:3,False,,2160,0.0,0.9976851851851852,0.9976851851851851,0.9976851727814899,0.0,0.9995370370370371
ideal,binary,M6,LSVM,LODO+LOSO-within-class,noise-robustness-only,9,22,"['Normal', 'AD']",Normal:1|AD:3,False,,2160,0.0,0.999537037037037,0.9995370370370371,0.999537036937808,0.0,1.0
ideal,binary,M6,RBF,LODO+LOSO-within-class,noise-robustness-only,9,22,"['Normal', 'AD']",Normal:1|AD:3,False,,2160,0.0,1.0,1.0,1.0,0.0,1.0
ideal,binary,M6,kNN,LODO+LOSO-within-class,noise-robustness-only,9,22,"['Normal', 'AD']",Normal:1|AD:3,False,,2160,0.0,0.9486111111111111,0.9486111111111111,0.9484799146660983,0.026851851851851904,0.9903596085164337
ideal,binary,M6,ORD,LODO+LOSO-within-class,noise-robustness-only,9,22,"['Normal', 'AD']",Normal:1|AD:3,False,,2160,0.0,0.9976851851851852,0.9976851851851851,0.9976851727814899,0.0,1.0
ideal,binary,M7,LDA,LODO+LOSO-within-class,noise-robustness-only,9,6,"['Normal', 'AD']",Normal:1|AD:3,False,,2160,0.0,0.7842592592592592,0.7842592592592592,0.783757957404683,0.28888888888888886,0.8523977324178442
ideal,binary,M7,LR,LODO+LOSO-within-class,noise-robustness-only,9,6,"['Normal', 'AD']",Normal:1|AD:3,False,,2160,0.0,0.7847222222222222,0.7847222222222223,0.7846113794414521,0.2851851851851852,0.8569222043798315
ideal,binary,M7,LSVM,LODO+LOSO-within-class,noise-robustness-only,9,6,"['Normal', 'AD']",Normal:1|AD:3,False,,2160,0.0,0.7893518518518519,0.7893518518518519,0.7892683378679521,0.28888888888888886,0.859508294290903
ideal,binary,M7,RBF,LODO+LOSO-within-class,noise-robustness-only,9,6,"['Normal', 'AD']",Normal:1|AD:3,False,,2160,0.0,0.8,0.8,0.7999753055932831,0.21064814814814814,0.8588266984860092
ideal,binary,M7,kNN,LODO+LOSO-within-class,noise-robustness-only,9,6,"['Normal', 'AD']",Normal:1|AD:3,False,,2160,0.0,0.7907407407407407,0.7907407407407407,0.7906373517786561,0.31018518518518523,0.8747783208616289
ideal,binary,M7,ORD,LODO+LOSO-within-class,noise-robustness-only,9,6,"['Normal', 'AD']",Normal:1|AD:3,False,,2160,0.0,0.7861111111111111,0.7861111111111111,0.7859964401363899,0.29166666666666663,0.8607841326993799
ideal,binary,M8,LDA,LODO+LOSO-within-class,noise-robustness-only,9,4,"['Normal', 'AD']",Normal:1|AD:3,False,,2160,0.0,0.8976851851851851,0.8976851851851851,0.8975032631434523,0.14583333333333337,0.9485090470503043
ideal,binary,M8,LR,LODO+LOSO-within-class,noise-robustness-only,9,4,"['Normal', 'AD']",Normal:1|AD:3,False,,2160,0.0,0.8694444444444445,0.8694444444444445,0.8693566320297594,0.20092592592592595,0.9205783032231644
ideal,binary,M8,LSVM,LODO+LOSO-within-class,noise-robustness-only,9,4,"['Normal', 'AD']",Normal:1|AD:3,False,,2160,0.0,0.6513888888888889,0.6513888888888888,0.6511627158812459,0.9462962962962963,0.7354449472096531
ideal,binary,M8,RBF,LODO+LOSO-within-class,noise-robustness-only,9,4,"['Normal', 'AD']",Normal:1|AD:3,False,,2160,0.0,0.5111111111111111,0.5111111111111111,0.5091652779881837,1.0,
ideal,binary,M8,kNN,LODO+LOSO-within-class,noise-robustness-only,9,4,"['Normal', 'AD']",Normal:1|AD:3,False,,2160,0.0,0.48009259259259257,0.4800925925925926,0.48004344546455974,0.9888888888888889,0.5
ideal,binary,M8,ORD,LODO+LOSO-within-class,noise-robustness-only,9,4,"['Normal', 'AD']",Normal:1|AD:3,False,,2160,0.0,0.5342592592592592,0.5342592592592592,0.5341693999614123,0.999537037037037,
ideal,binary,COMB,LDA,LODO+LOSO-within-class,noise-robustness-only,9,3,"['Normal', 'AD']",Normal:1|AD:3,False,chosen M5.C3+M6.A[3.40]+M5.C2×8; M5.C3+M6.A[3.40]+M6.A[3.50]×1,2160,0.0,1.0,1.0,1.0,0.002777777777777768,1.0
ideal,binary,COMB,LR,LODO+LOSO-within-class,noise-robustness-only,9,3,"['Normal', 'AD']",Normal:1|AD:3,False,chosen M5.C3+M6.A[3.40]+M5.C2×8; M5.C3+M6.A[3.40]+M6.A[3.50]×1,2160,0.0,1.0,1.0,1.0,0.0,1.0
ideal,binary,COMB,LSVM,LODO+LOSO-within-class,noise-robustness-only,9,3,"['Normal', 'AD']",Normal:1|AD:3,False,chosen M5.C3+M6.A[3.40]+M5.C2×8; M5.C3+M6.A[3.40]+M6.A[3.50]×1,2160,0.0,1.0,1.0,1.0,0.0,1.0
ideal,binary,COMB,RBF,LODO+LOSO-within-class,noise-robustness-only,9,3,"['Normal', 'AD']",Normal:1|AD:3,False,chosen M5.C3+M6.A[3.40]+M5.C2×8; M5.C3+M6.A[3.40]+M6.A[3.50]×1,2160,0.0,1.0,1.0,1.0,0.0,1.0
ideal,binary,COMB,kNN,LODO+LOSO-within-class,noise-robustness-only,9,3,"['Normal', 'AD']",Normal:1|AD:3,False,chosen M5.C3+M6.A[3.40]+M5.C2×8; M5.C3+M6.A[3.40]+M6.A[3.50]×1,2160,0.0,1.0,1.0,1.0,0.0,1.0
ideal,binary,COMB,ORD,LODO+LOSO-within-class,noise-robustness-only,9,3,"['Normal', 'AD']",Normal:1|AD:3,False,chosen M5.C3+M6.A[3.40]+M5.C2×8; M5.C3+M6.A[3.40]+M6.A[3.50]×1,2160,0.0,1.0,1.0,1.0,0.0,1.0
ideal,binary,M9,LDA,LODO+LOSO-within-class,noise-robustness-only,9,3618,"['Normal', 'AD']",Normal:1|AD:3,False,,2160,0.0,1.0,1.0,1.0,0.0037037037037036535,1.0
ideal,binary,M9,LR,LODO+LOSO-within-class,noise-robustness-only,9,3618,"['Normal', 'AD']",Normal:1|AD:3,False,,2160,0.0,1.0,1.0,1.0,0.0,1.0
ideal,binary,M9,LSVM,LODO+LOSO-within-class,noise-robustness-only,9,3618,"['Normal', 'AD']",Normal:1|AD:3,False,,2160,0.0,0.8962962962962963,0.8962962962962964,0.8951688945587665,0.0,1.0
ideal,binary,M9,RBF,LODO+LOSO-within-class,noise-robustness-only,9,3618,"['Normal', 'AD']",Normal:1|AD:3,False,,2160,0.0,1.0,1.0,1.0,0.0009259259259258856,1.0
ideal,binary,M9,kNN,LODO+LOSO-within-class,noise-robustness-only,9,3618,"['Normal', 'AD']",Normal:1|AD:3,False,,2160,0.0,0.9958333333333333,0.9958333333333333,0.9958332609941145,0.008796296296296302,0.9981149858623939
ideal,binary,M9,ORD,LODO+LOSO-within-class,noise-robustness-only,9,3618,"['Normal', 'AD']",Normal:1|AD:3,False,,2160,0.0,1.0,1.0,1.0,0.0,1.0
ideal,three_merged,M0,LDA,LODO+LOSO-within-class,noise-robustness-only,6,1,"['Normal', 'Mild+Moderate', 'Severe']",Normal:1|Mild+Moderate:2|Severe:1,True,,2160,0.0,0.4046296296296296,0.4046296296296297,0.3684483674521397,0.9981481481481481,
ideal,three_merged,M0,LR,LODO+LOSO-within-class,noise-robustness-only,6,1,"['Normal', 'Mild+Moderate', 'Severe']",Normal:1|Mild+Moderate:2|Severe:1,True,,2160,0.0,0.4009259259259259,0.40092592592592596,0.3568205681881773,0.9949074074074074,0.3333333333333333
ideal,three_merged,M0,LSVM,LODO+LOSO-within-class,noise-robustness-only,6,1,"['Normal', 'Mild+Moderate', 'Severe']",Normal:1|Mild+Moderate:2|Severe:1,True,,2160,0.0,0.37592592592592594,0.37592592592592594,0.3016432991893759,0.9981481481481481,
ideal,three_merged,M0,RBF,LODO+LOSO-within-class,noise-robustness-only,6,1,"['Normal', 'Mild+Moderate', 'Severe']",Normal:1|Mild+Moderate:2|Severe:1,True,,2160,0.0,0.39861111111111114,0.3986111111111111,0.3625707737586934,1.0,
ideal,three_merged,M0,kNN,LODO+LOSO-within-class,noise-robustness-only,6,1,"['Normal', 'Mild+Moderate', 'Severe']",Normal:1|Mild+Moderate:2|Severe:1,True,,2160,0.0,0.3476851851851852,0.3476851851851852,0.34030805859161894,0.9962962962962963,0.16666666666666666
ideal,three_merged,M0,ORD,LODO+LOSO-within-class,noise-robustness-only,6,1,"['Normal', 'Mild+Moderate', 'Severe']",Normal:1|Mild+Moderate:2|Severe:1,True,,2160,0.0,0.41388888888888886,0.4138888888888889,0.3891190424931045,0.9990740740740741,
ideal,three_merged,M1,LDA,LODO+LOSO-within-class,noise-robustness-only,6,1,"['Normal', 'Mild+Moderate', 'Severe']",Normal:1|Mild+Moderate:2|Severe:1,True,,2160,0.0,0.3212962962962963,0.3212962962962963,0.32046870633094576,1.0,
ideal,three_merged,M1,LR,LODO+LOSO-within-class,noise-robustness-only,6,1,"['Normal', 'Mild+Moderate', 'Severe']",Normal:1|Mild+Moderate:2|Severe:1,True,,2160,0.0,0.3236111111111111,0.3236111111111111,0.32265462299566366,1.0,
ideal,three_merged,M1,LSVM,LODO+LOSO-within-class,noise-robustness-only,6,1,"['Normal', 'Mild+Moderate', 'Severe']",Normal:1|Mild+Moderate:2|Severe:1,True,,2160,0.0,0.325,0.325,0.19212497796580294,1.0,
ideal,three_merged,M1,RBF,LODO+LOSO-within-class,noise-robustness-only,6,1,"['Normal', 'Mild+Moderate', 'Severe']",Normal:1|Mild+Moderate:2|Severe:1,True,,2160,0.0,0.31805555555555554,0.31805555555555554,0.31448887627514394,1.0,
ideal,three_merged,M1,kNN,LODO+LOSO-within-class,noise-robustness-only,6,1,"['Normal', 'Mild+Moderate', 'Severe']",Normal:1|Mild+Moderate:2|Severe:1,True,,2160,0.0,0.3416666666666667,0.3416666666666666,0.33747014863198793,1.0,
ideal,three_merged,M1,ORD,LODO+LOSO-within-class,noise-robustness-only,6,1,"['Normal', 'Mild+Moderate', 'Severe']",Normal:1|Mild+Moderate:2|Severe:1,True,,2160,0.0,0.3277777777777778,0.3277777777777778,0.2753911239365598,1.0,
ideal,three_merged,M2,LDA,LODO+LOSO-within-class,noise-robustness-only,6,1,"['Normal', 'Mild+Moderate', 'Severe']",Normal:1|Mild+Moderate:2|Severe:1,True,,2160,0.0,0.35694444444444445,0.35694444444444445,0.3421225787815583,1.0,
ideal,three_merged,M2,LR,LODO+LOSO-within-class,noise-robustness-only,6,1,"['Normal', 'Mild+Moderate', 'Severe']",Normal:1|Mild+Moderate:2|Severe:1,True,,2160,0.0,0.3574074074074074,0.35740740740740745,0.3419342918988646,1.0,
ideal,three_merged,M2,LSVM,LODO+LOSO-within-class,noise-robustness-only,6,1,"['Normal', 'Mild+Moderate', 'Severe']",Normal:1|Mild+Moderate:2|Severe:1,True,,2160,0.0,0.32592592592592595,0.3259259259259259,0.24065762647908026,1.0,
ideal,three_merged,M2,RBF,LODO+LOSO-within-class,noise-robustness-only,6,1,"['Normal', 'Mild+Moderate', 'Severe']",Normal:1|Mild+Moderate:2|Severe:1,True,,2160,0.0,0.3347222222222222,0.3347222222222222,0.32152320572770865,1.0,
ideal,three_merged,M2,kNN,LODO+LOSO-within-class,noise-robustness-only,6,1,"['Normal', 'Mild+Moderate', 'Severe']",Normal:1|Mild+Moderate:2|Severe:1,True,,2160,0.0,0.32175925925925924,0.32175925925925924,0.31896660754396616,0.9986111111111111,0.3333333333333333
ideal,three_merged,M2,ORD,LODO+LOSO-within-class,noise-robustness-only,6,1,"['Normal', 'Mild+Moderate', 'Severe']",Normal:1|Mild+Moderate:2|Severe:1,True,,2160,0.0,0.375,0.375,0.3316528394741705,1.0,
ideal,three_merged,M5,LDA,LODO+LOSO-within-class,noise-robustness-only,6,4,"['Normal', 'Mild+Moderate', 'Severe']",Normal:1|Mild+Moderate:2|Severe:1,True,,2160,0.0,0.9439814814814815,0.9439814814814814,0.9439731541984758,0.03009259259259256,0.9278155698204209
ideal,three_merged,M5,LR,LODO+LOSO-within-class,noise-robustness-only,6,4,"['Normal', 'Mild+Moderate', 'Severe']",Normal:1|Mild+Moderate:2|Severe:1,True,,2160,0.0,0.9208333333333333,0.9208333333333334,0.9213472176272046,0.036111111111111094,0.9298383750784663
ideal,three_merged,M5,LSVM,LODO+LOSO-within-class,noise-robustness-only,6,4,"['Normal', 'Mild+Moderate', 'Severe']",Normal:1|Mild+Moderate:2|Severe:1,True,,2160,0.0,0.8851851851851852,0.8851851851851853,0.8861184138721615,0.02546296296296291,0.9105516643157093
ideal,three_merged,M5,RBF,LODO+LOSO-within-class,noise-robustness-only,6,4,"['Normal', 'Mild+Moderate', 'Severe']",Normal:1|Mild+Moderate:2|Severe:1,True,,2160,0.0,0.9467592592592593,0.9467592592592592,0.9467935505351233,0.004166666666666652,0.9393768770724124
ideal,three_merged,M5,kNN,LODO+LOSO-within-class,noise-robustness-only,6,4,"['Normal', 'Mild+Moderate', 'Severe']",Normal:1|Mild+Moderate:2|Severe:1,True,,2160,0.0,0.9513888888888888,0.9513888888888888,0.9514309833210755,0.020370370370370372,0.9585080277321656
ideal,three_merged,M5,ORD,LODO+LOSO-within-class,noise-robustness-only,6,4,"['Normal', 'Mild+Moderate', 'Severe']",Normal:1|Mild+Moderate:2|Severe:1,True,,2160,0.0,0.9263888888888889,0.9263888888888888,0.9256047797015506,0.06805555555555554,0.9512089183420103
ideal,three_merged,M5.C3,LDA,LODO+LOSO-within-class,noise-robustness-only,6,1,"['Normal', 'Mild+Moderate', 'Severe']",Normal:1|Mild+Moderate:2|Severe:1,True,,2160,0.0,0.5111111111111111,0.5111111111111112,0.513156269762874,0.4800925925925926,0.6088439138798851
ideal,three_merged,M5.C3,LR,LODO+LOSO-within-class,noise-robustness-only,6,1,"['Normal', 'Mild+Moderate', 'Severe']",Normal:1|Mild+Moderate:2|Severe:1,True,,2160,0.0,0.5277777777777778,0.5277777777777778,0.5210320764288817,0.4564814814814815,0.6595071595071595
ideal,three_merged,M5.C3,LSVM,LODO+LOSO-within-class,noise-robustness-only,6,1,"['Normal', 'Mild+Moderate', 'Severe']",Normal:1|Mild+Moderate:2|Severe:1,True,,2160,0.0,0.6532407407407408,0.6532407407407407,0.5472335668475964,0.20787037037037037,0.6144028057391158
ideal,three_merged,M5.C3,RBF,LODO+LOSO-within-class,noise-robustness-only,6,1,"['Normal', 'Mild+Moderate', 'Severe']",Normal:1|Mild+Moderate:2|Severe:1,True,,2160,0.0,0.7208333333333333,0.7208333333333333,0.7174075185400949,0.21018518518518514,0.6804576562728736
ideal,three_merged,M5.C3,kNN,LODO+LOSO-within-class,noise-robustness-only,6,1,"['Normal', 'Mild+Moderate', 'Severe']",Normal:1|Mild+Moderate:2|Severe:1,True,,2160,0.0,0.7134259259259259,0.713425925925926,0.710528745792313,0.24259259259259258,0.7039601772056759
ideal,three_merged,M5.C3,ORD,LODO+LOSO-within-class,noise-robustness-only,6,1,"['Normal', 'Mild+Moderate', 'Severe']",Normal:1|Mild+Moderate:2|Severe:1,True,,2160,0.0,0.5898148148148148,0.5898148148148148,0.5933448740130606,0.4921296296296296,0.6137444528915684
ideal,three_merged,M5.C3[k3],LDA,LODO+LOSO-within-class,noise-robustness-only,6,1,"['Normal', 'Mild+Moderate', 'Severe']",Normal:1|Mild+Moderate:2|Severe:1,True,,2160,0.0,0.5583333333333333,0.5583333333333333,0.5474253998567677,0.4212962962962963,0.6215677905818752
ideal,three_merged,M5.C3[k3],LR,LODO+LOSO-within-class,noise-robustness-only,6,1,"['Normal', 'Mild+Moderate', 'Severe']",Normal:1|Mild+Moderate:2|Severe:1,True,,2160,0.0,0.5458333333333333,0.5458333333333334,0.5357396353235867,0.42407407407407405,0.6221406127066504
ideal,three_merged,M5.C3[k3],LSVM,LODO+LOSO-within-class,noise-robustness-only,6,1,"['Normal', 'Mild+Moderate', 'Severe']",Normal:1|Mild+Moderate:2|Severe:1,True,,2160,0.0,0.6523148148148148,0.6523148148148148,0.5468085064905951,0.12361111111111112,0.6568627450980392
ideal,three_merged,M5.C3[k3],RBF,LODO+LOSO-within-class,noise-robustness-only,6,1,"['Normal', 'Mild+Moderate', 'Severe']",Normal:1|Mild+Moderate:2|Severe:1,True,,2160,0.0,0.7467592592592592,0.7467592592592593,0.7323637627180286,0.04675925925925928,0.737558367111747
ideal,three_merged,M5.C3[k3],kNN,LODO+LOSO-within-class,noise-robustness-only,6,1,"['Normal', 'Mild+Moderate', 'Severe']",Normal:1|Mild+Moderate:2|Severe:1,True,,2160,0.0,0.7347222222222223,0.7347222222222222,0.7242968329867064,0.21805555555555556,0.6497662488070454
ideal,three_merged,M5.C3[k3],ORD,LODO+LOSO-within-class,noise-robustness-only,6,1,"['Normal', 'Mild+Moderate', 'Severe']",Normal:1|Mild+Moderate:2|Severe:1,True,,2160,0.0,0.6180555555555556,0.6180555555555555,0.6159177186919701,0.44120370370370365,0.6387096774193548
ideal,three_merged,M5.C3[nested],LDA,LODO+LOSO-within-class,noise-robustness-only,6,1,"['Normal', 'Mild+Moderate', 'Severe']",Normal:1|Mild+Moderate:2|Severe:1,True,"windows 3.45-3.55×1, 4.10-4.20×1, 3.70-3.80×1, 3.20-3.40×1, 3.95-4.05×1, 3.55-3.65×1",2160,0.0,0.4875,0.48750000000000004,0.46714859015934285,0.11990740740740746,0.49123839642182704
ideal,three_merged,M5.C3[nested],LR,LODO+LOSO-within-class,noise-robustness-only,6,1,"['Normal', 'Mild+Moderate', 'Severe']",Normal:1|Mild+Moderate:2|Severe:1,True,"windows 3.45-3.55×1, 4.10-4.20×1, 3.70-3.80×1, 3.20-3.40×1, 3.95-4.05×1, 3.55-3.65×1",2160,0.0,0.46111111111111114,0.4611111111111111,0.4456598184210989,0.10277777777777775,0.5083127276500493
ideal,three_merged,M5.C3[nested],LSVM,LODO+LOSO-within-class,noise-robustness-only,6,1,"['Normal', 'Mild+Moderate', 'Severe']",Normal:1|Mild+Moderate:2|Severe:1,True,"windows 3.45-3.55×1, 4.10-4.20×1, 3.70-3.80×1, 3.20-3.40×1, 3.95-4.05×1, 3.55-3.65×1",2160,0.0,0.5064814814814815,0.5064814814814814,0.4813881397945401,0.13518518518518519,0.46325313755890635
ideal,three_merged,M5.C3[nested],RBF,LODO+LOSO-within-class,noise-robustness-only,6,1,"['Normal', 'Mild+Moderate', 'Severe']",Normal:1|Mild+Moderate:2|Severe:1,True,"windows 3.45-3.55×1, 4.10-4.20×1, 3.70-3.80×1, 3.20-3.40×1, 3.95-4.05×1, 3.55-3.65×1",2160,0.0,0.42407407407407405,0.42407407407407405,0.42337267018077474,0.11481481481481481,0.4434490600649288
ideal,three_merged,M5.C3[nested],kNN,LODO+LOSO-within-class,noise-robustness-only,6,1,"['Normal', 'Mild+Moderate', 'Severe']",Normal:1|Mild+Moderate:2|Severe:1,True,"windows 3.45-3.55×1, 4.10-4.20×1, 3.70-3.80×1, 3.20-3.40×1, 3.95-4.05×1, 3.55-3.65×1",2160,0.0,0.4601851851851852,0.4601851851851852,0.4623217803352339,0.13518518518518519,0.48299809187699355
ideal,three_merged,M5.C3[nested],ORD,LODO+LOSO-within-class,noise-robustness-only,6,1,"['Normal', 'Mild+Moderate', 'Severe']",Normal:1|Mild+Moderate:2|Severe:1,True,"windows 3.45-3.55×1, 4.10-4.20×1, 3.70-3.80×1, 3.20-3.40×1, 3.95-4.05×1, 3.55-3.65×1",2160,0.0,0.5412037037037037,0.5412037037037037,0.5333181570604644,0.35324074074074074,0.510751489352347
ideal,three_merged,M6,LDA,LODO+LOSO-within-class,noise-robustness-only,6,22,"['Normal', 'Mild+Moderate', 'Severe']",Normal:1|Mild+Moderate:2|Severe:1,True,,2160,0.0,1.0,1.0,1.0,0.019444444444444486,0.9626352015732547
ideal,three_merged,M6,LR,LODO+LOSO-within-class,noise-robustness-only,6,22,"['Normal', 'Mild+Moderate', 'Severe']",Normal:1|Mild+Moderate:2|Severe:1,True,,2160,0.0,0.9462962962962963,0.9462962962962963,0.945986317339213,0.03749999999999998,0.9171260758063986
ideal,three_merged,M6,LSVM,LODO+LOSO-within-class,noise-robustness-only,6,22,"['Normal', 'Mild+Moderate', 'Severe']",Normal:1|Mild+Moderate:2|Severe:1,True,,2160,0.0,0.9449074074074074,0.9449074074074074,0.9447728565542833,0.030555555555555558,0.9535633818421877
ideal,three_merged,M6,RBF,LODO+LOSO-within-class,noise-robustness-only,6,22,"['Normal', 'Mild+Moderate', 'Severe']",Normal:1|Mild+Moderate:2|Severe:1,True,,2160,0.0,0.9421296296296297,0.9421296296296297,0.9421055112194759,0.06481481481481477,0.9236897584184406
ideal,three_merged,M6,kNN,LODO+LOSO-within-class,noise-robustness-only,6,22,"['Normal', 'Mild+Moderate', 'Severe']",Normal:1|Mild+Moderate:2|Severe:1,True,,2160,0.0,0.8611111111111112,0.8611111111111112,0.8603807057585852,0.1703703703703704,0.9018838436012757
ideal,three_merged,M6,ORD,LODO+LOSO-within-class,noise-robustness-only,6,22,"['Normal', 'Mild+Moderate', 'Severe']",Normal:1|Mild+Moderate:2|Severe:1,True,,2160,0.0,0.9916666666666667,0.9916666666666667,0.9916656043198241,0.01157407407407407,0.992502767633073
ideal,three_merged,M7,LDA,LODO+LOSO-within-class,noise-robustness-only,6,6,"['Normal', 'Mild+Moderate', 'Severe']",Normal:1|Mild+Moderate:2|Severe:1,True,,2160,0.0,0.6958333333333333,0.6958333333333334,0.6947398629643898,0.6254629629629629,0.6728279083121868
ideal,three_merged,M7,LR,LODO+LOSO-within-class,noise-robustness-only,6,6,"['Normal', 'Mild+Moderate', 'Severe']",Normal:1|Mild+Moderate:2|Severe:1,True,,2160,0.0,0.6986111111111111,0.6986111111111111,0.6937753499486213,0.5745370370370371,0.6682889888491332
ideal,three_merged,M7,LSVM,LODO+LOSO-within-class,noise-robustness-only,6,6,"['Normal', 'Mild+Moderate', 'Severe']",Normal:1|Mild+Moderate:2|Severe:1,True,,2160,0.0,0.6925925925925925,0.6925925925925926,0.6792297554391277,0.6189814814814815,0.6829212788916736
ideal,three_merged,M7,RBF,LODO+LOSO-within-class,noise-robustness-only,6,6,"['Normal', 'Mild+Moderate', 'Severe']",Normal:1|Mild+Moderate:2|Severe:1,True,,2160,0.0,0.7231481481481481,0.7231481481481481,0.7219604237560961,0.4222222222222223,0.6494209707084844
ideal,three_merged,M7,kNN,LODO+LOSO-within-class,noise-robustness-only,6,6,"['Normal', 'Mild+Moderate', 'Severe']",Normal:1|Mild+Moderate:2|Severe:1,True,,2160,0.0,0.687037037037037,0.687037037037037,0.6860565686731205,0.6162037037037037,0.6861341951369653
ideal,three_merged,M7,ORD,LODO+LOSO-within-class,noise-robustness-only,6,6,"['Normal', 'Mild+Moderate', 'Severe']",Normal:1|Mild+Moderate:2|Severe:1,True,,2160,0.0,0.7134259259259259,0.7134259259259258,0.7140256039926011,0.6444444444444444,0.6572079977200799
ideal,three_merged,M8,LDA,LODO+LOSO-within-class,noise-robustness-only,6,4,"['Normal', 'Mild+Moderate', 'Severe']",Normal:1|Mild+Moderate:2|Severe:1,True,,2160,0.0,0.8356481481481481,0.835648148148148,0.8337386127909902,0.2939814814814815,0.8744339881060678
ideal,three_merged,M8,LR,LODO+LOSO-within-class,noise-robustness-only,6,4,"['Normal', 'Mild+Moderate', 'Severe']",Normal:1|Mild+Moderate:2|Severe:1,True,,2160,0.0,0.7949074074074074,0.7949074074074075,0.7900440869316091,0.28935185185185186,0.8310923783194147
ideal,three_merged,M8,LSVM,LODO+LOSO-within-class,noise-robustness-only,6,4,"['Normal', 'Mild+Moderate', 'Severe']",Normal:1|Mild+Moderate:2|Severe:1,True,,2160,0.0,0.4375,0.4375,0.40201687620747695,0.9986111111111111,
ideal,three_merged,M8,RBF,LODO+LOSO-within-class,noise-robustness-only,6,4,"['Normal', 'Mild+Moderate', 'Severe']",Normal:1|Mild+Moderate:2|Severe:1,True,,2160,0.0,0.33796296296296297,0.33796296296296297,0.3220429664745111,1.0,
ideal,three_merged,M8,kNN,LODO+LOSO-within-class,noise-robustness-only,6,4,"['Normal', 'Mild+Moderate', 'Severe']",Normal:1|Mild+Moderate:2|Severe:1,True,,2160,0.0,0.33287037037037037,0.33287037037037037,0.3324860802376713,1.0,
ideal,three_merged,M8,ORD,LODO+LOSO-within-class,noise-robustness-only,6,4,"['Normal', 'Mild+Moderate', 'Severe']",Normal:1|Mild+Moderate:2|Severe:1,True,,2160,0.0,0.37824074074074077,0.37824074074074066,0.335123752331961,1.0,
ideal,three_merged,COMB,LDA,LODO+LOSO-within-class,noise-robustness-only,6,3,"['Normal', 'Mild+Moderate', 'Severe']",Normal:1|Mild+Moderate:2|Severe:1,True,chosen M5.C3+M6.A[3.40]+M5.C2×1; M6.A[3.40]+M5.C2+M6.A[3.65]×1; M6.A[3.40]+M5.C2+M7.D2×1; M5.C2+M6.A[3.40]+M5.C3×1; M5.C2+M6.A[3.40]+M5.C×1; M5.C2+M6.A[3.40]+M5.C1×1,2160,0.0,0.8662037037037037,0.8662037037037038,0.8602738793922939,0.062962962962963,0.8713591075735513
ideal,three_merged,COMB,LR,LODO+LOSO-within-class,noise-robustness-only,6,3,"['Normal', 'Mild+Moderate', 'Severe']",Normal:1|Mild+Moderate:2|Severe:1,True,chosen M5.C3+M6.A[3.40]+M5.C2×1; M6.A[3.40]+M5.C2+M6.A[3.65]×1; M6.A[3.40]+M5.C2+M7.D2×1; M5.C2+M6.A[3.40]+M5.C3×1; M5.C2+M6.A[3.40]+M5.C×1; M5.C2+M6.A[3.40]+M5.C1×1,2160,0.0,0.8717592592592592,0.8717592592592592,0.8677312370347477,0.04907407407407405,0.8985342449591847
ideal,three_merged,COMB,LSVM,LODO+LOSO-within-class,noise-robustness-only,6,3,"['Normal', 'Mild+Moderate', 'Severe']",Normal:1|Mild+Moderate:2|Severe:1,True,chosen M5.C3+M6.A[3.40]+M5.C2×1; M6.A[3.40]+M5.C2+M6.A[3.65]×1; M6.A[3.40]+M5.C2+M7.D2×1; M5.C2+M6.A[3.40]+M5.C3×1; M5.C2+M6.A[3.40]+M5.C×1; M5.C2+M6.A[3.40]+M5.C1×1,2160,0.0,0.8157407407407408,0.8157407407407407,0.8111178281749699,0.04398148148148151,0.861097269731601
ideal,three_merged,COMB,RBF,LODO+LOSO-within-class,noise-robustness-only,6,3,"['Normal', 'Mild+Moderate', 'Severe']",Normal:1|Mild+Moderate:2|Severe:1,True,chosen M5.C3+M6.A[3.40]+M5.C2×1; M6.A[3.40]+M5.C2+M6.A[3.65]×1; M6.A[3.40]+M5.C2+M7.D2×1; M5.C2+M6.A[3.40]+M5.C3×1; M5.C2+M6.A[3.40]+M5.C×1; M5.C2+M6.A[3.40]+M5.C1×1,2160,0.0,0.8824074074074074,0.8824074074074074,0.8790969996541005,0.005555555555555536,0.8783379999610696
ideal,three_merged,COMB,kNN,LODO+LOSO-within-class,noise-robustness-only,6,3,"['Normal', 'Mild+Moderate', 'Severe']",Normal:1|Mild+Moderate:2|Severe:1,True,chosen M5.C3+M6.A[3.40]+M5.C2×1; M6.A[3.40]+M5.C2+M6.A[3.65]×1; M6.A[3.40]+M5.C2+M7.D2×1; M5.C2+M6.A[3.40]+M5.C3×1; M5.C2+M6.A[3.40]+M5.C×1; M5.C2+M6.A[3.40]+M5.C1×1,2160,0.0,0.8958333333333334,0.8958333333333334,0.8933784951862552,0.10370370370370374,0.9285145611708431
ideal,three_merged,COMB,ORD,LODO+LOSO-within-class,noise-robustness-only,6,3,"['Normal', 'Mild+Moderate', 'Severe']",Normal:1|Mild+Moderate:2|Severe:1,True,chosen M5.C3+M6.A[3.40]+M5.C2×1; M6.A[3.40]+M5.C2+M6.A[3.65]×1; M6.A[3.40]+M5.C2+M7.D2×1; M5.C2+M6.A[3.40]+M5.C3×1; M5.C2+M6.A[3.40]+M5.C×1; M5.C2+M6.A[3.40]+M5.C1×1,2160,0.0,0.9037037037037037,0.9037037037037038,0.8998377089390827,0.0805555555555556,0.9401162881650317
ideal,three_merged,M9,LDA,LODO+LOSO-within-class,noise-robustness-only,6,3618,"['Normal', 'Mild+Moderate', 'Severe']",Normal:1|Mild+Moderate:2|Severe:1,True,,2160,0.0,1.0,1.0,1.0,0.03518518518518521,0.6569275242618212
ideal,three_merged,M9,LR,LODO+LOSO-within-class,noise-robustness-only,6,3618,"['Normal', 'Mild+Moderate', 'Severe']",Normal:1|Mild+Moderate:2|Severe:1,True,,2160,0.0,0.9939814814814815,0.9939814814814815,0.9939813975503474,0.009722222222222188,0.9881796690307328
ideal,three_merged,M9,LSVM,LODO+LOSO-within-class,noise-robustness-only,6,3618,"['Normal', 'Mild+Moderate', 'Severe']",Normal:1|Mild+Moderate:2|Severe:1,True,,2160,0.0,0.9546296296296296,0.9546296296296296,0.9537410394265233,0.011111111111111072,0.9910100792453734
ideal,three_merged,M9,RBF,LODO+LOSO-within-class,noise-robustness-only,6,3618,"['Normal', 'Mild+Moderate', 'Severe']",Normal:1|Mild+Moderate:2|Severe:1,True,,2160,0.0,0.999537037037037,0.999537037037037,0.9995370368137716,0.0009259259259258856,1.0
ideal,three_merged,M9,kNN,LODO+LOSO-within-class,noise-robustness-only,6,3618,"['Normal', 'Mild+Moderate', 'Severe']",Normal:1|Mild+Moderate:2|Severe:1,True,,2160,0.0,0.9898148148148148,0.9898148148148148,0.989809005649298,0.0064814814814815325,0.9906530003048991
ideal,three_merged,M9,ORD,LODO+LOSO-within-class,noise-robustness-only,6,3618,"['Normal', 'Mild+Moderate', 'Severe']",Normal:1|Mild+Moderate:2|Severe:1,True,,2160,0.0,1.0,1.0,1.0,0.0023148148148147696,1.0
ideal,three,M0,LDA,LODO,noise-robustness-only,3,1,"['Normal', 'Mild', 'Severe']",Normal:1|Mild:1|Severe:1,True,,1080,0.0,0.3925925925925926,0.3925925925925926,0.3786055188917603,0.9990740740740741,
ideal,three,M0,LR,LODO,noise-robustness-only,3,1,"['Normal', 'Mild', 'Severe']",Normal:1|Mild:1|Severe:1,True,,1080,0.0,0.3925925925925926,0.3925925925925926,0.3758104849050368,0.9981481481481481,
ideal,three,M0,LSVM,LODO,noise-robustness-only,3,1,"['Normal', 'Mild', 'Severe']",Normal:1|Mild:1|Severe:1,True,,1080,0.0,0.39444444444444443,0.39444444444444443,0.3709766637091582,0.9981481481481481,
ideal,three,M0,RBF,LODO,noise-robustness-only,3,1,"['Normal', 'Mild', 'Severe']",Normal:1|Mild:1|Severe:1,True,,1080,0.0,0.3925925925925926,0.39259259259259255,0.3584422251333073,1.0,
ideal,three,M0,kNN,LODO,noise-robustness-only,3,1,"['Normal', 'Mild', 'Severe']",Normal:1|Mild:1|Severe:1,True,,1080,0.0,0.3638888888888889,0.3638888888888889,0.3579500914395983,0.9953703703703703,
ideal,three,M0,ORD,LODO,noise-robustness-only,3,1,"['Normal', 'Mild', 'Severe']",Normal:1|Mild:1|Severe:1,True,,1080,0.0,0.41203703703703703,0.41203703703703703,0.38805805380091724,1.0,
ideal,three,M1,LDA,LODO,noise-robustness-only,3,1,"['Normal', 'Mild', 'Severe']",Normal:1|Mild:1|Severe:1,True,,1080,0.0,0.32037037037037036,0.32037037037037036,0.30340249990512985,1.0,
ideal,three,M1,LR,LODO,noise-robustness-only,3,1,"['Normal', 'Mild', 'Severe']",Normal:1|Mild:1|Severe:1,True,,1080,0.0,0.32222222222222224,0.3222222222222222,0.3038691764629904,1.0,
ideal,three,M1,LSVM,LODO,noise-robustness-only,3,1,"['Normal', 'Mild', 'Severe']",Normal:1|Mild:1|Severe:1,True,,1080,0.0,0.32592592592592595,0.32592592592592595,0.3069306585261174,0.9990740740740741,
ideal,three,M1,RBF,LODO,noise-robustness-only,3,1,"['Normal', 'Mild', 'Severe']",Normal:1|Mild:1|Severe:1,True,,1080,0.0,0.31851851851851853,0.3185185185185185,0.3151094486624024,1.0,
ideal,three,M1,kNN,LODO,noise-robustness-only,3,1,"['Normal', 'Mild', 'Severe']",Normal:1|Mild:1|Severe:1,True,,1080,0.0,0.32592592592592595,0.32592592592592595,0.3224760385932345,0.9990740740740741,
ideal,three,M1,ORD,LODO,noise-robustness-only,3,1,"['Normal', 'Mild', 'Severe']",Normal:1|Mild:1|Severe:1,True,,1080,0.0,0.325,0.325,0.27226359475615963,1.0,
ideal,three,M2,LDA,LODO,noise-robustness-only,3,1,"['Normal', 'Mild', 'Severe']",Normal:1|Mild:1|Severe:1,True,,1080,0.0,0.35185185185185186,0.35185185185185186,0.33711407766168794,1.0,
ideal,three,M2,LR,LODO,noise-robustness-only,3,1,"['Normal', 'Mild', 'Severe']",Normal:1|Mild:1|Severe:1,True,,1080,0.0,0.3537037037037037,0.3537037037037037,0.3377257442795047,1.0,
ideal,three,M2,LSVM,LODO,noise-robustness-only,3,1,"['Normal', 'Mild', 'Severe']",Normal:1|Mild:1|Severe:1,True,,1080,0.0,0.35462962962962963,0.35462962962962963,0.3361033765084401,1.0,
ideal,three,M2,RBF,LODO,noise-robustness-only,3,1,"['Normal', 'Mild', 'Severe']",Normal:1|Mild:1|Severe:1,True,,1080,0.0,0.3314814814814815,0.3314814814814815,0.31501373277914374,1.0,
ideal,three,M2,kNN,LODO,noise-robustness-only,3,1,"['Normal', 'Mild', 'Severe']",Normal:1|Mild:1|Severe:1,True,,1080,0.0,0.31851851851851853,0.3185185185185185,0.31709301258901923,0.9990740740740741,
ideal,three,M2,ORD,LODO,noise-robustness-only,3,1,"['Normal', 'Mild', 'Severe']",Normal:1|Mild:1|Severe:1,True,,1080,0.0,0.37962962962962965,0.3796296296296296,0.337019727815558,1.0,
ideal,three,M5,LDA,LODO,noise-robustness-only,3,4,"['Normal', 'Mild', 'Severe']",Normal:1|Mild:1|Severe:1,True,,1080,0.0,0.9555555555555556,0.9555555555555556,0.9555395397936545,0.05833333333333335,0.8338569774032183
ideal,three,M5,LR,LODO,noise-robustness-only,3,4,"['Normal', 'Mild', 'Severe']",Normal:1|Mild:1|Severe:1,True,,1080,0.0,0.9324074074074075,0.9324074074074074,0.9329492579950326,0.04629629629629628,0.929903435531668
ideal,three,M5,LSVM,LODO,noise-robustness-only,3,4,"['Normal', 'Mild', 'Severe']",Normal:1|Mild:1|Severe:1,True,,1080,0.0,0.9120370370370371,0.9120370370370371,0.9134359043785355,0.05092592592592593,0.8269667742364359
ideal,three,M5,RBF,LODO,noise-robustness-only,3,4,"['Normal', 'Mild', 'Severe']",Normal:1|Mild:1|Severe:1,True,,1080,0.0,0.9638888888888889,0.9638888888888889,0.9639048915556243,0.056481481481481466,0.9725651545805903
ideal,three,M5,kNN,LODO,noise-robustness-only,3,4,"['Normal', 'Mild', 'Severe']",Normal:1|Mild:1|Severe:1,True,,1080,0.0,0.9611111111111111,0.9611111111111112,0.9612518659668656,0.09351851851851856,0.9765416157635437
ideal,three,M5,ORD,LODO,noise-robustness-only,3,4,"['Normal', 'Mild', 'Severe']",Normal:1|Mild:1|Severe:1,True,,1080,0.0,0.9361111111111111,0.9361111111111112,0.935901130186351,0.04814814814814816,0.9388102792785067
ideal,three,M5.C3,LDA,LODO,noise-robustness-only,3,1,"['Normal', 'Mild', 'Severe']",Normal:1|Mild:1|Severe:1,True,,1080,0.0,0.46574074074074073,0.46574074074074073,0.4746000352398581,0.12962962962962965,0.4475470307704546
ideal,three,M5.C3,LR,LODO,noise-robustness-only,3,1,"['Normal', 'Mild', 'Severe']",Normal:1|Mild:1|Severe:1,True,,1080,0.0,0.4962962962962963,0.49629629629629624,0.5012155535364013,0.32592592592592595,0.4388364072574599
ideal,three,M5.C3,LSVM,LODO,noise-robustness-only,3,1,"['Normal', 'Mild', 'Severe']",Normal:1|Mild:1|Severe:1,True,,1080,0.0,0.5333333333333333,0.5333333333333333,0.5287931366878735,0.27222222222222225,0.4687559354226021
ideal,three,M5.C3,RBF,LODO,noise-robustness-only,3,1,"['Normal', 'Mild', 'Severe']",Normal:1|Mild:1|Severe:1,True,,1080,0.0,0.5694444444444444,0.5694444444444445,0.5745862845027633,0.1777777777777778,0.5497487764544607
ideal,three,M5.C3,kNN,LODO,noise-robustness-only,3,1,"['Normal', 'Mild', 'Severe']",Normal:1|Mild:1|Severe:1,True,,1080,0.0,0.5805555555555556,0.5805555555555556,0.5874164406902832,0.22592592592592597,0.5506381536308487
ideal,three,M5.C3,ORD,LODO,noise-robustness-only,3,1,"['Normal', 'Mild', 'Severe']",Normal:1|Mild:1|Severe:1,True,,1080,0.0,0.5851851851851851,0.5851851851851851,0.5892866190189832,0.4657407407407408,0.3274118764314843
ideal,three,M5.C3[k3],LDA,LODO,noise-robustness-only,3,1,"['Normal', 'Mild', 'Severe']",Normal:1|Mild:1|Severe:1,True,,1080,0.0,0.525,0.525,0.528345916544776,0.08518518518518514,0.5962962962962962
ideal,three,M5.C3[k3],LR,LODO,noise-robustness-only,3,1,"['Normal', 'Mild', 'Severe']",Normal:1|Mild:1|Severe:1,True,,1080,0.0,0.5314814814814814,0.5314814814814814,0.5329140436602402,0.2925925925925926,0.489449716689262
ideal,three,M5.C3[k3],LSVM,LODO,noise-robustness-only,3,1,"['Normal', 'Mild', 'Severe']",Normal:1|Mild:1|Severe:1,True,,1080,0.0,0.525,0.525,0.5019411210840946,0.31574074074074077,0.6498800959232613
ideal,three,M5.C3[k3],RBF,LODO,noise-robustness-only,3,1,"['Normal', 'Mild', 'Severe']",Normal:1|Mild:1|Severe:1,True,,1080,0.0,0.6675925925925926,0.6675925925925926,0.6442821055108869,0.14537037037037037,0.70043400817842
ideal,three,M5.C3[k3],kNN,LODO,noise-robustness-only,3,1,"['Normal', 'Mild', 'Severe']",Normal:1|Mild:1|Severe:1,True,,1080,0.0,0.6620370370370371,0.6620370370370371,0.6615779282445949,0.23981481481481481,0.6262974781805449
ideal,three,M5.C3[k3],ORD,LODO,noise-robustness-only,3,1,"['Normal', 'Mild', 'Severe']",Normal:1|Mild:1|Severe:1,True,,1080,0.0,0.5879629629629629,0.5879629629629629,0.5882916937793545,0.46018518518518514,0.4833147528799702
ideal,three,M5.C3[nested],LDA,LODO,noise-robustness-only,3,1,"['Normal', 'Mild', 'Severe']",Normal:1|Mild:1|Severe:1,True,"windows 3.20-3.40×1, 3.95-4.20×1, 3.60-3.70×1",1080,0.0,0.39814814814814814,0.3981481481481482,0.3937594827118769,0.1074074074074074,0.3882401139050075
ideal,three,M5.C3[nested],LR,LODO,noise-robustness-only,3,1,"['Normal', 'Mild', 'Severe']",Normal:1|Mild:1|Severe:1,True,"windows 3.20-3.40×1, 3.95-4.20×1, 3.60-3.70×1",1080,0.0,0.4287037037037037,0.42870370370370364,0.4256535046962037,0.1509259259259259,0.4411955441904551
ideal,three,M5.C3[nested],LSVM,LODO,noise-robustness-only,3,1,"['Normal', 'Mild', 'Severe']",Normal:1|Mild:1|Severe:1,True,"windows 3.20-3.40×1, 3.95-4.20×1, 3.60-3.70×1",1080,0.0,0.4861111111111111,0.48611111111111116,0.47933547627187006,0.13796296296296295,0.4888047476970179
ideal,three,M5.C3[nested],RBF,LODO,noise-robustness-only,3,1,"['Normal', 'Mild', 'Severe']",Normal:1|Mild:1|Severe:1,True,"windows 3.20-3.40×1, 3.95-4.20×1, 3.60-3.70×1",1080,0.0,0.45555555555555555,0.45555555555555555,0.4548306532094612,0.2666666666666667,0.34926395020204143
ideal,three,M5.C3[nested],kNN,LODO,noise-robustness-only,3,1,"['Normal', 'Mild', 'Severe']",Normal:1|Mild:1|Severe:1,True,"windows 3.20-3.40×1, 3.95-4.20×1, 3.60-3.70×1",1080,0.0,0.44537037037037036,0.4453703703703704,0.44661343152904304,0.20925925925925926,0.3590501269497774
ideal,three,M5.C3[nested],ORD,LODO,noise-robustness-only,3,1,"['Normal', 'Mild', 'Severe']",Normal:1|Mild:1|Severe:1,True,"windows 3.20-3.40×1, 3.95-4.20×1, 3.60-3.70×1",1080,0.0,0.4777777777777778,0.4777777777777778,0.4583686383806129,0.23333333333333328,0.3549733763539182
ideal,three,M6,LDA,LODO,noise-robustness-only,3,22,"['Normal', 'Mild', 'Severe']",Normal:1|Mild:1|Severe:1,True,,1080,0.0,1.0,1.0,1.0,0.12222222222222223,0.997245179063361
ideal,three,M6,LR,LODO,noise-robustness-only,3,22,"['Normal', 'Mild', 'Severe']",Normal:1|Mild:1|Severe:1,True,,1080,0.0,0.950925925925926,0.950925925925926,0.9506531064163423,0.02314814814814814,0.8131702598120509
ideal,three,M6,LSVM,LODO,noise-robustness-only,3,22,"['Normal', 'Mild', 'Severe']",Normal:1|Mild:1|Severe:1,True,,1080,0.0,0.8870370370370371,0.887037037037037,0.8863500965125173,0.0018518518518518823,0.9990689013035382
ideal,three,M6,RBF,LODO,noise-robustness-only,3,22,"['Normal', 'Mild', 'Severe']",Normal:1|Mild:1|Severe:1,True,,1080,0.0,0.937962962962963,0.937962962962963,0.9377804089545135,0.05555555555555558,0.8728998190613345
ideal,three,M6,kNN,LODO,noise-robustness-only,3,22,"['Normal', 'Mild', 'Severe']",Normal:1|Mild:1|Severe:1,True,,1080,0.0,0.8212962962962963,0.8212962962962962,0.8164266324382221,0.23518518518518516,0.8277267875000831
ideal,three,M6,ORD,LODO,noise-robustness-only,3,22,"['Normal', 'Mild', 'Severe']",Normal:1|Mild:1|Severe:1,True,,1080,0.0,0.9962962962962963,0.9962962962962963,0.9962961819809254,0.011111111111111072,0.9971346704871061
ideal,three,M7,LDA,LODO,noise-robustness-only,3,6,"['Normal', 'Mild', 'Severe']",Normal:1|Mild:1|Severe:1,True,,1080,0.0,0.700925925925926,0.700925925925926,0.7003807507888226,0.5796296296296296,0.7588592800374007
ideal,three,M7,LR,LODO,noise-robustness-only,3,6,"['Normal', 'Mild', 'Severe']",Normal:1|Mild:1|Severe:1,True,,1080,0.0,0.7148148148148148,0.7148148148148149,0.7121774329877212,0.5462962962962963,0.7854985511573273
ideal,three,M7,LSVM,LODO,noise-robustness-only,3,6,"['Normal', 'Mild', 'Severe']",Normal:1|Mild:1|Severe:1,True,,1080,0.0,0.662962962962963,0.662962962962963,0.6243720888618643,0.525,0.7245276890597087
ideal,three,M7,RBF,LODO,noise-robustness-only,3,6,"['Normal', 'Mild', 'Severe']",Normal:1|Mild:1|Severe:1,True,,1080,0.0,0.7305555555555555,0.7305555555555556,0.7292674484450604,0.3027777777777778,0.7015426921087299
ideal,three,M7,kNN,LODO,noise-robustness-only,3,6,"['Normal', 'Mild', 'Severe']",Normal:1|Mild:1|Severe:1,True,,1080,0.0,0.7092592592592593,0.7092592592592593,0.7090221074541759,0.5175925925925926,0.7195625961189328
ideal,three,M7,ORD,LODO,noise-robustness-only,3,6,"['Normal', 'Mild', 'Severe']",Normal:1|Mild:1|Severe:1,True,,1080,0.0,0.7342592592592593,0.7342592592592592,0.7352956839021662,0.5722222222222222,0.6583069898138391
ideal,three,M8,LDA,LODO,noise-robustness-only,3,4,"['Normal', 'Mild', 'Severe']",Normal:1|Mild:1|Severe:1,True,,1080,0.0,0.8333333333333334,0.8333333333333334,0.8310454538035769,0.2583333333333333,0.7864561015504412
ideal,three,M8,LR,LODO,noise-robustness-only,3,4,"['Normal', 'Mild', 'Severe']",Normal:1|Mild:1|Severe:1,True,,1080,0.0,0.799074074074074,0.799074074074074,0.7948576057919348,0.3379629629629629,0.7713559756160033
ideal,three,M8,LSVM,LODO,noise-robustness-only,3,4,"['Normal', 'Mild', 'Severe']",Normal:1|Mild:1|Severe:1,True,,1080,0.0,0.5037037037037037,0.5037037037037037,0.5005298330375729,0.9981481481481481,
ideal,three,M8,RBF,LODO,noise-robustness-only,3,4,"['Normal', 'Mild', 'Severe']",Normal:1|Mild:1|Severe:1,True,,1080,0.0,0.33055555555555555,0.33055555555555555,0.3123015535332627,1.0,
ideal,three,M8,kNN,LODO,noise-robustness-only,3,4,"['Normal', 'Mild', 'Severe']",Normal:1|Mild:1|Severe:1,True,,1080,0.0,0.32407407407407407,0.32407407407407407,0.32355093112987643,0.9981481481481481,
ideal,three,M8,ORD,LODO,noise-robustness-only,3,4,"['Normal', 'Mild', 'Severe']",Normal:1|Mild:1|Severe:1,True,,1080,0.0,0.3814814814814815,0.3814814814814815,0.34042286501723357,1.0,
ideal,three,COMB,LDA,LODO,noise-robustness-only,3,3,"['Normal', 'Mild', 'Severe']",Normal:1|Mild:1|Severe:1,True,chosen M6.A[3.40]+M5.C2+M5.C3×1; M5.C2+M6.A[3.40]+M5.C×1; M5.C2+M6.A[3.40]+M5.C1×1,1080,0.0,0.937037037037037,0.9370370370370371,0.9363896134359883,0.04629629629629628,0.7953434003673752
ideal,three,COMB,LR,LODO,noise-robustness-only,3,3,"['Normal', 'Mild', 'Severe']",Normal:1|Mild:1|Severe:1,True,chosen M6.A[3.40]+M5.C2+M5.C3×1; M5.C2+M6.A[3.40]+M5.C×1; M5.C2+M6.A[3.40]+M5.C1×1,1080,0.0,0.9138888888888889,0.9138888888888889,0.9132762320974382,0.033333333333333326,0.8949516088326286
ideal,three,COMB,LSVM,LODO,noise-robustness-only,3,3,"['Normal', 'Mild', 'Severe']",Normal:1|Mild:1|Severe:1,True,chosen M6.A[3.40]+M5.C2+M5.C3×1; M5.C2+M6.A[3.40]+M5.C×1; M5.C2+M6.A[3.40]+M5.C1×1,1080,0.0,0.8888888888888888,0.8888888888888888,0.8880222225760029,0.047222222222222276,0.9430379746835443
ideal,three,COMB,RBF,LODO,noise-robustness-only,3,3,"['Normal', 'Mild', 'Severe']",Normal:1|Mild:1|Severe:1,True,chosen M6.A[3.40]+M5.C2+M5.C3×1; M5.C2+M6.A[3.40]+M5.C×1; M5.C2+M6.A[3.40]+M5.C1×1,1080,0.0,0.9314814814814815,0.9314814814814815,0.9303438140864596,0.022222222222222254,0.9465449589029781
ideal,three,COMB,kNN,LODO,noise-robustness-only,3,3,"['Normal', 'Mild', 'Severe']",Normal:1|Mild:1|Severe:1,True,chosen M6.A[3.40]+M5.C2+M5.C3×1; M5.C2+M6.A[3.40]+M5.C×1; M5.C2+M6.A[3.40]+M5.C1×1,1080,0.0,0.9157407407407407,0.9157407407407407,0.915017720857137,0.03981481481481486,0.9347119714060251
ideal,three,COMB,ORD,LODO,noise-robustness-only,3,3,"['Normal', 'Mild', 'Severe']",Normal:1|Mild:1|Severe:1,True,chosen M6.A[3.40]+M5.C2+M5.C3×1; M5.C2+M6.A[3.40]+M5.C×1; M5.C2+M6.A[3.40]+M5.C1×1,1080,0.0,0.9277777777777778,0.9277777777777777,0.92574536469457,0.05092592592592593,0.9218419482562239
ideal,three,M9,LDA,LODO,noise-robustness-only,3,3618,"['Normal', 'Mild', 'Severe']",Normal:1|Mild:1|Severe:1,True,,1080,0.0,1.0,1.0,1.0,0.05092592592592593,0.5832422586520947
ideal,three,M9,LR,LODO,noise-robustness-only,3,3618,"['Normal', 'Mild', 'Severe']",Normal:1|Mild:1|Severe:1,True,,1080,0.0,1.0,1.0,1.0,0.0,1.0
ideal,three,M9,LSVM,LODO,noise-robustness-only,3,3618,"['Normal', 'Mild', 'Severe']",Normal:1|Mild:1|Severe:1,True,,1080,0.0,0.937037037037037,0.937037037037037,0.9365072675729973,0.008333333333333304,0.9810066476733144
ideal,three,M9,RBF,LODO,noise-robustness-only,3,3618,"['Normal', 'Mild', 'Severe']",Normal:1|Mild:1|Severe:1,True,,1080,0.0,1.0,1.0,1.0,0.0,0.9990740740740741
ideal,three,M9,kNN,LODO,noise-robustness-only,3,3618,"['Normal', 'Mild', 'Severe']",Normal:1|Mild:1|Severe:1,True,,1080,0.0,0.9972222222222222,0.9972222222222222,0.9972222168638444,0.0,0.9972222222222222
ideal,three,M9,ORD,LODO,noise-robustness-only,3,3618,"['Normal', 'Mild', 'Severe']",Normal:1|Mild:1|Severe:1,True,,1080,0.0,1.0,1.0,1.0,0.0,1.0
good,binary,M0,LDA,LODO+LOSO-within-class,noise-robustness-only,9,1,"['Normal', 'AD']",Normal:1|AD:3,False,,2160,0.0,0.5879629629629629,0.587962962962963,0.5878216123499143,0.8861111111111111,0.7079365079365079
good,binary,M0,LR,LODO+LOSO-within-class,noise-robustness-only,9,1,"['Normal', 'AD']",Normal:1|AD:3,False,,2160,0.0,0.5879629629629629,0.587962962962963,0.5878216123499143,0.8361111111111111,0.6810749528949638
good,binary,M0,LSVM,LODO+LOSO-within-class,noise-robustness-only,9,1,"['Normal', 'AD']",Normal:1|AD:3,False,,2160,0.0,0.5879629629629629,0.587962962962963,0.5878216123499143,0.8851851851851852,0.7102882800806924
good,binary,M0,RBF,LODO+LOSO-within-class,noise-robustness-only,9,1,"['Normal', 'AD']",Normal:1|AD:3,False,,2160,0.0,0.5898148148148148,0.5898148148148148,0.5897923068481123,1.0,
good,binary,M0,kNN,LODO+LOSO-within-class,noise-robustness-only,9,1,"['Normal', 'AD']",Normal:1|AD:3,False,,2160,0.0,0.5453703703703704,0.5453703703703704,0.5453688112785023,0.9592592592592593,0.6668421052631579
good,binary,M0,ORD,LODO+LOSO-within-class,noise-robustness-only,9,1,"['Normal', 'AD']",Normal:1|AD:3,False,,2160,0.0,0.5875,0.5874999999999999,0.5873654798728752,0.8851851851851852,0.7145833333333333
good,binary,M0,THR,LODO+LOSO-within-class,noise-robustness-only,9,1,"['Normal', 'AD']",Normal:1|AD:3,False,,2160,0.0,0.5842592592592593,0.5842592592592593,0.5842161266729488,0.9092592592592592,0.6887755102040816
good,binary,M1,LDA,LODO+LOSO-within-class,noise-robustness-only,9,1,"['Normal', 'AD']",Normal:1|AD:3,False,,2160,0.0,0.5018518518518519,0.5018518518518518,0.5018501435190107,1.0,
good,binary,M1,LR,LODO+LOSO-within-class,noise-robustness-only,9,1,"['Normal', 'AD']",Normal:1|AD:3,False,,2160,0.0,0.5013888888888889,0.5013888888888889,0.5013887820192005,1.0,
good,binary,M1,LSVM,LODO+LOSO-within-class,noise-robustness-only,9,1,"['Normal', 'AD']",Normal:1|AD:3,False,,2160,0.0,0.5018518518518519,0.5018518518518518,0.5018501435190107,1.0,
good,binary,M1,RBF,LODO+LOSO-within-class,noise-robustness-only,9,1,"['Normal', 'AD']",Normal:1|AD:3,False,,2160,0.0,0.5018518518518519,0.5018518518518519,0.49975032285837284,1.0,
good,binary,M1,kNN,LODO+LOSO-within-class,noise-robustness-only,9,1,"['Normal', 'AD']",Normal:1|AD:3,False,,2160,0.0,0.49537037037037035,0.49537037037037035,0.49536344805827237,0.9967592592592592,0.5
good,binary,M1,ORD,LODO+LOSO-within-class,noise-robustness-only,9,1,"['Normal', 'AD']",Normal:1|AD:3,False,,2160,0.0,0.5018518518518519,0.5018518518518518,0.5018501435190107,1.0,
good,binary,M1,THR,LODO+LOSO-within-class,noise-robustness-only,9,1,"['Normal', 'AD']",Normal:1|AD:3,False,,2160,0.0,0.49907407407407406,0.49907407407407406,0.49580223518356004,1.0,
good,binary,M2,LDA,LODO+LOSO-within-class,noise-robustness-only,9,1,"['Normal', 'AD']",Normal:1|AD:3,False,,2160,0.0,0.5365740740740741,0.5365740740740741,0.5364658803462999,0.9967592592592592,0.6666666666666666
good,binary,M2,LR,LODO+LOSO-within-class,noise-robustness-only,9,1,"['Normal', 'AD']",Normal:1|AD:3,False,,2160,0.0,0.5356481481481481,0.5356481481481481,0.5355524832682658,0.9944444444444445,0.5
good,binary,M2,LSVM,LODO+LOSO-within-class,noise-robustness-only,9,1,"['Normal', 'AD']",Normal:1|AD:3,False,,2160,0.0,0.5365740740740741,0.5365740740740741,0.5364658803462999,0.9967592592592592,0.6666666666666666
good,binary,M2,RBF,LODO+LOSO-within-class,noise-robustness-only,9,1,"['Normal', 'AD']",Normal:1|AD:3,False,,2160,0.0,0.5370370370370371,0.537037037037037,0.5370227476156672,1.0,
good,binary,M2,kNN,LODO+LOSO-within-class,noise-robustness-only,9,1,"['Normal', 'AD']",Normal:1|AD:3,False,,2160,0.0,0.5148148148148148,0.5148148148148148,0.514754908013335,0.9944444444444445,0.4166666666666667
good,binary,M2,ORD,LODO+LOSO-within-class,noise-robustness-only,9,1,"['Normal', 'AD']",Normal:1|AD:3,False,,2160,0.0,0.5361111111111111,0.5361111111111111,0.5360092750123484,0.9967592592592592,0.6666666666666666
good,binary,M2,THR,LODO+LOSO-within-class,noise-robustness-only,9,1,"['Normal', 'AD']",Normal:1|AD:3,False,,2160,0.0,0.5361111111111111,0.5361111111111111,0.5359961444493706,0.9949074074074074,0.4666666666666667
good,binary,M5,LDA,LODO+LOSO-within-class,noise-robustness-only,9,4,"['Normal', 'AD']",Normal:1|AD:3,False,,2160,0.0,0.9962962962962963,0.9962962962962962,0.9962962454903359,0.015277777777777724,0.9971492624429588
good,binary,M5,LR,LODO+LOSO-within-class,noise-robustness-only,9,4,"['Normal', 'AD']",Normal:1|AD:3,False,,2160,0.0,0.9939814814814815,0.9939814814814815,0.9939813769914987,0.0050925925925925375,0.9972058232514309
good,binary,M5,LSVM,LODO+LOSO-within-class,noise-robustness-only,9,4,"['Normal', 'AD']",Normal:1|AD:3,False,,2160,0.0,0.9953703703703703,0.9953703703703705,0.9953703068629199,0.020370370370370372,0.9922976547976547
good,binary,M5,RBF,LODO+LOSO-within-class,noise-robustness-only,9,4,"['Normal', 'AD']",Normal:1|AD:3,False,,2160,0.0,0.9949074074074075,0.9949074074074074,0.9949073189928066,0.0037037037037036535,0.9972049474847983
good,binary,M5,kNN,LODO+LOSO-within-class,noise-robustness-only,9,4,"['Normal', 'AD']",Normal:1|AD:3,False,,2160,0.0,0.9949074074074075,0.9949074074074074,0.9949073975837144,0.0037037037037036535,0.9948880395586361
good,binary,M5,ORD,LODO+LOSO-within-class,noise-robustness-only,9,4,"['Normal', 'AD']",Normal:1|AD:3,False,,2160,0.0,0.9944444444444445,0.9944444444444445,0.9944444253924054,0.009722222222222188,0.9957823835827708
good,binary,M5.C3,LDA,LODO+LOSO-within-class,noise-robustness-only,9,1,"['Normal', 'AD']",Normal:1|AD:3,False,,2160,0.0,0.987037037037037,0.987037037037037,0.9870356921457044,0.027314814814814792,0.97583344666576
good,binary,M5.C3,LR,LODO+LOSO-within-class,noise-robustness-only,9,1,"['Normal', 'AD']",Normal:1|AD:3,False,,2160,0.0,0.9805555555555555,0.9805555555555556,0.9805527378366721,0.019444444444444486,0.9766094311501422
good,binary,M5.C3,LSVM,LODO+LOSO-within-class,noise-robustness-only,9,1,"['Normal', 'AD']",Normal:1|AD:3,False,,2160,0.0,0.9736111111111111,0.9736111111111111,0.9736041806244138,0.019444444444444486,0.9761291237534083
good,binary,M5.C3,RBF,LODO+LOSO-within-class,noise-robustness-only,9,1,"['Normal', 'AD']",Normal:1|AD:3,False,,2160,0.0,0.9694444444444444,0.9694444444444444,0.9694328874342923,0.01666666666666672,0.9738836942024462
good,binary,M5.C3,kNN,LODO+LOSO-within-class,noise-robustness-only,9,1,"['Normal', 'AD']",Normal:1|AD:3,False,,2160,0.0,0.9689814814814814,0.9689814814814814,0.9689655105861877,0.015740740740740722,0.9806222202553493
good,binary,M5.C3,ORD,LODO+LOSO-within-class,noise-robustness-only,9,1,"['Normal', 'AD']",Normal:1|AD:3,False,,2160,0.0,0.9773148148148149,0.9773148148148147,0.9773088570280049,0.025000000000000022,0.9745089583357768
good,binary,M5.C3,THR,LODO+LOSO-within-class,noise-robustness-only,9,1,"['Normal', 'AD']",Normal:1|AD:3,False,,2160,0.0,0.9634259259259259,0.9634259259259259,0.9633986176672024,0.025925925925925908,0.9754217063513587
good,binary,M5.C3[k3],LDA,LODO+LOSO-within-class,noise-robustness-only,9,1,"['Normal', 'AD']",Normal:1|AD:3,False,,2160,0.0,0.9967592592592592,0.9967592592592592,0.9967592252233444,0.01851851851851849,0.9933815511294092
good,binary,M5.C3[k3],LR,LODO+LOSO-within-class,noise-robustness-only,9,1,"['Normal', 'AD']",Normal:1|AD:3,False,,2160,0.0,0.9958333333333333,0.9958333333333333,0.9958332609941145,0.012962962962962954,0.9943430033829332
good,binary,M5.C3[k3],LSVM,LODO+LOSO-within-class,noise-robustness-only,9,1,"['Normal', 'AD']",Normal:1|AD:3,False,,2160,0.0,0.9907407407407407,0.9907407407407407,0.9907407089873421,0.02083333333333337,0.988982445972126
good,binary,M5.C3[k3],RBF,LODO+LOSO-within-class,noise-robustness-only,9,1,"['Normal', 'AD']",Normal:1|AD:3,False,,2160,0.0,0.9814814814814815,0.9814814814814814,0.9814798936808711,0.01388888888888884,0.9882243860888243
good,binary,M5.C3[k3],kNN,LODO+LOSO-within-class,noise-robustness-only,9,1,"['Normal', 'AD']",Normal:1|AD:3,False,,2160,0.0,0.9893518518518518,0.9893518518518518,0.9893515756902989,0.0050925925925925375,0.9925520636647416
good,binary,M5.C3[k3],ORD,LODO+LOSO-within-class,noise-robustness-only,9,1,"['Normal', 'AD']",Normal:1|AD:3,False,,2160,0.0,0.9958333333333333,0.9958333333333333,0.9958332609941145,0.021296296296296258,0.9918996351590303
good,binary,M5.C3[k3],THR,LODO+LOSO-within-class,noise-robustness-only,9,1,"['Normal', 'AD']",Normal:1|AD:3,False,,2160,0.0,0.9805555555555555,0.9805555555555556,0.9805527378366721,0.024074074074074026,0.9928341475494721
good,binary,M5.C3[nested],LDA,LODO+LOSO-within-class,noise-robustness-only,9,1,"['Normal', 'AD']",Normal:1|AD:3,False,"windows 3.40-3.50×6, 3.45-3.55×2, 3.40-3.55×1",2160,0.0,0.9986111111111111,0.9986111111111111,0.9986111084319221,0.008333333333333304,0.997660469475382
good,binary,M5.C3[nested],LR,LODO+LOSO-within-class,noise-robustness-only,9,1,"['Normal', 'AD']",Normal:1|AD:3,False,"windows 3.40-3.50×6, 3.45-3.55×2, 3.40-3.55×1",2160,0.0,0.9976851851851852,0.9976851851851851,0.9976851727814899,0.0050925925925925375,0.9981325863678805
good,binary,M5.C3[nested],LSVM,LODO+LOSO-within-class,noise-robustness-only,9,1,"['Normal', 'AD']",Normal:1|AD:3,False,"windows 3.40-3.50×6, 3.45-3.55×2, 3.40-3.55×1",2160,0.0,0.9962962962962963,0.9962962962962962,0.9962962835949369,0.008333333333333304,0.9976569821930646
good,binary,M5.C3[nested],RBF,LODO+LOSO-within-class,noise-robustness-only,9,1,"['Normal', 'AD']",Normal:1|AD:3,False,"windows 3.40-3.50×6, 3.45-3.55×2, 3.40-3.55×1",2160,0.0,0.9939814814814815,0.9939814814814815,0.9939814801915038,0.005555555555555536,0.9944134029779579
good,binary,M5.C3[nested],kNN,LODO+LOSO-within-class,noise-robustness-only,9,1,"['Normal', 'AD']",Normal:1|AD:3,False,"windows 3.40-3.50×6, 3.45-3.55×2, 3.40-3.55×1",2160,0.0,0.9953703703703703,0.9953703703703705,0.9953703068629199,0.004166666666666652,0.9972114636465808
good,binary,M5.C3[nested],ORD,LODO+LOSO-within-class,noise-robustness-only,9,1,"['Normal', 'AD']",Normal:1|AD:3,False,"windows 3.40-3.50×6, 3.45-3.55×2, 3.40-3.55×1",2160,0.0,0.9976851851851852,0.9976851851851851,0.9976851727814899,0.008796296296296302,0.9967206248091103
good,binary,M5.C3[nested],THR,LODO+LOSO-within-class,noise-robustness-only,9,1,"['Normal', 'AD']",Normal:1|AD:3,False,"windows 3.40-3.50×6, 3.45-3.55×2, 3.40-3.55×1",2160,0.0,0.9944444444444445,0.9944444444444445,0.9944444253924054,0.007407407407407418,0.9976639763308461
good,binary,M6,LDA,LODO+LOSO-within-class,noise-robustness-only,9,22,"['Normal', 'AD']",Normal:1|AD:3,False,,2160,0.0,1.0,1.0,1.0,0.0,1.0
good,binary,M6,LR,LODO+LOSO-within-class,noise-robustness-only,9,22,"['Normal', 'AD']",Normal:1|AD:3,False,,2160,0.0,0.9912037037037037,0.9912037037037037,0.9912030230391198,0.0023148148148147696,0.9990714948932219
good,binary,M6,LSVM,LODO+LOSO-within-class,noise-robustness-only,9,22,"['Normal', 'AD']",Normal:1|AD:3,False,,2160,0.0,0.9986111111111111,0.9986111111111111,0.9986111084319221,0.0,1.0
good,binary,M6,RBF,LODO+LOSO-within-class,noise-robustness-only,9,22,"['Normal', 'AD']",Normal:1|AD:3,False,,2160,0.0,0.9986111111111111,0.9986111111111111,0.9986111084319221,0.0009259259259258856,0.9995361781076066
good,binary,M6,kNN,LODO+LOSO-within-class,noise-robustness-only,9,22,"['Normal', 'AD']",Normal:1|AD:3,False,,2160,0.0,0.9523148148148148,0.9523148148148148,0.9522061374554751,0.015277777777777724,0.9914529914529915
good,binary,M6,ORD,LODO+LOSO-within-class,noise-robustness-only,9,22,"['Normal', 'AD']",Normal:1|AD:3,False,,2160,0.0,0.9916666666666667,0.9916666666666667,0.9916660879227724,0.002777777777777768,0.9990706319702602
good,binary,M7,LDA,LODO+LOSO-within-class,noise-robustness-only,9,6,"['Normal', 'AD']",Normal:1|AD:3,False,,2160,0.0,0.7537037037037037,0.7537037037037038,0.7536933564595907,0.2657407407407407,0.8189177381499055
good,binary,M7,LR,LODO+LOSO-within-class,noise-robustness-only,9,6,"['Normal', 'AD']",Normal:1|AD:3,False,,2160,0.0,0.7601851851851852,0.7601851851851852,0.7594176896632691,0.25509259259259254,0.8148816714679552
good,binary,M7,LSVM,LODO+LOSO-within-class,noise-robustness-only,9,6,"['Normal', 'AD']",Normal:1|AD:3,False,,2160,0.0,0.7615740740740741,0.7615740740740741,0.761092274779965,0.27037037037037037,0.8136444348937422
good,binary,M7,RBF,LODO+LOSO-within-class,noise-robustness-only,9,6,"['Normal', 'AD']",Normal:1|AD:3,False,,2160,0.0,0.7648148148148148,0.7648148148148148,0.7630195825025657,0.2157407407407408,0.8240786240786241
good,binary,M7,kNN,LODO+LOSO-within-class,noise-robustness-only,9,6,"['Normal', 'AD']",Normal:1|AD:3,False,,2160,0.0,0.749537037037037,0.749537037037037,0.7476861623168065,0.28009259259259256,0.822338746053225
good,binary,M7,ORD,LODO+LOSO-within-class,noise-robustness-only,9,6,"['Normal', 'AD']",Normal:1|AD:3,False,,2160,0.0,0.7625,0.7625,0.7621978032354645,0.25462962962962965,0.8143735629606836
good,binary,M8,LDA,LODO+LOSO-within-class,noise-robustness-only,9,4,"['Normal', 'AD']",Normal:1|AD:3,False,,2160,0.0,0.8810185185185185,0.8810185185185185,0.8810072711348103,0.11944444444444446,0.9259400957124029
good,binary,M8,LR,LODO+LOSO-within-class,noise-robustness-only,9,4,"['Normal', 'AD']",Normal:1|AD:3,False,,2160,0.0,0.8449074074074074,0.8449074074074074,0.8448794460764211,0.17222222222222228,0.8948158658303585
good,binary,M8,LSVM,LODO+LOSO-within-class,noise-robustness-only,9,4,"['Normal', 'AD']",Normal:1|AD:3,False,,2160,0.0,0.6351851851851852,0.6351851851851852,0.6343698525260806,0.8634259259259259,0.6999859115243731
good,binary,M8,RBF,LODO+LOSO-within-class,noise-robustness-only,9,4,"['Normal', 'AD']",Normal:1|AD:3,False,,2160,0.0,0.538425925925926,0.538425925925926,0.5384250355421211,1.0,
good,binary,M8,kNN,LODO+LOSO-within-class,noise-robustness-only,9,4,"['Normal', 'AD']",Normal:1|AD:3,False,,2160,0.0,0.5074074074074074,0.5074074074074074,0.5073123673548138,0.9962962962962963,0.4
good,binary,M8,ORD,LODO+LOSO-within-class,noise-robustness-only,9,4,"['Normal', 'AD']",Normal:1|AD:3,False,,2160,0.0,0.5337962962962963,0.5337962962962963,0.5336282641272286,0.9962962962962963,0.6666666666666666
good,binary,COMB,LDA,LODO+LOSO-within-class,noise-robustness-only,9,3,"['Normal', 'AD']",Normal:1|AD:3,False,chosen M5.C3+M6.A[3.40]+M5.C2×6; M5.C3+M6.A[3.40]+M6.A[3.65]×1; M5.C3+M6.A[3.40]+M7.D2×1; M5.C3+M6.A[3.40]+M6.A[3.50]×1,2160,0.0,1.0,1.0,1.0,0.004166666666666652,1.0
good,binary,COMB,LR,LODO+LOSO-within-class,noise-robustness-only,9,3,"['Normal', 'AD']",Normal:1|AD:3,False,chosen M5.C3+M6.A[3.40]+M5.C2×6; M5.C3+M6.A[3.40]+M6.A[3.65]×1; M5.C3+M6.A[3.40]+M7.D2×1; M5.C3+M6.A[3.40]+M6.A[3.50]×1,2160,0.0,1.0,1.0,1.0,0.0,1.0
good,binary,COMB,LSVM,LODO+LOSO-within-class,noise-robustness-only,9,3,"['Normal', 'AD']",Normal:1|AD:3,False,chosen M5.C3+M6.A[3.40]+M5.C2×6; M5.C3+M6.A[3.40]+M6.A[3.65]×1; M5.C3+M6.A[3.40]+M7.D2×1; M5.C3+M6.A[3.40]+M6.A[3.50]×1,2160,0.0,1.0,1.0,1.0,0.0,1.0
good,binary,COMB,RBF,LODO+LOSO-within-class,noise-robustness-only,9,3,"['Normal', 'AD']",Normal:1|AD:3,False,chosen M5.C3+M6.A[3.40]+M5.C2×6; M5.C3+M6.A[3.40]+M6.A[3.65]×1; M5.C3+M6.A[3.40]+M7.D2×1; M5.C3+M6.A[3.40]+M6.A[3.50]×1,2160,0.0,1.0,1.0,1.0,0.0004629629629629983,1.0
good,binary,COMB,kNN,LODO+LOSO-within-class,noise-robustness-only,9,3,"['Normal', 'AD']",Normal:1|AD:3,False,chosen M5.C3+M6.A[3.40]+M5.C2×6; M5.C3+M6.A[3.40]+M6.A[3.65]×1; M5.C3+M6.A[3.40]+M7.D2×1; M5.C3+M6.A[3.40]+M6.A[3.50]×1,2160,0.0,1.0,1.0,1.0,0.0,1.0
good,binary,COMB,ORD,LODO+LOSO-within-class,noise-robustness-only,9,3,"['Normal', 'AD']",Normal:1|AD:3,False,chosen M5.C3+M6.A[3.40]+M5.C2×6; M5.C3+M6.A[3.40]+M6.A[3.65]×1; M5.C3+M6.A[3.40]+M7.D2×1; M5.C3+M6.A[3.40]+M6.A[3.50]×1,2160,0.0,1.0,1.0,1.0,0.0,1.0
good,binary,M9,LDA,LODO+LOSO-within-class,noise-robustness-only,9,3618,"['Normal', 'AD']",Normal:1|AD:3,False,,2160,0.0,1.0,1.0,1.0,0.0,1.0
good,binary,M9,LR,LODO+LOSO-within-class,noise-robustness-only,9,3618,"['Normal', 'AD']",Normal:1|AD:3,False,,2160,0.0,1.0,1.0,1.0,0.0,1.0
good,binary,M9,LSVM,LODO+LOSO-within-class,noise-robustness-only,9,3618,"['Normal', 'AD']",Normal:1|AD:3,False,,2160,0.0,0.9634259259259259,0.9634259259259259,0.9633769366129548,0.0,1.0
good,binary,M9,RBF,LODO+LOSO-within-class,noise-robustness-only,9,3618,"['Normal', 'AD']",Normal:1|AD:3,False,,2160,0.0,0.9972222222222222,0.9972222222222222,0.9972222007885864,0.001388888888888884,1.0
good,binary,M9,kNN,LODO+LOSO-within-class,noise-robustness-only,9,3618,"['Normal', 'AD']",Normal:1|AD:3,False,,2160,0.0,0.9986111111111111,0.9986111111111111,0.9986111084319221,0.001388888888888884,0.9995361781076066
good,binary,M9,ORD,LODO+LOSO-within-class,noise-robustness-only,9,3618,"['Normal', 'AD']",Normal:1|AD:3,False,,2160,0.0,1.0,1.0,1.0,0.0,1.0
good,three_merged,M0,LDA,LODO+LOSO-within-class,noise-robustness-only,6,1,"['Normal', 'Mild+Moderate', 'Severe']",Normal:1|Mild+Moderate:2|Severe:1,True,,2160,0.0,0.38842592592592595,0.38842592592592595,0.35884174967800914,0.9962962962962963,
good,three_merged,M0,LR,LODO+LOSO-within-class,noise-robustness-only,6,1,"['Normal', 'Mild+Moderate', 'Severe']",Normal:1|Mild+Moderate:2|Severe:1,True,,2160,0.0,0.38981481481481484,0.3898148148148148,0.35408410327848266,0.9916666666666667,
good,three_merged,M0,LSVM,LODO+LOSO-within-class,noise-robustness-only,6,1,"['Normal', 'Mild+Moderate', 'Severe']",Normal:1|Mild+Moderate:2|Severe:1,True,,2160,0.0,0.38935185185185184,0.3893518518518519,0.33127630160423266,0.9990740740740741,
good,three_merged,M0,RBF,LODO+LOSO-within-class,noise-robustness-only,6,1,"['Normal', 'Mild+Moderate', 'Severe']",Normal:1|Mild+Moderate:2|Severe:1,True,,2160,0.0,0.38287037037037036,0.38287037037037036,0.3700171693986258,1.0,
good,three_merged,M0,kNN,LODO+LOSO-within-class,noise-robustness-only,6,1,"['Normal', 'Mild+Moderate', 'Severe']",Normal:1|Mild+Moderate:2|Severe:1,True,,2160,0.0,0.36666666666666664,0.3666666666666667,0.3646311319558879,0.9875,0.5090909090909091
good,three_merged,M0,ORD,LODO+LOSO-within-class,noise-robustness-only,6,1,"['Normal', 'Mild+Moderate', 'Severe']",Normal:1|Mild+Moderate:2|Severe:1,True,,2160,0.0,0.39351851851851855,0.39351851851851855,0.3750418261522513,0.9944444444444445,
good,three_merged,M1,LDA,LODO+LOSO-within-class,noise-robustness-only,6,1,"['Normal', 'Mild+Moderate', 'Severe']",Normal:1|Mild+Moderate:2|Severe:1,True,,2160,0.0,0.33240740740740743,0.33240740740740743,0.33219020162257545,1.0,
good,three_merged,M1,LR,LODO+LOSO-within-class,noise-robustness-only,6,1,"['Normal', 'Mild+Moderate', 'Severe']",Normal:1|Mild+Moderate:2|Severe:1,True,,2160,0.0,0.3337962962962963,0.3337962962962963,0.33362033928442153,1.0,
good,three_merged,M1,LSVM,LODO+LOSO-within-class,noise-robustness-only,6,1,"['Normal', 'Mild+Moderate', 'Severe']",Normal:1|Mild+Moderate:2|Severe:1,True,,2160,0.0,0.3314814814814815,0.3314814814814815,0.20409778199890347,1.0,
good,three_merged,M1,RBF,LODO+LOSO-within-class,noise-robustness-only,6,1,"['Normal', 'Mild+Moderate', 'Severe']",Normal:1|Mild+Moderate:2|Severe:1,True,,2160,0.0,0.33564814814814814,0.33564814814814814,0.3307277191827606,1.0,
good,three_merged,M1,kNN,LODO+LOSO-within-class,noise-robustness-only,6,1,"['Normal', 'Mild+Moderate', 'Severe']",Normal:1|Mild+Moderate:2|Severe:1,True,,2160,0.0,0.3384259259259259,0.3384259259259259,0.3354089871628245,1.0,
good,three_merged,M1,ORD,LODO+LOSO-within-class,noise-robustness-only,6,1,"['Normal', 'Mild+Moderate', 'Severe']",Normal:1|Mild+Moderate:2|Severe:1,True,,2160,0.0,0.3287037037037037,0.3287037037037037,0.274961999591577,1.0,
good,three_merged,M2,LDA,LODO+LOSO-within-class,noise-robustness-only,6,1,"['Normal', 'Mild+Moderate', 'Severe']",Normal:1|Mild+Moderate:2|Severe:1,True,,2160,0.0,0.36157407407407405,0.36157407407407405,0.3515651278936061,0.9925925925925926,0.3333333333333333
good,three_merged,M2,LR,LODO+LOSO-within-class,noise-robustness-only,6,1,"['Normal', 'Mild+Moderate', 'Severe']",Normal:1|Mild+Moderate:2|Severe:1,True,,2160,0.0,0.36018518518518516,0.3601851851851852,0.34907425406839293,1.0,
good,three_merged,M2,LSVM,LODO+LOSO-within-class,noise-robustness-only,6,1,"['Normal', 'Mild+Moderate', 'Severe']",Normal:1|Mild+Moderate:2|Severe:1,True,,2160,0.0,0.35,0.35000000000000003,0.27789110933696787,1.0,
good,three_merged,M2,RBF,LODO+LOSO-within-class,noise-robustness-only,6,1,"['Normal', 'Mild+Moderate', 'Severe']",Normal:1|Mild+Moderate:2|Severe:1,True,,2160,0.0,0.3486111111111111,0.34861111111111115,0.34485239832995623,1.0,
good,three_merged,M2,kNN,LODO+LOSO-within-class,noise-robustness-only,6,1,"['Normal', 'Mild+Moderate', 'Severe']",Normal:1|Mild+Moderate:2|Severe:1,True,,2160,0.0,0.3439814814814815,0.3439814814814815,0.3413861129990395,0.999537037037037,
good,three_merged,M2,ORD,LODO+LOSO-within-class,noise-robustness-only,6,1,"['Normal', 'Mild+Moderate', 'Severe']",Normal:1|Mild+Moderate:2|Severe:1,True,,2160,0.0,0.3611111111111111,0.3611111111111111,0.3278193717312939,1.0,
good,three_merged,M5,LDA,LODO+LOSO-within-class,noise-robustness-only,6,4,"['Normal', 'Mild+Moderate', 'Severe']",Normal:1|Mild+Moderate:2|Severe:1,True,,2160,0.0,0.9472222222222222,0.9472222222222223,0.9471633161182291,0.025000000000000022,0.9333424553550339
good,three_merged,M5,LR,LODO+LOSO-within-class,noise-robustness-only,6,4,"['Normal', 'Mild+Moderate', 'Severe']",Normal:1|Mild+Moderate:2|Severe:1,True,,2160,0.0,0.9152777777777777,0.9152777777777777,0.9157346425531968,0.031481481481481444,0.9269530827756446
good,three_merged,M5,LSVM,LODO+LOSO-within-class,noise-robustness-only,6,4,"['Normal', 'Mild+Moderate', 'Severe']",Normal:1|Mild+Moderate:2|Severe:1,True,,2160,0.0,0.8898148148148148,0.8898148148148147,0.8908979456663011,0.024537037037037024,0.9297816455535296
good,three_merged,M5,RBF,LODO+LOSO-within-class,noise-robustness-only,6,4,"['Normal', 'Mild+Moderate', 'Severe']",Normal:1|Mild+Moderate:2|Severe:1,True,,2160,0.0,0.9356481481481481,0.9356481481481481,0.9357421752923116,0.01666666666666672,0.9444993722536096
good,three_merged,M5,kNN,LODO+LOSO-within-class,noise-robustness-only,6,4,"['Normal', 'Mild+Moderate', 'Severe']",Normal:1|Mild+Moderate:2|Severe:1,True,,2160,0.0,0.9453703703703704,0.9453703703703704,0.9454318237657969,0.02314814814814814,0.9545117610903162
good,three_merged,M5,ORD,LODO+LOSO-within-class,noise-robustness-only,6,4,"['Normal', 'Mild+Moderate', 'Severe']",Normal:1|Mild+Moderate:2|Severe:1,True,,2160,0.0,0.9273148148148148,0.9273148148148148,0.9267813033879807,0.05601851851851847,0.9560125876567565
good,three_merged,M5.C3,LDA,LODO+LOSO-within-class,noise-robustness-only,6,1,"['Normal', 'Mild+Moderate', 'Severe']",Normal:1|Mild+Moderate:2|Severe:1,True,,2160,0.0,0.5194444444444445,0.5194444444444445,0.5180311707347091,0.4666666666666667,0.5783475783475783
good,three_merged,M5.C3,LR,LODO+LOSO-within-class,noise-robustness-only,6,1,"['Normal', 'Mild+Moderate', 'Severe']",Normal:1|Mild+Moderate:2|Severe:1,True,,2160,0.0,0.5226851851851851,0.5226851851851851,0.5182590945383124,0.4444444444444444,0.6487758945386064
good,three_merged,M5.C3,LSVM,LODO+LOSO-within-class,noise-robustness-only,6,1,"['Normal', 'Mild+Moderate', 'Severe']",Normal:1|Mild+Moderate:2|Severe:1,True,,2160,0.0,0.6486111111111111,0.6486111111111111,0.543563608491216,0.3393518518518519,0.5860932596331149
good,three_merged,M5.C3,RBF,LODO+LOSO-within-class,noise-robustness-only,6,1,"['Normal', 'Mild+Moderate', 'Severe']",Normal:1|Mild+Moderate:2|Severe:1,True,,2160,0.0,0.7041666666666667,0.7041666666666667,0.6984592828418847,0.187037037037037,0.66649763211657
good,three_merged,M5.C3,kNN,LODO+LOSO-within-class,noise-robustness-only,6,1,"['Normal', 'Mild+Moderate', 'Severe']",Normal:1|Mild+Moderate:2|Severe:1,True,,2160,0.0,0.687037037037037,0.687037037037037,0.6839327081322271,0.28148148148148144,0.6515126711881615
good,three_merged,M5.C3,ORD,LODO+LOSO-within-class,noise-robustness-only,6,1,"['Normal', 'Mild+Moderate', 'Severe']",Normal:1|Mild+Moderate:2|Severe:1,True,,2160,0.0,0.5842592592592593,0.5842592592592593,0.588521671333347,0.47870370370370374,0.6053364527629234
good,three_merged,M5.C3[k3],LDA,LODO+LOSO-within-class,noise-robustness-only,6,1,"['Normal', 'Mild+Moderate', 'Severe']",Normal:1|Mild+Moderate:2|Severe:1,True,,2160,0.0,0.5513888888888889,0.5513888888888889,0.5429210919554507,0.4111111111111111,0.5726871035795521
good,three_merged,M5.C3[k3],LR,LODO+LOSO-within-class,noise-robustness-only,6,1,"['Normal', 'Mild+Moderate', 'Severe']",Normal:1|Mild+Moderate:2|Severe:1,True,,2160,0.0,0.5472222222222223,0.5472222222222223,0.5361963626030122,0.3916666666666667,0.6372024956268644
good,three_merged,M5.C3[k3],LSVM,LODO+LOSO-within-class,noise-robustness-only,6,1,"['Normal', 'Mild+Moderate', 'Severe']",Normal:1|Mild+Moderate:2|Severe:1,True,,2160,0.0,0.6546296296296297,0.6546296296296297,0.5472623896419054,0.19444444444444442,0.641609540131391
good,three_merged,M5.C3[k3],RBF,LODO+LOSO-within-class,noise-robustness-only,6,1,"['Normal', 'Mild+Moderate', 'Severe']",Normal:1|Mild+Moderate:2|Severe:1,True,,2160,0.0,0.7351851851851852,0.735185185185185,0.7189497420770216,0.12268518518518523,0.7145902013902994
good,three_merged,M5.C3[k3],kNN,LODO+LOSO-within-class,noise-robustness-only,6,1,"['Normal', 'Mild+Moderate', 'Severe']",Normal:1|Mild+Moderate:2|Severe:1,True,,2160,0.0,0.7351851851851852,0.7351851851851853,0.7197629925953574,0.16296296296296298,0.687966100423604
good,three_merged,M5.C3[k3],ORD,LODO+LOSO-within-class,noise-robustness-only,6,1,"['Normal', 'Mild+Moderate', 'Severe']",Normal:1|Mild+Moderate:2|Severe:1,True,,2160,0.0,0.6,0.6,0.6010089930824639,0.4375,0.6425822470515208
good,three_merged,M5.C3[nested],LDA,LODO+LOSO-within-class,noise-robustness-only,6,1,"['Normal', 'Mild+Moderate', 'Severe']",Normal:1|Mild+Moderate:2|Severe:1,True,"windows 3.45-3.55×1, 3.25-3.35×1, 3.70-3.80×1, 3.20-3.40×1, 3.95-4.10×1, 3.55-3.65×1",2160,0.0,0.5347222222222222,0.5347222222222222,0.502797869216358,0.1592592592592592,0.5038950563451471
good,three_merged,M5.C3[nested],LR,LODO+LOSO-within-class,noise-robustness-only,6,1,"['Normal', 'Mild+Moderate', 'Severe']",Normal:1|Mild+Moderate:2|Severe:1,True,"windows 3.45-3.55×1, 3.25-3.35×1, 3.70-3.80×1, 3.20-3.40×1, 3.95-4.10×1, 3.55-3.65×1",2160,0.0,0.512962962962963,0.512962962962963,0.4904103159917113,0.0888888888888889,0.5807053124874701
good,three_merged,M5.C3[nested],LSVM,LODO+LOSO-within-class,noise-robustness-only,6,1,"['Normal', 'Mild+Moderate', 'Severe']",Normal:1|Mild+Moderate:2|Severe:1,True,"windows 3.45-3.55×1, 3.25-3.35×1, 3.70-3.80×1, 3.20-3.40×1, 3.95-4.10×1, 3.55-3.65×1",2160,0.0,0.5444444444444444,0.5444444444444444,0.5050950104189159,0.15509259259259256,0.5405172131083632
good,three_merged,M5.C3[nested],RBF,LODO+LOSO-within-class,noise-robustness-only,6,1,"['Normal', 'Mild+Moderate', 'Severe']",Normal:1|Mild+Moderate:2|Severe:1,True,"windows 3.45-3.55×1, 3.25-3.35×1, 3.70-3.80×1, 3.20-3.40×1, 3.95-4.10×1, 3.55-3.65×1",2160,0.0,0.512962962962963,0.512962962962963,0.5105723329413179,0.26203703703703707,0.4686690844383969
good,three_merged,M5.C3[nested],kNN,LODO+LOSO-within-class,noise-robustness-only,6,1,"['Normal', 'Mild+Moderate', 'Severe']",Normal:1|Mild+Moderate:2|Severe:1,True,"windows 3.45-3.55×1, 3.25-3.35×1, 3.70-3.80×1, 3.20-3.40×1, 3.95-4.10×1, 3.55-3.65×1",2160,0.0,0.4949074074074074,0.4949074074074075,0.4955667092050177,0.3467592592592592,0.5005695795307876
good,three_merged,M5.C3[nested],ORD,LODO+LOSO-within-class,noise-robustness-only,6,1,"['Normal', 'Mild+Moderate', 'Severe']",Normal:1|Mild+Moderate:2|Severe:1,True,"windows 3.45-3.55×1, 3.25-3.35×1, 3.70-3.80×1, 3.20-3.40×1, 3.95-4.10×1, 3.55-3.65×1",2160,0.0,0.5226851851851851,0.5226851851851851,0.5222040441522253,0.4356481481481481,0.5950635429166987
good,three_merged,M6,LDA,LODO+LOSO-within-class,noise-robustness-only,6,22,"['Normal', 'Mild+Moderate', 'Severe']",Normal:1|Mild+Moderate:2|Severe:1,True,,2160,0.0,1.0,1.0,1.0,0.009722222222222188,0.9711979583963916
good,three_merged,M6,LR,LODO+LOSO-within-class,noise-robustness-only,6,22,"['Normal', 'Mild+Moderate', 'Severe']",Normal:1|Mild+Moderate:2|Severe:1,True,,2160,0.0,0.9212962962962963,0.9212962962962963,0.9201918555131329,0.036111111111111094,0.8854873118982031
good,three_merged,M6,LSVM,LODO+LOSO-within-class,noise-robustness-only,6,22,"['Normal', 'Mild+Moderate', 'Severe']",Normal:1|Mild+Moderate:2|Severe:1,True,,2160,0.0,0.9162037037037037,0.9162037037037036,0.9156789700039303,0.02268518518518514,0.9363126192713752
good,three_merged,M6,RBF,LODO+LOSO-within-class,noise-robustness-only,6,22,"['Normal', 'Mild+Moderate', 'Severe']",Normal:1|Mild+Moderate:2|Severe:1,True,,2160,0.0,0.9282407407407407,0.9282407407407408,0.9280335801402179,0.10462962962962963,0.9372757365201122
good,three_merged,M6,kNN,LODO+LOSO-within-class,noise-robustness-only,6,22,"['Normal', 'Mild+Moderate', 'Severe']",Normal:1|Mild+Moderate:2|Severe:1,True,,2160,0.0,0.8384259259259259,0.8384259259259258,0.8366155319999634,0.22638888888888886,0.9018913616961396
good,three_merged,M6,ORD,LODO+LOSO-within-class,noise-robustness-only,6,22,"['Normal', 'Mild+Moderate', 'Severe']",Normal:1|Mild+Moderate:2|Severe:1,True,,2160,0.0,0.9736111111111111,0.9736111111111111,0.9735229206002923,0.029166666666666674,0.9900642898889539
good,three_merged,M7,LDA,LODO+LOSO-within-class,noise-robustness-only,6,6,"['Normal', 'Mild+Moderate', 'Severe']",Normal:1|Mild+Moderate:2|Severe:1,True,,2160,0.0,0.6708333333333333,0.6708333333333334,0.6718378642756675,0.675,0.6529914025385324
good,three_merged,M7,LR,LODO+LOSO-within-class,noise-robustness-only,6,6,"['Normal', 'Mild+Moderate', 'Severe']",Normal:1|Mild+Moderate:2|Severe:1,True,,2160,0.0,0.674074074074074,0.674074074074074,0.6767013008365659,0.6643518518518519,0.6489259122083296
good,three_merged,M7,LSVM,LODO+LOSO-within-class,noise-robustness-only,6,6,"['Normal', 'Mild+Moderate', 'Severe']",Normal:1|Mild+Moderate:2|Severe:1,True,,2160,0.0,0.6518518518518519,0.6518518518518519,0.6459176804554217,0.6694444444444445,0.6576765704661685
good,three_merged,M7,RBF,LODO+LOSO-within-class,noise-robustness-only,6,6,"['Normal', 'Mild+Moderate', 'Severe']",Normal:1|Mild+Moderate:2|Severe:1,True,,2160,0.0,0.6699074074074074,0.6699074074074073,0.6720645302329729,0.5208333333333333,0.671049549115882
good,three_merged,M7,kNN,LODO+LOSO-within-class,noise-robustness-only,6,6,"['Normal', 'Mild+Moderate', 'Severe']",Normal:1|Mild+Moderate:2|Severe:1,True,,2160,0.0,0.6532407407407408,0.6532407407407407,0.6535588179553479,0.6291666666666667,0.7565657782423472
good,three_merged,M7,ORD,LODO+LOSO-within-class,noise-robustness-only,6,6,"['Normal', 'Mild+Moderate', 'Severe']",Normal:1|Mild+Moderate:2|Severe:1,True,,2160,0.0,0.6884259259259259,0.6884259259259259,0.6916975324143356,0.6962962962962963,0.6430565583634175
good,three_merged,M8,LDA,LODO+LOSO-within-class,noise-robustness-only,6,4,"['Normal', 'Mild+Moderate', 'Severe']",Normal:1|Mild+Moderate:2|Severe:1,True,,2160,0.0,0.8046296296296296,0.8046296296296296,0.8041962665968273,0.2509259259259259,0.7967077545889877
good,three_merged,M8,LR,LODO+LOSO-within-class,noise-robustness-only,6,4,"['Normal', 'Mild+Moderate', 'Severe']",Normal:1|Mild+Moderate:2|Severe:1,True,,2160,0.0,0.7541666666666667,0.7541666666666668,0.7515734945680791,0.29953703703703705,0.8094080714384978
good,three_merged,M8,LSVM,LODO+LOSO-within-class,noise-robustness-only,6,4,"['Normal', 'Mild+Moderate', 'Severe']",Normal:1|Mild+Moderate:2|Severe:1,True,,2160,0.0,0.4439814814814815,0.44398148148148153,0.4222730329753153,0.9893518518518518,0.4787878787878788
good,three_merged,M8,RBF,LODO+LOSO-within-class,noise-robustness-only,6,4,"['Normal', 'Mild+Moderate', 'Severe']",Normal:1|Mild+Moderate:2|Severe:1,True,,2160,0.0,0.35,0.35000000000000003,0.3464374886278891,1.0,
good,three_merged,M8,kNN,LODO+LOSO-within-class,noise-robustness-only,6,4,"['Normal', 'Mild+Moderate', 'Severe']",Normal:1|Mild+Moderate:2|Severe:1,True,,2160,0.0,0.3587962962962963,0.3587962962962963,0.35712074574136904,0.9953703703703703,0.5
good,three_merged,M8,ORD,LODO+LOSO-within-class,noise-robustness-only,6,4,"['Normal', 'Mild+Moderate', 'Severe']",Normal:1|Mild+Moderate:2|Severe:1,True,,2160,0.0,0.3587962962962963,0.3587962962962963,0.32726106054922716,1.0,
good,three_merged,COMB,LDA,LODO+LOSO-within-class,noise-robustness-only,6,3,"['Normal', 'Mild+Moderate', 'Severe']",Normal:1|Mild+Moderate:2|Severe:1,True,chosen M5.C3+M6.A[3.40]+M5.C2×1; M6.A[3.40]+M5.C2+M7.D2×1; M6.A[3.40]+M5.C2+M6.A[3.65]×1; M5.C2+M6.A[3.40]+M5.C3×1; M5.C2+M6.A[3.40]+M5.C×1; M5.C2+M6.A[3.40]+M5.C1×1,2160,0.0,0.8685185185185185,0.8685185185185186,0.8631682160703464,0.04629629629629628,0.8814636722678472
good,three_merged,COMB,LR,LODO+LOSO-within-class,noise-robustness-only,6,3,"['Normal', 'Mild+Moderate', 'Severe']",Normal:1|Mild+Moderate:2|Severe:1,True,chosen M5.C3+M6.A[3.40]+M5.C2×1; M6.A[3.40]+M5.C2+M7.D2×1; M6.A[3.40]+M5.C2+M6.A[3.65]×1; M5.C2+M6.A[3.40]+M5.C3×1; M5.C2+M6.A[3.40]+M5.C×1; M5.C2+M6.A[3.40]+M5.C1×1,2160,0.0,0.861574074074074,0.861574074074074,0.8567367038990579,0.04861111111111116,0.8879959633709191
good,three_merged,COMB,LSVM,LODO+LOSO-within-class,noise-robustness-only,6,3,"['Normal', 'Mild+Moderate', 'Severe']",Normal:1|Mild+Moderate:2|Severe:1,True,chosen M5.C3+M6.A[3.40]+M5.C2×1; M6.A[3.40]+M5.C2+M7.D2×1; M6.A[3.40]+M5.C2+M6.A[3.65]×1; M5.C2+M6.A[3.40]+M5.C3×1; M5.C2+M6.A[3.40]+M5.C×1; M5.C2+M6.A[3.40]+M5.C1×1,2160,0.0,0.799074074074074,0.799074074074074,0.7960064427279057,0.059259259259259234,0.8567436653326225
good,three_merged,COMB,RBF,LODO+LOSO-within-class,noise-robustness-only,6,3,"['Normal', 'Mild+Moderate', 'Severe']",Normal:1|Mild+Moderate:2|Severe:1,True,chosen M5.C3+M6.A[3.40]+M5.C2×1; M6.A[3.40]+M5.C2+M7.D2×1; M6.A[3.40]+M5.C2+M6.A[3.65]×1; M5.C2+M6.A[3.40]+M5.C3×1; M5.C2+M6.A[3.40]+M5.C×1; M5.C2+M6.A[3.40]+M5.C1×1,2160,0.0,0.8717592592592592,0.8717592592592592,0.8686201771421191,0.04675925925925928,0.8708924674884893
good,three_merged,COMB,kNN,LODO+LOSO-within-class,noise-robustness-only,6,3,"['Normal', 'Mild+Moderate', 'Severe']",Normal:1|Mild+Moderate:2|Severe:1,True,chosen M5.C3+M6.A[3.40]+M5.C2×1; M6.A[3.40]+M5.C2+M7.D2×1; M6.A[3.40]+M5.C2+M6.A[3.65]×1; M5.C2+M6.A[3.40]+M5.C3×1; M5.C2+M6.A[3.40]+M5.C×1; M5.C2+M6.A[3.40]+M5.C1×1,2160,0.0,0.8856481481481482,0.8856481481481482,0.8828394299029836,0.1347222222222222,0.9263514824716005
good,three_merged,COMB,ORD,LODO+LOSO-within-class,noise-robustness-only,6,3,"['Normal', 'Mild+Moderate', 'Severe']",Normal:1|Mild+Moderate:2|Severe:1,True,chosen M5.C3+M6.A[3.40]+M5.C2×1; M6.A[3.40]+M5.C2+M7.D2×1; M6.A[3.40]+M5.C2+M6.A[3.65]×1; M5.C2+M6.A[3.40]+M5.C3×1; M5.C2+M6.A[3.40]+M5.C×1; M5.C2+M6.A[3.40]+M5.C1×1,2160,0.0,0.9023148148148148,0.9023148148148148,0.8987986136006848,0.09212962962962967,0.9447797772371057
good,three_merged,M9,LDA,LODO+LOSO-within-class,noise-robustness-only,6,3618,"['Normal', 'Mild+Moderate', 'Severe']",Normal:1|Mild+Moderate:2|Severe:1,True,,2160,0.0,1.0,1.0,1.0,0.12685185185185188,0.6901782014090344
good,three_merged,M9,LR,LODO+LOSO-within-class,noise-robustness-only,6,3618,"['Normal', 'Mild+Moderate', 'Severe']",Normal:1|Mild+Moderate:2|Severe:1,True,,2160,0.0,0.9967592592592592,0.9967592592592593,0.9967592576964014,0.0023148148148147696,0.9976722532588455
good,three_merged,M9,LSVM,LODO+LOSO-within-class,noise-robustness-only,6,3618,"['Normal', 'Mild+Moderate', 'Severe']",Normal:1|Mild+Moderate:2|Severe:1,True,,2160,0.0,0.9662037037037037,0.9662037037037038,0.9660844027658858,0.007870370370370416,0.9892465906550414
good,three_merged,M9,RBF,LODO+LOSO-within-class,noise-robustness-only,6,3618,"['Normal', 'Mild+Moderate', 'Severe']",Normal:1|Mild+Moderate:2|Severe:1,True,,2160,0.0,0.9953703703703703,0.9953703703703703,0.9953779441790394,0.006018518518518534,0.9934375762188643
good,three_merged,M9,kNN,LODO+LOSO-within-class,noise-robustness-only,6,3618,"['Normal', 'Mild+Moderate', 'Severe']",Normal:1|Mild+Moderate:2|Severe:1,True,,2160,0.0,0.9847222222222223,0.9847222222222222,0.9847179049968275,0.02546296296296291,0.9857753862847133
good,three_merged,M9,ORD,LODO+LOSO-within-class,noise-robustness-only,6,3618,"['Normal', 'Mild+Moderate', 'Severe']",Normal:1|Mild+Moderate:2|Severe:1,True,,2160,0.0,1.0,1.0,1.0,0.0,1.0
good,three,M0,LDA,LODO,noise-robustness-only,3,1,"['Normal', 'Mild', 'Severe']",Normal:1|Mild:1|Severe:1,True,,1080,0.0,0.3851851851851852,0.38518518518518524,0.3550085700393333,0.9981481481481481,
good,three,M0,LR,LODO,noise-robustness-only,3,1,"['Normal', 'Mild', 'Severe']",Normal:1|Mild:1|Severe:1,True,,1080,0.0,0.387037037037037,0.387037037037037,0.3531737389804394,0.9925925925925926,0.3333333333333333
good,three,M0,LSVM,LODO,noise-robustness-only,3,1,"['Normal', 'Mild', 'Severe']",Normal:1|Mild:1|Severe:1,True,,1080,0.0,0.38981481481481484,0.3898148148148148,0.31212373807539134,1.0,
good,three,M0,RBF,LODO,noise-robustness-only,3,1,"['Normal', 'Mild', 'Severe']",Normal:1|Mild:1|Severe:1,True,,1080,0.0,0.3787037037037037,0.3787037037037037,0.3616372033889297,1.0,
good,three,M0,kNN,LODO,noise-robustness-only,3,1,"['Normal', 'Mild', 'Severe']",Normal:1|Mild:1|Severe:1,True,,1080,0.0,0.35185185185185186,0.35185185185185186,0.3487143913932631,0.9842592592592593,
good,three,M0,ORD,LODO,noise-robustness-only,3,1,"['Normal', 'Mild', 'Severe']",Normal:1|Mild:1|Severe:1,True,,1080,0.0,0.38425925925925924,0.3842592592592593,0.36352886628388764,0.9972222222222222,
good,three,M1,LDA,LODO,noise-robustness-only,3,1,"['Normal', 'Mild', 'Severe']",Normal:1|Mild:1|Severe:1,True,,1080,0.0,0.32222222222222224,0.32222222222222224,0.30849868586418117,0.6666666666666667,0.3333333333333333
good,three,M1,LR,LODO,noise-robustness-only,3,1,"['Normal', 'Mild', 'Severe']",Normal:1|Mild:1|Severe:1,True,,1080,0.0,0.32222222222222224,0.32222222222222224,0.30849868586418117,1.0,
good,three,M1,LSVM,LODO,noise-robustness-only,3,1,"['Normal', 'Mild', 'Severe']",Normal:1|Mild:1|Severe:1,True,,1080,0.0,0.325,0.325,0.30810165796065725,0.9592592592592593,0.3333333333333333
good,three,M1,RBF,LODO,noise-robustness-only,3,1,"['Normal', 'Mild', 'Severe']",Normal:1|Mild:1|Severe:1,True,,1080,0.0,0.3101851851851852,0.3101851851851852,0.30946710165686664,1.0,
good,three,M1,kNN,LODO,noise-robustness-only,3,1,"['Normal', 'Mild', 'Severe']",Normal:1|Mild:1|Severe:1,True,,1080,0.0,0.3277777777777778,0.3277777777777778,0.3256042136811295,1.0,
good,three,M1,ORD,LODO,noise-robustness-only,3,1,"['Normal', 'Mild', 'Severe']",Normal:1|Mild:1|Severe:1,True,,1080,0.0,0.3296296296296296,0.3296296296296296,0.27767528751850545,1.0,
good,three,M2,LDA,LODO,noise-robustness-only,3,1,"['Normal', 'Mild', 'Severe']",Normal:1|Mild:1|Severe:1,True,,1080,0.0,0.35462962962962963,0.35462962962962963,0.30953703775027713,1.0,
good,three,M2,LR,LODO,noise-robustness-only,3,1,"['Normal', 'Mild', 'Severe']",Normal:1|Mild:1|Severe:1,True,,1080,0.0,0.35462962962962963,0.3546296296296297,0.3081572279819251,1.0,
good,three,M2,LSVM,LODO,noise-robustness-only,3,1,"['Normal', 'Mild', 'Severe']",Normal:1|Mild:1|Severe:1,True,,1080,0.0,0.3490740740740741,0.3490740740740741,0.27940092205737604,1.0,
good,three,M2,RBF,LODO,noise-robustness-only,3,1,"['Normal', 'Mild', 'Severe']",Normal:1|Mild:1|Severe:1,True,,1080,0.0,0.3435185185185185,0.34351851851851856,0.33684378048478214,1.0,
good,three,M2,kNN,LODO,noise-robustness-only,3,1,"['Normal', 'Mild', 'Severe']",Normal:1|Mild:1|Severe:1,True,,1080,0.0,0.33425925925925926,0.33425925925925926,0.3323964110759461,0.9962962962962963,
good,three,M2,ORD,LODO,noise-robustness-only,3,1,"['Normal', 'Mild', 'Severe']",Normal:1|Mild:1|Severe:1,True,,1080,0.0,0.35462962962962963,0.35462962962962963,0.31706367475900316,1.0,
good,three,M5,LDA,LODO,noise-robustness-only,3,4,"['Normal', 'Mild', 'Severe']",Normal:1|Mild:1|Severe:1,True,,1080,0.0,0.9592592592592593,0.9592592592592593,0.9592370990880917,0.050000000000000044,0.8792416365945778
good,three,M5,LR,LODO,noise-robustness-only,3,4,"['Normal', 'Mild', 'Severe']",Normal:1|Mild:1|Severe:1,True,,1080,0.0,0.925,0.9249999999999999,0.9256634394740462,0.047222222222222276,0.967878633782524
good,three,M5,LSVM,LODO,noise-robustness-only,3,4,"['Normal', 'Mild', 'Severe']",Normal:1|Mild:1|Severe:1,True,,1080,0.0,0.9092592592592592,0.9092592592592593,0.9108212042062388,0.05277777777777781,0.8808586761531765
good,three,M5,RBF,LODO,noise-robustness-only,3,4,"['Normal', 'Mild', 'Severe']",Normal:1|Mild:1|Severe:1,True,,1080,0.0,0.9703703703703703,0.9703703703703704,0.9704334716887019,0.03425925925925921,0.985348909016056
good,three,M5,kNN,LODO,noise-robustness-only,3,4,"['Normal', 'Mild', 'Severe']",Normal:1|Mild:1|Severe:1,True,,1080,0.0,0.9666666666666667,0.9666666666666668,0.9667567069801706,0.056481481481481466,0.9837593920292926
good,three,M5,ORD,LODO,noise-robustness-only,3,4,"['Normal', 'Mild', 'Severe']",Normal:1|Mild:1|Severe:1,True,,1080,0.0,0.9425925925925925,0.9425925925925925,0.9425778165149593,0.04814814814814816,0.9436691032520669
good,three,M5.C3,LDA,LODO,noise-robustness-only,3,1,"['Normal', 'Mild', 'Severe']",Normal:1|Mild:1|Severe:1,True,,1080,0.0,0.4787037037037037,0.4787037037037037,0.4871808002090819,0.15000000000000002,0.5010730534809854
good,three,M5.C3,LR,LODO,noise-robustness-only,3,1,"['Normal', 'Mild', 'Severe']",Normal:1|Mild:1|Severe:1,True,,1080,0.0,0.4898148148148148,0.48981481481481476,0.49503526750353144,0.2962962962962963,0.49195482790817474
good,three,M5.C3,LSVM,LODO,noise-robustness-only,3,1,"['Normal', 'Mild', 'Severe']",Normal:1|Mild:1|Severe:1,True,,1080,0.0,0.5574074074074075,0.5574074074074075,0.5488457238102963,0.2509259259259259,0.46143336988113265
good,three,M5.C3,RBF,LODO,noise-robustness-only,3,1,"['Normal', 'Mild', 'Severe']",Normal:1|Mild:1|Severe:1,True,,1080,0.0,0.5268518518518519,0.5268518518518518,0.5304596989590279,0.19444444444444442,0.5934897305445638
good,three,M5.C3,kNN,LODO,noise-robustness-only,3,1,"['Normal', 'Mild', 'Severe']",Normal:1|Mild:1|Severe:1,True,,1080,0.0,0.5740740740740741,0.5740740740740741,0.5780087081692696,0.2851851851851852,0.5330693515672706
good,three,M5.C3,ORD,LODO,noise-robustness-only,3,1,"['Normal', 'Mild', 'Severe']",Normal:1|Mild:1|Severe:1,True,,1080,0.0,0.5851851851851851,0.5851851851851851,0.5893206195438244,0.4462962962962963,0.32127114841502363
good,three,M5.C3[k3],LDA,LODO,noise-robustness-only,3,1,"['Normal', 'Mild', 'Severe']",Normal:1|Mild:1|Severe:1,True,,1080,0.0,0.5287037037037037,0.5287037037037038,0.4900086765671788,0.11851851851851847,0.5842667772970623
good,three,M5.C3[k3],LR,LODO,noise-robustness-only,3,1,"['Normal', 'Mild', 'Severe']",Normal:1|Mild:1|Severe:1,True,,1080,0.0,0.5287037037037037,0.5287037037037037,0.4908853258119057,0.2657407407407407,0.5072463768115942
good,three,M5.C3[k3],LSVM,LODO,noise-robustness-only,3,1,"['Normal', 'Mild', 'Severe']",Normal:1|Mild:1|Severe:1,True,,1080,0.0,0.537962962962963,0.537962962962963,0.534857899878275,0.24351851851851847,0.5140340565451091
good,three,M5.C3[k3],RBF,LODO,noise-robustness-only,3,1,"['Normal', 'Mild', 'Severe']",Normal:1|Mild:1|Severe:1,True,,1080,0.0,0.5907407407407408,0.5907407407407407,0.550923110233018,0.1074074074074074,0.638516780655725
good,three,M5.C3[k3],kNN,LODO,noise-robustness-only,3,1,"['Normal', 'Mild', 'Severe']",Normal:1|Mild:1|Severe:1,True,,1080,0.0,0.6518518518518519,0.6518518518518518,0.6433384083351931,0.28888888888888886,0.5467609238396318
good,three,M5.C3[k3],ORD,LODO,noise-robustness-only,3,1,"['Normal', 'Mild', 'Severe']",Normal:1|Mild:1|Severe:1,True,,1080,0.0,0.5824074074074074,0.5824074074074074,0.585245941502997,0.44166666666666665,0.40225744476464936
good,three,M5.C3[nested],LDA,LODO,noise-robustness-only,3,1,"['Normal', 'Mild', 'Severe']",Normal:1|Mild:1|Severe:1,True,"windows 3.20-3.40×1, 3.95-4.20×1, 3.60-3.70×1",1080,0.0,0.4064814814814815,0.4064814814814815,0.39768502231241004,0.18611111111111112,0.39124512263099226
good,three,M5.C3[nested],LR,LODO,noise-robustness-only,3,1,"['Normal', 'Mild', 'Severe']",Normal:1|Mild:1|Severe:1,True,"windows 3.20-3.40×1, 3.95-4.20×1, 3.60-3.70×1",1080,0.0,0.4462962962962963,0.44629629629629625,0.44055335147833974,0.1703703703703704,0.4166798356087275
good,three,M5.C3[nested],LSVM,LODO,noise-robustness-only,3,1,"['Normal', 'Mild', 'Severe']",Normal:1|Mild:1|Severe:1,True,"windows 3.20-3.40×1, 3.95-4.20×1, 3.60-3.70×1",1080,0.0,0.5027777777777778,0.5027777777777778,0.4920341738136826,0.18425925925925923,0.4721612078254209
good,three,M5.C3[nested],RBF,LODO,noise-robustness-only,3,1,"['Normal', 'Mild', 'Severe']",Normal:1|Mild:1|Severe:1,True,"windows 3.20-3.40×1, 3.95-4.20×1, 3.60-3.70×1",1080,0.0,0.4601851851851852,0.4601851851851852,0.45234473964834354,0.26296296296296295,0.4103298611111112
good,three,M5.C3[nested],kNN,LODO,noise-robustness-only,3,1,"['Normal', 'Mild', 'Severe']",Normal:1|Mild:1|Severe:1,True,"windows 3.20-3.40×1, 3.95-4.20×1, 3.60-3.70×1",1080,0.0,0.44814814814814813,0.4481481481481482,0.4429179269176899,0.29074074074074074,0.428802730331263
good,three,M5.C3[nested],ORD,LODO,noise-robustness-only,3,1,"['Normal', 'Mild', 'Severe']",Normal:1|Mild:1|Severe:1,True,"windows 3.20-3.40×1, 3.95-4.20×1, 3.60-3.70×1",1080,0.0,0.46944444444444444,0.4694444444444444,0.45613878893168275,0.2953703703703704,0.4024760713376643
good,three,M6,LDA,LODO,noise-robustness-only,3,22,"['Normal', 'Mild', 'Severe']",Normal:1|Mild:1|Severe:1,True,,1080,0.0,0.9962962962962963,0.9962962962962963,0.9962961819809254,0.12129629629629635,0.8716351127378713
good,three,M6,LR,LODO,noise-robustness-only,3,22,"['Normal', 'Mild', 'Severe']",Normal:1|Mild:1|Severe:1,True,,1080,0.0,0.937962962962963,0.937962962962963,0.937003094071453,0.056481481481481466,0.8813684697179843
good,three,M6,LSVM,LODO,noise-robustness-only,3,22,"['Normal', 'Mild', 'Severe']",Normal:1|Mild:1|Severe:1,True,,1080,0.0,0.8824074074074074,0.8824074074074074,0.8808455389749025,0.0018518518518518823,0.9981378026070763
good,three,M6,RBF,LODO,noise-robustness-only,3,22,"['Normal', 'Mild', 'Severe']",Normal:1|Mild:1|Severe:1,True,,1080,0.0,0.9212962962962963,0.9212962962962963,0.9210571584955821,0.06851851851851853,0.9437458887458888
good,three,M6,kNN,LODO,noise-robustness-only,3,22,"['Normal', 'Mild', 'Severe']",Normal:1|Mild:1|Severe:1,True,,1080,0.0,0.8268518518518518,0.8268518518518518,0.8215058149138309,0.30925925925925923,0.8048104703834341
good,three,M6,ORD,LODO,noise-robustness-only,3,22,"['Normal', 'Mild', 'Severe']",Normal:1|Mild:1|Severe:1,True,,1080,0.0,0.9953703703703703,0.9953703703703703,0.9953702899934606,0.021296296296296258,0.9892095619543659
good,three,M7,LDA,LODO,noise-robustness-only,3,6,"['Normal', 'Mild', 'Severe']",Normal:1|Mild:1|Severe:1,True,,1080,0.0,0.6916666666666667,0.6916666666666668,0.6932451309435761,0.5111111111111111,0.6834989806124314
good,three,M7,LR,LODO,noise-robustness-only,3,6,"['Normal', 'Mild', 'Severe']",Normal:1|Mild:1|Severe:1,True,,1080,0.0,0.6851851851851852,0.6851851851851851,0.6875575608628194,0.5620370370370371,0.7610574902540469
good,three,M7,LSVM,LODO,noise-robustness-only,3,6,"['Normal', 'Mild', 'Severe']",Normal:1|Mild:1|Severe:1,True,,1080,0.0,0.6305555555555555,0.6305555555555555,0.6023779251680271,0.5527777777777778,0.7764207951694045
good,three,M7,RBF,LODO,noise-robustness-only,3,6,"['Normal', 'Mild', 'Severe']",Normal:1|Mild:1|Severe:1,True,,1080,0.0,0.662962962962963,0.6629629629629629,0.6620737400217135,0.41481481481481486,0.6907791256449004
good,three,M7,kNN,LODO,noise-robustness-only,3,6,"['Normal', 'Mild', 'Severe']",Normal:1|Mild:1|Severe:1,True,,1080,0.0,0.6527777777777778,0.6527777777777778,0.6526371663274579,0.5833333333333333,0.7108870517688018
good,three,M7,ORD,LODO,noise-robustness-only,3,6,"['Normal', 'Mild', 'Severe']",Normal:1|Mild:1|Severe:1,True,,1080,0.0,0.7055555555555556,0.7055555555555556,0.7079076314728173,0.6453703703703704,0.6424049201826979
good,three,M8,LDA,LODO,noise-robustness-only,3,4,"['Normal', 'Mild', 'Severe']",Normal:1|Mild:1|Severe:1,True,,1080,0.0,0.8018518518518518,0.8018518518518518,0.8015809642958825,0.3018518518518518,0.7704780609155334
good,three,M8,LR,LODO,noise-robustness-only,3,4,"['Normal', 'Mild', 'Severe']",Normal:1|Mild:1|Severe:1,True,,1080,0.0,0.7546296296296297,0.7546296296296297,0.7523383444616708,0.37777777777777777,0.7356298296718857
good,three,M8,LSVM,LODO,noise-robustness-only,3,4,"['Normal', 'Mild', 'Severe']",Normal:1|Mild:1|Severe:1,True,,1080,0.0,0.4546296296296296,0.45462962962962966,0.44439993858545485,0.9990740740740741,
good,three,M8,RBF,LODO,noise-robustness-only,3,4,"['Normal', 'Mild', 'Severe']",Normal:1|Mild:1|Severe:1,True,,1080,0.0,0.3416666666666667,0.34166666666666673,0.3349808735676265,1.0,
good,three,M8,kNN,LODO,noise-robustness-only,3,4,"['Normal', 'Mild', 'Severe']",Normal:1|Mild:1|Severe:1,True,,1080,0.0,0.362962962962963,0.362962962962963,0.36148595085537444,0.9916666666666667,0.26666666666666666
good,three,M8,ORD,LODO,noise-robustness-only,3,4,"['Normal', 'Mild', 'Severe']",Normal:1|Mild:1|Severe:1,True,,1080,0.0,0.35555555555555557,0.35555555555555557,0.32034735586982105,1.0,
good,three,COMB,LDA,LODO,noise-robustness-only,3,3,"['Normal', 'Mild', 'Severe']",Normal:1|Mild:1|Severe:1,True,chosen M6.A[3.40]+M5.C2+M5.C3×1; M5.C2+M6.A[3.40]+M5.C×1; M5.C2+M6.A[3.40]+M5.C1×1,1080,0.0,0.9481481481481482,0.9481481481481482,0.9475755686941643,0.05555555555555558,0.8077377482054557
good,three,COMB,LR,LODO,noise-robustness-only,3,3,"['Normal', 'Mild', 'Severe']",Normal:1|Mild:1|Severe:1,True,chosen M6.A[3.40]+M5.C2+M5.C3×1; M5.C2+M6.A[3.40]+M5.C×1; M5.C2+M6.A[3.40]+M5.C1×1,1080,0.0,0.9268518518518518,0.9268518518518519,0.926289154181606,0.02777777777777779,0.8562674483919923
good,three,COMB,LSVM,LODO,noise-robustness-only,3,3,"['Normal', 'Mild', 'Severe']",Normal:1|Mild:1|Severe:1,True,chosen M6.A[3.40]+M5.C2+M5.C3×1; M5.C2+M6.A[3.40]+M5.C×1; M5.C2+M6.A[3.40]+M5.C1×1,1080,0.0,0.8861111111111111,0.8861111111111111,0.8849858591153624,0.03518518518518521,0.8468055268179414
good,three,COMB,RBF,LODO,noise-robustness-only,3,3,"['Normal', 'Mild', 'Severe']",Normal:1|Mild:1|Severe:1,True,chosen M6.A[3.40]+M5.C2+M5.C3×1; M5.C2+M6.A[3.40]+M5.C×1; M5.C2+M6.A[3.40]+M5.C1×1,1080,0.0,0.9435185185185185,0.9435185185185185,0.9428477789483022,0.03240740740740744,0.9564150095494889
good,three,COMB,kNN,LODO,noise-robustness-only,3,3,"['Normal', 'Mild', 'Severe']",Normal:1|Mild:1|Severe:1,True,chosen M6.A[3.40]+M5.C2+M5.C3×1; M5.C2+M6.A[3.40]+M5.C×1; M5.C2+M6.A[3.40]+M5.C1×1,1080,0.0,0.9277777777777778,0.9277777777777777,0.9272560365552565,0.09999999999999998,0.9732126696832579
good,three,COMB,ORD,LODO,noise-robustness-only,3,3,"['Normal', 'Mild', 'Severe']",Normal:1|Mild:1|Severe:1,True,chosen M6.A[3.40]+M5.C2+M5.C3×1; M5.C2+M6.A[3.40]+M5.C×1; M5.C2+M6.A[3.40]+M5.C1×1,1080,0.0,0.9314814814814815,0.9314814814814815,0.9296650576925215,0.0444444444444444,0.9017404772772292
good,three,M9,LDA,LODO,noise-robustness-only,3,3618,"['Normal', 'Mild', 'Severe']",Normal:1|Mild:1|Severe:1,True,,1080,0.0,1.0,1.0,1.0,0.028703703703703676,0.6876055386693684
good,three,M9,LR,LODO,noise-robustness-only,3,3618,"['Normal', 'Mild', 'Severe']",Normal:1|Mild:1|Severe:1,True,,1080,0.0,0.9990740740740741,0.9990740740740741,0.999074072287948,0.0009259259259258856,1.0
good,three,M9,LSVM,LODO,noise-robustness-only,3,3618,"['Normal', 'Mild', 'Severe']",Normal:1|Mild:1|Severe:1,True,,1080,0.0,0.9435185185185185,0.9435185185185185,0.942927159089035,0.0,1.0
good,three,M9,RBF,LODO,noise-robustness-only,3,3618,"['Normal', 'Mild', 'Severe']",Normal:1|Mild:1|Severe:1,True,,1080,0.0,0.9962962962962963,0.9962962962962963,0.9963013691602929,0.0009259259259258856,0.9962962962962963
good,three,M9,kNN,LODO,noise-robustness-only,3,3618,"['Normal', 'Mild', 'Severe']",Normal:1|Mild:1|Severe:1,True,,1080,0.0,0.9768518518518519,0.9768518518518517,0.9767914724296123,0.012037037037037068,0.9849155044977908
good,three,M9,ORD,LODO,noise-robustness-only,3,3618,"['Normal', 'Mild', 'Severe']",Normal:1|Mild:1|Severe:1,True,,1080,0.0,1.0,1.0,1.0,0.0,1.0
typical,binary,M0,LDA,LODO+LOSO-within-class,noise-robustness-only,9,1,"['Normal', 'AD']",Normal:1|AD:3,False,,2160,0.0,0.5847222222222223,0.5847222222222221,0.5846252694012298,0.8912037037037037,0.6688903470399534
typical,binary,M0,LR,LODO+LOSO-within-class,noise-robustness-only,9,1,"['Normal', 'AD']",Normal:1|AD:3,False,,2160,0.0,0.5847222222222223,0.5847222222222221,0.5846252694012298,0.8532407407407407,0.6650499001996009
typical,binary,M0,LSVM,LODO+LOSO-within-class,noise-robustness-only,9,1,"['Normal', 'AD']",Normal:1|AD:3,False,,2160,0.0,0.5847222222222223,0.5847222222222221,0.5846252694012298,0.8925925925925926,0.6734800838574424
typical,binary,M0,RBF,LODO+LOSO-within-class,noise-robustness-only,9,1,"['Normal', 'AD']",Normal:1|AD:3,False,,2160,0.0,0.5847222222222223,0.5847222222222223,0.5845725451063795,1.0,
typical,binary,M0,kNN,LODO+LOSO-within-class,noise-robustness-only,9,1,"['Normal', 'AD']",Normal:1|AD:3,False,,2160,0.0,0.5537037037037037,0.5537037037037037,0.5536574010163948,0.9731481481481481,0.6194331983805668
typical,binary,M0,ORD,LODO+LOSO-within-class,noise-robustness-only,9,1,"['Normal', 'AD']",Normal:1|AD:3,False,,2160,0.0,0.5851851851851851,0.5851851851851853,0.5850823806653055,0.8912037037037037,0.6767272727272727
typical,binary,M0,THR,LODO+LOSO-within-class,noise-robustness-only,9,1,"['Normal', 'AD']",Normal:1|AD:3,False,,2160,0.0,0.5851851851851851,0.5851851851851851,0.5849627929917866,0.8828703703703704,0.6499373433583959
typical,binary,M1,LDA,LODO+LOSO-within-class,noise-robustness-only,9,1,"['Normal', 'AD']",Normal:1|AD:3,False,,2160,0.0,0.4930555555555556,0.4930555555555556,0.49300763382341306,1.0,
typical,binary,M1,LR,LODO+LOSO-within-class,noise-robustness-only,9,1,"['Normal', 'AD']",Normal:1|AD:3,False,,2160,0.0,0.4930555555555556,0.4930555555555556,0.49300763382341306,1.0,
typical,binary,M1,LSVM,LODO+LOSO-within-class,noise-robustness-only,9,1,"['Normal', 'AD']",Normal:1|AD:3,False,,2160,0.0,0.4930555555555556,0.4930555555555556,0.49300763382341306,1.0,
typical,binary,M1,RBF,LODO+LOSO-within-class,noise-robustness-only,9,1,"['Normal', 'AD']",Normal:1|AD:3,False,,2160,0.0,0.5143518518518518,0.5143518518518518,0.5126671399821614,1.0,
typical,binary,M1,kNN,LODO+LOSO-within-class,noise-robustness-only,9,1,"['Normal', 'AD']",Normal:1|AD:3,False,,2160,0.0,0.5092592592592593,0.5092592592592593,0.5088280520621671,1.0,
typical,binary,M1,ORD,LODO+LOSO-within-class,noise-robustness-only,9,1,"['Normal', 'AD']",Normal:1|AD:3,False,,2160,0.0,0.4930555555555556,0.4930555555555556,0.49300763382341306,1.0,
typical,binary,M1,THR,LODO+LOSO-within-class,noise-robustness-only,9,1,"['Normal', 'AD']",Normal:1|AD:3,False,,2160,0.0,0.5009259259259259,0.500925925925926,0.4900108284651965,1.0,
typical,binary,M2,LDA,LODO+LOSO-within-class,noise-robustness-only,9,1,"['Normal', 'AD']",Normal:1|AD:3,False,,2160,0.0,0.5305555555555556,0.5305555555555556,0.5305454935162361,0.9986111111111111,0.0
typical,binary,M2,LR,LODO+LOSO-within-class,noise-robustness-only,9,1,"['Normal', 'AD']",Normal:1|AD:3,False,,2160,0.0,0.5305555555555556,0.5305555555555556,0.5305454935162361,0.9976851851851852,0.16666666666666666
typical,binary,M2,LSVM,LODO+LOSO-within-class,noise-robustness-only,9,1,"['Normal', 'AD']",Normal:1|AD:3,False,,2160,0.0,0.5305555555555556,0.5305555555555556,0.5305454935162361,0.9986111111111111,0.0
typical,binary,M2,RBF,LODO+LOSO-within-class,noise-robustness-only,9,1,"['Normal', 'AD']",Normal:1|AD:3,False,,2160,0.0,0.5310185185185186,0.5310185185185186,0.529492819114451,1.0,
typical,binary,M2,kNN,LODO+LOSO-within-class,noise-robustness-only,9,1,"['Normal', 'AD']",Normal:1|AD:3,False,,2160,0.0,0.512962962962963,0.512962962962963,0.5123906574159829,0.9958333333333333,0.0
typical,binary,M2,ORD,LODO+LOSO-within-class,noise-robustness-only,9,1,"['Normal', 'AD']",Normal:1|AD:3,False,,2160,0.0,0.5305555555555556,0.5305555555555556,0.5305454935162361,0.9986111111111111,0.0
typical,binary,M2,THR,LODO+LOSO-within-class,noise-robustness-only,9,1,"['Normal', 'AD']",Normal:1|AD:3,False,,2160,0.0,0.5361111111111111,0.5361111111111111,0.5331508778226822,0.9990740740740741,
typical,binary,M5,LDA,LODO+LOSO-within-class,noise-robustness-only,9,4,"['Normal', 'AD']",Normal:1|AD:3,False,,2160,0.0,0.9953703703703703,0.9953703703703703,0.9953702711392134,0.017129629629629606,0.9961649089165867
typical,binary,M5,LR,LODO+LOSO-within-class,noise-robustness-only,9,4,"['Normal', 'AD']",Normal:1|AD:3,False,,2160,0.0,0.9925925925925926,0.9925925925925926,0.9925924338227414,0.0032407407407407662,0.9948854291251814
typical,binary,M5,LSVM,LODO+LOSO-within-class,noise-robustness-only,9,4,"['Normal', 'AD']",Normal:1|AD:3,False,,2160,0.0,0.9939814814814815,0.9939814814814815,0.9939812634674052,0.020370370370370372,0.9927606177606177
typical,binary,M5,RBF,LODO+LOSO-within-class,noise-robustness-only,9,4,"['Normal', 'AD']",Normal:1|AD:3,False,,2160,0.0,0.9944444444444445,0.9944444444444445,0.994444272971388,0.00462962962962965,0.997196261682243
typical,binary,M5,kNN,LODO+LOSO-within-class,noise-robustness-only,9,4,"['Normal', 'AD']",Normal:1|AD:3,False,,2160,0.0,0.9921296296296296,0.9921296296296296,0.9921295874570659,0.004166666666666652,0.9958173682099235
typical,binary,M5,ORD,LODO+LOSO-within-class,noise-robustness-only,9,4,"['Normal', 'AD']",Normal:1|AD:3,False,,2160,0.0,0.9921296296296296,0.9921296296296296,0.9921294255102209,0.00462962962962965,0.9972092805914767
typical,binary,M5.C3,LDA,LODO+LOSO-within-class,noise-robustness-only,9,1,"['Normal', 'AD']",Normal:1|AD:3,False,,2160,0.0,0.975925925925926,0.9759259259259259,0.9759130192361305,0.021296296296296258,0.9813260994126916
typical,binary,M5.C3,LR,LODO+LOSO-within-class,noise-robustness-only,9,1,"['Normal', 'AD']",Normal:1|AD:3,False,,2160,0.0,0.9740740740740741,0.9740740740740741,0.9740590397040809,0.014351851851851838,0.97960686811344
typical,binary,M5.C3,LSVM,LODO+LOSO-within-class,noise-robustness-only,9,1,"['Normal', 'AD']",Normal:1|AD:3,False,,2160,0.0,0.975462962962963,0.975462962962963,0.9754532349604428,0.01666666666666672,0.982343770369247
typical,binary,M5.C3,RBF,LODO+LOSO-within-class,noise-robustness-only,9,1,"['Normal', 'AD']",Normal:1|AD:3,False,,2160,0.0,0.975,0.975,0.9749896218938585,0.008796296296296302,0.9783554997032848
typical,binary,M5.C3,kNN,LODO+LOSO-within-class,noise-robustness-only,9,1,"['Normal', 'AD']",Normal:1|AD:3,False,,2160,0.0,0.9652777777777778,0.9652777777777778,0.9652482146270265,0.020370370370370372,0.987463837994214
typical,binary,M5.C3,ORD,LODO+LOSO-within-class,noise-robustness-only,9,1,"['Normal', 'AD']",Normal:1|AD:3,False,,2160,0.0,0.9699074074074074,0.9699074074074074,0.9698864371215294,0.01620370370370372,0.976215620470549
typical,binary,M5.C3,THR,LODO+LOSO-within-class,noise-robustness-only,9,1,"['Normal', 'AD']",Normal:1|AD:3,False,,2160,0.0,0.9773148148148149,0.9773148148148149,0.9773066384729238,0.014814814814814836,0.9824092013000838
typical,binary,M5.C3[k3],LDA,LODO+LOSO-within-class,noise-robustness-only,9,1,"['Normal', 'AD']",Normal:1|AD:3,False,,2160,0.0,0.9962962962962963,0.9962962962962962,0.9962962454903359,0.020370370370370372,0.995223237261966
typical,binary,M5.C3[k3],LR,LODO+LOSO-within-class,noise-robustness-only,9,1,"['Normal', 'AD']",Normal:1|AD:3,False,,2160,0.0,0.9953703703703703,0.9953703703703703,0.9953702711392134,0.011111111111111072,0.9981114258734656
typical,binary,M5.C3[k3],LSVM,LODO+LOSO-within-class,noise-robustness-only,9,1,"['Normal', 'AD']",Normal:1|AD:3,False,,2160,0.0,0.9925925925925926,0.9925925925925926,0.9925923639618507,0.01388888888888884,0.9904761904761905
typical,binary,M5.C3[k3],RBF,LODO+LOSO-within-class,noise-robustness-only,9,1,"['Normal', 'AD']",Normal:1|AD:3,False,,2160,0.0,0.9912037037037037,0.9912037037037037,0.9912033850677462,0.005555555555555536,0.9915957207011947
typical,binary,M5.C3[k3],kNN,LODO+LOSO-within-class,noise-robustness-only,9,1,"['Normal', 'AD']",Normal:1|AD:3,False,,2160,0.0,0.9916666666666667,0.9916666666666667,0.991666316571941,0.007870370370370416,0.9990732159406859
typical,binary,M5.C3[k3],ORD,LODO+LOSO-within-class,noise-robustness-only,9,1,"['Normal', 'AD']",Normal:1|AD:3,False,,2160,0.0,0.9935185185185185,0.9935185185185185,0.9935182462226209,0.01388888888888884,0.9938330170777989
typical,binary,M5.C3[k3],THR,LODO+LOSO-within-class,noise-robustness-only,9,1,"['Normal', 'AD']",Normal:1|AD:3,False,,2160,0.0,0.9907407407407407,0.9907407407407407,0.9907399468404356,0.017129629629629606,0.9904397705544933
typical,binary,M5.C3[nested],LDA,LODO+LOSO-within-class,noise-robustness-only,9,1,"['Normal', 'AD']",Normal:1|AD:3,False,"windows 3.40-3.50×6, 3.45-3.55×2, 3.40-3.60×1",2160,0.0,0.999537037037037,0.9995370370370371,0.999537036937808,0.013425925925925952,1.0
typical,binary,M5.C3[nested],LR,LODO+LOSO-within-class,noise-robustness-only,9,1,"['Normal', 'AD']",Normal:1|AD:3,False,"windows 3.40-3.50×6, 3.45-3.55×2, 3.40-3.60×1",2160,0.0,0.999537037037037,0.9995370370370371,0.999537036937808,0.009722222222222188,1.0
typical,binary,M5.C3[nested],LSVM,LODO+LOSO-within-class,noise-robustness-only,9,1,"['Normal', 'AD']",Normal:1|AD:3,False,"windows 3.40-3.50×6, 3.45-3.55×2, 3.40-3.60×1",2160,0.0,0.999537037037037,0.9995370370370371,0.999537036937808,0.01157407407407407,1.0
typical,binary,M5.C3[nested],RBF,LODO+LOSO-within-class,noise-robustness-only,9,1,"['Normal', 'AD']",Normal:1|AD:3,False,"windows 3.40-3.50×6, 3.45-3.55×2, 3.40-3.60×1",2160,0.0,0.9990740740740741,0.999074074074074,0.9990740732802411,0.00462962962962965,0.999074074074074
typical,binary,M5.C3[nested],kNN,LODO+LOSO-within-class,noise-robustness-only,9,1,"['Normal', 'AD']",Normal:1|AD:3,False,"windows 3.40-3.50×6, 3.45-3.55×2, 3.40-3.60×1",2160,0.0,0.9986111111111111,0.9986111111111111,0.9986111108134239,0.001388888888888884,0.9995366079703429
typical,binary,M5.C3[nested],ORD,LODO+LOSO-within-class,noise-robustness-only,9,1,"['Normal', 'AD']",Normal:1|AD:3,False,"windows 3.40-3.50×6, 3.45-3.55×2, 3.40-3.60×1",2160,0.0,0.9990740740740741,0.999074074074074,0.9990740732802411,0.014351851851851838,1.0
typical,binary,M5.C3[nested],THR,LODO+LOSO-within-class,noise-robustness-only,9,1,"['Normal', 'AD']",Normal:1|AD:3,False,"windows 3.40-3.50×6, 3.45-3.55×2, 3.40-3.60×1",2160,0.0,0.999537037037037,0.9995370370370371,0.999537036937808,0.011111111111111072,1.0
typical,binary,M6,LDA,LODO+LOSO-within-class,noise-robustness-only,9,22,"['Normal', 'AD']",Normal:1|AD:3,False,,2160,0.0,0.9990740740740741,0.999074074074074,0.9990740732802411,0.0004629629629629983,1.0
typical,binary,M6,LR,LODO+LOSO-within-class,noise-robustness-only,9,22,"['Normal', 'AD']",Normal:1|AD:3,False,,2160,0.0,0.9912037037037037,0.9912037037037037,0.9912030230391198,0.0032407407407407662,0.9981464318813716
typical,binary,M6,LSVM,LODO+LOSO-within-class,noise-robustness-only,9,22,"['Normal', 'AD']",Normal:1|AD:3,False,,2160,0.0,0.9967592592592592,0.9967592592592592,0.9967592252233444,0.0004629629629629983,1.0
typical,binary,M6,RBF,LODO+LOSO-within-class,noise-robustness-only,9,22,"['Normal', 'AD']",Normal:1|AD:3,False,,2160,0.0,1.0,1.0,1.0,0.0023148148148147696,0.9995348837209302
typical,binary,M6,kNN,LODO+LOSO-within-class,noise-robustness-only,9,22,"['Normal', 'AD']",Normal:1|AD:3,False,,2160,0.0,0.9541666666666667,0.9541666666666666,0.9540701821534822,0.025925925925925908,0.9932955774668506
typical,binary,M6,ORD,LODO+LOSO-within-class,noise-robustness-only,9,22,"['Normal', 'AD']",Normal:1|AD:3,False,,2160,0.0,0.9916666666666667,0.9916666666666667,0.9916660879227724,0.0032407407407407662,0.9972093023255815
typical,binary,M7,LDA,LODO+LOSO-within-class,noise-robustness-only,9,6,"['Normal', 'AD']",Normal:1|AD:3,False,,2160,0.0,0.7736111111111111,0.773611111111111,0.773585439535647,0.22546296296296298,0.8341170077366395
typical,binary,M7,LR,LODO+LOSO-within-class,noise-robustness-only,9,6,"['Normal', 'AD']",Normal:1|AD:3,False,,2160,0.0,0.7819444444444444,0.7819444444444444,0.7815736120930619,0.20787037037037037,0.8359855161576826
typical,binary,M7,LSVM,LODO+LOSO-within-class,noise-robustness-only,9,6,"['Normal', 'AD']",Normal:1|AD:3,False,,2160,0.0,0.7833333333333333,0.7833333333333333,0.783118385505525,0.21898148148148144,0.8348596251985773
typical,binary,M7,RBF,LODO+LOSO-within-class,noise-robustness-only,9,6,"['Normal', 'AD']",Normal:1|AD:3,False,,2160,0.0,0.7907407407407407,0.7907407407407407,0.789497469191754,0.17222222222222228,0.8370734198509974
typical,binary,M7,kNN,LODO+LOSO-within-class,noise-robustness-only,9,6,"['Normal', 'AD']",Normal:1|AD:3,False,,2160,0.0,0.7717592592592593,0.7717592592592593,0.7712390851024202,0.2416666666666667,0.8361982139260056
typical,binary,M7,ORD,LODO+LOSO-within-class,noise-robustness-only,9,6,"['Normal', 'AD']",Normal:1|AD:3,False,,2160,0.0,0.7810185185185186,0.7810185185185186,0.7808437327523945,0.2060185185185185,0.8293750867141656
typical,binary,M8,LDA,LODO+LOSO-within-class,noise-robustness-only,9,4,"['Normal', 'AD']",Normal:1|AD:3,False,,2160,0.0,0.8666666666666667,0.8666666666666667,0.866576985902733,0.1592592592592592,0.9190528634361234
typical,binary,M8,LR,LODO+LOSO-within-class,noise-robustness-only,9,4,"['Normal', 'AD']",Normal:1|AD:3,False,,2160,0.0,0.8439814814814814,0.8439814814814814,0.8439718166698854,0.23425925925925928,0.9050973855062292
typical,binary,M8,LSVM,LODO+LOSO-within-class,noise-robustness-only,9,4,"['Normal', 'AD']",Normal:1|AD:3,False,,2160,0.0,0.65,0.6499999999999999,0.6490564480633803,0.912037037037037,0.7167832167832169
typical,binary,M8,RBF,LODO+LOSO-within-class,noise-robustness-only,9,4,"['Normal', 'AD']",Normal:1|AD:3,False,,2160,0.0,0.5314814814814814,0.5314814814814814,0.5301263245505727,1.0,
typical,binary,M8,kNN,LODO+LOSO-within-class,noise-robustness-only,9,4,"['Normal', 'AD']",Normal:1|AD:3,False,,2160,0.0,0.5226851851851851,0.5226851851851853,0.5221689072061957,0.9986111111111111,0.5
typical,binary,M8,ORD,LODO+LOSO-within-class,noise-robustness-only,9,4,"['Normal', 'AD']",Normal:1|AD:3,False,,2160,0.0,0.5310185185185186,0.5310185185185186,0.5310103763375522,0.9986111111111111,0.0
typical,binary,COMB,LDA,LODO+LOSO-within-class,noise-robustness-only,9,3,"['Normal', 'AD']",Normal:1|AD:3,False,chosen M5.C3+M6.A[3.40]+M5.C2×7; M5.C3+M6.A[3.40]+M6.A[3.55]×1; M5.C3+M6.A[3.40]+M6.A[3.50]×1,2160,0.0,1.0,1.0,1.0,0.00462962962962965,1.0
typical,binary,COMB,LR,LODO+LOSO-within-class,noise-robustness-only,9,3,"['Normal', 'AD']",Normal:1|AD:3,False,chosen M5.C3+M6.A[3.40]+M5.C2×7; M5.C3+M6.A[3.40]+M6.A[3.55]×1; M5.C3+M6.A[3.40]+M6.A[3.50]×1,2160,0.0,1.0,1.0,1.0,0.0,1.0
typical,binary,COMB,LSVM,LODO+LOSO-within-class,noise-robustness-only,9,3,"['Normal', 'AD']",Normal:1|AD:3,False,chosen M5.C3+M6.A[3.40]+M5.C2×7; M5.C3+M6.A[3.40]+M6.A[3.55]×1; M5.C3+M6.A[3.40]+M6.A[3.50]×1,2160,0.0,1.0,1.0,1.0,0.0,1.0
typical,binary,COMB,RBF,LODO+LOSO-within-class,noise-robustness-only,9,3,"['Normal', 'AD']",Normal:1|AD:3,False,chosen M5.C3+M6.A[3.40]+M5.C2×7; M5.C3+M6.A[3.40]+M6.A[3.55]×1; M5.C3+M6.A[3.40]+M6.A[3.50]×1,2160,0.0,1.0,1.0,1.0,0.0,1.0
typical,binary,COMB,kNN,LODO+LOSO-within-class,noise-robustness-only,9,3,"['Normal', 'AD']",Normal:1|AD:3,False,chosen M5.C3+M6.A[3.40]+M5.C2×7; M5.C3+M6.A[3.40]+M6.A[3.55]×1; M5.C3+M6.A[3.40]+M6.A[3.50]×1,2160,0.0,1.0,1.0,1.0,0.0,0.9995370370370371
typical,binary,COMB,ORD,LODO+LOSO-within-class,noise-robustness-only,9,3,"['Normal', 'AD']",Normal:1|AD:3,False,chosen M5.C3+M6.A[3.40]+M5.C2×7; M5.C3+M6.A[3.40]+M6.A[3.55]×1; M5.C3+M6.A[3.40]+M6.A[3.50]×1,2160,0.0,1.0,1.0,1.0,0.0,1.0
typical,binary,M9,LDA,LODO+LOSO-within-class,noise-robustness-only,9,3618,"['Normal', 'AD']",Normal:1|AD:3,False,,2160,0.0,1.0,1.0,1.0,0.0032407407407407662,0.9995340167753961
typical,binary,M9,LR,LODO+LOSO-within-class,noise-robustness-only,9,3618,"['Normal', 'AD']",Normal:1|AD:3,False,,2160,0.0,1.0,1.0,1.0,0.0,1.0
typical,binary,M9,LSVM,LODO+LOSO-within-class,noise-robustness-only,9,3618,"['Normal', 'AD']",Normal:1|AD:3,False,,2160,0.0,0.9972222222222222,0.9972222222222222,0.9972222007885864,0.0,0.9995370370370371
typical,binary,M9,RBF,LODO+LOSO-within-class,noise-robustness-only,9,3618,"['Normal', 'AD']",Normal:1|AD:3,False,,2160,0.0,0.9949074074074075,0.9949074074074074,0.9949072753301429,0.001388888888888884,0.99860853432282
typical,binary,M9,kNN,LODO+LOSO-within-class,noise-robustness-only,9,3618,"['Normal', 'AD']",Normal:1|AD:3,False,,2160,0.0,0.9949074074074075,0.9949074074074074,0.9949073539223985,0.00462962962962965,0.994871535268417
typical,binary,M9,ORD,LODO+LOSO-within-class,noise-robustness-only,9,3618,"['Normal', 'AD']",Normal:1|AD:3,False,,2160,0.0,1.0,1.0,1.0,0.0,1.0
typical,three_merged,M0,LDA,LODO+LOSO-within-class,noise-robustness-only,6,1,"['Normal', 'Mild+Moderate', 'Severe']",Normal:1|Mild+Moderate:2|Severe:1,True,,2160,0.0,0.39861111111111114,0.3986111111111111,0.38725655316177576,0.9981481481481481,0.3333333333333333
typical,three_merged,M0,LR,LODO+LOSO-within-class,noise-robustness-only,6,1,"['Normal', 'Mild+Moderate', 'Severe']",Normal:1|Mild+Moderate:2|Severe:1,True,,2160,0.0,0.3958333333333333,0.3958333333333333,0.38460465041520003,0.9949074074074074,0.3333333333333333
typical,three_merged,M0,LSVM,LODO+LOSO-within-class,noise-robustness-only,6,1,"['Normal', 'Mild+Moderate', 'Severe']",Normal:1|Mild+Moderate:2|Severe:1,True,,2160,0.0,0.3962962962962963,0.3962962962962963,0.3502788247236374,0.999537037037037,
typical,three_merged,M0,RBF,LODO+LOSO-within-class,noise-robustness-only,6,1,"['Normal', 'Mild+Moderate', 'Severe']",Normal:1|Mild+Moderate:2|Severe:1,True,,2160,0.0,0.3921296296296296,0.39212962962962966,0.37349034783872775,1.0,
typical,three_merged,M0,kNN,LODO+LOSO-within-class,noise-robustness-only,6,1,"['Normal', 'Mild+Moderate', 'Severe']",Normal:1|Mild+Moderate:2|Severe:1,True,,2160,0.0,0.3699074074074074,0.36990740740740735,0.3623196485228266,0.999537037037037,
typical,three_merged,M0,ORD,LODO+LOSO-within-class,noise-robustness-only,6,1,"['Normal', 'Mild+Moderate', 'Severe']",Normal:1|Mild+Moderate:2|Severe:1,True,,2160,0.0,0.3976851851851852,0.3976851851851852,0.37725326094419076,0.9981481481481481,
typical,three_merged,M1,LDA,LODO+LOSO-within-class,noise-robustness-only,6,1,"['Normal', 'Mild+Moderate', 'Severe']",Normal:1|Mild+Moderate:2|Severe:1,True,,2160,0.0,0.3337962962962963,0.3337962962962963,0.3309486260454002,1.0,
typical,three_merged,M1,LR,LODO+LOSO-within-class,noise-robustness-only,6,1,"['Normal', 'Mild+Moderate', 'Severe']",Normal:1|Mild+Moderate:2|Severe:1,True,,2160,0.0,0.3333333333333333,0.3333333333333333,0.33053867112660806,1.0,
typical,three_merged,M1,LSVM,LODO+LOSO-within-class,noise-robustness-only,6,1,"['Normal', 'Mild+Moderate', 'Severe']",Normal:1|Mild+Moderate:2|Severe:1,True,,2160,0.0,0.32731481481481484,0.3273148148148148,0.2032536901493944,1.0,
typical,three_merged,M1,RBF,LODO+LOSO-within-class,noise-robustness-only,6,1,"['Normal', 'Mild+Moderate', 'Severe']",Normal:1|Mild+Moderate:2|Severe:1,True,,2160,0.0,0.33101851851851855,0.33101851851851855,0.3250692574266234,1.0,
typical,three_merged,M1,kNN,LODO+LOSO-within-class,noise-robustness-only,6,1,"['Normal', 'Mild+Moderate', 'Severe']",Normal:1|Mild+Moderate:2|Severe:1,True,,2160,0.0,0.3560185185185185,0.3560185185185185,0.35291355173823363,1.0,
typical,three_merged,M1,ORD,LODO+LOSO-within-class,noise-robustness-only,6,1,"['Normal', 'Mild+Moderate', 'Severe']",Normal:1|Mild+Moderate:2|Severe:1,True,,2160,0.0,0.3287037037037037,0.32870370370370366,0.2707600477122096,1.0,
typical,three_merged,M2,LDA,LODO+LOSO-within-class,noise-robustness-only,6,1,"['Normal', 'Mild+Moderate', 'Severe']",Normal:1|Mild+Moderate:2|Severe:1,True,,2160,0.0,0.36018518518518516,0.3601851851851852,0.3516337016899221,1.0,
typical,three_merged,M2,LR,LODO+LOSO-within-class,noise-robustness-only,6,1,"['Normal', 'Mild+Moderate', 'Severe']",Normal:1|Mild+Moderate:2|Severe:1,True,,2160,0.0,0.3587962962962963,0.3587962962962963,0.34988011646523737,1.0,
typical,three_merged,M2,LSVM,LODO+LOSO-within-class,noise-robustness-only,6,1,"['Normal', 'Mild+Moderate', 'Severe']",Normal:1|Mild+Moderate:2|Severe:1,True,,2160,0.0,0.34814814814814815,0.34814814814814815,0.27845892652028725,1.0,
typical,three_merged,M2,RBF,LODO+LOSO-within-class,noise-robustness-only,6,1,"['Normal', 'Mild+Moderate', 'Severe']",Normal:1|Mild+Moderate:2|Severe:1,True,,2160,0.0,0.35185185185185186,0.35185185185185186,0.3295446596396215,1.0,
typical,three_merged,M2,kNN,LODO+LOSO-within-class,noise-robustness-only,6,1,"['Normal', 'Mild+Moderate', 'Severe']",Normal:1|Mild+Moderate:2|Severe:1,True,,2160,0.0,0.3560185185185185,0.3560185185185185,0.3549304921760452,0.9953703703703703,0.3333333333333333
typical,three_merged,M2,ORD,LODO+LOSO-within-class,noise-robustness-only,6,1,"['Normal', 'Mild+Moderate', 'Severe']",Normal:1|Mild+Moderate:2|Severe:1,True,,2160,0.0,0.35694444444444445,0.35694444444444445,0.3172436882114302,1.0,
typical,three_merged,M5,LDA,LODO+LOSO-within-class,noise-robustness-only,6,4,"['Normal', 'Mild+Moderate', 'Severe']",Normal:1|Mild+Moderate:2|Severe:1,True,,2160,0.0,0.9462962962962963,0.9462962962962962,0.9462761907946996,0.03425925925925921,0.955297087066438
typical,three_merged,M5,LR,LODO+LOSO-within-class,noise-robustness-only,6,4,"['Normal', 'Mild+Moderate', 'Severe']",Normal:1|Mild+Moderate:2|Severe:1,True,,2160,0.0,0.9222222222222223,0.9222222222222222,0.9227987232516123,0.033796296296296324,0.9410304180295145
typical,three_merged,M5,LSVM,LODO+LOSO-within-class,noise-robustness-only,6,4,"['Normal', 'Mild+Moderate', 'Severe']",Normal:1|Mild+Moderate:2|Severe:1,True,,2160,0.0,0.8856481481481482,0.8856481481481482,0.8870305251082863,0.021759259259259256,0.9100756007773869
typical,three_merged,M5,RBF,LODO+LOSO-within-class,noise-robustness-only,6,4,"['Normal', 'Mild+Moderate', 'Severe']",Normal:1|Mild+Moderate:2|Severe:1,True,,2160,0.0,0.9462962962962963,0.9462962962962962,0.9463529775955046,0.012499999999999956,0.9432234318068821
typical,three_merged,M5,kNN,LODO+LOSO-within-class,noise-robustness-only,6,4,"['Normal', 'Mild+Moderate', 'Severe']",Normal:1|Mild+Moderate:2|Severe:1,True,,2160,0.0,0.9472222222222222,0.9472222222222223,0.9472995087068173,0.025925925925925908,0.9571799640374289
typical,three_merged,M5,ORD,LODO+LOSO-within-class,noise-robustness-only,6,4,"['Normal', 'Mild+Moderate', 'Severe']",Normal:1|Mild+Moderate:2|Severe:1,True,,2160,0.0,0.913425925925926,0.9134259259259259,0.9128723079421671,0.059259259259259234,0.9392216324165141
typical,three_merged,M5.C3,LDA,LODO+LOSO-within-class,noise-robustness-only,6,1,"['Normal', 'Mild+Moderate', 'Severe']",Normal:1|Mild+Moderate:2|Severe:1,True,,2160,0.0,0.5078703703703704,0.5078703703703703,0.5112398199932211,0.4745370370370371,0.5683755989370828
typical,three_merged,M5.C3,LR,LODO+LOSO-within-class,noise-robustness-only,6,1,"['Normal', 'Mild+Moderate', 'Severe']",Normal:1|Mild+Moderate:2|Severe:1,True,,2160,0.0,0.5185185185185185,0.5185185185185185,0.5170355875250784,0.44999999999999996,0.6475027659238185
typical,three_merged,M5.C3,LSVM,LODO+LOSO-within-class,noise-robustness-only,6,1,"['Normal', 'Mild+Moderate', 'Severe']",Normal:1|Mild+Moderate:2|Severe:1,True,,2160,0.0,0.6472222222222223,0.6472222222222223,0.5441427043257706,0.23750000000000004,0.6438705830277177
typical,three_merged,M5.C3,RBF,LODO+LOSO-within-class,noise-robustness-only,6,1,"['Normal', 'Mild+Moderate', 'Severe']",Normal:1|Mild+Moderate:2|Severe:1,True,,2160,0.0,0.7162037037037037,0.7162037037037038,0.71189019310432,0.26111111111111107,0.6426107423275657
typical,three_merged,M5.C3,kNN,LODO+LOSO-within-class,noise-robustness-only,6,1,"['Normal', 'Mild+Moderate', 'Severe']",Normal:1|Mild+Moderate:2|Severe:1,True,,2160,0.0,0.7074074074074074,0.7074074074074074,0.7028133858631743,0.35138888888888886,0.6080704851419801
typical,three_merged,M5.C3,ORD,LODO+LOSO-within-class,noise-robustness-only,6,1,"['Normal', 'Mild+Moderate', 'Severe']",Normal:1|Mild+Moderate:2|Severe:1,True,,2160,0.0,0.5847222222222223,0.5847222222222223,0.5900188526811081,0.4916666666666667,0.6019779177673915
typical,three_merged,M5.C3[k3],LDA,LODO+LOSO-within-class,noise-robustness-only,6,1,"['Normal', 'Mild+Moderate', 'Severe']",Normal:1|Mild+Moderate:2|Severe:1,True,,2160,0.0,0.5597222222222222,0.5597222222222222,0.5498763865186261,0.41712962962962963,0.5927773799103472
typical,three_merged,M5.C3[k3],LR,LODO+LOSO-within-class,noise-robustness-only,6,1,"['Normal', 'Mild+Moderate', 'Severe']",Normal:1|Mild+Moderate:2|Severe:1,True,,2160,0.0,0.5449074074074074,0.5449074074074074,0.5364449553693672,0.4106481481481481,0.648068669527897
typical,three_merged,M5.C3[k3],LSVM,LODO+LOSO-within-class,noise-robustness-only,6,1,"['Normal', 'Mild+Moderate', 'Severe']",Normal:1|Mild+Moderate:2|Severe:1,True,,2160,0.0,0.6541666666666667,0.6541666666666667,0.5472920944558521,0.187962962962963,0.6233945880559951
typical,three_merged,M5.C3[k3],RBF,LODO+LOSO-within-class,noise-robustness-only,6,1,"['Normal', 'Mild+Moderate', 'Severe']",Normal:1|Mild+Moderate:2|Severe:1,True,,2160,0.0,0.7412037037037037,0.7412037037037038,0.727348826635002,0.1157407407407407,0.7266233618233618
typical,three_merged,M5.C3[k3],kNN,LODO+LOSO-within-class,noise-robustness-only,6,1,"['Normal', 'Mild+Moderate', 'Severe']",Normal:1|Mild+Moderate:2|Severe:1,True,,2160,0.0,0.7314814814814815,0.7314814814814814,0.7205161887078041,0.24351851851851847,0.6727973300779464
typical,three_merged,M5.C3[k3],ORD,LODO+LOSO-within-class,noise-robustness-only,6,1,"['Normal', 'Mild+Moderate', 'Severe']",Normal:1|Mild+Moderate:2|Severe:1,True,,2160,0.0,0.6157407407407407,0.6157407407407408,0.6151618529706108,0.4365740740740741,0.6408602150537634
typical,three_merged,M5.C3[nested],LDA,LODO+LOSO-within-class,noise-robustness-only,6,1,"['Normal', 'Mild+Moderate', 'Severe']",Normal:1|Mild+Moderate:2|Severe:1,True,"windows 3.45-3.55×1, 3.25-3.35×1, 3.70-3.80×1, 3.20-3.40×1, 3.80-4.20×1, 3.55-3.65×1",2160,0.0,0.5393518518518519,0.5393518518518519,0.49417302706958727,0.26342592592592595,0.4852854710030073
typical,three_merged,M5.C3[nested],LR,LODO+LOSO-within-class,noise-robustness-only,6,1,"['Normal', 'Mild+Moderate', 'Severe']",Normal:1|Mild+Moderate:2|Severe:1,True,"windows 3.45-3.55×1, 3.25-3.35×1, 3.70-3.80×1, 3.20-3.40×1, 3.80-4.20×1, 3.55-3.65×1",2160,0.0,0.513425925925926,0.5134259259259258,0.4760847570868676,0.16620370370370374,0.5454577255717631
typical,three_merged,M5.C3[nested],LSVM,LODO+LOSO-within-class,noise-robustness-only,6,1,"['Normal', 'Mild+Moderate', 'Severe']",Normal:1|Mild+Moderate:2|Severe:1,True,"windows 3.45-3.55×1, 3.25-3.35×1, 3.70-3.80×1, 3.20-3.40×1, 3.80-4.20×1, 3.55-3.65×1",2160,0.0,0.5407407407407407,0.5407407407407407,0.4721615747071517,0.24305555555555558,0.524547608056929
typical,three_merged,M5.C3[nested],RBF,LODO+LOSO-within-class,noise-robustness-only,6,1,"['Normal', 'Mild+Moderate', 'Severe']",Normal:1|Mild+Moderate:2|Severe:1,True,"windows 3.45-3.55×1, 3.25-3.35×1, 3.70-3.80×1, 3.20-3.40×1, 3.80-4.20×1, 3.55-3.65×1",2160,0.0,0.5041666666666667,0.5041666666666667,0.48722651455588956,0.4175925925925926,0.4342388848049225
typical,three_merged,M5.C3[nested],kNN,LODO+LOSO-within-class,noise-robustness-only,6,1,"['Normal', 'Mild+Moderate', 'Severe']",Normal:1|Mild+Moderate:2|Severe:1,True,"windows 3.45-3.55×1, 3.25-3.35×1, 3.70-3.80×1, 3.20-3.40×1, 3.80-4.20×1, 3.55-3.65×1",2160,0.0,0.48703703703703705,0.4870370370370371,0.47442696791788236,0.4629629629629629,0.5134569301235968
typical,three_merged,M5.C3[nested],ORD,LODO+LOSO-within-class,noise-robustness-only,6,1,"['Normal', 'Mild+Moderate', 'Severe']",Normal:1|Mild+Moderate:2|Severe:1,True,"windows 3.45-3.55×1, 3.25-3.35×1, 3.70-3.80×1, 3.20-3.40×1, 3.80-4.20×1, 3.55-3.65×1",2160,0.0,0.5375,0.5375,0.5419849693104156,0.4652777777777778,0.6071778094678858
typical,three_merged,M6,LDA,LODO+LOSO-within-class,noise-robustness-only,6,22,"['Normal', 'Mild+Moderate', 'Severe']",Normal:1|Mild+Moderate:2|Severe:1,True,,2160,0.0,0.9824074074074074,0.9824074074074073,0.9824040131198148,0.0537037037037037,0.9139869568134126
typical,three_merged,M6,LR,LODO+LOSO-within-class,noise-robustness-only,6,22,"['Normal', 'Mild+Moderate', 'Severe']",Normal:1|Mild+Moderate:2|Severe:1,True,,2160,0.0,0.924074074074074,0.924074074074074,0.9232150860585265,0.05277777777777781,0.9282792186770271
typical,three_merged,M6,LSVM,LODO+LOSO-within-class,noise-robustness-only,6,22,"['Normal', 'Mild+Moderate', 'Severe']",Normal:1|Mild+Moderate:2|Severe:1,True,,2160,0.0,0.8731481481481481,0.8731481481481481,0.8730300769439379,0.024537037037037024,0.9584662236987818
typical,three_merged,M6,RBF,LODO+LOSO-within-class,noise-robustness-only,6,22,"['Normal', 'Mild+Moderate', 'Severe']",Normal:1|Mild+Moderate:2|Severe:1,True,,2160,0.0,0.9342592592592592,0.9342592592592593,0.9342153591821946,0.07499999999999996,0.9194043938474579
typical,three_merged,M6,kNN,LODO+LOSO-within-class,noise-robustness-only,6,22,"['Normal', 'Mild+Moderate', 'Severe']",Normal:1|Mild+Moderate:2|Severe:1,True,,2160,0.0,0.8638888888888889,0.8638888888888889,0.8627460488752723,0.2310185185185185,0.9248423775858178
typical,three_merged,M6,ORD,LODO+LOSO-within-class,noise-robustness-only,6,22,"['Normal', 'Mild+Moderate', 'Severe']",Normal:1|Mild+Moderate:2|Severe:1,True,,2160,0.0,0.9745370370370371,0.9745370370370371,0.9744399718924927,0.06666666666666665,0.9862570486529769
typical,three_merged,M7,LDA,LODO+LOSO-within-class,noise-robustness-only,6,6,"['Normal', 'Mild+Moderate', 'Severe']",Normal:1|Mild+Moderate:2|Severe:1,True,,2160,0.0,0.6856481481481481,0.6856481481481481,0.6831153072387485,0.6694444444444445,0.690180070355021
typical,three_merged,M7,LR,LODO+LOSO-within-class,noise-robustness-only,6,6,"['Normal', 'Mild+Moderate', 'Severe']",Normal:1|Mild+Moderate:2|Severe:1,True,,2160,0.0,0.6888888888888889,0.688888888888889,0.6895350671679313,0.6421296296296296,0.6591734052111411
typical,three_merged,M7,LSVM,LODO+LOSO-within-class,noise-robustness-only,6,6,"['Normal', 'Mild+Moderate', 'Severe']",Normal:1|Mild+Moderate:2|Severe:1,True,,2160,0.0,0.649074074074074,0.649074074074074,0.6364071438427573,0.6412037037037037,0.6763783275005345
typical,three_merged,M7,RBF,LODO+LOSO-within-class,noise-robustness-only,6,6,"['Normal', 'Mild+Moderate', 'Severe']",Normal:1|Mild+Moderate:2|Severe:1,True,,2160,0.0,0.6601851851851852,0.6601851851851852,0.6651618451166318,0.4717592592592592,0.6574371219849457
typical,three_merged,M7,kNN,LODO+LOSO-within-class,noise-robustness-only,6,6,"['Normal', 'Mild+Moderate', 'Severe']",Normal:1|Mild+Moderate:2|Severe:1,True,,2160,0.0,0.6648148148148149,0.6648148148148149,0.6643084028190404,0.6254629629629629,0.6775466596895168
typical,three_merged,M7,ORD,LODO+LOSO-within-class,noise-robustness-only,6,6,"['Normal', 'Mild+Moderate', 'Severe']",Normal:1|Mild+Moderate:2|Severe:1,True,,2160,0.0,0.711574074074074,0.7115740740740741,0.7134716614134721,0.6634259259259259,0.6582716049382716
typical,three_merged,M8,LDA,LODO+LOSO-within-class,noise-robustness-only,6,4,"['Normal', 'Mild+Moderate', 'Severe']",Normal:1|Mild+Moderate:2|Severe:1,True,,2160,0.0,0.7754629629629629,0.7754629629629629,0.7740578147200003,0.37129629629629635,0.8225115870180097
typical,three_merged,M8,LR,LODO+LOSO-within-class,noise-robustness-only,6,4,"['Normal', 'Mild+Moderate', 'Severe']",Normal:1|Mild+Moderate:2|Severe:1,True,,2160,0.0,0.7384259259259259,0.7384259259259259,0.7348010711664451,0.42592592592592593,0.7862996153423146
typical,three_merged,M8,LSVM,LODO+LOSO-within-class,noise-robustness-only,6,4,"['Normal', 'Mild+Moderate', 'Severe']",Normal:1|Mild+Moderate:2|Severe:1,True,,2160,0.0,0.4513888888888889,0.4513888888888889,0.4262444030286905,0.9939814814814815,
typical,three_merged,M8,RBF,LODO+LOSO-within-class,noise-robustness-only,6,4,"['Normal', 'Mild+Moderate', 'Severe']",Normal:1|Mild+Moderate:2|Severe:1,True,,2160,0.0,0.3509259259259259,0.3509259259259259,0.32970488320251606,1.0,
typical,three_merged,M8,kNN,LODO+LOSO-within-class,noise-robustness-only,6,4,"['Normal', 'Mild+Moderate', 'Severe']",Normal:1|Mild+Moderate:2|Severe:1,True,,2160,0.0,0.3611111111111111,0.36111111111111116,0.36075619049242924,0.9967592592592592,0.3333333333333333
typical,three_merged,M8,ORD,LODO+LOSO-within-class,noise-robustness-only,6,4,"['Normal', 'Mild+Moderate', 'Severe']",Normal:1|Mild+Moderate:2|Severe:1,True,,2160,0.0,0.35833333333333334,0.35833333333333334,0.31970336408969313,1.0,
typical,three_merged,COMB,LDA,LODO+LOSO-within-class,noise-robustness-only,6,3,"['Normal', 'Mild+Moderate', 'Severe']",Normal:1|Mild+Moderate:2|Severe:1,True,chosen M6.A[3.40]+M5.C2+M6.A[3.65]×2; M5.C3+M6.A[3.40]+M5.C2×1; M5.C2+M6.A[3.40]+M5.C3×1; M5.C2+M6.A[3.40]+M5.C×1; M5.C2+M6.A[3.40]+M5.C1×1,2160,0.0,0.8671296296296296,0.8671296296296297,0.8596731916981785,0.054166666666666696,0.8765409596024036
typical,three_merged,COMB,LR,LODO+LOSO-within-class,noise-robustness-only,6,3,"['Normal', 'Mild+Moderate', 'Severe']",Normal:1|Mild+Moderate:2|Severe:1,True,chosen M6.A[3.40]+M5.C2+M6.A[3.65]×2; M5.C3+M6.A[3.40]+M5.C2×1; M5.C2+M6.A[3.40]+M5.C3×1; M5.C2+M6.A[3.40]+M5.C×1; M5.C2+M6.A[3.40]+M5.C1×1,2160,0.0,0.8671296296296296,0.8671296296296296,0.8618647798186908,0.02777777777777779,0.8833680281965913
typical,three_merged,COMB,LSVM,LODO+LOSO-within-class,noise-robustness-only,6,3,"['Normal', 'Mild+Moderate', 'Severe']",Normal:1|Mild+Moderate:2|Severe:1,True,chosen M6.A[3.40]+M5.C2+M6.A[3.65]×2; M5.C3+M6.A[3.40]+M5.C2×1; M5.C2+M6.A[3.40]+M5.C3×1; M5.C2+M6.A[3.40]+M5.C×1; M5.C2+M6.A[3.40]+M5.C1×1,2160,0.0,0.8152777777777778,0.8152777777777778,0.8102115943664282,0.042592592592592626,0.872671198388721
typical,three_merged,COMB,RBF,LODO+LOSO-within-class,noise-robustness-only,6,3,"['Normal', 'Mild+Moderate', 'Severe']",Normal:1|Mild+Moderate:2|Severe:1,True,chosen M6.A[3.40]+M5.C2+M6.A[3.65]×2; M5.C3+M6.A[3.40]+M5.C2×1; M5.C2+M6.A[3.40]+M5.C3×1; M5.C2+M6.A[3.40]+M5.C×1; M5.C2+M6.A[3.40]+M5.C1×1,2160,0.0,0.8662037037037037,0.8662037037037037,0.8618767389274794,0.056481481481481466,0.8723833640238654
typical,three_merged,COMB,kNN,LODO+LOSO-within-class,noise-robustness-only,6,3,"['Normal', 'Mild+Moderate', 'Severe']",Normal:1|Mild+Moderate:2|Severe:1,True,chosen M6.A[3.40]+M5.C2+M6.A[3.65]×2; M5.C3+M6.A[3.40]+M5.C2×1; M5.C2+M6.A[3.40]+M5.C3×1; M5.C2+M6.A[3.40]+M5.C×1; M5.C2+M6.A[3.40]+M5.C1×1,2160,0.0,0.8763888888888889,0.876388888888889,0.8720441037377601,0.06990740740740742,0.9090231704839987
typical,three_merged,COMB,ORD,LODO+LOSO-within-class,noise-robustness-only,6,3,"['Normal', 'Mild+Moderate', 'Severe']",Normal:1|Mild+Moderate:2|Severe:1,True,chosen M6.A[3.40]+M5.C2+M6.A[3.65]×2; M5.C3+M6.A[3.40]+M5.C2×1; M5.C2+M6.A[3.40]+M5.C3×1; M5.C2+M6.A[3.40]+M5.C×1; M5.C2+M6.A[3.40]+M5.C1×1,2160,0.0,0.887962962962963,0.887962962962963,0.8820806036986205,0.06898148148148153,0.9154728373036883
typical,three_merged,M9,LDA,LODO+LOSO-within-class,noise-robustness-only,6,3618,"['Normal', 'Mild+Moderate', 'Severe']",Normal:1|Mild+Moderate:2|Severe:1,True,,2160,0.0,0.9976851851851852,0.9976851851851851,0.9976851751382023,0.0805555555555556,0.6610741353926941
typical,three_merged,M9,LR,LODO+LOSO-within-class,noise-robustness-only,6,3618,"['Normal', 'Mild+Moderate', 'Severe']",Normal:1|Mild+Moderate:2|Severe:1,True,,2160,0.0,0.9699074074074074,0.9699074074074074,0.9699005077474164,0.0032407407407407662,0.9953249181860683
typical,three_merged,M9,LSVM,LODO+LOSO-within-class,noise-robustness-only,6,3618,"['Normal', 'Mild+Moderate', 'Severe']",Normal:1|Mild+Moderate:2|Severe:1,True,,2160,0.0,0.9037037037037037,0.9037037037037038,0.904177996300021,0.01388888888888884,0.9844252053736159
typical,three_merged,M9,RBF,LODO+LOSO-within-class,noise-robustness-only,6,3618,"['Normal', 'Mild+Moderate', 'Severe']",Normal:1|Mild+Moderate:2|Severe:1,True,,2160,0.0,0.9745370370370371,0.9745370370370371,0.9745858530574787,0.006018518518518534,0.9864062909022069
typical,three_merged,M9,kNN,LODO+LOSO-within-class,noise-robustness-only,6,3618,"['Normal', 'Mild+Moderate', 'Severe']",Normal:1|Mild+Moderate:2|Severe:1,True,,2160,0.0,0.9412037037037037,0.9412037037037037,0.9412600158068604,0.061574074074074114,0.9499173856068035
typical,three_merged,M9,ORD,LODO+LOSO-within-class,noise-robustness-only,6,3618,"['Normal', 'Mild+Moderate', 'Severe']",Normal:1|Mild+Moderate:2|Severe:1,True,,2160,0.0,0.9972222222222222,0.9972222222222222,0.9972221739960764,0.0023148148148147696,1.0
typical,three,M0,LDA,LODO,noise-robustness-only,3,1,"['Normal', 'Mild', 'Severe']",Normal:1|Mild:1|Severe:1,True,,1080,0.0,0.3962962962962963,0.39629629629629637,0.36415015137378104,0.9981481481481481,
typical,three,M0,LR,LODO,noise-robustness-only,3,1,"['Normal', 'Mild', 'Severe']",Normal:1|Mild:1|Severe:1,True,,1080,0.0,0.3962962962962963,0.3962962962962963,0.35924846377335445,0.9962962962962963,
typical,three,M0,LSVM,LODO,noise-robustness-only,3,1,"['Normal', 'Mild', 'Severe']",Normal:1|Mild:1|Severe:1,True,,1080,0.0,0.39166666666666666,0.3916666666666666,0.31336891397558736,0.9990740740740741,
typical,three,M0,RBF,LODO,noise-robustness-only,3,1,"['Normal', 'Mild', 'Severe']",Normal:1|Mild:1|Severe:1,True,,1080,0.0,0.387037037037037,0.387037037037037,0.3743798362002284,1.0,
typical,three,M0,kNN,LODO,noise-robustness-only,3,1,"['Normal', 'Mild', 'Severe']",Normal:1|Mild:1|Severe:1,True,,1080,0.0,0.3685185185185185,0.3685185185185185,0.3636607980306889,0.9907407407407407,0.5
typical,three,M0,ORD,LODO,noise-robustness-only,3,1,"['Normal', 'Mild', 'Severe']",Normal:1|Mild:1|Severe:1,True,,1080,0.0,0.39166666666666666,0.39166666666666666,0.3670666738264729,0.9990740740740741,
typical,three,M1,LDA,LODO,noise-robustness-only,3,1,"['Normal', 'Mild', 'Severe']",Normal:1|Mild:1|Severe:1,True,,1080,0.0,0.33425925925925926,0.33425925925925926,0.28052651320240557,1.0,
typical,three,M1,LR,LODO,noise-robustness-only,3,1,"['Normal', 'Mild', 'Severe']",Normal:1|Mild:1|Severe:1,True,,1080,0.0,0.33240740740740743,0.33240740740740743,0.27614812225302093,1.0,
typical,three,M1,LSVM,LODO,noise-robustness-only,3,1,"['Normal', 'Mild', 'Severe']",Normal:1|Mild:1|Severe:1,True,,1080,0.0,0.32685185185185184,0.3268518518518519,0.261439683911594,0.9666666666666667,0.3333333333333333
typical,three,M1,RBF,LODO,noise-robustness-only,3,1,"['Normal', 'Mild', 'Severe']",Normal:1|Mild:1|Severe:1,True,,1080,0.0,0.34074074074074073,0.34074074074074073,0.3344052914285407,1.0,
typical,three,M1,kNN,LODO,noise-robustness-only,3,1,"['Normal', 'Mild', 'Severe']",Normal:1|Mild:1|Severe:1,True,,1080,0.0,0.37777777777777777,0.37777777777777777,0.3755995565963621,1.0,
typical,three,M1,ORD,LODO,noise-robustness-only,3,1,"['Normal', 'Mild', 'Severe']",Normal:1|Mild:1|Severe:1,True,,1080,0.0,0.32037037037037036,0.32037037037037036,0.26051239715072677,1.0,
typical,three,M2,LDA,LODO,noise-robustness-only,3,1,"['Normal', 'Mild', 'Severe']",Normal:1|Mild:1|Severe:1,True,,1080,0.0,0.35833333333333334,0.35833333333333334,0.30743061399047295,0.9990740740740741,
typical,three,M2,LR,LODO,noise-robustness-only,3,1,"['Normal', 'Mild', 'Severe']",Normal:1|Mild:1|Severe:1,True,,1080,0.0,0.3574074074074074,0.3574074074074074,0.3055802558302399,1.0,
typical,three,M2,LSVM,LODO,noise-robustness-only,3,1,"['Normal', 'Mild', 'Severe']",Normal:1|Mild:1|Severe:1,True,,1080,0.0,0.35555555555555557,0.35555555555555557,0.2844537510782745,1.0,
typical,three,M2,RBF,LODO,noise-robustness-only,3,1,"['Normal', 'Mild', 'Severe']",Normal:1|Mild:1|Severe:1,True,,1080,0.0,0.34629629629629627,0.3462962962962963,0.34001432595430825,1.0,
typical,three,M2,kNN,LODO,noise-robustness-only,3,1,"['Normal', 'Mild', 'Severe']",Normal:1|Mild:1|Severe:1,True,,1080,0.0,0.35462962962962963,0.35462962962962963,0.35327664404779985,0.9953703703703703,0.0
typical,three,M2,ORD,LODO,noise-robustness-only,3,1,"['Normal', 'Mild', 'Severe']",Normal:1|Mild:1|Severe:1,True,,1080,0.0,0.3527777777777778,0.3527777777777778,0.3090813285247996,1.0,
typical,three,M5,LDA,LODO,noise-robustness-only,3,4,"['Normal', 'Mild', 'Severe']",Normal:1|Mild:1|Severe:1,True,,1080,0.0,0.95,0.9500000000000001,0.9499465136361772,0.05555555555555558,0.826300762603794
typical,three,M5,LR,LODO,noise-robustness-only,3,4,"['Normal', 'Mild', 'Severe']",Normal:1|Mild:1|Severe:1,True,,1080,0.0,0.9361111111111111,0.936111111111111,0.9367962409012923,0.051851851851851816,0.9716336968393345
typical,three,M5,LSVM,LODO,noise-robustness-only,3,4,"['Normal', 'Mild', 'Severe']",Normal:1|Mild:1|Severe:1,True,,1080,0.0,0.8972222222222223,0.8972222222222223,0.8993611421328502,0.0712962962962963,0.8711255723051267
typical,three,M5,RBF,LODO,noise-robustness-only,3,4,"['Normal', 'Mild', 'Severe']",Normal:1|Mild:1|Severe:1,True,,1080,0.0,0.9648148148148148,0.9648148148148149,0.9649060165264678,0.022222222222222254,0.9810190346422231
typical,three,M5,kNN,LODO,noise-robustness-only,3,4,"['Normal', 'Mild', 'Severe']",Normal:1|Mild:1|Severe:1,True,,1080,0.0,0.9574074074074074,0.9574074074074074,0.95751890151717,0.061111111111111116,0.9837375560814244
typical,three,M5,ORD,LODO,noise-robustness-only,3,4,"['Normal', 'Mild', 'Severe']",Normal:1|Mild:1|Severe:1,True,,1080,0.0,0.9203703703703704,0.9203703703703704,0.9206389674615183,0.05555555555555558,0.9293840209713444
typical,three,M5.C3,LDA,LODO,noise-robustness-only,3,1,"['Normal', 'Mild', 'Severe']",Normal:1|Mild:1|Severe:1,True,,1080,0.0,0.4666666666666667,0.4666666666666666,0.4769591869436061,0.14074074074074072,0.48548968227972483
typical,three,M5.C3,LR,LODO,noise-robustness-only,3,1,"['Normal', 'Mild', 'Severe']",Normal:1|Mild:1|Severe:1,True,,1080,0.0,0.48333333333333334,0.48333333333333334,0.4909454121699459,0.3111111111111111,0.48380528858890814
typical,three,M5.C3,LSVM,LODO,noise-robustness-only,3,1,"['Normal', 'Mild', 'Severe']",Normal:1|Mild:1|Severe:1,True,,1080,0.0,0.5370370370370371,0.537037037037037,0.5315627298376866,0.275,0.4525995731142523
typical,three,M5.C3,RBF,LODO,noise-robustness-only,3,1,"['Normal', 'Mild', 'Severe']",Normal:1|Mild:1|Severe:1,True,,1080,0.0,0.49907407407407406,0.49907407407407406,0.5050700320687408,0.2518518518518519,0.6017459106703958
typical,three,M5.C3,kNN,LODO,noise-robustness-only,3,1,"['Normal', 'Mild', 'Severe']",Normal:1|Mild:1|Severe:1,True,,1080,0.0,0.5444444444444444,0.5444444444444445,0.5506139701614327,0.3462962962962963,0.44412335722819596
typical,three,M5.C3,ORD,LODO,noise-robustness-only,3,1,"['Normal', 'Mild', 'Severe']",Normal:1|Mild:1|Severe:1,True,,1080,0.0,0.5787037037037037,0.5787037037037037,0.5849772889629284,0.43333333333333335,0.3149873600577826
typical,three,M5.C3[k3],LDA,LODO,noise-robustness-only,3,1,"['Normal', 'Mild', 'Severe']",Normal:1|Mild:1|Severe:1,True,,1080,0.0,0.5231481481481481,0.5231481481481481,0.5291699365361375,0.14907407407407403,0.5758374894673316
typical,three,M5.C3[k3],LR,LODO,noise-robustness-only,3,1,"['Normal', 'Mild', 'Severe']",Normal:1|Mild:1|Severe:1,True,,1080,0.0,0.5342592592592592,0.5342592592592592,0.537608142688987,0.27129629629629626,0.5184328752642706
typical,three,M5.C3[k3],LSVM,LODO,noise-robustness-only,3,1,"['Normal', 'Mild', 'Severe']",Normal:1|Mild:1|Severe:1,True,,1080,0.0,0.5462962962962963,0.5462962962962963,0.5213577914053181,0.29166666666666663,0.5819032326408635
typical,three,M5.C3[k3],RBF,LODO,noise-robustness-only,3,1,"['Normal', 'Mild', 'Severe']",Normal:1|Mild:1|Severe:1,True,,1080,0.0,0.5944444444444444,0.5944444444444444,0.5618760455453025,0.16574074074074074,0.6330788862068991
typical,three,M5.C3[k3],kNN,LODO,noise-robustness-only,3,1,"['Normal', 'Mild', 'Severe']",Normal:1|Mild:1|Severe:1,True,,1080,0.0,0.562037037037037,0.562037037037037,0.5413576080746713,0.3324074074074074,0.5345169430425378
typical,three,M5.C3[k3],ORD,LODO,noise-robustness-only,3,1,"['Normal', 'Mild', 'Severe']",Normal:1|Mild:1|Severe:1,True,,1080,0.0,0.575,0.575,0.5786827637047901,0.4462962962962963,0.4501098901098901
typical,three,M5.C3[nested],LDA,LODO,noise-robustness-only,3,1,"['Normal', 'Mild', 'Severe']",Normal:1|Mild:1|Severe:1,True,"windows 3.20-3.40×2, 3.55-3.65×1",1080,0.0,0.5166666666666667,0.5166666666666667,0.5220422391124719,0.15000000000000002,0.4629677296343963
typical,three,M5.C3[nested],LR,LODO,noise-robustness-only,3,1,"['Normal', 'Mild', 'Severe']",Normal:1|Mild:1|Severe:1,True,"windows 3.20-3.40×2, 3.55-3.65×1",1080,0.0,0.5092592592592593,0.5092592592592593,0.5151410882963046,0.20740740740740737,0.5046544033318399
typical,three,M5.C3[nested],LSVM,LODO,noise-robustness-only,3,1,"['Normal', 'Mild', 'Severe']",Normal:1|Mild:1|Severe:1,True,"windows 3.20-3.40×2, 3.55-3.65×1",1080,0.0,0.5268518518518519,0.5268518518518518,0.5073117448632841,0.19999999999999996,0.46440567792238835
typical,three,M5.C3[nested],RBF,LODO,noise-robustness-only,3,1,"['Normal', 'Mild', 'Severe']",Normal:1|Mild:1|Severe:1,True,"windows 3.20-3.40×2, 3.55-3.65×1",1080,0.0,0.5185185185185185,0.5185185185185185,0.518770503958824,0.19351851851851853,0.4328526920007367
typical,three,M5.C3[nested],kNN,LODO,noise-robustness-only,3,1,"['Normal', 'Mild', 'Severe']",Normal:1|Mild:1|Severe:1,True,"windows 3.20-3.40×2, 3.55-3.65×1",1080,0.0,0.5018518518518519,0.5018518518518519,0.5067967599592199,0.3472222222222222,0.4282708289845037
typical,three,M5.C3[nested],ORD,LODO,noise-robustness-only,3,1,"['Normal', 'Mild', 'Severe']",Normal:1|Mild:1|Severe:1,True,"windows 3.20-3.40×2, 3.55-3.65×1",1080,0.0,0.45185185185185184,0.4518518518518518,0.4508661837569667,0.274074074074074,0.41949606392924405
typical,three,M6,LDA,LODO,noise-robustness-only,3,22,"['Normal', 'Mild', 'Severe']",Normal:1|Mild:1|Severe:1,True,,1080,0.0,0.975925925925926,0.975925925925926,0.9758991472005932,0.04814814814814816,0.9213823857302118
typical,three,M6,LR,LODO,noise-robustness-only,3,22,"['Normal', 'Mild', 'Severe']",Normal:1|Mild:1|Severe:1,True,,1080,0.0,0.9592592592592593,0.9592592592592593,0.9590823489128574,0.045370370370370394,0.8995739410746877
typical,three,M6,LSVM,LODO,noise-robustness-only,3,22,"['Normal', 'Mild', 'Severe']",Normal:1|Mild:1|Severe:1,True,,1080,0.0,0.7972222222222223,0.7972222222222222,0.7964817998182587,0.011111111111111072,0.9962440415389854
typical,three,M6,RBF,LODO,noise-robustness-only,3,22,"['Normal', 'Mild', 'Severe']",Normal:1|Mild:1|Severe:1,True,,1080,0.0,0.9148148148148149,0.9148148148148149,0.914700911050759,0.05833333333333335,0.813889249365047
typical,three,M6,kNN,LODO,noise-robustness-only,3,22,"['Normal', 'Mild', 'Severe']",Normal:1|Mild:1|Severe:1,True,,1080,0.0,0.8296296296296296,0.8296296296296296,0.8242772157359766,0.3138888888888889,0.7768834462305799
typical,three,M6,ORD,LODO,noise-robustness-only,3,22,"['Normal', 'Mild', 'Severe']",Normal:1|Mild:1|Severe:1,True,,1080,0.0,0.9907407407407407,0.9907407407407408,0.9907251081137621,0.05555555555555558,0.9664608393684411
typical,three,M7,LDA,LODO,noise-robustness-only,3,6,"['Normal', 'Mild', 'Severe']",Normal:1|Mild:1|Severe:1,True,,1080,0.0,0.7138888888888889,0.7138888888888889,0.7130962683718437,0.4444444444444444,0.655668312759471
typical,three,M7,LR,LODO,noise-robustness-only,3,6,"['Normal', 'Mild', 'Severe']",Normal:1|Mild:1|Severe:1,True,,1080,0.0,0.7037037037037037,0.7037037037037036,0.7035173656715615,0.5574074074074074,0.6385545480504123
typical,three,M7,LSVM,LODO,noise-robustness-only,3,6,"['Normal', 'Mild', 'Severe']",Normal:1|Mild:1|Severe:1,True,,1080,0.0,0.6277777777777778,0.6277777777777778,0.5873290636945618,0.5518518518518518,0.7227490733108711
typical,three,M7,RBF,LODO,noise-robustness-only,3,6,"['Normal', 'Mild', 'Severe']",Normal:1|Mild:1|Severe:1,True,,1080,0.0,0.6574074074074074,0.6574074074074074,0.6611975763603928,0.36388888888888893,0.6735890582044428
typical,three,M7,kNN,LODO,noise-robustness-only,3,6,"['Normal', 'Mild', 'Severe']",Normal:1|Mild:1|Severe:1,True,,1080,0.0,0.6666666666666666,0.6666666666666666,0.6661771626698874,0.5333333333333333,0.6754135429043395
typical,three,M7,ORD,LODO,noise-robustness-only,3,6,"['Normal', 'Mild', 'Severe']",Normal:1|Mild:1|Severe:1,True,,1080,0.0,0.7268518518518519,0.726851851851852,0.727772707510712,0.5703703703703704,0.6801519987147912
typical,three,M8,LDA,LODO,noise-robustness-only,3,4,"['Normal', 'Mild', 'Severe']",Normal:1|Mild:1|Severe:1,True,,1080,0.0,0.7527777777777778,0.7527777777777778,0.750855745229198,0.4101851851851852,0.7535735232979928
typical,three,M8,LR,LODO,noise-robustness-only,3,4,"['Normal', 'Mild', 'Severe']",Normal:1|Mild:1|Severe:1,True,,1080,0.0,0.7537037037037037,0.7537037037037037,0.7490808982760792,0.4120370370370371,0.7328986430216039
typical,three,M8,LSVM,LODO,noise-robustness-only,3,4,"['Normal', 'Mild', 'Severe']",Normal:1|Mild:1|Severe:1,True,,1080,0.0,0.5018518518518519,0.5018518518518519,0.49241552472911027,1.0,
typical,three,M8,RBF,LODO,noise-robustness-only,3,4,"['Normal', 'Mild', 'Severe']",Normal:1|Mild:1|Severe:1,True,,1080,0.0,0.3509259259259259,0.3509259259259259,0.34430549354148016,1.0,
typical,three,M8,kNN,LODO,noise-robustness-only,3,4,"['Normal', 'Mild', 'Severe']",Normal:1|Mild:1|Severe:1,True,,1080,0.0,0.3537037037037037,0.3537037037037037,0.3537103447423351,0.9990740740740741,
typical,three,M8,ORD,LODO,noise-robustness-only,3,4,"['Normal', 'Mild', 'Severe']",Normal:1|Mild:1|Severe:1,True,,1080,0.0,0.35462962962962963,0.35462962962962963,0.3114918681928991,1.0,
typical,three,COMB,LDA,LODO,noise-robustness-only,3,3,"['Normal', 'Mild', 'Severe']",Normal:1|Mild:1|Severe:1,True,chosen M5.C2+M6.A[3.40]+M5.C3×1; M5.C2+M6.A[3.40]+M5.C×1; M5.C2+M6.A[3.40]+M5.C1×1,1080,0.0,0.9398148148148148,0.9398148148148149,0.9387679218725101,0.05555555555555558,0.8235848794963531
typical,three,COMB,LR,LODO,noise-robustness-only,3,3,"['Normal', 'Mild', 'Severe']",Normal:1|Mild:1|Severe:1,True,chosen M5.C2+M6.A[3.40]+M5.C3×1; M5.C2+M6.A[3.40]+M5.C×1; M5.C2+M6.A[3.40]+M5.C1×1,1080,0.0,0.9148148148148149,0.9148148148148149,0.9135644746202413,0.04166666666666663,0.8881987577639752
typical,three,COMB,LSVM,LODO,noise-robustness-only,3,3,"['Normal', 'Mild', 'Severe']",Normal:1|Mild:1|Severe:1,True,chosen M5.C2+M6.A[3.40]+M5.C3×1; M5.C2+M6.A[3.40]+M5.C×1; M5.C2+M6.A[3.40]+M5.C1×1,1080,0.0,0.8824074074074074,0.8824074074074074,0.8805305429511305,0.040740740740740744,0.8727496483825599
typical,three,COMB,RBF,LODO,noise-robustness-only,3,3,"['Normal', 'Mild', 'Severe']",Normal:1|Mild:1|Severe:1,True,chosen M5.C2+M6.A[3.40]+M5.C3×1; M5.C2+M6.A[3.40]+M5.C×1; M5.C2+M6.A[3.40]+M5.C1×1,1080,0.0,0.9314814814814815,0.9314814814814815,0.9300744756925043,0.04629629629629628,0.858910810155154
typical,three,COMB,kNN,LODO,noise-robustness-only,3,3,"['Normal', 'Mild', 'Severe']",Normal:1|Mild:1|Severe:1,True,chosen M5.C2+M6.A[3.40]+M5.C3×1; M5.C2+M6.A[3.40]+M5.C×1; M5.C2+M6.A[3.40]+M5.C1×1,1080,0.0,0.9231481481481482,0.9231481481481482,0.9221477306335052,0.10370370370370374,0.9478202956463826
typical,three,COMB,ORD,LODO,noise-robustness-only,3,3,"['Normal', 'Mild', 'Severe']",Normal:1|Mild:1|Severe:1,True,chosen M5.C2+M6.A[3.40]+M5.C3×1; M5.C2+M6.A[3.40]+M5.C×1; M5.C2+M6.A[3.40]+M5.C1×1,1080,0.0,0.9231481481481482,0.9231481481481482,0.920682711480358,0.037962962962962976,0.9065603677368382
typical,three,M9,LDA,LODO,noise-robustness-only,3,3618,"['Normal', 'Mild', 'Severe']",Normal:1|Mild:1|Severe:1,True,,1080,0.0,1.0,1.0,1.0,0.017592592592592604,0.8869395711500974
typical,three,M9,LR,LODO,noise-robustness-only,3,3618,"['Normal', 'Mild', 'Severe']",Normal:1|Mild:1|Severe:1,True,,1080,0.0,0.9814814814814815,0.9814814814814815,0.9814801953839387,0.0037037037037036535,0.9934456928838952
typical,three,M9,LSVM,LODO,noise-robustness-only,3,3618,"['Normal', 'Mild', 'Severe']",Normal:1|Mild:1|Severe:1,True,,1080,0.0,0.8861111111111111,0.8861111111111111,0.8864012558180691,0.014814814814814836,0.930871212121212
typical,three,M9,RBF,LODO,noise-robustness-only,3,3618,"['Normal', 'Mild', 'Severe']",Normal:1|Mild:1|Severe:1,True,,1080,0.0,0.9935185185185185,0.9935185185185186,0.9935257357807648,0.01851851851851849,0.9827437324136005
typical,three,M9,kNN,LODO,noise-robustness-only,3,3618,"['Normal', 'Mild', 'Severe']",Normal:1|Mild:1|Severe:1,True,,1080,0.0,0.9342592592592592,0.9342592592592593,0.9342702195306948,0.07407407407407407,0.9300315167361464
typical,three,M9,ORD,LODO,noise-robustness-only,3,3618,"['Normal', 'Mild', 'Severe']",Normal:1|Mild:1|Severe:1,True,,1080,0.0,1.0,1.0,1.0,0.0,1.0
noisy,binary,M0,LDA,LODO+LOSO-within-class,noise-robustness-only,9,1,"['Normal', 'AD']",Normal:1|AD:3,False,,2160,0.0,0.6041666666666666,0.6041666666666667,0.6041048080429234,0.9152777777777777,0.754366028708134
noisy,binary,M0,LR,LODO+LOSO-within-class,noise-robustness-only,9,1,"['Normal', 'AD']",Normal:1|AD:3,False,,2160,0.0,0.6041666666666666,0.6041666666666667,0.6041048080429234,0.8722222222222222,0.726010101010101
noisy,binary,M0,LSVM,LODO+LOSO-within-class,noise-robustness-only,9,1,"['Normal', 'AD']",Normal:1|AD:3,False,,2160,0.0,0.6041666666666666,0.6041666666666667,0.6041048080429234,0.9148148148148149,0.7500887049083382
noisy,binary,M0,RBF,LODO+LOSO-within-class,noise-robustness-only,9,1,"['Normal', 'AD']",Normal:1|AD:3,False,,2160,0.0,0.6087962962962963,0.6087962962962963,0.6085606238838499,1.0,
noisy,binary,M0,kNN,LODO+LOSO-within-class,noise-robustness-only,9,1,"['Normal', 'AD']",Normal:1|AD:3,False,,2160,0.0,0.5615740740740741,0.561574074074074,0.5610998594803757,0.9893518518518518,0.7098214285714286
noisy,binary,M0,ORD,LODO+LOSO-within-class,noise-robustness-only,9,1,"['Normal', 'AD']",Normal:1|AD:3,False,,2160,0.0,0.6037037037037037,0.6037037037037037,0.6036370995126067,0.9148148148148149,0.7554373522458628
noisy,binary,M0,THR,LODO+LOSO-within-class,noise-robustness-only,9,1,"['Normal', 'AD']",Normal:1|AD:3,False,,2160,0.0,0.6046296296296296,0.6046296296296296,0.6028645833333333,0.9222222222222223,0.7306818181818182
noisy,binary,M1,LDA,LODO+LOSO-within-class,noise-robustness-only,9,1,"['Normal', 'AD']",Normal:1|AD:3,False,,2160,0.0,0.4925925925925926,0.4925925925925926,0.4924812030075188,1.0,
noisy,binary,M1,LR,LODO+LOSO-within-class,noise-robustness-only,9,1,"['Normal', 'AD']",Normal:1|AD:3,False,,2160,0.0,0.4925925925925926,0.4925925925925926,0.4924516069278503,1.0,
noisy,binary,M1,LSVM,LODO+LOSO-within-class,noise-robustness-only,9,1,"['Normal', 'AD']",Normal:1|AD:3,False,,2160,0.0,0.4925925925925926,0.4925925925925926,0.4924812030075188,1.0,
noisy,binary,M1,RBF,LODO+LOSO-within-class,noise-robustness-only,9,1,"['Normal', 'AD']",Normal:1|AD:3,False,,2160,0.0,0.4912037037037037,0.4912037037037037,0.49013262814825126,1.0,
noisy,binary,M1,kNN,LODO+LOSO-within-class,noise-robustness-only,9,1,"['Normal', 'AD']",Normal:1|AD:3,False,,2160,0.0,0.5027777777777778,0.5027777777777778,0.5027709570776004,0.9976851851851852,
noisy,binary,M1,ORD,LODO+LOSO-within-class,noise-robustness-only,9,1,"['Normal', 'AD']",Normal:1|AD:3,False,,2160,0.0,0.4925925925925926,0.4925925925925926,0.4924812030075188,1.0,
noisy,binary,M1,THR,LODO+LOSO-within-class,noise-robustness-only,9,1,"['Normal', 'AD']",Normal:1|AD:3,False,,2160,0.0,0.5027777777777778,0.5027777777777778,0.48857142857142855,1.0,
noisy,binary,M2,LDA,LODO+LOSO-within-class,noise-robustness-only,9,1,"['Normal', 'AD']",Normal:1|AD:3,False,,2160,0.0,0.5560185185185185,0.5560185185185185,0.5557304708235256,1.0,
noisy,binary,M2,LR,LODO+LOSO-within-class,noise-robustness-only,9,1,"['Normal', 'AD']",Normal:1|AD:3,False,,2160,0.0,0.5564814814814815,0.5564814814814815,0.5562041090496375,0.999537037037037,
noisy,binary,M2,LSVM,LODO+LOSO-within-class,noise-robustness-only,9,1,"['Normal', 'AD']",Normal:1|AD:3,False,,2160,0.0,0.5560185185185185,0.5560185185185185,0.5557304708235256,1.0,
noisy,binary,M2,RBF,LODO+LOSO-within-class,noise-robustness-only,9,1,"['Normal', 'AD']",Normal:1|AD:3,False,,2160,0.0,0.5439814814814815,0.5439814814814815,0.5438476353336702,1.0,
noisy,binary,M2,kNN,LODO+LOSO-within-class,noise-robustness-only,9,1,"['Normal', 'AD']",Normal:1|AD:3,False,,2160,0.0,0.5226851851851851,0.5226851851851853,0.5225450883543289,0.9944444444444445,0.5
noisy,binary,M2,ORD,LODO+LOSO-within-class,noise-robustness-only,9,1,"['Normal', 'AD']",Normal:1|AD:3,False,,2160,0.0,0.5560185185185185,0.5560185185185185,0.5557304708235256,1.0,
noisy,binary,M2,THR,LODO+LOSO-within-class,noise-robustness-only,9,1,"['Normal', 'AD']",Normal:1|AD:3,False,,2160,0.0,0.5532407407407407,0.5532407407407407,0.5498669619755925,1.0,
noisy,binary,M5,LDA,LODO+LOSO-within-class,noise-robustness-only,9,4,"['Normal', 'AD']",Normal:1|AD:3,False,,2160,0.0,0.9898148148148148,0.9898148148148148,0.9898139415244791,0.013425925925925952,0.9847891778553054
noisy,binary,M5,LR,LODO+LOSO-within-class,noise-robustness-only,9,4,"['Normal', 'AD']",Normal:1|AD:3,False,,2160,0.0,0.9884259259259259,0.9884259259259259,0.9884246134731925,0.007407407407407418,0.9849693678641047
noisy,binary,M5,LSVM,LODO+LOSO-within-class,noise-robustness-only,9,4,"['Normal', 'AD']",Normal:1|AD:3,False,,2160,0.0,0.9907407407407407,0.9907407407407407,0.9907400976919694,0.01388888888888884,0.9890608465608466
noisy,binary,M5,RBF,LODO+LOSO-within-class,noise-robustness-only,9,4,"['Normal', 'AD']",Normal:1|AD:3,False,,2160,0.0,0.9851851851851852,0.9851851851851852,0.9851823268377388,0.002777777777777768,0.9855831195982498
noisy,binary,M5,kNN,LODO+LOSO-within-class,noise-robustness-only,9,4,"['Normal', 'AD']",Normal:1|AD:3,False,,2160,0.0,0.9842592592592593,0.9842592592592593,0.9842592592592593,0.008333333333333304,0.9841165085786023
noisy,binary,M5,ORD,LODO+LOSO-within-class,noise-robustness-only,9,4,"['Normal', 'AD']",Normal:1|AD:3,False,,2160,0.0,0.9819444444444444,0.9819444444444445,0.9819441309744961,0.008333333333333304,0.9831757824725793
noisy,binary,M5.C3,LDA,LODO+LOSO-within-class,noise-robustness-only,9,1,"['Normal', 'AD']",Normal:1|AD:3,False,,2160,0.0,0.9796296296296296,0.9796296296296296,0.9796271144585751,0.017129629629629606,0.9787154636064294
noisy,binary,M5.C3,LR,LODO+LOSO-within-class,noise-robustness-only,9,1,"['Normal', 'AD']",Normal:1|AD:3,False,,2160,0.0,0.975925925925926,0.9759259259259259,0.9759229534510434,0.009722222222222188,0.9775001967109922
noisy,binary,M5.C3,LSVM,LODO+LOSO-within-class,noise-robustness-only,9,1,"['Normal', 'AD']",Normal:1|AD:3,False,,2160,0.0,0.975462962962963,0.975462962962963,0.9754591284517835,0.007870370370370416,0.9794396162026852
noisy,binary,M5.C3,RBF,LODO+LOSO-within-class,noise-robustness-only,9,1,"['Normal', 'AD']",Normal:1|AD:3,False,,2160,0.0,0.975925925925926,0.9759259259259259,0.975921879876934,0.00462962962962965,0.978139534883721
noisy,binary,M5.C3,kNN,LODO+LOSO-within-class,noise-robustness-only,9,1,"['Normal', 'AD']",Normal:1|AD:3,False,,2160,0.0,0.975462962962963,0.975462962962963,0.9754585392300009,0.014351851851851838,0.9744706220852442
noisy,binary,M5.C3,ORD,LODO+LOSO-within-class,noise-robustness-only,9,1,"['Normal', 'AD']",Normal:1|AD:3,False,,2160,0.0,0.975925925925926,0.9759259259259259,0.975921879876934,0.017592592592592604,0.9701369887352973
noisy,binary,M5.C3,THR,LODO+LOSO-within-class,noise-robustness-only,9,1,"['Normal', 'AD']",Normal:1|AD:3,False,,2160,0.0,0.9694444444444444,0.9694444444444444,0.9694393090745701,0.010648148148148184,0.9798596111365121
noisy,binary,M5.C3[k3],LDA,LODO+LOSO-within-class,noise-robustness-only,9,1,"['Normal', 'AD']",Normal:1|AD:3,False,,2160,0.0,0.9925925925925926,0.9925925925925927,0.9925924909806718,0.009722222222222188,0.9910833410564123
noisy,binary,M5.C3[k3],LR,LODO+LOSO-within-class,noise-robustness-only,9,1,"['Normal', 'AD']",Normal:1|AD:3,False,,2160,0.0,0.9925925925925926,0.9925925925925927,0.9925924909806718,0.006018518518518534,0.9920642634126531
noisy,binary,M5.C3[k3],LSVM,LODO+LOSO-within-class,noise-robustness-only,9,1,"['Normal', 'AD']",Normal:1|AD:3,False,,2160,0.0,0.9916666666666667,0.9916666666666667,0.9916665523532558,0.005555555555555536,0.992065982863598
noisy,binary,M5.C3[k3],RBF,LODO+LOSO-within-class,noise-robustness-only,9,1,"['Normal', 'AD']",Normal:1|AD:3,False,,2160,0.0,0.9902777777777778,0.9902777777777778,0.9902775256302729,0.00462962962962965,0.9920773375769832
noisy,binary,M5.C3[k3],kNN,LODO+LOSO-within-class,noise-robustness-only,9,1,"['Normal', 'AD']",Normal:1|AD:3,False,,2160,0.0,0.9861111111111112,0.9861111111111112,0.9861103489903424,0.0050925925925925375,0.9738473664608109
noisy,binary,M5.C3[k3],ORD,LODO+LOSO-within-class,noise-robustness-only,9,1,"['Normal', 'AD']",Normal:1|AD:3,False,,2160,0.0,0.9916666666666667,0.9916666666666667,0.9916665523532558,0.011111111111111072,0.9825622532425344
noisy,binary,M5.C3[k3],THR,LODO+LOSO-within-class,noise-robustness-only,9,1,"['Normal', 'AD']",Normal:1|AD:3,False,,2160,0.0,0.9888888888888889,0.9888888888888889,0.988888279192274,0.00694444444444442,0.9939320620469368
noisy,binary,M5.C3[nested],LDA,LODO+LOSO-within-class,noise-robustness-only,9,1,"['Normal', 'AD']",Normal:1|AD:3,False,"windows 3.40-3.55×4, 3.40-3.60×3, 3.35-3.55×2",2160,0.0,0.9898148148148148,0.9898148148148148,0.989814255926251,0.01388888888888884,0.9867493316026721
noisy,binary,M5.C3[nested],LR,LODO+LOSO-within-class,noise-robustness-only,9,1,"['Normal', 'AD']",Normal:1|AD:3,False,"windows 3.40-3.55×4, 3.40-3.60×3, 3.35-3.55×2",2160,0.0,0.9884259259259259,0.9884259259259259,0.9884253677357125,0.009722222222222188,0.9863708057123972
noisy,binary,M5.C3[nested],LSVM,LODO+LOSO-within-class,noise-robustness-only,9,1,"['Normal', 'AD']",Normal:1|AD:3,False,"windows 3.40-3.55×4, 3.40-3.60×3, 3.35-3.55×2",2160,0.0,0.9861111111111112,0.9861111111111112,0.9861103489903424,0.010648148148148184,0.9835277938368283
noisy,binary,M5.C3[nested],RBF,LODO+LOSO-within-class,noise-robustness-only,9,1,"['Normal', 'AD']",Normal:1|AD:3,False,"windows 3.40-3.55×4, 3.40-3.60×3, 3.35-3.55×2",2160,0.0,0.9851851851851852,0.9851851851851852,0.9851841563071511,0.0064814814814815325,0.9859679508170378
noisy,binary,M5.C3[nested],kNN,LODO+LOSO-within-class,noise-robustness-only,9,1,"['Normal', 'AD']",Normal:1|AD:3,False,"windows 3.40-3.55×4, 3.40-3.60×3, 3.35-3.55×2",2160,0.0,0.9856481481481482,0.9856481481481482,0.9856474559922836,0.0018518518518518823,0.9670143191518656
noisy,binary,M5.C3[nested],ORD,LODO+LOSO-within-class,noise-robustness-only,9,1,"['Normal', 'AD']",Normal:1|AD:3,False,"windows 3.40-3.55×4, 3.40-3.60×3, 3.35-3.55×2",2160,0.0,0.9884259259259259,0.9884259259259259,0.9884253677357125,0.014351851851851838,0.9781880942042032
noisy,binary,M5.C3[nested],THR,LODO+LOSO-within-class,noise-robustness-only,9,1,"['Normal', 'AD']",Normal:1|AD:3,False,"windows 3.40-3.55×4, 3.40-3.60×3, 3.35-3.55×2",2160,0.0,0.9800925925925926,0.9800925925925925,0.9800879449099809,0.015740740740740722,0.9834022968158787
noisy,binary,M6,LDA,LODO+LOSO-within-class,noise-robustness-only,9,22,"['Normal', 'AD']",Normal:1|AD:3,False,,2160,0.0,0.9921296296296296,0.9921296296296296,0.9921292500602845,0.012499999999999956,0.9939129249786796
noisy,binary,M6,LR,LODO+LOSO-within-class,noise-robustness-only,9,22,"['Normal', 'AD']",Normal:1|AD:3,False,,2160,0.0,0.9796296296296296,0.9796296296296296,0.9796211733949959,0.011111111111111072,0.981754269377349
noisy,binary,M6,LSVM,LODO+LOSO-within-class,noise-robustness-only,9,22,"['Normal', 'AD']",Normal:1|AD:3,False,,2160,0.0,0.9763888888888889,0.9763888888888889,0.9763757187166456,0.010185185185185186,0.9761764749636187
noisy,binary,M6,RBF,LODO+LOSO-within-class,noise-robustness-only,9,22,"['Normal', 'AD']",Normal:1|AD:3,False,,2160,0.0,0.9824074074074074,0.9824074074074074,0.9824071660790957,0.021759259259259256,0.9848534123161606
noisy,binary,M6,kNN,LODO+LOSO-within-class,noise-robustness-only,9,22,"['Normal', 'AD']",Normal:1|AD:3,False,,2160,0.0,0.9523148148148148,0.9523148148148148,0.9522061374554751,0.031481481481481444,0.9778370893070149
noisy,binary,M6,ORD,LODO+LOSO-within-class,noise-robustness-only,9,22,"['Normal', 'AD']",Normal:1|AD:3,False,,2160,0.0,0.9861111111111112,0.9861111111111112,0.9861087768520773,0.015740740740740722,0.9872792701577502
noisy,binary,M7,LDA,LODO+LOSO-within-class,noise-robustness-only,9,6,"['Normal', 'AD']",Normal:1|AD:3,False,,2160,0.0,0.7421296296296296,0.7421296296296296,0.7421269213432669,0.27361111111111114,0.8002271613008662
noisy,binary,M7,LR,LODO+LOSO-within-class,noise-robustness-only,9,6,"['Normal', 'AD']",Normal:1|AD:3,False,,2160,0.0,0.7393518518518518,0.7393518518518518,0.7390538018068048,0.27268518518518514,0.8046316355284805
noisy,binary,M7,LSVM,LODO+LOSO-within-class,noise-robustness-only,9,6,"['Normal', 'AD']",Normal:1|AD:3,False,,2160,0.0,0.7421296296296296,0.7421296296296296,0.7416507066533446,0.28888888888888886,0.8069223884413758
noisy,binary,M7,RBF,LODO+LOSO-within-class,noise-robustness-only,9,6,"['Normal', 'AD']",Normal:1|AD:3,False,,2160,0.0,0.7444444444444445,0.7444444444444445,0.7434571150458168,0.23333333333333328,0.8003154205607477
noisy,binary,M7,kNN,LODO+LOSO-within-class,noise-robustness-only,9,6,"['Normal', 'AD']",Normal:1|AD:3,False,,2160,0.0,0.7421296296296296,0.7421296296296296,0.741396598511513,0.24861111111111112,0.8070241013382866
noisy,binary,M7,ORD,LODO+LOSO-within-class,noise-robustness-only,9,6,"['Normal', 'AD']",Normal:1|AD:3,False,,2160,0.0,0.7439814814814815,0.7439814814814815,0.7437199611486258,0.2796296296296297,0.8006750465549348
noisy,binary,M8,LDA,LODO+LOSO-within-class,noise-robustness-only,9,4,"['Normal', 'AD']",Normal:1|AD:3,False,,2160,0.0,0.7555555555555555,0.7555555555555555,0.7555547172658342,0.43472222222222223,0.8566221451876019
noisy,binary,M8,LR,LODO+LOSO-within-class,noise-robustness-only,9,4,"['Normal', 'AD']",Normal:1|AD:3,False,,2160,0.0,0.7430555555555556,0.7430555555555556,0.743043163732819,0.549537037037037,0.8405236159586245
noisy,binary,M8,LSVM,LODO+LOSO-within-class,noise-robustness-only,9,4,"['Normal', 'AD']",Normal:1|AD:3,False,,2160,0.0,0.6611111111111111,0.6611111111111111,0.6605978176872431,0.9856481481481482,0.8046218487394958
noisy,binary,M8,RBF,LODO+LOSO-within-class,noise-robustness-only,9,4,"['Normal', 'AD']",Normal:1|AD:3,False,,2160,0.0,0.5444444444444444,0.5444444444444444,0.5442553322880894,1.0,
noisy,binary,M8,kNN,LODO+LOSO-within-class,noise-robustness-only,9,4,"['Normal', 'AD']",Normal:1|AD:3,False,,2160,0.0,0.5282407407407408,0.5282407407407408,0.5281022745228527,0.9939814814814815,0.5
noisy,binary,M8,ORD,LODO+LOSO-within-class,noise-robustness-only,9,4,"['Normal', 'AD']",Normal:1|AD:3,False,,2160,0.0,0.5597222222222222,0.5597222222222222,0.5594154108088387,1.0,
noisy,binary,COMB,LDA,LODO+LOSO-within-class,noise-robustness-only,9,3,"['Normal', 'AD']",Normal:1|AD:3,False,chosen M5.C3+M6.A[3.40]+M6.A[3.45]×6; M5.C3+M6.A[3.40]+M5.C2×3,2160,0.0,0.9990740740740741,0.999074074074074,0.9990740732802411,0.0037037037037036535,0.9962686567164178
noisy,binary,COMB,LR,LODO+LOSO-within-class,noise-robustness-only,9,3,"['Normal', 'AD']",Normal:1|AD:3,False,chosen M5.C3+M6.A[3.40]+M6.A[3.45]×6; M5.C3+M6.A[3.40]+M5.C2×3,2160,0.0,0.9990740740740741,0.999074074074074,0.9990740732802411,0.005555555555555536,0.9990636704119851
noisy,binary,COMB,LSVM,LODO+LOSO-within-class,noise-robustness-only,9,3,"['Normal', 'AD']",Normal:1|AD:3,False,chosen M5.C3+M6.A[3.40]+M6.A[3.45]×6; M5.C3+M6.A[3.40]+M5.C2×3,2160,0.0,0.9962962962962963,0.9962962962962962,0.9962962454903359,0.0050925925925925375,0.9981290926099158
noisy,binary,COMB,RBF,LODO+LOSO-within-class,noise-robustness-only,9,3,"['Normal', 'AD']",Normal:1|AD:3,False,chosen M5.C3+M6.A[3.40]+M6.A[3.45]×6; M5.C3+M6.A[3.40]+M5.C2×3,2160,0.0,0.9949074074074075,0.9949074074074074,0.9949072753301429,0.00462962962962965,0.997196261682243
noisy,binary,COMB,kNN,LODO+LOSO-within-class,noise-robustness-only,9,3,"['Normal', 'AD']",Normal:1|AD:3,False,chosen M5.C3+M6.A[3.40]+M6.A[3.45]×6; M5.C3+M6.A[3.40]+M5.C2×3,2160,0.0,0.9990740740740741,0.999074074074074,0.9990740732802411,0.0050925925925925375,0.9962581852198316
noisy,binary,COMB,ORD,LODO+LOSO-within-class,noise-robustness-only,9,3,"['Normal', 'AD']",Normal:1|AD:3,False,chosen M5.C3+M6.A[3.40]+M6.A[3.45]×6; M5.C3+M6.A[3.40]+M5.C2×3,2160,0.0,0.9990740740740741,0.999074074074074,0.9990740732802411,0.00462962962962965,0.9934640522875817
noisy,binary,M9,LDA,LODO+LOSO-within-class,noise-robustness-only,9,3618,"['Normal', 'AD']",Normal:1|AD:3,False,,2160,0.0,1.0,1.0,1.0,0.0009259259259258856,1.0
noisy,binary,M9,LR,LODO+LOSO-within-class,noise-robustness-only,9,3618,"['Normal', 'AD']",Normal:1|AD:3,False,,2160,0.0,1.0,1.0,1.0,0.0,1.0
noisy,binary,M9,LSVM,LODO+LOSO-within-class,noise-robustness-only,9,3618,"['Normal', 'AD']",Normal:1|AD:3,False,,2160,0.0,0.9893518518518518,0.9893518518518518,0.9893506443953372,0.010185185185185186,0.999054820415879
noisy,binary,M9,RBF,LODO+LOSO-within-class,noise-robustness-only,9,3618,"['Normal', 'AD']",Normal:1|AD:3,False,,2160,0.0,0.999537037037037,0.9995370370370371,0.999537036937808,0.0,0.9995370370370371
noisy,binary,M9,kNN,LODO+LOSO-within-class,noise-robustness-only,9,3618,"['Normal', 'AD']",Normal:1|AD:3,False,,2160,0.0,0.9819444444444444,0.9819444444444445,0.9819391449522976,0.01620370370370372,0.9938961950099479
noisy,binary,M9,ORD,LODO+LOSO-within-class,noise-robustness-only,9,3618,"['Normal', 'AD']",Normal:1|AD:3,False,,2160,0.0,1.0,1.0,1.0,0.0,1.0
noisy,three_merged,M0,LDA,LODO+LOSO-within-class,noise-robustness-only,6,1,"['Normal', 'Mild+Moderate', 'Severe']",Normal:1|Mild+Moderate:2|Severe:1,True,,2160,0.0,0.41759259259259257,0.41759259259259257,0.3792274387087864,0.9976851851851852,
noisy,three_merged,M0,LR,LODO+LOSO-within-class,noise-robustness-only,6,1,"['Normal', 'Mild+Moderate', 'Severe']",Normal:1|Mild+Moderate:2|Severe:1,True,,2160,0.0,0.41805555555555557,0.41805555555555557,0.3768014156721636,0.9972222222222222,
noisy,three_merged,M0,LSVM,LODO+LOSO-within-class,noise-robustness-only,6,1,"['Normal', 'Mild+Moderate', 'Severe']",Normal:1|Mild+Moderate:2|Severe:1,True,,2160,0.0,0.3972222222222222,0.3972222222222222,0.3468421577633583,0.999537037037037,
noisy,three_merged,M0,RBF,LODO+LOSO-within-class,noise-robustness-only,6,1,"['Normal', 'Mild+Moderate', 'Severe']",Normal:1|Mild+Moderate:2|Severe:1,True,,2160,0.0,0.4166666666666667,0.4166666666666667,0.4094838033621781,1.0,
noisy,three_merged,M0,kNN,LODO+LOSO-within-class,noise-robustness-only,6,1,"['Normal', 'Mild+Moderate', 'Severe']",Normal:1|Mild+Moderate:2|Severe:1,True,,2160,0.0,0.362962962962963,0.362962962962963,0.36056331005831915,0.9879629629629629,0.43333333333333335
noisy,three_merged,M0,ORD,LODO+LOSO-within-class,noise-robustness-only,6,1,"['Normal', 'Mild+Moderate', 'Severe']",Normal:1|Mild+Moderate:2|Severe:1,True,,2160,0.0,0.4115740740740741,0.41157407407407404,0.38487747452153087,0.9976851851851852,
noisy,three_merged,M1,LDA,LODO+LOSO-within-class,noise-robustness-only,6,1,"['Normal', 'Mild+Moderate', 'Severe']",Normal:1|Mild+Moderate:2|Severe:1,True,,2160,0.0,0.3365740740740741,0.3365740740740741,0.32671323249961604,1.0,
noisy,three_merged,M1,LR,LODO+LOSO-within-class,noise-robustness-only,6,1,"['Normal', 'Mild+Moderate', 'Severe']",Normal:1|Mild+Moderate:2|Severe:1,True,,2160,0.0,0.33611111111111114,0.3361111111111111,0.3262703828000027,1.0,
noisy,three_merged,M1,LSVM,LODO+LOSO-within-class,noise-robustness-only,6,1,"['Normal', 'Mild+Moderate', 'Severe']",Normal:1|Mild+Moderate:2|Severe:1,True,,2160,0.0,0.33425925925925926,0.33425925925925926,0.2039134469013634,1.0,
noisy,three_merged,M1,RBF,LODO+LOSO-within-class,noise-robustness-only,6,1,"['Normal', 'Mild+Moderate', 'Severe']",Normal:1|Mild+Moderate:2|Severe:1,True,,2160,0.0,0.33425925925925926,0.33425925925925926,0.3213997896317236,1.0,
noisy,three_merged,M1,kNN,LODO+LOSO-within-class,noise-robustness-only,6,1,"['Normal', 'Mild+Moderate', 'Severe']",Normal:1|Mild+Moderate:2|Severe:1,True,,2160,0.0,0.33564814814814814,0.33564814814814814,0.33294630088533866,0.9935185185185185,0.1111111111111111
noisy,three_merged,M1,ORD,LODO+LOSO-within-class,noise-robustness-only,6,1,"['Normal', 'Mild+Moderate', 'Severe']",Normal:1|Mild+Moderate:2|Severe:1,True,,2160,0.0,0.3453703703703704,0.3453703703703704,0.2886673349540773,1.0,
noisy,three_merged,M2,LDA,LODO+LOSO-within-class,noise-robustness-only,6,1,"['Normal', 'Mild+Moderate', 'Severe']",Normal:1|Mild+Moderate:2|Severe:1,True,,2160,0.0,0.37546296296296294,0.37546296296296294,0.31987355142554996,1.0,
noisy,three_merged,M2,LR,LODO+LOSO-within-class,noise-robustness-only,6,1,"['Normal', 'Mild+Moderate', 'Severe']",Normal:1|Mild+Moderate:2|Severe:1,True,,2160,0.0,0.37592592592592594,0.37592592592592594,0.3153187411324165,1.0,
noisy,three_merged,M2,LSVM,LODO+LOSO-within-class,noise-robustness-only,6,1,"['Normal', 'Mild+Moderate', 'Severe']",Normal:1|Mild+Moderate:2|Severe:1,True,,2160,0.0,0.34444444444444444,0.3444444444444444,0.2626593581597451,1.0,
noisy,three_merged,M2,RBF,LODO+LOSO-within-class,noise-robustness-only,6,1,"['Normal', 'Mild+Moderate', 'Severe']",Normal:1|Mild+Moderate:2|Severe:1,True,,2160,0.0,0.375,0.375,0.37016685555831236,1.0,
noisy,three_merged,M2,kNN,LODO+LOSO-within-class,noise-robustness-only,6,1,"['Normal', 'Mild+Moderate', 'Severe']",Normal:1|Mild+Moderate:2|Severe:1,True,,2160,0.0,0.3439814814814815,0.3439814814814815,0.3421930397720487,0.9935185185185185,0.2222222222222222
noisy,three_merged,M2,ORD,LODO+LOSO-within-class,noise-robustness-only,6,1,"['Normal', 'Mild+Moderate', 'Severe']",Normal:1|Mild+Moderate:2|Severe:1,True,,2160,0.0,0.37175925925925923,0.37175925925925934,0.3225148574303844,1.0,
noisy,three_merged,M5,LDA,LODO+LOSO-within-class,noise-robustness-only,6,4,"['Normal', 'Mild+Moderate', 'Severe']",Normal:1|Mild+Moderate:2|Severe:1,True,,2160,0.0,0.9300925925925926,0.9300925925925926,0.9301851550789707,0.03703703703703709,0.9096692282377828
noisy,three_merged,M5,LR,LODO+LOSO-within-class,noise-robustness-only,6,4,"['Normal', 'Mild+Moderate', 'Severe']",Normal:1|Mild+Moderate:2|Severe:1,True,,2160,0.0,0.9189814814814815,0.9189814814814814,0.9192064380053885,0.03194444444444444,0.9339304996766208
noisy,three_merged,M5,LSVM,LODO+LOSO-within-class,noise-robustness-only,6,4,"['Normal', 'Mild+Moderate', 'Severe']",Normal:1|Mild+Moderate:2|Severe:1,True,,2160,0.0,0.8967592592592593,0.8967592592592593,0.8974701918294757,0.03703703703703709,0.9346226294138752
noisy,three_merged,M5,RBF,LODO+LOSO-within-class,noise-robustness-only,6,4,"['Normal', 'Mild+Moderate', 'Severe']",Normal:1|Mild+Moderate:2|Severe:1,True,,2160,0.0,0.9208333333333333,0.9208333333333334,0.9210454797368467,0.001388888888888884,0.921135142332759
noisy,three_merged,M5,kNN,LODO+LOSO-within-class,noise-robustness-only,6,4,"['Normal', 'Mild+Moderate', 'Severe']",Normal:1|Mild+Moderate:2|Severe:1,True,,2160,0.0,0.9259259259259259,0.9259259259259259,0.9259211548685232,0.056481481481481466,0.941061065702074
noisy,three_merged,M5,ORD,LODO+LOSO-within-class,noise-robustness-only,6,4,"['Normal', 'Mild+Moderate', 'Severe']",Normal:1|Mild+Moderate:2|Severe:1,True,,2160,0.0,0.8842592592592593,0.8842592592592592,0.8828098731477977,0.09120370370370368,0.9167310283817646
noisy,three_merged,M5.C3,LDA,LODO+LOSO-within-class,noise-robustness-only,6,1,"['Normal', 'Mild+Moderate', 'Severe']",Normal:1|Mild+Moderate:2|Severe:1,True,,2160,0.0,0.5254629629629629,0.525462962962963,0.5225524247387233,0.4703703703703703,0.5570921985815603
noisy,three_merged,M5.C3,LR,LODO+LOSO-within-class,noise-robustness-only,6,1,"['Normal', 'Mild+Moderate', 'Severe']",Normal:1|Mild+Moderate:2|Severe:1,True,,2160,0.0,0.5277777777777778,0.5277777777777778,0.517004778249675,0.45092592592592595,0.6320648553827568
noisy,three_merged,M5.C3,LSVM,LODO+LOSO-within-class,noise-robustness-only,6,1,"['Normal', 'Mild+Moderate', 'Severe']",Normal:1|Mild+Moderate:2|Severe:1,True,,2160,0.0,0.6467592592592593,0.6467592592592593,0.5417603317253145,0.2319444444444444,0.6479060379823739
noisy,three_merged,M5.C3,RBF,LODO+LOSO-within-class,noise-robustness-only,6,1,"['Normal', 'Mild+Moderate', 'Severe']",Normal:1|Mild+Moderate:2|Severe:1,True,,2160,0.0,0.6569444444444444,0.6569444444444444,0.6399937631389675,0.42314814814814816,0.6041096861544829
noisy,three_merged,M5.C3,kNN,LODO+LOSO-within-class,noise-robustness-only,6,1,"['Normal', 'Mild+Moderate', 'Severe']",Normal:1|Mild+Moderate:2|Severe:1,True,,2160,0.0,0.6597222222222222,0.6597222222222222,0.6523911728023167,0.45925925925925926,0.6624806596993027
noisy,three_merged,M5.C3,ORD,LODO+LOSO-within-class,noise-robustness-only,6,1,"['Normal', 'Mild+Moderate', 'Severe']",Normal:1|Mild+Moderate:2|Severe:1,True,,2160,0.0,0.5907407407407408,0.5907407407407407,0.5950258361812095,0.499537037037037,0.6178421578421579
noisy,three_merged,M5.C3[k3],LDA,LODO+LOSO-within-class,noise-robustness-only,6,1,"['Normal', 'Mild+Moderate', 'Severe']",Normal:1|Mild+Moderate:2|Severe:1,True,,2160,0.0,0.5504629629629629,0.550462962962963,0.5417836346763137,0.4541666666666667,0.5503646313810492
noisy,three_merged,M5.C3[k3],LR,LODO+LOSO-within-class,noise-robustness-only,6,1,"['Normal', 'Mild+Moderate', 'Severe']",Normal:1|Mild+Moderate:2|Severe:1,True,,2160,0.0,0.5444444444444444,0.5444444444444444,0.5350977887567988,0.41527777777777775,0.6134737690293246
noisy,three_merged,M5.C3[k3],LSVM,LODO+LOSO-within-class,noise-robustness-only,6,1,"['Normal', 'Mild+Moderate', 'Severe']",Normal:1|Mild+Moderate:2|Severe:1,True,,2160,0.0,0.6467592592592593,0.6467592592592593,0.5433372074295589,0.2861111111111111,0.6260350026884457
noisy,three_merged,M5.C3[k3],RBF,LODO+LOSO-within-class,noise-robustness-only,6,1,"['Normal', 'Mild+Moderate', 'Severe']",Normal:1|Mild+Moderate:2|Severe:1,True,,2160,0.0,0.6731481481481482,0.6731481481481482,0.643065102735841,0.32731481481481484,0.6594600020074275
noisy,three_merged,M5.C3[k3],kNN,LODO+LOSO-within-class,noise-robustness-only,6,1,"['Normal', 'Mild+Moderate', 'Severe']",Normal:1|Mild+Moderate:2|Severe:1,True,,2160,0.0,0.6768518518518518,0.6768518518518518,0.6586977834578447,0.4268518518518518,0.6378438312934454
noisy,three_merged,M5.C3[k3],ORD,LODO+LOSO-within-class,noise-robustness-only,6,1,"['Normal', 'Mild+Moderate', 'Severe']",Normal:1|Mild+Moderate:2|Severe:1,True,,2160,0.0,0.6087962962962963,0.6087962962962963,0.6107152548953793,0.45787037037037037,0.6228316924519456
noisy,three_merged,M5.C3[nested],LDA,LODO+LOSO-within-class,noise-robustness-only,6,1,"['Normal', 'Mild+Moderate', 'Severe']",Normal:1|Mild+Moderate:2|Severe:1,True,"windows 3.55-3.65×3, 3.20-3.60×1, 3.20-3.40×1, 3.20-3.50×1",2160,0.0,0.6037037037037037,0.6037037037037036,0.5702257173875712,0.38611111111111107,0.5558160106147721
noisy,three_merged,M5.C3[nested],LR,LODO+LOSO-within-class,noise-robustness-only,6,1,"['Normal', 'Mild+Moderate', 'Severe']",Normal:1|Mild+Moderate:2|Severe:1,True,"windows 3.55-3.65×3, 3.20-3.60×1, 3.20-3.40×1, 3.20-3.50×1",2160,0.0,0.6041666666666666,0.6041666666666666,0.5700195213326685,0.32407407407407407,0.5545727252271838
noisy,three_merged,M5.C3[nested],LSVM,LODO+LOSO-within-class,noise-robustness-only,6,1,"['Normal', 'Mild+Moderate', 'Severe']",Normal:1|Mild+Moderate:2|Severe:1,True,"windows 3.55-3.65×3, 3.20-3.60×1, 3.20-3.40×1, 3.20-3.50×1",2160,0.0,0.6212962962962963,0.6212962962962963,0.5603992498428626,0.3226851851851852,0.5841506680195422
noisy,three_merged,M5.C3[nested],RBF,LODO+LOSO-within-class,noise-robustness-only,6,1,"['Normal', 'Mild+Moderate', 'Severe']",Normal:1|Mild+Moderate:2|Severe:1,True,"windows 3.55-3.65×3, 3.20-3.60×1, 3.20-3.40×1, 3.20-3.50×1",2160,0.0,0.6240740740740741,0.6240740740740741,0.5287215420168174,0.39768518518518514,0.604322314572534
noisy,three_merged,M5.C3[nested],kNN,LODO+LOSO-within-class,noise-robustness-only,6,1,"['Normal', 'Mild+Moderate', 'Severe']",Normal:1|Mild+Moderate:2|Severe:1,True,"windows 3.55-3.65×3, 3.20-3.60×1, 3.20-3.40×1, 3.20-3.50×1",2160,0.0,0.6087962962962963,0.6087962962962963,0.5543284141470254,0.43472222222222223,0.6218687567235285
noisy,three_merged,M5.C3[nested],ORD,LODO+LOSO-within-class,noise-robustness-only,6,1,"['Normal', 'Mild+Moderate', 'Severe']",Normal:1|Mild+Moderate:2|Severe:1,True,"windows 3.55-3.65×3, 3.20-3.60×1, 3.20-3.40×1, 3.20-3.50×1",2160,0.0,0.611574074074074,0.611574074074074,0.6084724500680383,0.4712962962962963,0.6317250719485356
noisy,three_merged,M6,LDA,LODO+LOSO-within-class,noise-robustness-only,6,22,"['Normal', 'Mild+Moderate', 'Severe']",Normal:1|Mild+Moderate:2|Severe:1,True,,2160,0.0,0.9412037037037037,0.9412037037037037,0.9409751148672719,0.09120370370370368,0.925511366498602
noisy,three_merged,M6,LR,LODO+LOSO-within-class,noise-robustness-only,6,22,"['Normal', 'Mild+Moderate', 'Severe']",Normal:1|Mild+Moderate:2|Severe:1,True,,2160,0.0,0.8875,0.8875000000000001,0.8863088251954231,0.08101851851851849,0.9007618009904732
noisy,three_merged,M6,LSVM,LODO+LOSO-within-class,noise-robustness-only,6,22,"['Normal', 'Mild+Moderate', 'Severe']",Normal:1|Mild+Moderate:2|Severe:1,True,,2160,0.0,0.8578703703703704,0.8578703703703704,0.8557584124227672,0.06712962962962965,0.9304725486537282
noisy,three_merged,M6,RBF,LODO+LOSO-within-class,noise-robustness-only,6,22,"['Normal', 'Mild+Moderate', 'Severe']",Normal:1|Mild+Moderate:2|Severe:1,True,,2160,0.0,0.8736111111111111,0.8736111111111112,0.8725389218196309,0.09074074074074079,0.875902738345253
noisy,three_merged,M6,kNN,LODO+LOSO-within-class,noise-robustness-only,6,22,"['Normal', 'Mild+Moderate', 'Severe']",Normal:1|Mild+Moderate:2|Severe:1,True,,2160,0.0,0.8356481481481481,0.8356481481481483,0.8330854977111929,0.22870370370370374,0.8972129382880549
noisy,three_merged,M6,ORD,LODO+LOSO-within-class,noise-robustness-only,6,22,"['Normal', 'Mild+Moderate', 'Severe']",Normal:1|Mild+Moderate:2|Severe:1,True,,2160,0.0,0.9342592592592592,0.9342592592592593,0.9340208065208064,0.1337962962962963,0.9602474381906676
noisy,three_merged,M7,LDA,LODO+LOSO-within-class,noise-robustness-only,6,6,"['Normal', 'Mild+Moderate', 'Severe']",Normal:1|Mild+Moderate:2|Severe:1,True,,2160,0.0,0.6263888888888889,0.6263888888888889,0.6274803119067754,0.6467592592592593,0.6709657005489079
noisy,three_merged,M7,LR,LODO+LOSO-within-class,noise-robustness-only,6,6,"['Normal', 'Mild+Moderate', 'Severe']",Normal:1|Mild+Moderate:2|Severe:1,True,,2160,0.0,0.6287037037037037,0.6287037037037037,0.6293358825295708,0.6550925925925926,0.6561099959271542
noisy,three_merged,M7,LSVM,LODO+LOSO-within-class,noise-robustness-only,6,6,"['Normal', 'Mild+Moderate', 'Severe']",Normal:1|Mild+Moderate:2|Severe:1,True,,2160,0.0,0.6236111111111111,0.6236111111111111,0.6091825110383958,0.662037037037037,0.6584900333012561
noisy,three_merged,M7,RBF,LODO+LOSO-within-class,noise-robustness-only,6,6,"['Normal', 'Mild+Moderate', 'Severe']",Normal:1|Mild+Moderate:2|Severe:1,True,,2160,0.0,0.6287037037037037,0.6287037037037037,0.6313946475558456,0.5675925925925926,0.6444357976653697
noisy,three_merged,M7,kNN,LODO+LOSO-within-class,noise-robustness-only,6,6,"['Normal', 'Mild+Moderate', 'Severe']",Normal:1|Mild+Moderate:2|Severe:1,True,,2160,0.0,0.6134259259259259,0.6134259259259259,0.6139468763226661,0.5657407407407408,0.6616842448437982
noisy,three_merged,M7,ORD,LODO+LOSO-within-class,noise-robustness-only,6,6,"['Normal', 'Mild+Moderate', 'Severe']",Normal:1|Mild+Moderate:2|Severe:1,True,,2160,0.0,0.6370370370370371,0.6370370370370371,0.6406938472712286,0.662962962962963,0.6556776556776557
noisy,three_merged,M8,LDA,LODO+LOSO-within-class,noise-robustness-only,6,4,"['Normal', 'Mild+Moderate', 'Severe']",Normal:1|Mild+Moderate:2|Severe:1,True,,2160,0.0,0.6166666666666667,0.6166666666666666,0.6148540615693899,0.750462962962963,0.6862296798837803
noisy,three_merged,M8,LR,LODO+LOSO-within-class,noise-robustness-only,6,4,"['Normal', 'Mild+Moderate', 'Severe']",Normal:1|Mild+Moderate:2|Severe:1,True,,2160,0.0,0.5976851851851852,0.5976851851851852,0.5951480260718048,0.7416666666666667,0.6343189846117083
noisy,three_merged,M8,LSVM,LODO+LOSO-within-class,noise-robustness-only,6,4,"['Normal', 'Mild+Moderate', 'Severe']",Normal:1|Mild+Moderate:2|Severe:1,True,,2160,0.0,0.4388888888888889,0.4388888888888889,0.4154667172655701,0.9925925925925926,0.2222222222222222
noisy,three_merged,M8,RBF,LODO+LOSO-within-class,noise-robustness-only,6,4,"['Normal', 'Mild+Moderate', 'Severe']",Normal:1|Mild+Moderate:2|Severe:1,True,,2160,0.0,0.375,0.375,0.3702814719873469,1.0,
noisy,three_merged,M8,kNN,LODO+LOSO-within-class,noise-robustness-only,6,4,"['Normal', 'Mild+Moderate', 'Severe']",Normal:1|Mild+Moderate:2|Severe:1,True,,2160,0.0,0.3537037037037037,0.3537037037037037,0.3520851853742723,0.9907407407407407,0.2962962962962963
noisy,three_merged,M8,ORD,LODO+LOSO-within-class,noise-robustness-only,6,4,"['Normal', 'Mild+Moderate', 'Severe']",Normal:1|Mild+Moderate:2|Severe:1,True,,2160,0.0,0.375,0.375,0.3288878938469236,1.0,
noisy,three_merged,COMB,LDA,LODO+LOSO-within-class,noise-robustness-only,6,3,"['Normal', 'Mild+Moderate', 'Severe']",Normal:1|Mild+Moderate:2|Severe:1,True,chosen M6.A[3.40]+M5.C2+M6.A[3.65]×2; M5.C2+M6.A[3.40]+M5.C×2; M6.A[3.40]+M5.C3+M5.C2×1; M5.C2+M6.A[3.40]+M5.C1×1,2160,0.0,0.8689814814814815,0.8689814814814815,0.8630872610309807,0.059259259259259234,0.8736188046697105
noisy,three_merged,COMB,LR,LODO+LOSO-within-class,noise-robustness-only,6,3,"['Normal', 'Mild+Moderate', 'Severe']",Normal:1|Mild+Moderate:2|Severe:1,True,chosen M6.A[3.40]+M5.C2+M6.A[3.65]×2; M5.C2+M6.A[3.40]+M5.C×2; M6.A[3.40]+M5.C3+M5.C2×1; M5.C2+M6.A[3.40]+M5.C1×1,2160,0.0,0.8787037037037037,0.8787037037037037,0.8742014793895841,0.047685185185185164,0.8948738914179085
noisy,three_merged,COMB,LSVM,LODO+LOSO-within-class,noise-robustness-only,6,3,"['Normal', 'Mild+Moderate', 'Severe']",Normal:1|Mild+Moderate:2|Severe:1,True,chosen M6.A[3.40]+M5.C2+M6.A[3.65]×2; M5.C2+M6.A[3.40]+M5.C×2; M6.A[3.40]+M5.C3+M5.C2×1; M5.C2+M6.A[3.40]+M5.C1×1,2160,0.0,0.8634259259259259,0.8634259259259259,0.8587123697620491,0.05509259259259258,0.8897893702843155
noisy,three_merged,COMB,RBF,LODO+LOSO-within-class,noise-robustness-only,6,3,"['Normal', 'Mild+Moderate', 'Severe']",Normal:1|Mild+Moderate:2|Severe:1,True,chosen M6.A[3.40]+M5.C2+M6.A[3.65]×2; M5.C2+M6.A[3.40]+M5.C×2; M6.A[3.40]+M5.C3+M5.C2×1; M5.C2+M6.A[3.40]+M5.C1×1,2160,0.0,0.8717592592592592,0.8717592592592592,0.8671602657471477,0.010185185185185186,0.8720321962601068
noisy,three_merged,COMB,kNN,LODO+LOSO-within-class,noise-robustness-only,6,3,"['Normal', 'Mild+Moderate', 'Severe']",Normal:1|Mild+Moderate:2|Severe:1,True,chosen M6.A[3.40]+M5.C2+M6.A[3.65]×2; M5.C2+M6.A[3.40]+M5.C×2; M6.A[3.40]+M5.C3+M5.C2×1; M5.C2+M6.A[3.40]+M5.C1×1,2160,0.0,0.8787037037037037,0.8787037037037037,0.8739965983242571,0.124537037037037,0.9299013675723239
noisy,three_merged,COMB,ORD,LODO+LOSO-within-class,noise-robustness-only,6,3,"['Normal', 'Mild+Moderate', 'Severe']",Normal:1|Mild+Moderate:2|Severe:1,True,chosen M6.A[3.40]+M5.C2+M6.A[3.65]×2; M5.C2+M6.A[3.40]+M5.C×2; M6.A[3.40]+M5.C3+M5.C2×1; M5.C2+M6.A[3.40]+M5.C1×1,2160,0.0,0.8740740740740741,0.8740740740740741,0.868346042803958,0.10879629629629628,0.9139366963402571
noisy,three_merged,M9,LDA,LODO+LOSO-within-class,noise-robustness-only,6,3618,"['Normal', 'Mild+Moderate', 'Severe']",Normal:1|Mild+Moderate:2|Severe:1,True,,2160,0.0,0.962037037037037,0.962037037037037,0.9620158614659794,0.018055555555555602,0.8689738686764213
noisy,three_merged,M9,LR,LODO+LOSO-within-class,noise-robustness-only,6,3618,"['Normal', 'Mild+Moderate', 'Severe']",Normal:1|Mild+Moderate:2|Severe:1,True,,2160,0.0,0.8888888888888888,0.888888888888889,0.8882771452360338,0.017592592592592604,0.9382000529769821
noisy,three_merged,M9,LSVM,LODO+LOSO-within-class,noise-robustness-only,6,3618,"['Normal', 'Mild+Moderate', 'Severe']",Normal:1|Mild+Moderate:2|Severe:1,True,,2160,0.0,0.8203703703703704,0.8203703703703704,0.8182071883248493,0.02546296296296291,0.9359359359359359
noisy,three_merged,M9,RBF,LODO+LOSO-within-class,noise-robustness-only,6,3618,"['Normal', 'Mild+Moderate', 'Severe']",Normal:1|Mild+Moderate:2|Severe:1,True,,2160,0.0,0.9115740740740741,0.911574074074074,0.910987758817639,0.050000000000000044,0.9703414957836598
noisy,three_merged,M9,kNN,LODO+LOSO-within-class,noise-robustness-only,6,3618,"['Normal', 'Mild+Moderate', 'Severe']",Normal:1|Mild+Moderate:2|Severe:1,True,,2160,0.0,0.8643518518518518,0.8643518518518518,0.8634298185981609,0.19120370370370365,0.9189483501865355
noisy,three_merged,M9,ORD,LODO+LOSO-within-class,noise-robustness-only,6,3618,"['Normal', 'Mild+Moderate', 'Severe']",Normal:1|Mild+Moderate:2|Severe:1,True,,2160,0.0,0.9662037037037037,0.9662037037037038,0.966176283918435,0.008796296296296302,0.9667517171885255
noisy,three,M0,LDA,LODO,noise-robustness-only,3,1,"['Normal', 'Mild', 'Severe']",Normal:1|Mild:1|Severe:1,True,,1080,0.0,0.4148148148148148,0.4148148148148148,0.37746983882477564,0.9981481481481481,
noisy,three,M0,LR,LODO,noise-robustness-only,3,1,"['Normal', 'Mild', 'Severe']",Normal:1|Mild:1|Severe:1,True,,1080,0.0,0.41203703703703703,0.41203703703703703,0.3703384018885226,0.9972222222222222,
noisy,three,M0,LSVM,LODO,noise-robustness-only,3,1,"['Normal', 'Mild', 'Severe']",Normal:1|Mild:1|Severe:1,True,,1080,0.0,0.41574074074074074,0.41574074074074074,0.3340909220830044,0.9981481481481481,
noisy,three,M0,RBF,LODO,noise-robustness-only,3,1,"['Normal', 'Mild', 'Severe']",Normal:1|Mild:1|Severe:1,True,,1080,0.0,0.412962962962963,0.412962962962963,0.4048630046273629,1.0,
noisy,three,M0,kNN,LODO,noise-robustness-only,3,1,"['Normal', 'Mild', 'Severe']",Normal:1|Mild:1|Severe:1,True,,1080,0.0,0.36018518518518516,0.3601851851851852,0.3563329731863756,0.987037037037037,0.3333333333333333
noisy,three,M0,ORD,LODO,noise-robustness-only,3,1,"['Normal', 'Mild', 'Severe']",Normal:1|Mild:1|Severe:1,True,,1080,0.0,0.4166666666666667,0.4166666666666667,0.3902834785911158,0.9972222222222222,
noisy,three,M1,LDA,LODO,noise-robustness-only,3,1,"['Normal', 'Mild', 'Severe']",Normal:1|Mild:1|Severe:1,True,,1080,0.0,0.3333333333333333,0.3333333333333333,0.27684790249996083,0.6666666666666667,0.3333333333333333
noisy,three,M1,LR,LODO,noise-robustness-only,3,1,"['Normal', 'Mild', 'Severe']",Normal:1|Mild:1|Severe:1,True,,1080,0.0,0.33240740740740743,0.33240740740740743,0.2685017633046475,1.0,
noisy,three,M1,LSVM,LODO,noise-robustness-only,3,1,"['Normal', 'Mild', 'Severe']",Normal:1|Mild:1|Severe:1,True,,1080,0.0,0.33425925925925926,0.33425925925925926,0.267425320056899,0.9768518518518519,0.3333333333333333
noisy,three,M1,RBF,LODO,noise-robustness-only,3,1,"['Normal', 'Mild', 'Severe']",Normal:1|Mild:1|Severe:1,True,,1080,0.0,0.3351851851851852,0.3351851851851852,0.3316728555682044,1.0,
noisy,three,M1,kNN,LODO,noise-robustness-only,3,1,"['Normal', 'Mild', 'Severe']",Normal:1|Mild:1|Severe:1,True,,1080,0.0,0.34629629629629627,0.3462962962962963,0.34401887682639637,1.0,
noisy,three,M1,ORD,LODO,noise-robustness-only,3,1,"['Normal', 'Mild', 'Severe']",Normal:1|Mild:1|Severe:1,True,,1080,0.0,0.3435185185185185,0.3435185185185185,0.28683177352079126,1.0,
noisy,three,M2,LDA,LODO,noise-robustness-only,3,1,"['Normal', 'Mild', 'Severe']",Normal:1|Mild:1|Severe:1,True,,1080,0.0,0.37222222222222223,0.37222222222222223,0.35977622652122426,1.0,
noisy,three,M2,LR,LODO,noise-robustness-only,3,1,"['Normal', 'Mild', 'Severe']",Normal:1|Mild:1|Severe:1,True,,1080,0.0,0.375,0.375,0.36129451821937425,1.0,
noisy,three,M2,LSVM,LODO,noise-robustness-only,3,1,"['Normal', 'Mild', 'Severe']",Normal:1|Mild:1|Severe:1,True,,1080,0.0,0.3731481481481482,0.3731481481481482,0.35704040820692723,1.0,
noisy,three,M2,RBF,LODO,noise-robustness-only,3,1,"['Normal', 'Mild', 'Severe']",Normal:1|Mild:1|Severe:1,True,,1080,0.0,0.3648148148148148,0.36481481481481487,0.36315107154433357,1.0,
noisy,three,M2,kNN,LODO,noise-robustness-only,3,1,"['Normal', 'Mild', 'Severe']",Normal:1|Mild:1|Severe:1,True,,1080,0.0,0.3685185185185185,0.3685185185185185,0.3637396612215114,0.9916666666666667,0.2222222222222222
noisy,three,M2,ORD,LODO,noise-robustness-only,3,1,"['Normal', 'Mild', 'Severe']",Normal:1|Mild:1|Severe:1,True,,1080,0.0,0.38425925925925924,0.38425925925925924,0.33775721580982676,1.0,
noisy,three,M5,LDA,LODO,noise-robustness-only,3,4,"['Normal', 'Mild', 'Severe']",Normal:1|Mild:1|Severe:1,True,,1080,0.0,0.9212962962962963,0.9212962962962963,0.9214017497523898,0.07407407407407407,0.8672276334776335
noisy,three,M5,LR,LODO,noise-robustness-only,3,4,"['Normal', 'Mild', 'Severe']",Normal:1|Mild:1|Severe:1,True,,1080,0.0,0.9101851851851852,0.9101851851851852,0.910455640148168,0.08425925925925926,0.9319481512215543
noisy,three,M5,LSVM,LODO,noise-robustness-only,3,4,"['Normal', 'Mild', 'Severe']",Normal:1|Mild:1|Severe:1,True,,1080,0.0,0.8981481481481481,0.8981481481481483,0.8987489918112441,0.12685185185185188,0.8919248456511021
noisy,three,M5,RBF,LODO,noise-robustness-only,3,4,"['Normal', 'Mild', 'Severe']",Normal:1|Mild:1|Severe:1,True,,1080,0.0,0.9231481481481482,0.9231481481481482,0.92348620563798,0.017592592592592604,0.9288962337025639
noisy,three,M5,kNN,LODO,noise-robustness-only,3,4,"['Normal', 'Mild', 'Severe']",Normal:1|Mild:1|Severe:1,True,,1080,0.0,0.9222222222222223,0.9222222222222222,0.9224385818203203,0.18055555555555558,0.9302044323382329
noisy,three,M5,ORD,LODO,noise-robustness-only,3,4,"['Normal', 'Mild', 'Severe']",Normal:1|Mild:1|Severe:1,True,,1080,0.0,0.8944444444444445,0.8944444444444444,0.8946329707775212,0.09999999999999998,0.9333795816200084
noisy,three,M5.C3,LDA,LODO,noise-robustness-only,3,1,"['Normal', 'Mild', 'Severe']",Normal:1|Mild:1|Severe:1,True,,1080,0.0,0.47962962962962963,0.47962962962962963,0.487646219744479,0.17314814814814816,0.5425084175084175
noisy,three,M5.C3,LR,LODO,noise-robustness-only,3,1,"['Normal', 'Mild', 'Severe']",Normal:1|Mild:1|Severe:1,True,,1080,0.0,0.4898148148148148,0.48981481481481487,0.49241997645526986,0.312037037037037,0.46604532722179776
noisy,three,M5.C3,LSVM,LODO,noise-robustness-only,3,1,"['Normal', 'Mild', 'Severe']",Normal:1|Mild:1|Severe:1,True,,1080,0.0,0.5564814814814815,0.5564814814814815,0.5471558643878861,0.287962962962963,0.45770723290475956
noisy,three,M5.C3,RBF,LODO,noise-robustness-only,3,1,"['Normal', 'Mild', 'Severe']",Normal:1|Mild:1|Severe:1,True,,1080,0.0,0.5009259259259259,0.5009259259259259,0.49394013517105967,0.31666666666666665,0.4413413358230059
noisy,three,M5.C3,kNN,LODO,noise-robustness-only,3,1,"['Normal', 'Mild', 'Severe']",Normal:1|Mild:1|Severe:1,True,,1080,0.0,0.5370370370370371,0.5370370370370371,0.5376381204633309,0.44259259259259254,0.43620471096874375
noisy,three,M5.C3,ORD,LODO,noise-robustness-only,3,1,"['Normal', 'Mild', 'Severe']",Normal:1|Mild:1|Severe:1,True,,1080,0.0,0.5925925925925926,0.5925925925925926,0.5968640745544406,0.44999999999999996,0.3521567867751518
noisy,three,M5.C3[k3],LDA,LODO,noise-robustness-only,3,1,"['Normal', 'Mild', 'Severe']",Normal:1|Mild:1|Severe:1,True,,1080,0.0,0.5296296296296297,0.5296296296296296,0.5045382065042716,0.14814814814814814,0.6097423510466989
noisy,three,M5.C3[k3],LR,LODO,noise-robustness-only,3,1,"['Normal', 'Mild', 'Severe']",Normal:1|Mild:1|Severe:1,True,,1080,0.0,0.5361111111111111,0.5361111111111111,0.5068436949999892,0.30000000000000004,0.4882125561796394
noisy,three,M5.C3[k3],LSVM,LODO,noise-robustness-only,3,1,"['Normal', 'Mild', 'Severe']",Normal:1|Mild:1|Severe:1,True,,1080,0.0,0.5407407407407407,0.5407407407407407,0.5379202600417751,0.25370370370370365,0.5050341587697028
noisy,three,M5.C3[k3],RBF,LODO,noise-robustness-only,3,1,"['Normal', 'Mild', 'Severe']",Normal:1|Mild:1|Severe:1,True,,1080,0.0,0.5648148148148148,0.5648148148148148,0.531883885262678,0.16574074074074074,0.5694711881329338
noisy,three,M5.C3[k3],kNN,LODO,noise-robustness-only,3,1,"['Normal', 'Mild', 'Severe']",Normal:1|Mild:1|Severe:1,True,,1080,0.0,0.5787037037037037,0.5787037037037037,0.558758151201551,0.38611111111111107,0.5432302954885946
noisy,three,M5.C3[k3],ORD,LODO,noise-robustness-only,3,1,"['Normal', 'Mild', 'Severe']",Normal:1|Mild:1|Severe:1,True,,1080,0.0,0.6083333333333333,0.6083333333333333,0.6106221712801886,0.4388888888888889,0.4274472773056342
noisy,three,M5.C3[nested],LDA,LODO,noise-robustness-only,3,1,"['Normal', 'Mild', 'Severe']",Normal:1|Mild:1|Severe:1,True,"windows 3.20-3.50×1, 3.20-3.40×1, 3.55-3.65×1",1080,0.0,0.5481481481481482,0.5481481481481482,0.5295405772606154,0.3203703703703704,0.5099403865379365
noisy,three,M5.C3[nested],LR,LODO,noise-robustness-only,3,1,"['Normal', 'Mild', 'Severe']",Normal:1|Mild:1|Severe:1,True,"windows 3.20-3.50×1, 3.20-3.40×1, 3.55-3.65×1",1080,0.0,0.5472222222222223,0.5472222222222222,0.5231348939221268,0.26203703703703707,0.5117417735443487
noisy,three,M5.C3[nested],LSVM,LODO,noise-robustness-only,3,1,"['Normal', 'Mild', 'Severe']",Normal:1|Mild:1|Severe:1,True,"windows 3.20-3.50×1, 3.20-3.40×1, 3.55-3.65×1",1080,0.0,0.5611111111111111,0.5611111111111111,0.5211492278036636,0.31018518518518523,0.5001425766835945
noisy,three,M5.C3[nested],RBF,LODO,noise-robustness-only,3,1,"['Normal', 'Mild', 'Severe']",Normal:1|Mild:1|Severe:1,True,"windows 3.20-3.50×1, 3.20-3.40×1, 3.55-3.65×1",1080,0.0,0.5333333333333333,0.5333333333333333,0.48886928688292564,0.3925925925925926,0.4686835919542722
noisy,three,M5.C3[nested],kNN,LODO,noise-robustness-only,3,1,"['Normal', 'Mild', 'Severe']",Normal:1|Mild:1|Severe:1,True,"windows 3.20-3.50×1, 3.20-3.40×1, 3.55-3.65×1",1080,0.0,0.5268518518518519,0.5268518518518518,0.5067181809595963,0.4907407407407407,0.48347613219094243
noisy,three,M5.C3[nested],ORD,LODO,noise-robustness-only,3,1,"['Normal', 'Mild', 'Severe']",Normal:1|Mild:1|Severe:1,True,"windows 3.20-3.50×1, 3.20-3.40×1, 3.55-3.65×1",1080,0.0,0.5416666666666666,0.5416666666666666,0.5261329708562632,0.4,0.47569432465068145
noisy,three,M6,LDA,LODO,noise-robustness-only,3,22,"['Normal', 'Mild', 'Severe']",Normal:1|Mild:1|Severe:1,True,,1080,0.0,0.95,0.9499999999999998,0.9498653094738426,0.08703703703703702,0.9531959056592255
noisy,three,M6,LR,LODO,noise-robustness-only,3,22,"['Normal', 'Mild', 'Severe']",Normal:1|Mild:1|Severe:1,True,,1080,0.0,0.9037037037037037,0.9037037037037038,0.9026877703870603,0.061111111111111116,0.917467612340286
noisy,three,M6,LSVM,LODO,noise-robustness-only,3,22,"['Normal', 'Mild', 'Severe']",Normal:1|Mild:1|Severe:1,True,,1080,0.0,0.8305555555555556,0.8305555555555556,0.8264091457776354,0.047222222222222276,0.9641284594989127
noisy,three,M6,RBF,LODO,noise-robustness-only,3,22,"['Normal', 'Mild', 'Severe']",Normal:1|Mild:1|Severe:1,True,,1080,0.0,0.9009259259259259,0.9009259259259258,0.9008264304697055,0.07685185185185184,0.884272410640146
noisy,three,M6,kNN,LODO,noise-robustness-only,3,22,"['Normal', 'Mild', 'Severe']",Normal:1|Mild:1|Severe:1,True,,1080,0.0,0.7981481481481482,0.7981481481481483,0.79036494559203,0.10925925925925928,0.7996015899557714
noisy,three,M6,ORD,LODO,noise-robustness-only,3,22,"['Normal', 'Mild', 'Severe']",Normal:1|Mild:1|Severe:1,True,,1080,0.0,0.9583333333333334,0.9583333333333334,0.9582336770621289,0.09166666666666667,0.955222945448892
noisy,three,M7,LDA,LODO,noise-robustness-only,3,6,"['Normal', 'Mild', 'Severe']",Normal:1|Mild:1|Severe:1,True,,1080,0.0,0.6305555555555555,0.6305555555555555,0.6324890555309229,0.4564814814814815,0.5619958623001219
noisy,three,M7,LR,LODO,noise-robustness-only,3,6,"['Normal', 'Mild', 'Severe']",Normal:1|Mild:1|Severe:1,True,,1080,0.0,0.6342592592592593,0.6342592592592592,0.6353821473567308,0.6185185185185185,0.6554483242674153
noisy,three,M7,LSVM,LODO,noise-robustness-only,3,6,"['Normal', 'Mild', 'Severe']",Normal:1|Mild:1|Severe:1,True,,1080,0.0,0.6314814814814815,0.6314814814814814,0.5969478812801984,0.6129629629629629,0.6521551349257177
noisy,three,M7,RBF,LODO,noise-robustness-only,3,6,"['Normal', 'Mild', 'Severe']",Normal:1|Mild:1|Severe:1,True,,1080,0.0,0.6388888888888888,0.6388888888888888,0.6426409398661144,0.5240740740740741,0.6518606180144642
noisy,three,M7,kNN,LODO,noise-robustness-only,3,6,"['Normal', 'Mild', 'Severe']",Normal:1|Mild:1|Severe:1,True,,1080,0.0,0.6305555555555555,0.6305555555555555,0.6343056877474055,0.5111111111111111,0.6603783066615377
noisy,three,M7,ORD,LODO,noise-robustness-only,3,6,"['Normal', 'Mild', 'Severe']",Normal:1|Mild:1|Severe:1,True,,1080,0.0,0.649074074074074,0.6490740740740741,0.652158043718146,0.6157407407407407,0.6504629629629629
noisy,three,M8,LDA,LODO,noise-robustness-only,3,4,"['Normal', 'Mild', 'Severe']",Normal:1|Mild:1|Severe:1,True,,1080,0.0,0.6157407407407407,0.6157407407407408,0.6139504308840041,0.7425925925925926,0.6793656152056422
noisy,three,M8,LR,LODO,noise-robustness-only,3,4,"['Normal', 'Mild', 'Severe']",Normal:1|Mild:1|Severe:1,True,,1080,0.0,0.5981481481481481,0.5981481481481481,0.594281460349475,0.6925925925925926,0.652360354030232
noisy,three,M8,LSVM,LODO,noise-robustness-only,3,4,"['Normal', 'Mild', 'Severe']",Normal:1|Mild:1|Severe:1,True,,1080,0.0,0.48055555555555557,0.48055555555555557,0.4697231067915148,0.9962962962962963,
noisy,three,M8,RBF,LODO,noise-robustness-only,3,4,"['Normal', 'Mild', 'Severe']",Normal:1|Mild:1|Severe:1,True,,1080,0.0,0.36203703703703705,0.3620370370370371,0.3602311201218457,1.0,
noisy,three,M8,kNN,LODO,noise-robustness-only,3,4,"['Normal', 'Mild', 'Severe']",Normal:1|Mild:1|Severe:1,True,,1080,0.0,0.35833333333333334,0.35833333333333334,0.3554166244798873,0.9851851851851852,0.2857142857142857
noisy,three,M8,ORD,LODO,noise-robustness-only,3,4,"['Normal', 'Mild', 'Severe']",Normal:1|Mild:1|Severe:1,True,,1080,0.0,0.37777777777777777,0.37777777777777777,0.33231368930498256,1.0,
noisy,three,COMB,LDA,LODO,noise-robustness-only,3,3,"['Normal', 'Mild', 'Severe']",Normal:1|Mild:1|Severe:1,True,chosen M6.A[3.40]+M5.C2+M5.C3×1; M5.C2+M6.A[3.40]+M5.C×1; M5.C2+M5.C1+M6.A[3.40]×1,1080,0.0,0.925,0.9250000000000002,0.9241379593274467,0.08981481481481479,0.9034474343022082
noisy,three,COMB,LR,LODO,noise-robustness-only,3,3,"['Normal', 'Mild', 'Severe']",Normal:1|Mild:1|Severe:1,True,chosen M6.A[3.40]+M5.C2+M5.C3×1; M5.C2+M6.A[3.40]+M5.C×1; M5.C2+M5.C1+M6.A[3.40]×1,1080,0.0,0.9138888888888889,0.9138888888888889,0.9133472507614586,0.04814814814814816,0.9237489035867529
noisy,three,COMB,LSVM,LODO,noise-robustness-only,3,3,"['Normal', 'Mild', 'Severe']",Normal:1|Mild:1|Severe:1,True,chosen M6.A[3.40]+M5.C2+M5.C3×1; M5.C2+M6.A[3.40]+M5.C×1; M5.C2+M5.C1+M6.A[3.40]×1,1080,0.0,0.8870370370370371,0.887037037037037,0.8859351227926187,0.07499999999999996,0.9105608095779204
noisy,three,COMB,RBF,LODO,noise-robustness-only,3,3,"['Normal', 'Mild', 'Severe']",Normal:1|Mild:1|Severe:1,True,chosen M6.A[3.40]+M5.C2+M5.C3×1; M5.C2+M6.A[3.40]+M5.C×1; M5.C2+M5.C1+M6.A[3.40]×1,1080,0.0,0.9203703703703704,0.9203703703703704,0.9199802086010488,0.04351851851851851,0.927155141336928
noisy,three,COMB,kNN,LODO,noise-robustness-only,3,3,"['Normal', 'Mild', 'Severe']",Normal:1|Mild:1|Severe:1,True,chosen M6.A[3.40]+M5.C2+M5.C3×1; M5.C2+M6.A[3.40]+M5.C×1; M5.C2+M5.C1+M6.A[3.40]×1,1080,0.0,0.9111111111111111,0.9111111111111111,0.9100836328685192,0.12222222222222223,0.9340190963302927
noisy,three,COMB,ORD,LODO,noise-robustness-only,3,3,"['Normal', 'Mild', 'Severe']",Normal:1|Mild:1|Severe:1,True,chosen M6.A[3.40]+M5.C2+M5.C3×1; M5.C2+M6.A[3.40]+M5.C×1; M5.C2+M5.C1+M6.A[3.40]×1,1080,0.0,0.9185185185185185,0.9185185185185185,0.9168512129012968,0.07407407407407407,0.9220029276471342
noisy,three,M9,LDA,LODO,noise-robustness-only,3,3618,"['Normal', 'Mild', 'Severe']",Normal:1|Mild:1|Severe:1,True,,1080,0.0,0.9907407407407407,0.9907407407407408,0.9907389542735867,0.04907407407407405,0.800552104899931
noisy,three,M9,LR,LODO,noise-robustness-only,3,3618,"['Normal', 'Mild', 'Severe']",Normal:1|Mild:1|Severe:1,True,,1080,0.0,0.8916666666666667,0.8916666666666666,0.8915902813029275,0.028703703703703676,0.9250253292806484
noisy,three,M9,LSVM,LODO,noise-robustness-only,3,3618,"['Normal', 'Mild', 'Severe']",Normal:1|Mild:1|Severe:1,True,,1080,0.0,0.7712962962962963,0.7712962962962964,0.7672686133722691,0.0444444444444444,0.8892623716153129
noisy,three,M9,RBF,LODO,noise-robustness-only,3,3618,"['Normal', 'Mild', 'Severe']",Normal:1|Mild:1|Severe:1,True,,1080,0.0,0.937037037037037,0.937037037037037,0.9369013301733581,0.1620370370370371,0.9647788185608318
noisy,three,M9,kNN,LODO,noise-robustness-only,3,3618,"['Normal', 'Mild', 'Severe']",Normal:1|Mild:1|Severe:1,True,,1080,0.0,0.8351851851851851,0.8351851851851851,0.8337341520152503,0.22962962962962963,0.905122398462745
noisy,three,M9,ORD,LODO,noise-robustness-only,3,3618,"['Normal', 'Mild', 'Severe']",Normal:1|Mild:1|Severe:1,True,,1080,0.0,0.9851851851851852,0.9851851851851853,0.9851823268377388,0.025000000000000022,0.9951603498542273
very_noisy,binary,M0,LDA,LODO+LOSO-within-class,noise-robustness-only,9,1,"['Normal', 'AD']",Normal:1|AD:3,False,,2112,0.022222222222222223,0.5691287878787878,0.5691202582728005,0.5691191280509296,0.9228219696969697,0.7667921686746988
very_noisy,binary,M0,LR,LODO+LOSO-within-class,noise-robustness-only,9,1,"['Normal', 'AD']",Normal:1|AD:3,False,,2112,0.022222222222222223,0.5691287878787878,0.5691202582728005,0.5691191280509296,0.8792613636363636,0.7250769230769231
very_noisy,binary,M0,LSVM,LODO+LOSO-within-class,noise-robustness-only,9,1,"['Normal', 'AD']",Normal:1|AD:3,False,,2112,0.022222222222222223,0.5691287878787878,0.5691202582728005,0.5691191280509296,0.9209280303030303,0.7603987378083763
very_noisy,binary,M0,RBF,LODO+LOSO-within-class,noise-robustness-only,9,1,"['Normal', 'AD']",Normal:1|AD:3,False,,2112,0.022222222222222223,0.5672348484848485,0.5669034167339252,0.5655889625721593,1.0,
very_noisy,binary,M0,kNN,LODO+LOSO-within-class,noise-robustness-only,9,1,"['Normal', 'AD']",Normal:1|AD:3,False,,2112,0.022222222222222223,0.5648674242424242,0.5647269303201508,0.5645275824012359,0.9715909090909091,0.5
very_noisy,binary,M0,ORD,LODO+LOSO-within-class,noise-robustness-only,9,1,"['Normal', 'AD']",Normal:1|AD:3,False,,2112,0.022222222222222223,0.5691287878787878,0.5691202582728005,0.5691191280509296,0.921875,0.7635909491625037
very_noisy,binary,M0,THR,LODO+LOSO-within-class,noise-robustness-only,9,1,"['Normal', 'AD']",Normal:1|AD:3,False,,2112,0.022222222222222223,0.5696022727272727,0.5693435566316922,0.5685761702137222,0.9100378787878788,0.7506396707086439
very_noisy,binary,M1,LDA,LODO+LOSO-within-class,noise-robustness-only,9,1,"['Normal', 'AD']",Normal:1|AD:3,False,,2112,0.022222222222222223,0.5118371212121212,0.5120338983050847,0.5113453491934009,1.0,
very_noisy,binary,M1,LR,LODO+LOSO-within-class,noise-robustness-only,9,1,"['Normal', 'AD']",Normal:1|AD:3,False,,2112,0.022222222222222223,0.5113636363636364,0.5115577078288942,0.5108859859592998,1.0,
very_noisy,binary,M1,LSVM,LODO+LOSO-within-class,noise-robustness-only,9,1,"['Normal', 'AD']",Normal:1|AD:3,False,,2112,0.022222222222222223,0.5118371212121212,0.5120338983050847,0.5113453491934009,1.0,
very_noisy,binary,M1,RBF,LODO+LOSO-within-class,noise-robustness-only,9,1,"['Normal', 'AD']",Normal:1|AD:3,False,,2112,0.022222222222222223,0.5189393939393939,0.5185794995964488,0.5168162444741479,1.0,
very_noisy,binary,M1,kNN,LODO+LOSO-within-class,noise-robustness-only,9,1,"['Normal', 'AD']",Normal:1|AD:3,False,,2112,0.022222222222222223,0.5160984848484849,0.5161097659402745,0.5160980509086344,1.0,
very_noisy,binary,M1,ORD,LODO+LOSO-within-class,noise-robustness-only,9,1,"['Normal', 'AD']",Normal:1|AD:3,False,,2112,0.022222222222222223,0.5118371212121212,0.5120338983050847,0.5113453491934009,1.0,
very_noisy,binary,M1,THR,LODO+LOSO-within-class,noise-robustness-only,9,1,"['Normal', 'AD']",Normal:1|AD:3,False,,2112,0.022222222222222223,0.525094696969697,0.5246623621199893,0.5221067283603168,1.0,
very_noisy,binary,M2,LDA,LODO+LOSO-within-class,noise-robustness-only,9,1,"['Normal', 'AD']",Normal:1|AD:3,False,,2112,0.022222222222222223,0.509469696969697,0.5094915254237288,0.5094692570854651,1.0,
very_noisy,binary,M2,LR,LODO+LOSO-within-class,noise-robustness-only,9,1,"['Normal', 'AD']",Normal:1|AD:3,False,,2112,0.022222222222222223,0.509469696969697,0.509486144740382,0.509469696969697,1.0,
very_noisy,binary,M2,LSVM,LODO+LOSO-within-class,noise-robustness-only,9,1,"['Normal', 'AD']",Normal:1|AD:3,False,,2112,0.022222222222222223,0.509469696969697,0.5094915254237288,0.5094692570854651,1.0,
very_noisy,binary,M2,RBF,LODO+LOSO-within-class,noise-robustness-only,9,1,"['Normal', 'AD']",Normal:1|AD:3,False,,2112,0.022222222222222223,0.5023674242424242,0.501789077212806,0.4968582427239549,1.0,
very_noisy,binary,M2,kNN,LODO+LOSO-within-class,noise-robustness-only,9,1,"['Normal', 'AD']",Normal:1|AD:3,False,,2112,0.022222222222222223,0.49384469696969696,0.4938633306429917,0.4938445834957762,0.9957386363636364,0.125
very_noisy,binary,M2,ORD,LODO+LOSO-within-class,noise-robustness-only,9,1,"['Normal', 'AD']",Normal:1|AD:3,False,,2112,0.022222222222222223,0.5099431818181818,0.5099623352165725,0.5099430719533473,1.0,
very_noisy,binary,M2,THR,LODO+LOSO-within-class,noise-robustness-only,9,1,"['Normal', 'AD']",Normal:1|AD:3,False,,2112,0.022222222222222223,0.506155303030303,0.5053833736884584,0.49646409635414585,1.0,
very_noisy,binary,M5,LDA,LODO+LOSO-within-class,noise-robustness-only,9,4,"['Normal', 'AD']",Normal:1|AD:3,False,,2112,0.022222222222222223,0.8735795454545454,0.8735620123755717,0.8735713541041936,0.140625,0.914281390469754
very_noisy,binary,M5,LR,LODO+LOSO-within-class,noise-robustness-only,9,4,"['Normal', 'AD']",Normal:1|AD:3,False,,2112,0.022222222222222223,0.8650568181818182,0.864969061070756,0.8650008578743332,0.13731060606060608,0.905906977641453
very_noisy,binary,M5,LSVM,LODO+LOSO-within-class,noise-robustness-only,9,4,"['Normal', 'AD']",Normal:1|AD:3,False,,2112,0.022222222222222223,0.865530303030303,0.8654560129136399,0.8654867574174161,0.13967803030303028,0.9051029809312531
very_noisy,binary,M5,RBF,LODO+LOSO-within-class,noise-robustness-only,9,4,"['Normal', 'AD']",Normal:1|AD:3,False,,2112,0.022222222222222223,0.8603219696969697,0.860336292709174,0.8603211868394687,0.1226325757575758,0.8910755722431465
very_noisy,binary,M5,kNN,LODO+LOSO-within-class,noise-robustness-only,9,4,"['Normal', 'AD']",Normal:1|AD:3,False,,2112,0.022222222222222223,0.8446969696969697,0.8446166263115416,0.8446412424107591,0.24668560606060608,0.9059023881399062
very_noisy,binary,M5,ORD,LODO+LOSO-within-class,noise-robustness-only,9,4,"['Normal', 'AD']",Normal:1|AD:3,False,,2112,0.022222222222222223,0.8622159090909091,0.8621011568469196,0.8621290857352445,0.14488636363636365,0.9035568109759613
very_noisy,binary,M5.C3,LDA,LODO+LOSO-within-class,noise-robustness-only,9,1,"['Normal', 'AD']",Normal:1|AD:3,False,,2112,0.022222222222222223,0.8508522727272727,0.8509523809523809,0.8508278930852513,0.17234848484848486,0.898239535782352
very_noisy,binary,M5.C3,LR,LODO+LOSO-within-class,noise-robustness-only,9,1,"['Normal', 'AD']",Normal:1|AD:3,False,,2112,0.022222222222222223,0.8517992424242424,0.8518886198547215,0.8517816644114427,0.14725378787878785,0.8909903909015777
very_noisy,binary,M5.C3,LSVM,LODO+LOSO-within-class,noise-robustness-only,9,1,"['Normal', 'AD']",Normal:1|AD:3,False,,2112,0.022222222222222223,0.8517992424242424,0.8518832391713748,0.8517845888312445,0.16856060606060608,0.8968724044850498
very_noisy,binary,M5.C3,RBF,LODO+LOSO-within-class,noise-robustness-only,9,1,"['Normal', 'AD']",Normal:1|AD:3,False,,2112,0.022222222222222223,0.8480113636363636,0.8482243744955609,0.8478489639194727,0.07291666666666663,0.8667679774466136
very_noisy,binary,M5.C3,kNN,LODO+LOSO-within-class,noise-robustness-only,9,1,"['Normal', 'AD']",Normal:1|AD:3,False,,2112,0.022222222222222223,0.837594696969697,0.837861178369653,0.8373057858255684,0.37215909090909094,0.9020987343189963
very_noisy,binary,M5.C3,ORD,LODO+LOSO-within-class,noise-robustness-only,9,1,"['Normal', 'AD']",Normal:1|AD:3,False,,2112,0.022222222222222223,0.8517992424242424,0.8518832391713748,0.8517845888312445,0.171875,0.8986310811411711
very_noisy,binary,M5.C3,THR,LODO+LOSO-within-class,noise-robustness-only,9,1,"['Normal', 'AD']",Normal:1|AD:3,False,,2112,0.022222222222222223,0.8243371212121212,0.8245601291364003,0.8241270062163105,0.17613636363636365,0.898248192159682
very_noisy,binary,M5.C3[k3],LDA,LODO+LOSO-within-class,noise-robustness-only,9,1,"['Normal', 'AD']",Normal:1|AD:3,False,,2112,0.022222222222222223,0.8887310606060606,0.888896959913909,0.8886661404149852,0.13115530303030298,0.9303189492541852
very_noisy,binary,M5.C3[k3],LR,LODO+LOSO-within-class,noise-robustness-only,9,1,"['Normal', 'AD']",Normal:1|AD:3,False,,2112,0.022222222222222223,0.8863636363636364,0.886456820016142,0.8863489603512851,0.1070075757575758,0.9247565036385289
very_noisy,binary,M5.C3[k3],LSVM,LODO+LOSO-within-class,noise-robustness-only,9,1,"['Normal', 'AD']",Normal:1|AD:3,False,,2112,0.022222222222222223,0.8854166666666666,0.8854990583804143,0.8854063904663168,0.13399621212121215,0.9311841419257941
very_noisy,binary,M5.C3[k3],RBF,LODO+LOSO-within-class,noise-robustness-only,9,1,"['Normal', 'AD']",Normal:1|AD:3,False,,2112,0.022222222222222223,0.8849431818181818,0.8850497713209577,0.8849214846818274,0.061079545454545414,0.9108532494033825
very_noisy,binary,M5.C3[k3],kNN,LODO+LOSO-within-class,noise-robustness-only,9,1,"['Normal', 'AD']",Normal:1|AD:3,False,,2112,0.022222222222222223,0.8797348484848485,0.8799677158999193,0.8795789140983323,0.19981060606060608,0.9318418955503363
very_noisy,binary,M5.C3[k3],ORD,LODO+LOSO-within-class,noise-robustness-only,9,1,"['Normal', 'AD']",Normal:1|AD:3,False,,2112,0.022222222222222223,0.8849431818181818,0.8850336292709173,0.8849295349903532,0.1226325757575758,0.9287112241902339
very_noisy,binary,M5.C3[k3],THR,LODO+LOSO-within-class,noise-robustness-only,9,1,"['Normal', 'AD']",Normal:1|AD:3,False,,2112,0.022222222222222223,0.8934659090909091,0.8936211998923864,0.8934131239577107,0.12689393939393945,0.9328439330839274
very_noisy,binary,M5.C3[nested],LDA,LODO+LOSO-within-class,noise-robustness-only,9,1,"['Normal', 'AD']",Normal:1|AD:3,False,"windows 3.35-3.65×6, 3.40-3.65×1, 3.40-3.60×1, 3.35-3.75×1",2112,0.022222222222222223,0.8925189393939394,0.8926903416733925,0.8924512112092801,0.11837121212121215,0.9249854622988951
very_noisy,binary,M5.C3[nested],LR,LODO+LOSO-within-class,noise-robustness-only,9,1,"['Normal', 'AD']",Normal:1|AD:3,False,"windows 3.35-3.65×6, 3.40-3.65×1, 3.40-3.60×1, 3.35-3.75×1",2112,0.022222222222222223,0.8896780303030303,0.889800914716169,0.8896477242377143,0.10085227272727271,0.9202043397231097
very_noisy,binary,M5.C3[nested],LSVM,LODO+LOSO-within-class,noise-robustness-only,9,1,"['Normal', 'AD']",Normal:1|AD:3,False,"windows 3.35-3.65×6, 3.40-3.65×1, 3.40-3.60×1, 3.35-3.75×1",2112,0.022222222222222223,0.8868371212121212,0.8869276298089857,0.8868236990234337,0.11789772727272729,0.9239640817116856
very_noisy,binary,M5.C3[nested],RBF,LODO+LOSO-within-class,noise-robustness-only,9,1,"['Normal', 'AD']",Normal:1|AD:3,False,"windows 3.35-3.65×6, 3.40-3.65×1, 3.40-3.60×1, 3.35-3.75×1",2112,0.022222222222222223,0.8863636363636364,0.886483723432876,0.8863341785913224,0.058712121212121215,0.9070312341855429
very_noisy,binary,M5.C3[nested],kNN,LODO+LOSO-within-class,noise-robustness-only,9,1,"['Normal', 'AD']",Normal:1|AD:3,False,"windows 3.35-3.65×6, 3.40-3.65×1, 3.40-3.60×1, 3.35-3.75×1",2112,0.022222222222222223,0.8754734848484849,0.8757142857142857,0.8752990086215509,0.2774621212121212,0.939901401676515
very_noisy,binary,M5.C3[nested],ORD,LODO+LOSO-within-class,noise-robustness-only,9,1,"['Normal', 'AD']",Normal:1|AD:3,False,"windows 3.35-3.65×6, 3.40-3.65×1, 3.40-3.60×1, 3.35-3.75×1",2112,0.022222222222222223,0.890625,0.8907317729351627,0.8906043743271693,0.11553030303030298,0.9229430679024022
very_noisy,binary,M5.C3[nested],THR,LODO+LOSO-within-class,noise-robustness-only,9,1,"['Normal', 'AD']",Normal:1|AD:3,False,"windows 3.35-3.65×6, 3.40-3.65×1, 3.40-3.60×1, 3.35-3.75×1",2112,0.022222222222222223,0.8816287878787878,0.881904761904762,0.881403748360317,0.11553030303030298,0.9242131208621134
very_noisy,binary,M6,LDA,LODO+LOSO-within-class,noise-robustness-only,9,22,"['Normal', 'AD']",Normal:1|AD:3,False,,2112,0.022222222222222223,0.9649621212121212,0.9648479956954533,0.964939200848523,0.051136363636363646,0.9754953138448788
very_noisy,binary,M6,LR,LODO+LOSO-within-class,noise-robustness-only,9,22,"['Normal', 'AD']",Normal:1|AD:3,False,,2112,0.022222222222222223,0.9512310606060606,0.9512644605864945,0.9512310496726519,0.037878787878787845,0.9591491443490223
very_noisy,binary,M6,LSVM,LODO+LOSO-within-class,noise-robustness-only,9,22,"['Normal', 'AD']",Normal:1|AD:3,False,,2112,0.022222222222222223,0.9474431818181818,0.9474549367769707,0.9474426044643027,0.03598484848484851,0.9548267440188594
very_noisy,binary,M6,RBF,LODO+LOSO-within-class,noise-robustness-only,9,22,"['Normal', 'AD']",Normal:1|AD:3,False,,2112,0.022222222222222223,0.9578598484848485,0.9579149852031208,0.9578590832386683,0.05160984848484851,0.9705502315064068
very_noisy,binary,M6,kNN,LODO+LOSO-within-class,noise-robustness-only,9,22,"['Normal', 'AD']",Normal:1|AD:3,False,,2112,0.022222222222222223,0.9242424242424242,0.923879472693032,0.923878656378992,0.05918560606060608,0.9574027724297266
very_noisy,binary,M6,ORD,LODO+LOSO-within-class,noise-robustness-only,9,22,"['Normal', 'AD']",Normal:1|AD:3,False,,2112,0.022222222222222223,0.9573863636363636,0.9573311810599946,0.9573765786452354,0.058238636363636354,0.9712397031847572
very_noisy,binary,M7,LDA,LODO+LOSO-within-class,noise-robustness-only,9,6,"['Normal', 'AD']",Normal:1|AD:3,False,,2112,0.022222222222222223,0.6254734848484849,0.6257008340059187,0.6249749978393194,0.7348484848484849,0.7174618120945804
very_noisy,binary,M7,LR,LODO+LOSO-within-class,noise-robustness-only,9,6,"['Normal', 'AD']",Normal:1|AD:3,False,,2112,0.022222222222222223,0.6197916666666666,0.6200672585418348,0.6190208331133709,0.7386363636363636,0.7147090517241379
very_noisy,binary,M7,LSVM,LODO+LOSO-within-class,noise-robustness-only,9,6,"['Normal', 'AD']",Normal:1|AD:3,False,,2112,0.022222222222222223,0.6207386363636364,0.6210034974441754,0.6200332280460521,0.7386363636363636,0.7134957686977814
very_noisy,binary,M7,RBF,LODO+LOSO-within-class,noise-robustness-only,9,6,"['Normal', 'AD']",Normal:1|AD:3,False,,2112,0.022222222222222223,0.6231060606060606,0.6230723701910142,0.6230722595503644,0.7466856060606061,0.6902871407215186
very_noisy,binary,M7,kNN,LODO+LOSO-within-class,noise-robustness-only,9,6,"['Normal', 'AD']",Normal:1|AD:3,False,,2112,0.022222222222222223,0.5970643939393939,0.5971186440677967,0.5970491270352829,0.8603219696969697,0.6508080389516213
very_noisy,binary,M7,ORD,LODO+LOSO-within-class,noise-robustness-only,9,6,"['Normal', 'AD']",Normal:1|AD:3,False,,2112,0.022222222222222223,0.6231060606060606,0.6233736884584342,0.6223895347792492,0.7329545454545454,0.7148012579264835
very_noisy,binary,M8,LDA,LODO+LOSO-within-class,noise-robustness-only,9,4,"['Normal', 'AD']",Normal:1|AD:3,False,,2112,0.022222222222222223,0.587594696969697,0.5877616357277374,0.5873148269250226,0.9767992424242424,0.6369047619047619
very_noisy,binary,M8,LR,LODO+LOSO-within-class,noise-robustness-only,9,4,"['Normal', 'AD']",Normal:1|AD:3,False,,2112,0.022222222222222223,0.5771780303030303,0.5773500134517084,0.5768698280010635,0.9824810606060606,0.6573529411764706
very_noisy,binary,M8,LSVM,LODO+LOSO-within-class,noise-robustness-only,9,4,"['Normal', 'AD']",Normal:1|AD:3,False,,2112,0.022222222222222223,0.5658143939393939,0.5660721011568469,0.565041998839785,0.9995265151515151,
very_noisy,binary,M8,RBF,LODO+LOSO-within-class,noise-robustness-only,9,4,"['Normal', 'AD']",Normal:1|AD:3,False,,2112,0.022222222222222223,0.5052083333333334,0.5046408393866021,0.49992919379488404,1.0,
very_noisy,binary,M8,kNN,LODO+LOSO-within-class,noise-robustness-only,9,4,"['Normal', 'AD']",Normal:1|AD:3,False,,2112,0.022222222222222223,0.5028409090909091,0.5029109496906108,0.5027963222712092,0.9962121212121212,0.16666666666666666
very_noisy,binary,M8,ORD,LODO+LOSO-within-class,noise-robustness-only,9,4,"['Normal', 'AD']",Normal:1|AD:3,False,,2112,0.022222222222222223,0.5123106060606061,0.512337906914178,0.5123088567093402,1.0,
very_noisy,binary,COMB,LDA,LODO+LOSO-within-class,noise-robustness-only,9,3,"['Normal', 'AD']",Normal:1|AD:3,False,chosen M6.A[3.40]+M5.C3+M6.A[3.45]×6; M6.A[3.40]+M6.A[3.45]+M5.C3×2; M5.C3+M6.A[3.40]+M6.A[3.45]×1,2112,0.022222222222222223,0.9602272727272727,0.9602206080172182,0.9602255250038787,0.05255681818181823,0.9815178712359914
very_noisy,binary,COMB,LR,LODO+LOSO-within-class,noise-robustness-only,9,3,"['Normal', 'AD']",Normal:1|AD:3,False,chosen M6.A[3.40]+M5.C3+M6.A[3.45]×6; M6.A[3.40]+M6.A[3.45]+M5.C3×2; M5.C3+M6.A[3.40]+M6.A[3.45]×1,2112,0.022222222222222223,0.9621212121212122,0.9621415119720205,0.9621210762492691,0.051136363636363646,0.9810358565737052
very_noisy,binary,COMB,LSVM,LODO+LOSO-within-class,noise-robustness-only,9,3,"['Normal', 'AD']",Normal:1|AD:3,False,chosen M6.A[3.40]+M5.C3+M6.A[3.45]×6; M6.A[3.40]+M6.A[3.45]+M5.C3×2; M5.C3+M6.A[3.40]+M6.A[3.45]×1,2112,0.022222222222222223,0.9611742424242424,0.9612160344363734,0.9611741031555008,0.0601325757575758,0.9798578367467947
very_noisy,binary,COMB,RBF,LODO+LOSO-within-class,noise-robustness-only,9,3,"['Normal', 'AD']",Normal:1|AD:3,False,chosen M6.A[3.40]+M5.C3+M6.A[3.45]×6; M6.A[3.40]+M6.A[3.45]+M5.C3×2; M5.C3+M6.A[3.40]+M6.A[3.45]×1,2112,0.022222222222222223,0.959280303030303,0.9593166532149583,0.9592802665148166,0.029356060606060552,0.9746341463414634
very_noisy,binary,COMB,kNN,LODO+LOSO-within-class,noise-robustness-only,9,3,"['Normal', 'AD']",Normal:1|AD:3,False,chosen M6.A[3.40]+M5.C3+M6.A[3.45]×6; M6.A[3.40]+M6.A[3.45]+M5.C3×2; M5.C3+M6.A[3.40]+M6.A[3.45]×1,2112,0.022222222222222223,0.962594696969697,0.962617702448211,0.962594621497197,0.10085227272727271,0.9847300852759266
very_noisy,binary,COMB,ORD,LODO+LOSO-within-class,noise-robustness-only,9,3,"['Normal', 'AD']",Normal:1|AD:3,False,chosen M6.A[3.40]+M5.C3+M6.A[3.45]×6; M6.A[3.40]+M6.A[3.45]+M5.C3×2; M5.C3+M6.A[3.40]+M6.A[3.45]×1,2112,0.022222222222222223,0.9630681818181818,0.9630777508743611,0.9630676519119019,0.055871212121212155,0.9788807639990019
very_noisy,binary,M9,LDA,LODO+LOSO-within-class,noise-robustness-only,9,3618,"['Normal', 'AD']",Normal:1|AD:3,False,,2112,0.022222222222222223,0.9976325757575758,0.9976298089857412,0.9976324860577866,0.0028409090909090606,0.9971436173331109
very_noisy,binary,M9,LR,LODO+LOSO-within-class,noise-robustness-only,9,3618,"['Normal', 'AD']",Normal:1|AD:3,False,,2112,0.022222222222222223,0.9971590909090909,0.9971751412429379,0.9971590679805977,0.0037878787878787845,0.9980924497698018
very_noisy,binary,M9,LSVM,LODO+LOSO-within-class,noise-robustness-only,9,3618,"['Normal', 'AD']",Normal:1|AD:3,False,,2112,0.022222222222222223,0.9966856060606061,0.9966935700834005,0.9966855458727042,0.00520833333333337,0.9980960718001138
very_noisy,binary,M9,RBF,LODO+LOSO-within-class,noise-robustness-only,9,3618,"['Normal', 'AD']",Normal:1|AD:3,False,,2112,0.022222222222222223,0.9914772727272727,0.9915200430454668,0.9914772421560856,0.006628787878787845,0.9952333998264212
very_noisy,binary,M9,kNN,LODO+LOSO-within-class,noise-robustness-only,9,3618,"['Normal', 'AD']",Normal:1|AD:3,False,,2112,0.022222222222222223,0.9294507575757576,0.9291821361312886,0.9292553453367783,0.06060606060606055,0.9651318544174381
very_noisy,binary,M9,ORD,LODO+LOSO-within-class,noise-robustness-only,9,3618,"['Normal', 'AD']",Normal:1|AD:3,False,,2112,0.022222222222222223,0.9971590909090909,0.9971751412429379,0.9971590679805977,0.0028409090909090606,0.999054820415879
very_noisy,three_merged,M0,LDA,LODO+LOSO-within-class,noise-robustness-only,6,1,"['Normal', 'Mild+Moderate', 'Severe']",Normal:1|Mild+Moderate:2|Severe:1,True,,2112,0.022222222222222223,0.3787878787878788,0.3778492109877265,0.3646401253802806,0.9995265151515151,
very_noisy,three_merged,M0,LR,LODO+LOSO-within-class,noise-robustness-only,6,1,"['Normal', 'Mild+Moderate', 'Severe']",Normal:1|Mild+Moderate:2|Severe:1,True,,2112,0.022222222222222223,0.3768939393939394,0.3758766803039158,0.36062032037241254,0.9962121212121212,0.3333333333333333
very_noisy,three_merged,M0,LSVM,LODO+LOSO-within-class,noise-robustness-only,6,1,"['Normal', 'Mild+Moderate', 'Severe']",Normal:1|Mild+Moderate:2|Severe:1,True,,2112,0.022222222222222223,0.3740530303030303,0.3756250405870511,0.30366434338004933,0.9981060606060606,
very_noisy,three_merged,M0,RBF,LODO+LOSO-within-class,noise-robustness-only,6,1,"['Normal', 'Mild+Moderate', 'Severe']",Normal:1|Mild+Moderate:2|Severe:1,True,,2112,0.022222222222222223,0.37452651515151514,0.37383921033833367,0.35951040454190203,1.0,
very_noisy,three_merged,M0,kNN,LODO+LOSO-within-class,noise-robustness-only,6,1,"['Normal', 'Mild+Moderate', 'Severe']",Normal:1|Mild+Moderate:2|Severe:1,True,,2112,0.022222222222222223,0.3778409090909091,0.3776138060913046,0.37453314019807576,0.9933712121212122,0.26666666666666666
very_noisy,three_merged,M0,ORD,LODO+LOSO-within-class,noise-robustness-only,6,1,"['Normal', 'Mild+Moderate', 'Severe']",Normal:1|Mild+Moderate:2|Severe:1,True,,2112,0.022222222222222223,0.38446969696969696,0.3829794142476784,0.3562074496366448,1.0,
very_noisy,three_merged,M1,LDA,LODO+LOSO-within-class,noise-robustness-only,6,1,"['Normal', 'Mild+Moderate', 'Severe']",Normal:1|Mild+Moderate:2|Severe:1,True,,2112,0.022222222222222223,0.3233901515151515,0.32394148970712383,0.31973489206751887,1.0,
very_noisy,three_merged,M1,LR,LODO+LOSO-within-class,noise-robustness-only,6,1,"['Normal', 'Mild+Moderate', 'Severe']",Normal:1|Mild+Moderate:2|Severe:1,True,,2112,0.022222222222222223,0.3243371212121212,0.32489122670303267,0.3204559490114854,1.0,
very_noisy,three_merged,M1,LSVM,LODO+LOSO-within-class,noise-robustness-only,6,1,"['Normal', 'Mild+Moderate', 'Severe']",Normal:1|Mild+Moderate:2|Severe:1,True,,2112,0.022222222222222223,0.3248106060606061,0.3283086564062601,0.18728435318391334,1.0,
very_noisy,three_merged,M1,RBF,LODO+LOSO-within-class,noise-robustness-only,6,1,"['Normal', 'Mild+Moderate', 'Severe']",Normal:1|Mild+Moderate:2|Severe:1,True,,2112,0.022222222222222223,0.3347537878787879,0.3351029287616079,0.33151112705845537,1.0,
very_noisy,three_merged,M1,kNN,LODO+LOSO-within-class,noise-robustness-only,6,1,"['Normal', 'Mild+Moderate', 'Severe']",Normal:1|Mild+Moderate:2|Severe:1,True,,2112,0.022222222222222223,0.34232954545454547,0.342343658679135,0.3391303057195169,0.9985795454545454,
very_noisy,three_merged,M1,ORD,LODO+LOSO-within-class,noise-robustness-only,6,1,"['Normal', 'Mild+Moderate', 'Severe']",Normal:1|Mild+Moderate:2|Severe:1,True,,2112,0.022222222222222223,0.32670454545454547,0.32498863562568997,0.2720289702565322,1.0,
very_noisy,three_merged,M2,LDA,LODO+LOSO-within-class,noise-robustness-only,6,1,"['Normal', 'Mild+Moderate', 'Severe']",Normal:1|Mild+Moderate:2|Severe:1,True,,2112,0.022222222222222223,0.33948863636363635,0.3389992856679005,0.32989313291413974,1.0,
very_noisy,three_merged,M2,LR,LODO+LOSO-within-class,noise-robustness-only,6,1,"['Normal', 'Mild+Moderate', 'Severe']",Normal:1|Mild+Moderate:2|Severe:1,True,,2112,0.022222222222222223,0.3390151515151515,0.3385122410546139,0.3290411924112915,1.0,
very_noisy,three_merged,M2,LSVM,LODO+LOSO-within-class,noise-robustness-only,6,1,"['Normal', 'Mild+Moderate', 'Severe']",Normal:1|Mild+Moderate:2|Severe:1,True,,2112,0.022222222222222223,0.33570075757575757,0.33855282810572124,0.23756963550007526,1.0,
very_noisy,three_merged,M2,RBF,LODO+LOSO-within-class,noise-robustness-only,6,1,"['Normal', 'Mild+Moderate', 'Severe']",Normal:1|Mild+Moderate:2|Severe:1,True,,2112,0.022222222222222223,0.3347537878787879,0.3341207221248133,0.31511268445414337,1.0,
very_noisy,three_merged,M2,kNN,LODO+LOSO-within-class,noise-robustness-only,6,1,"['Normal', 'Mild+Moderate', 'Severe']",Normal:1|Mild+Moderate:2|Severe:1,True,,2112,0.022222222222222223,0.33948863636363635,0.33938892135852977,0.3390606581187921,0.9976325757575758,
very_noisy,three_merged,M2,ORD,LODO+LOSO-within-class,noise-robustness-only,6,1,"['Normal', 'Mild+Moderate', 'Severe']",Normal:1|Mild+Moderate:2|Severe:1,True,,2112,0.022222222222222223,0.34517045454545453,0.34344762646925125,0.2956995419016017,1.0,
very_noisy,three_merged,M5,LDA,LODO+LOSO-within-class,noise-robustness-only,6,4,"['Normal', 'Mild+Moderate', 'Severe']",Normal:1|Mild+Moderate:2|Severe:1,True,,2112,0.022222222222222223,0.7708333333333334,0.7703909344762647,0.7705727312380736,0.36695075757575757,0.8734628179693468
very_noisy,three_merged,M5,LR,LODO+LOSO-within-class,noise-robustness-only,6,4,"['Normal', 'Mild+Moderate', 'Severe']",Normal:1|Mild+Moderate:2|Severe:1,True,,2112,0.022222222222222223,0.7623106060606061,0.7617053055393207,0.7607130971537751,0.3328598484848485,0.8519429212366818
very_noisy,three_merged,M5,LSVM,LODO+LOSO-within-class,noise-robustness-only,6,4,"['Normal', 'Mild+Moderate', 'Severe']",Normal:1|Mild+Moderate:2|Severe:1,True,,2112,0.022222222222222223,0.7675189393939394,0.7670303266445874,0.7665828207593056,0.337594696969697,0.8567025749937042
very_noisy,three_merged,M5,RBF,LODO+LOSO-within-class,noise-robustness-only,6,4,"['Normal', 'Mild+Moderate', 'Severe']",Normal:1|Mild+Moderate:2|Severe:1,True,,2112,0.022222222222222223,0.7637310606060606,0.763320670173388,0.7637512290802503,0.21354166666666663,0.7342997617864073
very_noisy,three_merged,M5,kNN,LODO+LOSO-within-class,noise-robustness-only,6,4,"['Normal', 'Mild+Moderate', 'Severe']",Normal:1|Mild+Moderate:2|Severe:1,True,,2112,0.022222222222222223,0.75,0.749488603156049,0.7495473527068213,0.587594696969697,0.7135470427492994
very_noisy,three_merged,M5,ORD,LODO+LOSO-within-class,noise-robustness-only,6,4,"['Normal', 'Mild+Moderate', 'Severe']",Normal:1|Mild+Moderate:2|Severe:1,True,,2112,0.022222222222222223,0.6955492424242424,0.6947691408533022,0.6950979227939027,0.5260416666666667,0.6649528706083976
very_noisy,three_merged,M5.C3,LDA,LODO+LOSO-within-class,noise-robustness-only,6,1,"['Normal', 'Mild+Moderate', 'Severe']",Normal:1|Mild+Moderate:2|Severe:1,True,,2112,0.022222222222222223,0.5104166666666666,0.5101629975972465,0.501862514903001,0.7159090909090908,0.5128205128205128
very_noisy,three_merged,M5.C3,LR,LODO+LOSO-within-class,noise-robustness-only,6,1,"['Normal', 'Mild+Moderate', 'Severe']",Normal:1|Mild+Moderate:2|Severe:1,True,,2112,0.022222222222222223,0.5151515151515151,0.5148873303461264,0.5038707978135775,0.6818181818181819,0.5767195767195767
very_noisy,three_merged,M5.C3,LSVM,LODO+LOSO-within-class,noise-robustness-only,6,1,"['Normal', 'Mild+Moderate', 'Severe']",Normal:1|Mild+Moderate:2|Severe:1,True,,2112,0.022222222222222223,0.5639204545454546,0.5655237353074876,0.4582413876595761,0.7291666666666667,0.5462962962962963
very_noisy,three_merged,M5.C3,RBF,LODO+LOSO-within-class,noise-robustness-only,6,1,"['Normal', 'Mild+Moderate', 'Severe']",Normal:1|Mild+Moderate:2|Severe:1,True,,2112,0.022222222222222223,0.5075757575757576,0.5081579972725502,0.4809819255606323,0.6927083333333333,0.3333333333333333
very_noisy,three_merged,M5.C3,kNN,LODO+LOSO-within-class,noise-robustness-only,6,1,"['Normal', 'Mild+Moderate', 'Severe']",Normal:1|Mild+Moderate:2|Severe:1,True,,2112,0.022222222222222223,0.5265151515151515,0.5263491135788038,0.5233856435553935,0.7784090909090909,0.3333333333333333
very_noisy,three_merged,M5.C3,ORD,LODO+LOSO-within-class,noise-robustness-only,6,1,"['Normal', 'Mild+Moderate', 'Severe']",Normal:1|Mild+Moderate:2|Severe:1,True,,2112,0.022222222222222223,0.5629734848484849,0.5620900707838171,0.5605022038245927,0.7301136363636364,0.5151515151515151
very_noisy,three_merged,M5.C3[k3],LDA,LODO+LOSO-within-class,noise-robustness-only,6,1,"['Normal', 'Mild+Moderate', 'Severe']",Normal:1|Mild+Moderate:2|Severe:1,True,,2112,0.022222222222222223,0.5236742424242424,0.5235161374115203,0.5147414240775291,0.6865530303030303,0.5252525252525252
very_noisy,three_merged,M5.C3[k3],LR,LODO+LOSO-within-class,noise-robustness-only,6,1,"['Normal', 'Mild+Moderate', 'Severe']",Normal:1|Mild+Moderate:2|Severe:1,True,,2112,0.022222222222222223,0.525094696969697,0.5249204493798298,0.5120389510194819,0.6590909090909092,0.6065573770491803
very_noisy,three_merged,M5.C3[k3],LSVM,LODO+LOSO-within-class,noise-robustness-only,6,1,"['Normal', 'Mild+Moderate', 'Severe']",Normal:1|Mild+Moderate:2|Severe:1,True,,2112,0.022222222222222223,0.5956439393939394,0.5973521007857653,0.4853562772129547,0.6860795454545454,0.5757575757575758
very_noisy,three_merged,M5.C3[k3],RBF,LODO+LOSO-within-class,noise-robustness-only,6,1,"['Normal', 'Mild+Moderate', 'Severe']",Normal:1|Mild+Moderate:2|Severe:1,True,,2112,0.022222222222222223,0.5440340909090909,0.5447837521917008,0.5053877598896134,0.6846590909090908,0.3333333333333333
very_noisy,three_merged,M5.C3[k3],kNN,LODO+LOSO-within-class,noise-robustness-only,6,1,"['Normal', 'Mild+Moderate', 'Severe']",Normal:1|Mild+Moderate:2|Severe:1,True,,2112,0.022222222222222223,0.5497159090909091,0.5499545425027599,0.537802315697202,0.7888257575757576,0.3333333333333333
very_noisy,three_merged,M5.C3[k3],ORD,LODO+LOSO-within-class,noise-robustness-only,6,1,"['Normal', 'Mild+Moderate', 'Severe']",Normal:1|Mild+Moderate:2|Severe:1,True,,2112,0.022222222222222223,0.5928030303030303,0.5920108448600558,0.5929067932878666,0.7130681818181819,0.5079365079365079
very_noisy,three_merged,M5.C3[nested],LDA,LODO+LOSO-within-class,noise-robustness-only,6,1,"['Normal', 'Mild+Moderate', 'Severe']",Normal:1|Mild+Moderate:2|Severe:1,True,"windows 3.55-3.65×2, 3.25-3.65×1, 3.25-3.45×1, 3.25-3.55×1, 3.50-3.65×1",2112,0.022222222222222223,0.5056818181818182,0.5057308916163387,0.495102057860533,0.7755681818181819,0.5229559748427673
very_noisy,three_merged,M5.C3[nested],LR,LODO+LOSO-within-class,noise-robustness-only,6,1,"['Normal', 'Mild+Moderate', 'Severe']",Normal:1|Mild+Moderate:2|Severe:1,True,"windows 3.55-3.65×2, 3.25-3.65×1, 3.25-3.45×1, 3.25-3.55×1, 3.50-3.65×1",2112,0.022222222222222223,0.5009469696969697,0.5007224495097085,0.4901963516395067,0.7514204545454546,0.4918568520304296
very_noisy,three_merged,M5.C3[nested],LSVM,LODO+LOSO-within-class,noise-robustness-only,6,1,"['Normal', 'Mild+Moderate', 'Severe']",Normal:1|Mild+Moderate:2|Severe:1,True,"windows 3.55-3.65×2, 3.25-3.65×1, 3.25-3.45×1, 3.25-3.55×1, 3.50-3.65×1",2112,0.022222222222222223,0.5345643939393939,0.5353269692837197,0.4839674027909111,0.7514204545454546,0.5542846768336964
very_noisy,three_merged,M5.C3[nested],RBF,LODO+LOSO-within-class,noise-robustness-only,6,1,"['Normal', 'Mild+Moderate', 'Severe']",Normal:1|Mild+Moderate:2|Severe:1,True,"windows 3.55-3.65×2, 3.25-3.65×1, 3.25-3.45×1, 3.25-3.55×1, 3.50-3.65×1",2112,0.022222222222222223,0.5071022727272727,0.5076953048899279,0.47759478693658597,0.837594696969697,0.3333333333333333
very_noisy,three_merged,M5.C3[nested],kNN,LODO+LOSO-within-class,noise-robustness-only,6,1,"['Normal', 'Mild+Moderate', 'Severe']",Normal:1|Mild+Moderate:2|Severe:1,True,"windows 3.55-3.65×2, 3.25-3.65×1, 3.25-3.45×1, 3.25-3.55×1, 3.50-3.65×1",2112,0.022222222222222223,0.5085227272727273,0.5086044548347295,0.4938349418080091,0.8669507575757576,0.42033343885195734
very_noisy,three_merged,M5.C3[nested],ORD,LODO+LOSO-within-class,noise-robustness-only,6,1,"['Normal', 'Mild+Moderate', 'Severe']",Normal:1|Mild+Moderate:2|Severe:1,True,"windows 3.55-3.65×2, 3.25-3.65×1, 3.25-3.45×1, 3.25-3.55×1, 3.50-3.65×1",2112,0.022222222222222223,0.5497159090909091,0.5487937528410937,0.5466783923989,0.7826704545454546,0.5072463768115942
very_noisy,three_merged,M6,LDA,LODO+LOSO-within-class,noise-robustness-only,6,22,"['Normal', 'Mild+Moderate', 'Severe']",Normal:1|Mild+Moderate:2|Severe:1,True,,2112,0.022222222222222223,0.8304924242424242,0.8298509643483344,0.8290206544761464,0.19128787878787878,0.8626062337639739
very_noisy,three_merged,M6,LR,LODO+LOSO-within-class,noise-robustness-only,6,22,"['Normal', 'Mild+Moderate', 'Severe']",Normal:1|Mild+Moderate:2|Severe:1,True,,2112,0.022222222222222223,0.8200757575757576,0.8195499707773232,0.8197134413937297,0.21827651515151514,0.8681417665422382
very_noisy,three_merged,M6,LSVM,LODO+LOSO-within-class,noise-robustness-only,6,22,"['Normal', 'Mild+Moderate', 'Severe']",Normal:1|Mild+Moderate:2|Severe:1,True,,2112,0.022222222222222223,0.8058712121212122,0.8052957984284693,0.8047911190308087,0.2102272727272727,0.8772787257973054
very_noisy,three_merged,M6,RBF,LODO+LOSO-within-class,noise-robustness-only,6,22,"['Normal', 'Mild+Moderate', 'Severe']",Normal:1|Mild+Moderate:2|Severe:1,True,,2112,0.022222222222222223,0.8068181818181818,0.8063429443470356,0.806787726864001,0.1946022727272727,0.8339859267078306
very_noisy,three_merged,M6,kNN,LODO+LOSO-within-class,noise-robustness-only,6,22,"['Normal', 'Mild+Moderate', 'Severe']",Normal:1|Mild+Moderate:2|Severe:1,True,,2112,0.022222222222222223,0.7637310606060606,0.7629472693032016,0.7592280882955835,0.318655303030303,0.8141121828536394
very_noisy,three_merged,M6,ORD,LODO+LOSO-within-class,noise-robustness-only,6,22,"['Normal', 'Mild+Moderate', 'Severe']",Normal:1|Mild+Moderate:2|Severe:1,True,,2112,0.022222222222222223,0.8200757575757576,0.8195499707773232,0.8194587983086751,0.28077651515151514,0.8905632576518653
very_noisy,three_merged,M7,LDA,LODO+LOSO-within-class,noise-robustness-only,6,6,"['Normal', 'Mild+Moderate', 'Severe']",Normal:1|Mild+Moderate:2|Severe:1,True,,2112,0.022222222222222223,0.47679924242424243,0.47562341710500683,0.4644318175305073,0.9602272727272727,0.6033950617283951
very_noisy,three_merged,M7,LR,LODO+LOSO-within-class,noise-robustness-only,6,6,"['Normal', 'Mild+Moderate', 'Severe']",Normal:1|Mild+Moderate:2|Severe:1,True,,2112,0.022222222222222223,0.4753787878787879,0.47408110916293267,0.45999577376921114,0.9507575757575758,0.6127891156462585
very_noisy,three_merged,M7,LSVM,LODO+LOSO-within-class,noise-robustness-only,6,6,"['Normal', 'Mild+Moderate', 'Severe']",Normal:1|Mild+Moderate:2|Severe:1,True,,2112,0.022222222222222223,0.4834280303030303,0.482718033638548,0.47939338758500205,0.9668560606060606,0.6059379217273954
very_noisy,three_merged,M7,RBF,LODO+LOSO-within-class,noise-robustness-only,6,6,"['Normal', 'Mild+Moderate', 'Severe']",Normal:1|Mild+Moderate:2|Severe:1,True,,2112,0.022222222222222223,0.4715909090909091,0.4707042665108124,0.46638322169161395,1.0,
very_noisy,three_merged,M7,kNN,LODO+LOSO-within-class,noise-robustness-only,6,6,"['Normal', 'Mild+Moderate', 'Severe']",Normal:1|Mild+Moderate:2|Severe:1,True,,2112,0.022222222222222223,0.45265151515151514,0.45188810961750764,0.44947486980052176,0.962594696969697,0.48245614035087714
very_noisy,three_merged,M7,ORD,LODO+LOSO-within-class,noise-robustness-only,6,6,"['Normal', 'Mild+Moderate', 'Severe']",Normal:1|Mild+Moderate:2|Severe:1,True,,2112,0.022222222222222223,0.4678030303030303,0.4667186180920839,0.4586802874430042,0.9564393939393939,0.6196969696969696
very_noisy,three_merged,M8,LDA,LODO+LOSO-within-class,noise-robustness-only,6,4,"['Normal', 'Mild+Moderate', 'Severe']",Normal:1|Mild+Moderate:2|Severe:1,True,,2112,0.022222222222222223,0.4441287878787879,0.44363270342230016,0.44181108311753325,0.9947916666666666,0.6666666666666666
very_noisy,three_merged,M8,LR,LODO+LOSO-within-class,noise-robustness-only,6,4,"['Normal', 'Mild+Moderate', 'Severe']",Normal:1|Mild+Moderate:2|Severe:1,True,,2112,0.022222222222222223,0.44365530303030304,0.44312942398857064,0.44106308750072626,0.993844696969697,0.5555555555555555
very_noisy,three_merged,M8,LSVM,LODO+LOSO-within-class,noise-robustness-only,6,4,"['Normal', 'Mild+Moderate', 'Severe']",Normal:1|Mild+Moderate:2|Severe:1,True,,2112,0.022222222222222223,0.38920454545454547,0.3906990713682707,0.37046432533512047,0.9985795454545454,
very_noisy,three_merged,M8,RBF,LODO+LOSO-within-class,noise-robustness-only,6,4,"['Normal', 'Mild+Moderate', 'Severe']",Normal:1|Mild+Moderate:2|Severe:1,True,,2112,0.022222222222222223,0.3409090909090909,0.34024936684200274,0.32173331779392556,1.0,
very_noisy,three_merged,M8,kNN,LODO+LOSO-within-class,noise-robustness-only,6,4,"['Normal', 'Mild+Moderate', 'Severe']",Normal:1|Mild+Moderate:2|Severe:1,True,,2112,0.022222222222222223,0.3428030303030303,0.34275764660042857,0.34246983345296944,0.9966856060606061,0.3333333333333333
very_noisy,three_merged,M8,ORD,LODO+LOSO-within-class,noise-robustness-only,6,4,"['Normal', 'Mild+Moderate', 'Severe']",Normal:1|Mild+Moderate:2|Severe:1,True,,2112,0.022222222222222223,0.3541666666666667,0.352514773686603,0.31087562450932843,1.0,
very_noisy,three_merged,COMB,LDA,LODO+LOSO-within-class,noise-robustness-only,6,3,"['Normal', 'Mild+Moderate', 'Severe']",Normal:1|Mild+Moderate:2|Severe:1,True,chosen M6.A[3.40]+M6.A[3.45]+M6.A[3.65]×3; M6.A[3.40]+M5.C+M6.A[3.35]×1; M6.A[3.40]+M5.C+M5.C2×1; M5.C1+M6.A[3.40]+M6.A[3.35]×1,2112,0.022222222222222223,0.8044507575757576,0.8034450288979804,0.7985195093544432,0.19981060606060608,0.8256235797568615
very_noisy,three_merged,COMB,LR,LODO+LOSO-within-class,noise-robustness-only,6,3,"['Normal', 'Mild+Moderate', 'Severe']",Normal:1|Mild+Moderate:2|Severe:1,True,chosen M6.A[3.40]+M6.A[3.45]+M6.A[3.65]×3; M6.A[3.40]+M5.C+M6.A[3.35]×1; M6.A[3.40]+M5.C+M5.C2×1; M5.C1+M6.A[3.40]+M6.A[3.35]×1,2112,0.022222222222222223,0.8068181818181818,0.8059533086564062,0.8026690678334368,0.19696969696969702,0.8359898557162776
very_noisy,three_merged,COMB,LSVM,LODO+LOSO-within-class,noise-robustness-only,6,3,"['Normal', 'Mild+Moderate', 'Severe']",Normal:1|Mild+Moderate:2|Severe:1,True,chosen M6.A[3.40]+M6.A[3.45]+M6.A[3.65]×3; M6.A[3.40]+M5.C+M6.A[3.35]×1; M6.A[3.40]+M5.C+M5.C2×1; M5.C1+M6.A[3.40]+M6.A[3.35]×1,2112,0.022222222222222223,0.818655303030303,0.8176017923241768,0.8123397189069889,0.1851325757575758,0.8346548059017879
very_noisy,three_merged,COMB,RBF,LODO+LOSO-within-class,noise-robustness-only,6,3,"['Normal', 'Mild+Moderate', 'Severe']",Normal:1|Mild+Moderate:2|Severe:1,True,chosen M6.A[3.40]+M6.A[3.45]+M6.A[3.65]×3; M6.A[3.40]+M5.C+M6.A[3.35]×1; M6.A[3.40]+M5.C+M5.C2×1; M5.C1+M6.A[3.40]+M6.A[3.35]×1,2112,0.022222222222222223,0.8044507575757576,0.8036236119228523,0.8008119835691127,0.10558712121212122,0.8055807340763378
very_noisy,three_merged,COMB,kNN,LODO+LOSO-within-class,noise-robustness-only,6,3,"['Normal', 'Mild+Moderate', 'Severe']",Normal:1|Mild+Moderate:2|Severe:1,True,chosen M6.A[3.40]+M6.A[3.45]+M6.A[3.65]×3; M6.A[3.40]+M5.C+M6.A[3.35]×1; M6.A[3.40]+M5.C+M5.C2×1; M5.C1+M6.A[3.40]+M6.A[3.35]×1,2112,0.022222222222222223,0.8006628787878788,0.7998003117085526,0.796325814843608,0.27130681818181823,0.8397131172189498
very_noisy,three_merged,COMB,ORD,LODO+LOSO-within-class,noise-robustness-only,6,3,"['Normal', 'Mild+Moderate', 'Severe']",Normal:1|Mild+Moderate:2|Severe:1,True,chosen M6.A[3.40]+M6.A[3.45]+M6.A[3.65]×3; M6.A[3.40]+M5.C+M6.A[3.35]×1; M6.A[3.40]+M5.C+M5.C2×1; M5.C1+M6.A[3.40]+M6.A[3.35]×1,2112,0.022222222222222223,0.7954545454545454,0.7944103513215145,0.78927541813633,0.23532196969696972,0.8405005960305362
very_noisy,three_merged,M9,LDA,LODO+LOSO-within-class,noise-robustness-only,6,3618,"['Normal', 'Mild+Moderate', 'Severe']",Normal:1|Mild+Moderate:2|Severe:1,True,,2112,0.022222222222222223,0.8873106060606061,0.8875008117410221,0.8862836262680376,0.11979166666666663,0.9358176814416009
very_noisy,three_merged,M9,LR,LODO+LOSO-within-class,noise-robustness-only,6,3618,"['Normal', 'Mild+Moderate', 'Severe']",Normal:1|Mild+Moderate:2|Severe:1,True,,2112,0.022222222222222223,0.8683712121212122,0.86853042405351,0.867355510672653,0.16619318181818177,0.9015169326290362
very_noisy,three_merged,M9,LSVM,LODO+LOSO-within-class,noise-robustness-only,6,3618,"['Normal', 'Mild+Moderate', 'Severe']",Normal:1|Mild+Moderate:2|Severe:1,True,,2112,0.022222222222222223,0.8494318181818182,0.8494382752126762,0.847522394159296,0.15246212121212122,0.9193050378907701
very_noisy,three_merged,M9,RBF,LODO+LOSO-within-class,noise-robustness-only,6,3618,"['Normal', 'Mild+Moderate', 'Severe']",Normal:1|Mild+Moderate:2|Severe:1,True,,2112,0.022222222222222223,0.8536931818181818,0.8536755633482693,0.853391741182561,0.23816287878787878,0.9076410892999913
very_noisy,three_merged,M9,kNN,LODO+LOSO-within-class,noise-robustness-only,6,3618,"['Normal', 'Mild+Moderate', 'Severe']",Normal:1|Mild+Moderate:2|Severe:1,True,,2112,0.022222222222222223,0.7585227272727273,0.7577845964023638,0.753689669645957,0.29971590909090906,0.8066128493560766
very_noisy,three_merged,M9,ORD,LODO+LOSO-within-class,noise-robustness-only,6,3618,"['Normal', 'Mild+Moderate', 'Severe']",Normal:1|Mild+Moderate:2|Severe:1,True,,2112,0.022222222222222223,0.8854166666666666,0.8856338073900902,0.885019150750271,0.13731060606060608,0.9428408565521121
very_noisy,three,M0,LDA,LODO,noise-robustness-only,3,1,"['Normal', 'Mild', 'Severe']",Normal:1|Mild:1|Severe:1,True,,1044,0.03333333333333333,0.3888888888888889,0.3837604250739844,0.3489025215242732,1.0,
very_noisy,three,M0,LR,LODO,noise-robustness-only,3,1,"['Normal', 'Mild', 'Severe']",Normal:1|Mild:1|Severe:1,True,,1044,0.03333333333333333,0.39080459770114945,0.3853410008071025,0.3437037225314625,0.9990421455938697,
very_noisy,three,M0,LSVM,LODO,noise-robustness-only,3,1,"['Normal', 'Mild', 'Severe']",Normal:1|Mild:1|Severe:1,True,,1044,0.03333333333333333,0.3994252873563218,0.3926553672316384,0.317351598173516,0.9990421455938697,
very_noisy,three,M0,RBF,LODO,noise-robustness-only,3,1,"['Normal', 'Mild', 'Severe']",Normal:1|Mild:1|Severe:1,True,,1044,0.03333333333333333,0.38601532567049807,0.38209577616357276,0.3608868240294336,1.0,
very_noisy,three,M0,kNN,LODO,noise-robustness-only,3,1,"['Normal', 'Mild', 'Severe']",Normal:1|Mild:1|Severe:1,True,,1044,0.03333333333333333,0.3735632183908046,0.37237691686844226,0.36867660653245143,0.9904214559386973,0.5
very_noisy,three,M0,ORD,LODO,noise-robustness-only,3,1,"['Normal', 'Mild', 'Severe']",Normal:1|Mild:1|Severe:1,True,,1044,0.03333333333333333,0.39176245210727967,0.3874428302394404,0.3653798704592753,1.0,
very_noisy,three,M1,LDA,LODO,noise-robustness-only,3,1,"['Normal', 'Mild', 'Severe']",Normal:1|Mild:1|Severe:1,True,,1044,0.03333333333333333,0.33045977011494254,0.3305084745762712,0.3135496610026054,1.0,
very_noisy,three,M1,LR,LODO,noise-robustness-only,3,1,"['Normal', 'Mild', 'Severe']",Normal:1|Mild:1|Severe:1,True,,1044,0.03333333333333333,0.328544061302682,0.3286252354048964,0.31032367208837797,1.0,
very_noisy,three,M1,LSVM,LODO,noise-robustness-only,3,1,"['Normal', 'Mild', 'Severe']",Normal:1|Mild:1|Severe:1,True,,1044,0.03333333333333333,0.33045977011494254,0.33060936238902344,0.3108940498802453,0.9904214559386973,
very_noisy,three,M1,RBF,LODO,noise-robustness-only,3,1,"['Normal', 'Mild', 'Severe']",Normal:1|Mild:1|Severe:1,True,,1044,0.03333333333333333,0.34770114942528735,0.3489205004035512,0.33991172292486754,1.0,
very_noisy,three,M1,kNN,LODO,noise-robustness-only,3,1,"['Normal', 'Mild', 'Severe']",Normal:1|Mild:1|Severe:1,True,,1044,0.03333333333333333,0.3400383141762452,0.33982378262039276,0.33558107268093257,1.0,
very_noisy,three,M1,ORD,LODO,noise-robustness-only,3,1,"['Normal', 'Mild', 'Severe']",Normal:1|Mild:1|Severe:1,True,,1044,0.03333333333333333,0.32375478927203066,0.31851963949421574,0.2655862646175681,1.0,
very_noisy,three,M2,LDA,LODO,noise-robustness-only,3,1,"['Normal', 'Mild', 'Severe']",Normal:1|Mild:1|Severe:1,True,,1044,0.03333333333333333,0.3524904214559387,0.34974441754102775,0.33901830926411874,1.0,
very_noisy,three,M2,LR,LODO,noise-robustness-only,3,1,"['Normal', 'Mild', 'Severe']",Normal:1|Mild:1|Severe:1,True,,1044,0.03333333333333333,0.35153256704980845,0.3486010223298359,0.3359854292153755,1.0,
very_noisy,three,M2,LSVM,LODO,noise-robustness-only,3,1,"['Normal', 'Mild', 'Severe']",Normal:1|Mild:1|Severe:1,True,,1044,0.03333333333333333,0.3505747126436782,0.34750807102502024,0.333565957684746,0.9568965517241379,0.3333333333333333
very_noisy,three,M2,RBF,LODO,noise-robustness-only,3,1,"['Normal', 'Mild', 'Severe']",Normal:1|Mild:1|Severe:1,True,,1044,0.03333333333333333,0.32950191570881227,0.32860842076943775,0.32241990343925797,1.0,
very_noisy,three,M2,kNN,LODO,noise-robustness-only,3,1,"['Normal', 'Mild', 'Severe']",Normal:1|Mild:1|Severe:1,True,,1044,0.03333333333333333,0.3227969348659004,0.32247107882701104,0.32229682162002815,1.0,
very_noisy,three,M2,ORD,LODO,noise-robustness-only,3,1,"['Normal', 'Mild', 'Severe']",Normal:1|Mild:1|Severe:1,True,,1044,0.03333333333333333,0.3524904214559387,0.34732311003497446,0.30329151599558607,1.0,
very_noisy,three,M5,LDA,LODO,noise-robustness-only,3,4,"['Normal', 'Mild', 'Severe']",Normal:1|Mild:1|Severe:1,True,,1044,0.03333333333333333,0.7432950191570882,0.7416935700834006,0.742080501131694,0.3486590038314177,0.8195639140779921
very_noisy,three,M5,LR,LODO,noise-robustness-only,3,4,"['Normal', 'Mild', 'Severe']",Normal:1|Mild:1|Severe:1,True,,1044,0.03333333333333333,0.7375478927203065,0.7355898574118913,0.7352903453654543,0.4837164750957854,0.7786816438687079
very_noisy,three,M5,LSVM,LODO,noise-robustness-only,3,4,"['Normal', 'Mild', 'Severe']",Normal:1|Mild:1|Severe:1,True,,1044,0.03333333333333333,0.7375478927203065,0.7344296475652407,0.7298004145687891,0.3477011494252874,0.8418849501284317
very_noisy,three,M5,RBF,LODO,noise-robustness-only,3,4,"['Normal', 'Mild', 'Severe']",Normal:1|Mild:1|Severe:1,True,,1044,0.03333333333333333,0.7557471264367817,0.7544895076674738,0.7551751798234525,0.31417624521072796,0.7456540395574924
very_noisy,three,M5,kNN,LODO,noise-robustness-only,3,4,"['Normal', 'Mild', 'Severe']",Normal:1|Mild:1|Severe:1,True,,1044,0.03333333333333333,0.7385057471264368,0.7371872477804682,0.7375728899802222,0.5727969348659003,0.7504553070854731
very_noisy,three,M5,ORD,LODO,noise-robustness-only,3,4,"['Normal', 'Mild', 'Severe']",Normal:1|Mild:1|Severe:1,True,,1044,0.03333333333333333,0.7164750957854407,0.7150760021522734,0.7180647042088224,0.5632183908045977,0.6627450980392157
very_noisy,three,M5.C3,LDA,LODO,noise-robustness-only,3,1,"['Normal', 'Mild', 'Severe']",Normal:1|Mild:1|Severe:1,True,,1044,0.03333333333333333,0.4885057471264368,0.48663236481033084,0.4816289573374594,0.7365900383141762,0.42857142857142855
very_noisy,three,M5.C3,LR,LODO,noise-robustness-only,3,1,"['Normal', 'Mild', 'Severe']",Normal:1|Mild:1|Severe:1,True,,1044,0.03333333333333333,0.49233716475095785,0.490651062684961,0.4803464688187246,0.6992337164750958,0.40873015873015867
very_noisy,three,M5.C3,LSVM,LODO,noise-robustness-only,3,1,"['Normal', 'Mild', 'Severe']",Normal:1|Mild:1|Severe:1,True,,1044,0.03333333333333333,0.5067049808429118,0.5057337906914179,0.4808722986966156,0.7164750957854407,0.456140350877193
very_noisy,three,M5.C3,RBF,LODO,noise-robustness-only,3,1,"['Normal', 'Mild', 'Severe']",Normal:1|Mild:1|Severe:1,True,,1044,0.03333333333333333,0.4789272030651341,0.4791330373957492,0.46467092493401857,0.7298850574712643,0.3333333333333333
very_noisy,three,M5.C3,kNN,LODO,noise-robustness-only,3,1,"['Normal', 'Mild', 'Severe']",Normal:1|Mild:1|Severe:1,True,,1044,0.03333333333333333,0.5191570881226054,0.5180252892117299,0.5136232004631217,0.7653256704980843,0.3333333333333333
very_noisy,three,M5.C3,ORD,LODO,noise-robustness-only,3,1,"['Normal', 'Mild', 'Severe']",Normal:1|Mild:1|Severe:1,True,,1044,0.03333333333333333,0.564176245210728,0.5613229755178908,0.5584454325292817,0.7375478927203065,0.41574074074074074
very_noisy,three,M5.C3[k3],LDA,LODO,noise-robustness-only,3,1,"['Normal', 'Mild', 'Severe']",Normal:1|Mild:1|Severe:1,True,,1044,0.03333333333333333,0.4990421455938697,0.497444175410277,0.4949723536274573,0.7088122605363985,0.46212121212121215
very_noisy,three,M5.C3[k3],LR,LODO,noise-robustness-only,3,1,"['Normal', 'Mild', 'Severe']",Normal:1|Mild:1|Severe:1,True,,1044,0.03333333333333333,0.4990421455938697,0.4975450632230293,0.48727115868455256,0.6676245210727969,0.5175983436853001
very_noisy,three,M5.C3[k3],LSVM,LODO,noise-robustness-only,3,1,"['Normal', 'Mild', 'Severe']",Normal:1|Mild:1|Severe:1,True,,1044,0.03333333333333333,0.5258620689655172,0.5253228410008072,0.4983792072413369,0.6877394636015326,0.5333333333333333
very_noisy,three,M5.C3[k3],RBF,LODO,noise-robustness-only,3,1,"['Normal', 'Mild', 'Severe']",Normal:1|Mild:1|Severe:1,True,,1044,0.03333333333333333,0.514367816091954,0.514729620661824,0.496185686374403,0.7126436781609196,0.3333333333333333
very_noisy,three,M5.C3[k3],kNN,LODO,noise-robustness-only,3,1,"['Normal', 'Mild', 'Severe']",Normal:1|Mild:1|Severe:1,True,,1044,0.03333333333333333,0.5124521072796935,0.511787059456551,0.5064848836551995,0.7883141762452107,0.3333333333333333
very_noisy,three,M5.C3[k3],ORD,LODO,noise-robustness-only,3,1,"['Normal', 'Mild', 'Severe']",Normal:1|Mild:1|Severe:1,True,,1044,0.03333333333333333,0.5957854406130269,0.5936575195049771,0.5948652607156009,0.7365900383141762,0.4666666666666666
very_noisy,three,M5.C3[nested],LDA,LODO,noise-robustness-only,3,1,"['Normal', 'Mild', 'Severe']",Normal:1|Mild:1|Severe:1,True,"windows 3.25-3.55×1, 3.20-3.45×1, 3.50-3.65×1",1044,0.03333333333333333,0.49137931034482757,0.4915758676351896,0.4782149159304397,0.7768199233716475,0.4963636363636364
very_noisy,three,M5.C3[nested],LR,LODO,noise-robustness-only,3,1,"['Normal', 'Mild', 'Severe']",Normal:1|Mild:1|Severe:1,True,"windows 3.25-3.55×1, 3.20-3.45×1, 3.50-3.65×1",1044,0.03333333333333333,0.49616858237547895,0.4962839655636266,0.48022153312195887,0.7672413793103449,0.4263492063492063
very_noisy,three,M5.C3[nested],LSVM,LODO,noise-robustness-only,3,1,"['Normal', 'Mild', 'Severe']",Normal:1|Mild:1|Severe:1,True,"windows 3.25-3.55×1, 3.20-3.45×1, 3.50-3.65×1",1044,0.03333333333333333,0.5153256704980843,0.515469464622007,0.47979867433781515,0.7490421455938697,0.5572114588508031
very_noisy,three,M5.C3[nested],RBF,LODO,noise-robustness-only,3,1,"['Normal', 'Mild', 'Severe']",Normal:1|Mild:1|Severe:1,True,"windows 3.25-3.55×1, 3.20-3.45×1, 3.50-3.65×1",1044,0.03333333333333333,0.49712643678160917,0.49561138014527845,0.48884076492138995,0.8314176245210728,0.3333333333333333
very_noisy,three,M5.C3[nested],kNN,LODO,noise-robustness-only,3,1,"['Normal', 'Mild', 'Severe']",Normal:1|Mild:1|Severe:1,True,"windows 3.25-3.55×1, 3.20-3.45×1, 3.50-3.65×1",1044,0.03333333333333333,0.49137931034482757,0.49142453591606133,0.4816302571935512,0.8630268199233717,0.39999999999999997
very_noisy,three,M5.C3[nested],ORD,LODO,noise-robustness-only,3,1,"['Normal', 'Mild', 'Severe']",Normal:1|Mild:1|Severe:1,True,"windows 3.25-3.55×1, 3.20-3.45×1, 3.50-3.65×1",1044,0.03333333333333333,0.5440613026819924,0.5403887543718052,0.5341617429409016,0.8017241379310345,0.44651952461799665
very_noisy,three,M6,LDA,LODO,noise-robustness-only,3,22,"['Normal', 'Mild', 'Severe']",Normal:1|Mild:1|Severe:1,True,,1044,0.03333333333333333,0.8582375478927203,0.8565543449018026,0.8559623223274017,0.18582375478927204,0.7605257654990795
very_noisy,three,M6,LR,LODO,noise-robustness-only,3,22,"['Normal', 'Mild', 'Severe']",Normal:1|Mild:1|Severe:1,True,,1044,0.03333333333333333,0.8381226053639846,0.8370325531342481,0.8376749225886808,0.19252873563218387,0.8466131972904462
very_noisy,three,M6,LSVM,LODO,noise-robustness-only,3,22,"['Normal', 'Mild', 'Severe']",Normal:1|Mild:1|Severe:1,True,,1044,0.03333333333333333,0.7959770114942529,0.7930790960451978,0.7902798888020243,0.1915708812260536,0.8703416194166024
very_noisy,three,M6,RBF,LODO,noise-robustness-only,3,22,"['Normal', 'Mild', 'Severe']",Normal:1|Mild:1|Severe:1,True,,1044,0.03333333333333333,0.8295019157088123,0.8281544256120528,0.8279638595321696,0.32183908045977017,0.8060747937005318
very_noisy,three,M6,kNN,LODO,noise-robustness-only,3,22,"['Normal', 'Mild', 'Severe']",Normal:1|Mild:1|Severe:1,True,,1044,0.03333333333333333,0.7404214559386973,0.7362960721011568,0.727263972534986,0.2998084291187739,0.7761798898253978
very_noisy,three,M6,ORD,LODO,noise-robustness-only,3,22,"['Normal', 'Mild', 'Severe']",Normal:1|Mild:1|Severe:1,True,,1044,0.03333333333333333,0.8371647509578544,0.8359900457358084,0.8365586299732853,0.2145593869731801,0.8953503477437242
very_noisy,three,M7,LDA,LODO,noise-robustness-only,3,6,"['Normal', 'Mild', 'Severe']",Normal:1|Mild:1|Severe:1,True,,1044,0.03333333333333333,0.48659003831417624,0.48283225719666395,0.47027118344191515,0.9559386973180076,0.5682539682539683
very_noisy,three,M7,LR,LODO,noise-robustness-only,3,6,"['Normal', 'Mild', 'Severe']",Normal:1|Mild:1|Severe:1,True,,1044,0.03333333333333333,0.4904214559386973,0.4865987355394135,0.4731744764876127,0.9636015325670498,0.5674603174603174
very_noisy,three,M7,LSVM,LODO,noise-robustness-only,3,6,"['Normal', 'Mild', 'Severe']",Normal:1|Mild:1|Severe:1,True,,1044,0.03333333333333333,0.48659003831417624,0.4809153887543718,0.44805097864531707,0.9655172413793104,0.5404040404040403
very_noisy,three,M7,RBF,LODO,noise-robustness-only,3,6,"['Normal', 'Mild', 'Severe']",Normal:1|Mild:1|Severe:1,True,,1044,0.03333333333333333,0.48659003831417624,0.4838411353241862,0.4792789457137141,1.0,
very_noisy,three,M7,kNN,LODO,noise-robustness-only,3,6,"['Normal', 'Mild', 'Severe']",Normal:1|Mild:1|Severe:1,True,,1044,0.03333333333333333,0.46934865900383144,0.4665388754371805,0.46191597099714926,0.9636015325670498,0.3303030303030303
very_noisy,three,M7,ORD,LODO,noise-robustness-only,3,6,"['Normal', 'Mild', 'Severe']",Normal:1|Mild:1|Severe:1,True,,1044,0.03333333333333333,0.47413793103448276,0.47094430992736075,0.4638658161798972,0.960727969348659,0.6533333333333333
very_noisy,three,M8,LDA,LODO,noise-robustness-only,3,4,"['Normal', 'Mild', 'Severe']",Normal:1|Mild:1|Severe:1,True,,1044,0.03333333333333333,0.4559386973180077,0.4541128598331989,0.4516190167190152,0.6657088122605364,0.3333333333333333
very_noisy,three,M8,LR,LODO,noise-robustness-only,3,4,"['Normal', 'Mild', 'Severe']",Normal:1|Mild:1|Severe:1,True,,1044,0.03333333333333333,0.4521072796934866,0.450245493677697,0.44762940136781654,0.9952107279693486,0.6666666666666666
very_noisy,three,M8,LSVM,LODO,noise-robustness-only,3,4,"['Normal', 'Mild', 'Severe']",Normal:1|Mild:1|Severe:1,True,,1044,0.03333333333333333,0.40804597701149425,0.405770782889427,0.4009794853782971,1.0,
very_noisy,three,M8,RBF,LODO,noise-robustness-only,3,4,"['Normal', 'Mild', 'Severe']",Normal:1|Mild:1|Severe:1,True,,1044,0.03333333333333333,0.3371647509578544,0.33619182136131287,0.3307262028581417,1.0,
very_noisy,three,M8,kNN,LODO,noise-robustness-only,3,4,"['Normal', 'Mild', 'Severe']",Normal:1|Mild:1|Severe:1,True,,1044,0.03333333333333333,0.32567049808429116,0.3250437180521926,0.3251985671485083,0.9990421455938697,
very_noisy,three,M8,ORD,LODO,noise-robustness-only,3,4,"['Normal', 'Mild', 'Severe']",Normal:1|Mild:1|Severe:1,True,,1044,0.03333333333333333,0.3553639846743295,0.3502993005111649,0.3090483626539879,1.0,
very_noisy,three,COMB,LDA,LODO,noise-robustness-only,3,3,"['Normal', 'Mild', 'Severe']",Normal:1|Mild:1|Severe:1,True,chosen M6.A[3.40]+M5.C+M6.A[3.45]×1; M6.A[3.40]+M5.C+M5.C2×1; M5.C1+M6.A[3.40]+M6.A[3.35]×1,1044,0.03333333333333333,0.8793103448275862,0.87772397094431,0.8769026190263429,0.14750957854406133,0.9079342729999801
very_noisy,three,COMB,LR,LODO,noise-robustness-only,3,3,"['Normal', 'Mild', 'Severe']",Normal:1|Mild:1|Severe:1,True,chosen M6.A[3.40]+M5.C+M6.A[3.45]×1; M6.A[3.40]+M5.C+M5.C2×1; M5.C1+M6.A[3.40]+M6.A[3.35]×1,1044,0.03333333333333333,0.8745210727969349,0.8731672047350013,0.8727621642745617,0.16091954022988508,0.9252656182390463
very_noisy,three,COMB,LSVM,LODO,noise-robustness-only,3,3,"['Normal', 'Mild', 'Severe']",Normal:1|Mild:1|Severe:1,True,chosen M6.A[3.40]+M5.C+M6.A[3.45]×1; M6.A[3.40]+M5.C+M5.C2×1; M5.C1+M6.A[3.40]+M6.A[3.35]×1,1044,0.03333333333333333,0.8505747126436781,0.8470036319612592,0.8427391296599004,0.14272030651340994,0.9162875041213322
very_noisy,three,COMB,RBF,LODO,noise-robustness-only,3,3,"['Normal', 'Mild', 'Severe']",Normal:1|Mild:1|Severe:1,True,chosen M6.A[3.40]+M5.C+M6.A[3.45]×1; M6.A[3.40]+M5.C+M5.C2×1; M5.C1+M6.A[3.40]+M6.A[3.35]×1,1044,0.03333333333333333,0.8773946360153256,0.8759920634920636,0.8755223117721229,0.010536398467432928,0.875166942986092
very_noisy,three,COMB,kNN,LODO,noise-robustness-only,3,3,"['Normal', 'Mild', 'Severe']",Normal:1|Mild:1|Severe:1,True,chosen M6.A[3.40]+M5.C+M6.A[3.45]×1; M6.A[3.40]+M5.C+M5.C2×1; M5.C1+M6.A[3.40]+M6.A[3.35]×1,1044,0.03333333333333333,0.8716475095785441,0.8699387947269303,0.8690896725882146,0.23275862068965514,0.9180875049987135
very_noisy,three,COMB,ORD,LODO,noise-robustness-only,3,3,"['Normal', 'Mild', 'Severe']",Normal:1|Mild:1|Severe:1,True,chosen M6.A[3.40]+M5.C+M6.A[3.45]×1; M6.A[3.40]+M5.C+M5.C2×1; M5.C1+M6.A[3.40]+M6.A[3.35]×1,1044,0.03333333333333333,0.8745210727969349,0.8731167608286253,0.8725911334464506,0.16858237547892718,0.9094667961252814
very_noisy,three,M9,LDA,LODO,noise-robustness-only,3,3618,"['Normal', 'Mild', 'Severe']",Normal:1|Mild:1|Severe:1,True,,1044,0.03333333333333333,0.8783524904214559,0.8788001076136669,0.8769166725227523,0.11015325670498088,0.7991118590469157
very_noisy,three,M9,LR,LODO,noise-robustness-only,3,3618,"['Normal', 'Mild', 'Severe']",Normal:1|Mild:1|Severe:1,True,,1044,0.03333333333333333,0.8793103448275862,0.8798426150121066,0.8779629492140645,0.19731800766283525,0.6836075478713516
very_noisy,three,M9,LSVM,LODO,noise-robustness-only,3,3618,"['Normal', 'Mild', 'Severe']",Normal:1|Mild:1|Severe:1,True,,1044,0.03333333333333333,0.8591954022988506,0.8586561743341404,0.8568707143227671,0.0938697318007663,0.8027057499028608
very_noisy,three,M9,RBF,LODO,noise-robustness-only,3,3618,"['Normal', 'Mild', 'Severe']",Normal:1|Mild:1|Severe:1,True,,1044,0.03333333333333333,0.8409961685823755,0.8405131826741995,0.8400841953392676,0.3017241379310345,0.8403581004956634
very_noisy,three,M9,kNN,LODO,noise-robustness-only,3,3618,"['Normal', 'Mild', 'Severe']",Normal:1|Mild:1|Severe:1,True,,1044,0.03333333333333333,0.7126436781609196,0.708182001614205,0.698217543744013,0.32567049808429116,0.6875139502700772
very_noisy,three,M9,ORD,LODO,noise-robustness-only,3,3618,"['Normal', 'Mild', 'Severe']",Normal:1|Mild:1|Severe:1,True,,1044,0.03333333333333333,0.8773946360153256,0.8780098197471079,0.8767687253650219,0.20881226053639845,0.9511565888377481
typical_jitter,binary,M0,LDA,LODO+LOSO-within-class,noise-robustness-only,9,1,"['Normal', 'AD']",Normal:1|AD:3,False,,2160,0.0,0.6032407407407407,0.6032407407407407,0.6032386147473785,0.9013888888888889,0.7245059985885673
typical_jitter,binary,M0,LR,LODO+LOSO-within-class,noise-robustness-only,9,1,"['Normal', 'AD']",Normal:1|AD:3,False,,2160,0.0,0.6032407407407407,0.6032407407407407,0.603239975385755,0.8699074074074074,0.7076469391905633
typical_jitter,binary,M0,LSVM,LODO+LOSO-within-class,noise-robustness-only,9,1,"['Normal', 'AD']",Normal:1|AD:3,False,,2160,0.0,0.6032407407407407,0.6032407407407407,0.6032386147473785,0.9023148148148148,0.7273340528872099
typical_jitter,binary,M0,RBF,LODO+LOSO-within-class,noise-robustness-only,9,1,"['Normal', 'AD']",Normal:1|AD:3,False,,2160,0.0,0.5902777777777778,0.5902777777777778,0.588944861714007,1.0,
typical_jitter,binary,M0,kNN,LODO+LOSO-within-class,noise-robustness-only,9,1,"['Normal', 'AD']",Normal:1|AD:3,False,,2160,0.0,0.5574074074074075,0.5574074074074074,0.5567994505494505,0.9421296296296297,0.5495258166491044
typical_jitter,binary,M0,ORD,LODO+LOSO-within-class,noise-robustness-only,9,1,"['Normal', 'AD']",Normal:1|AD:3,False,,2160,0.0,0.6032407407407407,0.6032407407407407,0.6032406557014437,0.9037037037037037,0.7225305216426192
typical_jitter,binary,M0,THR,LODO+LOSO-within-class,noise-robustness-only,9,1,"['Normal', 'AD']",Normal:1|AD:3,False,,2160,0.0,0.5680555555555555,0.5680555555555555,0.5680532410260257,0.9407407407407408,0.7034313725490196
typical_jitter,binary,M1,LDA,LODO+LOSO-within-class,noise-robustness-only,9,1,"['Normal', 'AD']",Normal:1|AD:3,False,,2160,0.0,0.4842592592592593,0.4842592592592593,0.48424334084385323,1.0,
typical_jitter,binary,M1,LR,LODO+LOSO-within-class,noise-robustness-only,9,1,"['Normal', 'AD']",Normal:1|AD:3,False,,2160,0.0,0.4837962962962963,0.4837962962962963,0.4837714010127803,1.0,
typical_jitter,binary,M1,LSVM,LODO+LOSO-within-class,noise-robustness-only,9,1,"['Normal', 'AD']",Normal:1|AD:3,False,,2160,0.0,0.4842592592592593,0.4842592592592593,0.48424334084385323,1.0,
typical_jitter,binary,M1,RBF,LODO+LOSO-within-class,noise-robustness-only,9,1,"['Normal', 'AD']",Normal:1|AD:3,False,,2160,0.0,0.4736111111111111,0.4736111111111111,0.4659324012796293,1.0,
typical_jitter,binary,M1,kNN,LODO+LOSO-within-class,noise-robustness-only,9,1,"['Normal', 'AD']",Normal:1|AD:3,False,,2160,0.0,0.5050925925925925,0.5050925925925926,0.5044628687304318,0.9856481481481482,0.5
typical_jitter,binary,M1,ORD,LODO+LOSO-within-class,noise-robustness-only,9,1,"['Normal', 'AD']",Normal:1|AD:3,False,,2160,0.0,0.4842592592592593,0.4842592592592593,0.48424334084385323,1.0,
typical_jitter,binary,M1,THR,LODO+LOSO-within-class,noise-robustness-only,9,1,"['Normal', 'AD']",Normal:1|AD:3,False,,2160,0.0,0.4689814814814815,0.46898148148148144,0.46488450346110555,0.9986111111111111,0.5
typical_jitter,binary,M2,LDA,LODO+LOSO-within-class,noise-robustness-only,9,1,"['Normal', 'AD']",Normal:1|AD:3,False,,2160,0.0,0.5421296296296296,0.5421296296296296,0.5421287463903287,0.9990740740740741,0.5
typical_jitter,binary,M2,LR,LODO+LOSO-within-class,noise-robustness-only,9,1,"['Normal', 'AD']",Normal:1|AD:3,False,,2160,0.0,0.5421296296296296,0.5421296296296296,0.5421287463903287,0.9981481481481481,0.6666666666666666
typical_jitter,binary,M2,LSVM,LODO+LOSO-within-class,noise-robustness-only,9,1,"['Normal', 'AD']",Normal:1|AD:3,False,,2160,0.0,0.5421296296296296,0.5421296296296296,0.5421287463903287,0.9990740740740741,0.5
typical_jitter,binary,M2,RBF,LODO+LOSO-within-class,noise-robustness-only,9,1,"['Normal', 'AD']",Normal:1|AD:3,False,,2160,0.0,0.5152777777777777,0.5152777777777777,0.5055480235104752,1.0,
typical_jitter,binary,M2,kNN,LODO+LOSO-within-class,noise-robustness-only,9,1,"['Normal', 'AD']",Normal:1|AD:3,False,,2160,0.0,0.5023148148148148,0.5023148148148149,0.5022839849261924,0.9976851851851852,0.5833333333333333
typical_jitter,binary,M2,ORD,LODO+LOSO-within-class,noise-robustness-only,9,1,"['Normal', 'AD']",Normal:1|AD:3,False,,2160,0.0,0.5421296296296296,0.5421296296296296,0.5421287463903287,0.9990740740740741,0.5
typical_jitter,binary,M2,THR,LODO+LOSO-within-class,noise-robustness-only,9,1,"['Normal', 'AD']",Normal:1|AD:3,False,,2160,0.0,0.5194444444444445,0.5194444444444444,0.5029048653279424,1.0,
typical_jitter,binary,M5,LDA,LODO+LOSO-within-class,noise-robustness-only,9,4,"['Normal', 'AD']",Normal:1|AD:3,False,,2160,0.0,0.999537037037037,0.9995370370370371,0.999537036937808,0.0023148148148147696,1.0
typical_jitter,binary,M5,LR,LODO+LOSO-within-class,noise-robustness-only,9,4,"['Normal', 'AD']",Normal:1|AD:3,False,,2160,0.0,0.9958333333333333,0.9958333333333333,0.9958333110066819,0.004166666666666652,0.9986020503261883
typical_jitter,binary,M5,LSVM,LODO+LOSO-within-class,noise-robustness-only,9,4,"['Normal', 'AD']",Normal:1|AD:3,False,,2160,0.0,0.999537037037037,0.9995370370370371,0.999537036937808,0.00462962962962965,0.9985981308411215
typical_jitter,binary,M5,RBF,LODO+LOSO-within-class,noise-robustness-only,9,4,"['Normal', 'AD']",Normal:1|AD:3,False,,2160,0.0,0.9990740740740741,0.999074074074074,0.9990740732802411,0.006018518518518534,0.9976591760299626
typical_jitter,binary,M5,kNN,LODO+LOSO-within-class,noise-robustness-only,9,4,"['Normal', 'AD']",Normal:1|AD:3,False,,2160,0.0,0.9972222222222222,0.9972222222222222,0.9972222126962027,0.0032407407407407662,0.9976770113871314
typical_jitter,binary,M5,ORD,LODO+LOSO-within-class,noise-robustness-only,9,4,"['Normal', 'AD']",Normal:1|AD:3,False,,2160,0.0,0.9967592592592592,0.9967592592592593,0.9967592585646559,0.0037037037037036535,0.9995357474466109
typical_jitter,binary,M5.C3,LDA,LODO+LOSO-within-class,noise-robustness-only,9,1,"['Normal', 'AD']",Normal:1|AD:3,False,,2160,0.0,0.9981481481481481,0.9981481481481482,0.9981481465604822,0.018055555555555602,0.9985769150720702
typical_jitter,binary,M5.C3,LR,LODO+LOSO-within-class,noise-robustness-only,9,1,"['Normal', 'AD']",Normal:1|AD:3,False,,2160,0.0,0.9981481481481481,0.9981481481481482,0.9981481465604822,0.0092592592592593,0.9981228473671384
typical_jitter,binary,M5.C3,LSVM,LODO+LOSO-within-class,noise-robustness-only,9,1,"['Normal', 'AD']",Normal:1|AD:3,False,,2160,0.0,0.9976851851851852,0.9976851851851851,0.9976851846890399,0.021759259259259256,0.9985493230174081
typical_jitter,binary,M5.C3,RBF,LODO+LOSO-within-class,noise-robustness-only,9,1,"['Normal', 'AD']",Normal:1|AD:3,False,,2160,0.0,0.9958333333333333,0.9958333333333333,0.9958333110066819,0.012499999999999956,0.9962049335863378
typical_jitter,binary,M5.C3,kNN,LODO+LOSO-within-class,noise-robustness-only,9,1,"['Normal', 'AD']",Normal:1|AD:3,False,,2160,0.0,0.9976851851851852,0.9976851851851851,0.9976851846890399,0.011111111111111072,0.9962253496921971
typical_jitter,binary,M5.C3,ORD,LODO+LOSO-within-class,noise-robustness-only,9,1,"['Normal', 'AD']",Normal:1|AD:3,False,,2160,0.0,0.9981481481481481,0.9981481481481482,0.9981481465604822,0.017129629629629606,0.9961977557615141
typical_jitter,binary,M5.C3,THR,LODO+LOSO-within-class,noise-robustness-only,9,1,"['Normal', 'AD']",Normal:1|AD:3,False,,2160,0.0,0.9861111111111112,0.9861111111111112,0.9861087768520773,0.018055555555555602,0.9961612284069098
typical_jitter,binary,M5.C3[k3],LDA,LODO+LOSO-within-class,noise-robustness-only,9,1,"['Normal', 'AD']",Normal:1|AD:3,False,,2160,0.0,0.999537037037037,0.9995370370370371,0.999537036937808,0.0009259259259258856,0.9986102521816808
typical_jitter,binary,M5.C3[k3],LR,LODO+LOSO-within-class,noise-robustness-only,9,1,"['Normal', 'AD']",Normal:1|AD:3,False,,2160,0.0,0.999537037037037,0.9995370370370371,0.999537036937808,0.0009259259259258856,0.9990732159406859
typical_jitter,binary,M5.C3[k3],LSVM,LODO+LOSO-within-class,noise-robustness-only,9,1,"['Normal', 'AD']",Normal:1|AD:3,False,,2160,0.0,0.9986111111111111,0.9986111111111111,0.9986111108134239,0.005555555555555536,0.9990645463049579
typical_jitter,binary,M5.C3[k3],RBF,LODO+LOSO-within-class,noise-robustness-only,9,1,"['Normal', 'AD']",Normal:1|AD:3,False,,2160,0.0,0.9981481481481481,0.9981481481481482,0.9981481465604822,0.0009259259259258856,0.9990732159406859
typical_jitter,binary,M5.C3[k3],kNN,LODO+LOSO-within-class,noise-robustness-only,9,1,"['Normal', 'AD']",Normal:1|AD:3,False,,2160,0.0,0.9986111111111111,0.9986111111111111,0.9986111108134239,0.001388888888888884,1.0
typical_jitter,binary,M5.C3[k3],ORD,LODO+LOSO-within-class,noise-robustness-only,9,1,"['Normal', 'AD']",Normal:1|AD:3,False,,2160,0.0,0.9986111111111111,0.9986111111111111,0.9986111108134239,0.0032407407407407662,0.998605509273881
typical_jitter,binary,M5.C3[k3],THR,LODO+LOSO-within-class,noise-robustness-only,9,1,"['Normal', 'AD']",Normal:1|AD:3,False,,2160,0.0,0.9986111111111111,0.9986111111111111,0.9986111084319221,0.0050925925925925375,0.9990645463049579
typical_jitter,binary,M5.C3[nested],LDA,LODO+LOSO-within-class,noise-robustness-only,9,1,"['Normal', 'AD']",Normal:1|AD:3,False,"windows 3.40-3.50×6, 3.40-3.55×2, 3.40-3.60×1",2160,0.0,1.0,1.0,1.0,0.001388888888888884,1.0
typical_jitter,binary,M5.C3[nested],LR,LODO+LOSO-within-class,noise-robustness-only,9,1,"['Normal', 'AD']",Normal:1|AD:3,False,"windows 3.40-3.50×6, 3.40-3.55×2, 3.40-3.60×1",2160,0.0,1.0,1.0,1.0,0.0,1.0
typical_jitter,binary,M5.C3[nested],LSVM,LODO+LOSO-within-class,noise-robustness-only,9,1,"['Normal', 'AD']",Normal:1|AD:3,False,"windows 3.40-3.50×6, 3.40-3.55×2, 3.40-3.60×1",2160,0.0,1.0,1.0,1.0,0.0009259259259258856,1.0
typical_jitter,binary,M5.C3[nested],RBF,LODO+LOSO-within-class,noise-robustness-only,9,1,"['Normal', 'AD']",Normal:1|AD:3,False,"windows 3.40-3.50×6, 3.40-3.55×2, 3.40-3.60×1",2160,0.0,1.0,1.0,1.0,0.001388888888888884,1.0
typical_jitter,binary,M5.C3[nested],kNN,LODO+LOSO-within-class,noise-robustness-only,9,1,"['Normal', 'AD']",Normal:1|AD:3,False,"windows 3.40-3.50×6, 3.40-3.55×2, 3.40-3.60×1",2160,0.0,1.0,1.0,1.0,0.0004629629629629983,1.0
typical_jitter,binary,M5.C3[nested],ORD,LODO+LOSO-within-class,noise-robustness-only,9,1,"['Normal', 'AD']",Normal:1|AD:3,False,"windows 3.40-3.50×6, 3.40-3.55×2, 3.40-3.60×1",2160,0.0,1.0,1.0,1.0,0.001388888888888884,1.0
typical_jitter,binary,M5.C3[nested],THR,LODO+LOSO-within-class,noise-robustness-only,9,1,"['Normal', 'AD']",Normal:1|AD:3,False,"windows 3.40-3.50×6, 3.40-3.55×2, 3.40-3.60×1",2160,0.0,1.0,1.0,1.0,0.002777777777777768,1.0
typical_jitter,binary,M6,LDA,LODO+LOSO-within-class,noise-robustness-only,9,22,"['Normal', 'AD']",Normal:1|AD:3,False,,2160,0.0,1.0,1.0,1.0,0.0,1.0
typical_jitter,binary,M6,LR,LODO+LOSO-within-class,noise-robustness-only,9,22,"['Normal', 'AD']",Normal:1|AD:3,False,,2160,0.0,1.0,1.0,1.0,0.0018518518518518823,0.9986059479553904
typical_jitter,binary,M6,LSVM,LODO+LOSO-within-class,noise-robustness-only,9,22,"['Normal', 'AD']",Normal:1|AD:3,False,,2160,0.0,1.0,1.0,1.0,0.0,0.9995370370370371
typical_jitter,binary,M6,RBF,LODO+LOSO-within-class,noise-robustness-only,9,22,"['Normal', 'AD']",Normal:1|AD:3,False,,2160,0.0,1.0,1.0,1.0,0.0,0.9976851851851851
typical_jitter,binary,M6,kNN,LODO+LOSO-within-class,noise-robustness-only,9,22,"['Normal', 'AD']",Normal:1|AD:3,False,,2160,0.0,0.9643518518518519,0.9643518518518519,0.9643064928832958,0.009722222222222188,0.9845261409337296
typical_jitter,binary,M6,ORD,LODO+LOSO-within-class,noise-robustness-only,9,22,"['Normal', 'AD']",Normal:1|AD:3,False,,2160,0.0,1.0,1.0,1.0,0.005555555555555536,0.9957865168539326
typical_jitter,binary,M7,LDA,LODO+LOSO-within-class,noise-robustness-only,9,6,"['Normal', 'AD']",Normal:1|AD:3,False,,2160,0.0,0.7828703703703703,0.7828703703703703,0.7823362413467032,0.29120370370370374,0.8522200772200772
typical_jitter,binary,M7,LR,LODO+LOSO-within-class,noise-robustness-only,9,6,"['Normal', 'AD']",Normal:1|AD:3,False,,2160,0.0,0.7842592592592592,0.7842592592592592,0.7841993146244327,0.2587962962962963,0.8431434691379611
typical_jitter,binary,M7,LSVM,LODO+LOSO-within-class,noise-robustness-only,9,6,"['Normal', 'AD']",Normal:1|AD:3,False,,2160,0.0,0.7837962962962963,0.7837962962962963,0.7837395149403725,0.2925925925925926,0.8499423963133641
typical_jitter,binary,M7,RBF,LODO+LOSO-within-class,noise-robustness-only,9,6,"['Normal', 'AD']",Normal:1|AD:3,False,,2160,0.0,0.7782407407407408,0.7782407407407408,0.7777926206205887,0.24722222222222223,0.8546228710462287
typical_jitter,binary,M7,kNN,LODO+LOSO-within-class,noise-robustness-only,9,6,"['Normal', 'AD']",Normal:1|AD:3,False,,2160,0.0,0.7689814814814815,0.7689814814814815,0.7688625340672788,0.3393518518518519,0.8552503962340028
typical_jitter,binary,M7,ORD,LODO+LOSO-within-class,noise-robustness-only,9,6,"['Normal', 'AD']",Normal:1|AD:3,False,,2160,0.0,0.7837962962962963,0.7837962962962963,0.7837328382749482,0.2828703703703703,0.8507924372076563
typical_jitter,binary,M8,LDA,LODO+LOSO-within-class,noise-robustness-only,9,4,"['Normal', 'AD']",Normal:1|AD:3,False,,2160,0.0,0.8583333333333333,0.8583333333333334,0.858315841461909,0.15740740740740744,0.915381791483113
typical_jitter,binary,M8,LR,LODO+LOSO-within-class,noise-robustness-only,9,4,"['Normal', 'AD']",Normal:1|AD:3,False,,2160,0.0,0.8481481481481481,0.8481481481481481,0.8481398156277435,0.22592592592592597,0.914981414981415
typical_jitter,binary,M8,LSVM,LODO+LOSO-within-class,noise-robustness-only,9,4,"['Normal', 'AD']",Normal:1|AD:3,False,,2160,0.0,0.6652777777777777,0.6652777777777779,0.6652398216447295,0.962962962962963,0.892327530625403
typical_jitter,binary,M8,RBF,LODO+LOSO-within-class,noise-robustness-only,9,4,"['Normal', 'AD']",Normal:1|AD:3,False,,2160,0.0,0.5166666666666667,0.5166666666666667,0.5068993506493507,1.0,
typical_jitter,binary,M8,kNN,LODO+LOSO-within-class,noise-robustness-only,9,4,"['Normal', 'AD']",Normal:1|AD:3,False,,2160,0.0,0.5060185185185185,0.5060185185185185,0.5059167493990424,0.9986111111111111,0.75
typical_jitter,binary,M8,ORD,LODO+LOSO-within-class,noise-robustness-only,9,4,"['Normal', 'AD']",Normal:1|AD:3,False,,2160,0.0,0.5430555555555555,0.5430555555555555,0.5430546741023805,0.9990740740740741,0.5
typical_jitter,binary,COMB,LDA,LODO+LOSO-within-class,noise-robustness-only,9,3,"['Normal', 'AD']",Normal:1|AD:3,False,chosen M5.C3+M6.A[3.40]+M5.C2×8; M5.C3+M6.A[3.40]+M6.A[3.50]×1,2160,0.0,1.0,1.0,1.0,0.001388888888888884,1.0
typical_jitter,binary,COMB,LR,LODO+LOSO-within-class,noise-robustness-only,9,3,"['Normal', 'AD']",Normal:1|AD:3,False,chosen M5.C3+M6.A[3.40]+M5.C2×8; M5.C3+M6.A[3.40]+M6.A[3.50]×1,2160,0.0,0.999537037037037,0.9995370370370371,0.999537036937808,0.0018518518518518823,0.9995353159851301
typical_jitter,binary,COMB,LSVM,LODO+LOSO-within-class,noise-robustness-only,9,3,"['Normal', 'AD']",Normal:1|AD:3,False,chosen M5.C3+M6.A[3.40]+M5.C2×8; M5.C3+M6.A[3.40]+M6.A[3.50]×1,2160,0.0,1.0,1.0,1.0,0.0,1.0
typical_jitter,binary,COMB,RBF,LODO+LOSO-within-class,noise-robustness-only,9,3,"['Normal', 'AD']",Normal:1|AD:3,False,chosen M5.C3+M6.A[3.40]+M5.C2×8; M5.C3+M6.A[3.40]+M6.A[3.50]×1,2160,0.0,1.0,1.0,1.0,0.0,1.0
typical_jitter,binary,COMB,kNN,LODO+LOSO-within-class,noise-robustness-only,9,3,"['Normal', 'AD']",Normal:1|AD:3,False,chosen M5.C3+M6.A[3.40]+M5.C2×8; M5.C3+M6.A[3.40]+M6.A[3.50]×1,2160,0.0,1.0,1.0,1.0,0.0,1.0
typical_jitter,binary,COMB,ORD,LODO+LOSO-within-class,noise-robustness-only,9,3,"['Normal', 'AD']",Normal:1|AD:3,False,chosen M5.C3+M6.A[3.40]+M5.C2×8; M5.C3+M6.A[3.40]+M6.A[3.50]×1,2160,0.0,1.0,1.0,1.0,0.001388888888888884,1.0
typical_jitter,binary,M9,LDA,LODO+LOSO-within-class,noise-robustness-only,9,3618,"['Normal', 'AD']",Normal:1|AD:3,False,,2160,0.0,1.0,1.0,1.0,0.029166666666666674,1.0
typical_jitter,binary,M9,LR,LODO+LOSO-within-class,noise-robustness-only,9,3618,"['Normal', 'AD']",Normal:1|AD:3,False,,2160,0.0,1.0,1.0,1.0,0.0,1.0
typical_jitter,binary,M9,LSVM,LODO+LOSO-within-class,noise-robustness-only,9,3618,"['Normal', 'AD']",Normal:1|AD:3,False,,2160,0.0,0.9879629629629629,0.9879629629629629,0.987961218660797,0.0009259259259258856,1.0
typical_jitter,binary,M9,RBF,LODO+LOSO-within-class,noise-robustness-only,9,3618,"['Normal', 'AD']",Normal:1|AD:3,False,,2160,0.0,1.0,1.0,1.0,0.0,1.0
typical_jitter,binary,M9,kNN,LODO+LOSO-within-class,noise-robustness-only,9,3618,"['Normal', 'AD']",Normal:1|AD:3,False,,2160,0.0,0.9967592592592592,0.9967592592592592,0.9967592530078183,0.0050925925925925375,0.9995357474466109
typical_jitter,binary,M9,ORD,LODO+LOSO-within-class,noise-robustness-only,9,3618,"['Normal', 'AD']",Normal:1|AD:3,False,,2160,0.0,1.0,1.0,1.0,0.0,1.0
typical_jitter,three_merged,M0,LDA,LODO+LOSO-within-class,noise-robustness-only,6,1,"['Normal', 'Mild+Moderate', 'Severe']",Normal:1|Mild+Moderate:2|Severe:1,True,,2160,0.0,0.4027777777777778,0.40277777777777785,0.37569299187313865,0.9981481481481481,0.3333333333333333
typical_jitter,three_merged,M0,LR,LODO+LOSO-within-class,noise-robustness-only,6,1,"['Normal', 'Mild+Moderate', 'Severe']",Normal:1|Mild+Moderate:2|Severe:1,True,,2160,0.0,0.4013888888888889,0.40138888888888885,0.3721912049104084,0.9972222222222222,0.3333333333333333
typical_jitter,three_merged,M0,LSVM,LODO+LOSO-within-class,noise-robustness-only,6,1,"['Normal', 'Mild+Moderate', 'Severe']",Normal:1|Mild+Moderate:2|Severe:1,True,,2160,0.0,0.3861111111111111,0.38611111111111107,0.36246818957535454,0.9986111111111111,
typical_jitter,three_merged,M0,RBF,LODO+LOSO-within-class,noise-robustness-only,6,1,"['Normal', 'Mild+Moderate', 'Severe']",Normal:1|Mild+Moderate:2|Severe:1,True,,2160,0.0,0.37962962962962965,0.3796296296296296,0.37712397956333105,1.0,
typical_jitter,three_merged,M0,kNN,LODO+LOSO-within-class,noise-robustness-only,6,1,"['Normal', 'Mild+Moderate', 'Severe']",Normal:1|Mild+Moderate:2|Severe:1,True,,2160,0.0,0.36944444444444446,0.36944444444444446,0.36707482873093533,0.9944444444444445,0.3333333333333333
typical_jitter,three_merged,M0,ORD,LODO+LOSO-within-class,noise-robustness-only,6,1,"['Normal', 'Mild+Moderate', 'Severe']",Normal:1|Mild+Moderate:2|Severe:1,True,,2160,0.0,0.3972222222222222,0.3972222222222222,0.3806762382460183,0.9972222222222222,0.3333333333333333
typical_jitter,three_merged,M1,LDA,LODO+LOSO-within-class,noise-robustness-only,6,1,"['Normal', 'Mild+Moderate', 'Severe']",Normal:1|Mild+Moderate:2|Severe:1,True,,2160,0.0,0.3287037037037037,0.3287037037037037,0.3191987279435651,1.0,
typical_jitter,three_merged,M1,LR,LODO+LOSO-within-class,noise-robustness-only,6,1,"['Normal', 'Mild+Moderate', 'Severe']",Normal:1|Mild+Moderate:2|Severe:1,True,,2160,0.0,0.32685185185185184,0.3268518518518519,0.31657569421624915,1.0,
typical_jitter,three_merged,M1,LSVM,LODO+LOSO-within-class,noise-robustness-only,6,1,"['Normal', 'Mild+Moderate', 'Severe']",Normal:1|Mild+Moderate:2|Severe:1,True,,2160,0.0,0.32407407407407407,0.324074074074074,0.21572375459543783,1.0,
typical_jitter,three_merged,M1,RBF,LODO+LOSO-within-class,noise-robustness-only,6,1,"['Normal', 'Mild+Moderate', 'Severe']",Normal:1|Mild+Moderate:2|Severe:1,True,,2160,0.0,0.30787037037037035,0.30787037037037035,0.30110343723097793,1.0,
typical_jitter,three_merged,M1,kNN,LODO+LOSO-within-class,noise-robustness-only,6,1,"['Normal', 'Mild+Moderate', 'Severe']",Normal:1|Mild+Moderate:2|Severe:1,True,,2160,0.0,0.32731481481481484,0.3273148148148148,0.3235948361600127,0.9972222222222222,0.2222222222222222
typical_jitter,three_merged,M1,ORD,LODO+LOSO-within-class,noise-robustness-only,6,1,"['Normal', 'Mild+Moderate', 'Severe']",Normal:1|Mild+Moderate:2|Severe:1,True,,2160,0.0,0.3398148148148148,0.3398148148148148,0.29519686905230197,1.0,
typical_jitter,three_merged,M2,LDA,LODO+LOSO-within-class,noise-robustness-only,6,1,"['Normal', 'Mild+Moderate', 'Severe']",Normal:1|Mild+Moderate:2|Severe:1,True,,2160,0.0,0.3527777777777778,0.3527777777777778,0.3142057824002393,1.0,
typical_jitter,three_merged,M2,LR,LODO+LOSO-within-class,noise-robustness-only,6,1,"['Normal', 'Mild+Moderate', 'Severe']",Normal:1|Mild+Moderate:2|Severe:1,True,,2160,0.0,0.3537037037037037,0.3537037037037037,0.31347972513549643,1.0,
typical_jitter,three_merged,M2,LSVM,LODO+LOSO-within-class,noise-robustness-only,6,1,"['Normal', 'Mild+Moderate', 'Severe']",Normal:1|Mild+Moderate:2|Severe:1,True,,2160,0.0,0.3277777777777778,0.3277777777777778,0.2794548635663769,1.0,
typical_jitter,three_merged,M2,RBF,LODO+LOSO-within-class,noise-robustness-only,6,1,"['Normal', 'Mild+Moderate', 'Severe']",Normal:1|Mild+Moderate:2|Severe:1,True,,2160,0.0,0.34120370370370373,0.3412037037037037,0.34138792145347624,1.0,
typical_jitter,three_merged,M2,kNN,LODO+LOSO-within-class,noise-robustness-only,6,1,"['Normal', 'Mild+Moderate', 'Severe']",Normal:1|Mild+Moderate:2|Severe:1,True,,2160,0.0,0.34305555555555556,0.3430555555555555,0.3414060284122433,0.9986111111111111,
typical_jitter,three_merged,M2,ORD,LODO+LOSO-within-class,noise-robustness-only,6,1,"['Normal', 'Mild+Moderate', 'Severe']",Normal:1|Mild+Moderate:2|Severe:1,True,,2160,0.0,0.35694444444444445,0.35694444444444445,0.328430355618571,1.0,
typical_jitter,three_merged,M5,LDA,LODO+LOSO-within-class,noise-robustness-only,6,4,"['Normal', 'Mild+Moderate', 'Severe']",Normal:1|Mild+Moderate:2|Severe:1,True,,2160,0.0,0.95,0.9500000000000001,0.94993136832709,0.02777777777777779,0.9445192585519031
typical_jitter,three_merged,M5,LR,LODO+LOSO-within-class,noise-robustness-only,6,4,"['Normal', 'Mild+Moderate', 'Severe']",Normal:1|Mild+Moderate:2|Severe:1,True,,2160,0.0,0.9300925925925926,0.9300925925925926,0.930160325174142,0.011111111111111072,0.9341711145195291
typical_jitter,three_merged,M5,LSVM,LODO+LOSO-within-class,noise-robustness-only,6,4,"['Normal', 'Mild+Moderate', 'Severe']",Normal:1|Mild+Moderate:2|Severe:1,True,,2160,0.0,0.899074074074074,0.899074074074074,0.8997730233846735,0.014351851851851838,0.9207891357480834
typical_jitter,three_merged,M5,RBF,LODO+LOSO-within-class,noise-robustness-only,6,4,"['Normal', 'Mild+Moderate', 'Severe']",Normal:1|Mild+Moderate:2|Severe:1,True,,2160,0.0,0.9453703703703704,0.9453703703703704,0.9453869397781075,0.012962962962962954,0.9499619662155073
typical_jitter,three_merged,M5,kNN,LODO+LOSO-within-class,noise-robustness-only,6,4,"['Normal', 'Mild+Moderate', 'Severe']",Normal:1|Mild+Moderate:2|Severe:1,True,,2160,0.0,0.9490740740740741,0.9490740740740741,0.9490062165642956,0.024537037037037024,0.9699304223113746
typical_jitter,three_merged,M5,ORD,LODO+LOSO-within-class,noise-robustness-only,6,4,"['Normal', 'Mild+Moderate', 'Severe']",Normal:1|Mild+Moderate:2|Severe:1,True,,2160,0.0,0.9203703703703704,0.9203703703703704,0.9195852232174575,0.05740740740740746,0.9476082891853322
typical_jitter,three_merged,M5.C3,LDA,LODO+LOSO-within-class,noise-robustness-only,6,1,"['Normal', 'Mild+Moderate', 'Severe']",Normal:1|Mild+Moderate:2|Severe:1,True,,2160,0.0,0.5291666666666667,0.5291666666666667,0.5249998088004789,0.4819444444444444,0.609236767131504
typical_jitter,three_merged,M5.C3,LR,LODO+LOSO-within-class,noise-robustness-only,6,1,"['Normal', 'Mild+Moderate', 'Severe']",Normal:1|Mild+Moderate:2|Severe:1,True,,2160,0.0,0.5467592592592593,0.5467592592592593,0.534339074710772,0.4449074074074074,0.6628988564716036
typical_jitter,three_merged,M5.C3,LSVM,LODO+LOSO-within-class,noise-robustness-only,6,1,"['Normal', 'Mild+Moderate', 'Severe']",Normal:1|Mild+Moderate:2|Severe:1,True,,2160,0.0,0.6583333333333333,0.6583333333333333,0.5505466778805719,0.24675925925925923,0.6501384765982616
typical_jitter,three_merged,M5.C3,RBF,LODO+LOSO-within-class,noise-robustness-only,6,1,"['Normal', 'Mild+Moderate', 'Severe']",Normal:1|Mild+Moderate:2|Severe:1,True,,2160,0.0,0.736574074074074,0.736574074074074,0.7279844456064705,0.24305555555555558,0.6696594982078853
typical_jitter,three_merged,M5.C3,kNN,LODO+LOSO-within-class,noise-robustness-only,6,1,"['Normal', 'Mild+Moderate', 'Severe']",Normal:1|Mild+Moderate:2|Severe:1,True,,2160,0.0,0.7421296296296296,0.7421296296296296,0.7349428369528493,0.2694444444444445,0.7241306456532123
typical_jitter,three_merged,M5.C3,ORD,LODO+LOSO-within-class,noise-robustness-only,6,1,"['Normal', 'Mild+Moderate', 'Severe']",Normal:1|Mild+Moderate:2|Severe:1,True,,2160,0.0,0.5949074074074074,0.5949074074074073,0.595351560982703,0.4902777777777778,0.6385181358056584
typical_jitter,three_merged,M5.C3[k3],LDA,LODO+LOSO-within-class,noise-robustness-only,6,1,"['Normal', 'Mild+Moderate', 'Severe']",Normal:1|Mild+Moderate:2|Severe:1,True,,2160,0.0,0.5805555555555556,0.5805555555555556,0.5634552368812634,0.38888888888888884,0.6038883491215286
typical_jitter,three_merged,M5.C3[k3],LR,LODO+LOSO-within-class,noise-robustness-only,6,1,"['Normal', 'Mild+Moderate', 'Severe']",Normal:1|Mild+Moderate:2|Severe:1,True,,2160,0.0,0.5611111111111111,0.5611111111111111,0.5472727459037278,0.38749999999999996,0.6235363931386185
typical_jitter,three_merged,M5.C3[k3],LSVM,LODO+LOSO-within-class,noise-robustness-only,6,1,"['Normal', 'Mild+Moderate', 'Severe']",Normal:1|Mild+Moderate:2|Severe:1,True,,2160,0.0,0.6564814814814814,0.6564814814814816,0.5490835927244239,0.18472222222222223,0.6274673549954449
typical_jitter,three_merged,M5.C3[k3],RBF,LODO+LOSO-within-class,noise-robustness-only,6,1,"['Normal', 'Mild+Moderate', 'Severe']",Normal:1|Mild+Moderate:2|Severe:1,True,,2160,0.0,0.7449074074074075,0.7449074074074075,0.7237234417729134,0.12638888888888888,0.7036608731637343
typical_jitter,three_merged,M5.C3[k3],kNN,LODO+LOSO-within-class,noise-robustness-only,6,1,"['Normal', 'Mild+Moderate', 'Severe']",Normal:1|Mild+Moderate:2|Severe:1,True,,2160,0.0,0.7347222222222223,0.7347222222222222,0.7169568804503852,0.2699074074074074,0.6616233101631709
typical_jitter,three_merged,M5.C3[k3],ORD,LODO+LOSO-within-class,noise-robustness-only,6,1,"['Normal', 'Mild+Moderate', 'Severe']",Normal:1|Mild+Moderate:2|Severe:1,True,,2160,0.0,0.6134259259259259,0.6134259259259259,0.6111266021203177,0.43472222222222223,0.6511111111111111
typical_jitter,three_merged,M5.C3[nested],LDA,LODO+LOSO-within-class,noise-robustness-only,6,1,"['Normal', 'Mild+Moderate', 'Severe']",Normal:1|Mild+Moderate:2|Severe:1,True,"windows 3.45-3.55×1, 3.25-3.35×1, 3.70-3.80×1, 3.20-3.45×1, 3.80-4.20×1, 3.55-3.65×1",2160,0.0,0.5615740740740741,0.5615740740740741,0.5056974624486229,0.29027777777777775,0.513916946053598
typical_jitter,three_merged,M5.C3[nested],LR,LODO+LOSO-within-class,noise-robustness-only,6,1,"['Normal', 'Mild+Moderate', 'Severe']",Normal:1|Mild+Moderate:2|Severe:1,True,"windows 3.45-3.55×1, 3.25-3.35×1, 3.70-3.80×1, 3.20-3.45×1, 3.80-4.20×1, 3.55-3.65×1",2160,0.0,0.537962962962963,0.537962962962963,0.4869939797530307,0.1699074074074074,0.5331607152591245
typical_jitter,three_merged,M5.C3[nested],LSVM,LODO+LOSO-within-class,noise-robustness-only,6,1,"['Normal', 'Mild+Moderate', 'Severe']",Normal:1|Mild+Moderate:2|Severe:1,True,"windows 3.45-3.55×1, 3.25-3.35×1, 3.70-3.80×1, 3.20-3.45×1, 3.80-4.20×1, 3.55-3.65×1",2160,0.0,0.5509259259259259,0.5509259259259259,0.4767399501145937,0.23888888888888893,0.5521747879781609
typical_jitter,three_merged,M5.C3[nested],RBF,LODO+LOSO-within-class,noise-robustness-only,6,1,"['Normal', 'Mild+Moderate', 'Severe']",Normal:1|Mild+Moderate:2|Severe:1,True,"windows 3.45-3.55×1, 3.25-3.35×1, 3.70-3.80×1, 3.20-3.45×1, 3.80-4.20×1, 3.55-3.65×1",2160,0.0,0.5560185185185185,0.5560185185185185,0.4972661084857195,0.3486111111111111,0.49854859796984635
typical_jitter,three_merged,M5.C3[nested],kNN,LODO+LOSO-within-class,noise-robustness-only,6,1,"['Normal', 'Mild+Moderate', 'Severe']",Normal:1|Mild+Moderate:2|Severe:1,True,"windows 3.45-3.55×1, 3.25-3.35×1, 3.70-3.80×1, 3.20-3.45×1, 3.80-4.20×1, 3.55-3.65×1",2160,0.0,0.5328703703703703,0.5328703703703704,0.505943834137822,0.5564814814814815,0.4937250048941466
typical_jitter,three_merged,M5.C3[nested],ORD,LODO+LOSO-within-class,noise-robustness-only,6,1,"['Normal', 'Mild+Moderate', 'Severe']",Normal:1|Mild+Moderate:2|Severe:1,True,"windows 3.45-3.55×1, 3.25-3.35×1, 3.70-3.80×1, 3.20-3.45×1, 3.80-4.20×1, 3.55-3.65×1",2160,0.0,0.5550925925925926,0.5550925925925926,0.5532855874013757,0.46111111111111114,0.6503473915295412
typical_jitter,three_merged,M6,LDA,LODO+LOSO-within-class,noise-robustness-only,6,22,"['Normal', 'Mild+Moderate', 'Severe']",Normal:1|Mild+Moderate:2|Severe:1,True,,2160,0.0,0.9828703703703704,0.9828703703703704,0.9828702960226968,0.037962962962962976,0.9525043698390694
typical_jitter,three_merged,M6,LR,LODO+LOSO-within-class,noise-robustness-only,6,22,"['Normal', 'Mild+Moderate', 'Severe']",Normal:1|Mild+Moderate:2|Severe:1,True,,2160,0.0,0.8986111111111111,0.8986111111111111,0.8995262352374246,0.08611111111111114,0.8890387852070321
typical_jitter,three_merged,M6,LSVM,LODO+LOSO-within-class,noise-robustness-only,6,22,"['Normal', 'Mild+Moderate', 'Severe']",Normal:1|Mild+Moderate:2|Severe:1,True,,2160,0.0,0.8629629629629629,0.8629629629629628,0.8646017661262313,0.029166666666666674,0.9495375293263795
typical_jitter,three_merged,M6,RBF,LODO+LOSO-within-class,noise-robustness-only,6,22,"['Normal', 'Mild+Moderate', 'Severe']",Normal:1|Mild+Moderate:2|Severe:1,True,,2160,0.0,0.9212962962962963,0.9212962962962963,0.921092307154591,0.10509259259259263,0.9157312626414441
typical_jitter,three_merged,M6,kNN,LODO+LOSO-within-class,noise-robustness-only,6,22,"['Normal', 'Mild+Moderate', 'Severe']",Normal:1|Mild+Moderate:2|Severe:1,True,,2160,0.0,0.8388888888888889,0.8388888888888889,0.8375118302352998,0.2592592592592593,0.9040573107637453
typical_jitter,three_merged,M6,ORD,LODO+LOSO-within-class,noise-robustness-only,6,22,"['Normal', 'Mild+Moderate', 'Severe']",Normal:1|Mild+Moderate:2|Severe:1,True,,2160,0.0,0.9699074074074074,0.9699074074074074,0.9699024150426477,0.12037037037037035,0.9890468981801003
typical_jitter,three_merged,M7,LDA,LODO+LOSO-within-class,noise-robustness-only,6,6,"['Normal', 'Mild+Moderate', 'Severe']",Normal:1|Mild+Moderate:2|Severe:1,True,,2160,0.0,0.6884259259259259,0.6884259259259259,0.6856471007478491,0.6402777777777777,0.6722534748707517
typical_jitter,three_merged,M7,LR,LODO+LOSO-within-class,noise-robustness-only,6,6,"['Normal', 'Mild+Moderate', 'Severe']",Normal:1|Mild+Moderate:2|Severe:1,True,,2160,0.0,0.6819444444444445,0.6819444444444445,0.6805184057188626,0.6296296296296297,0.6567323376310228
typical_jitter,three_merged,M7,LSVM,LODO+LOSO-within-class,noise-robustness-only,6,6,"['Normal', 'Mild+Moderate', 'Severe']",Normal:1|Mild+Moderate:2|Severe:1,True,,2160,0.0,0.6689814814814815,0.6689814814814815,0.6568238458362677,0.6513888888888889,0.6701430210205546
typical_jitter,three_merged,M7,RBF,LODO+LOSO-within-class,noise-robustness-only,6,6,"['Normal', 'Mild+Moderate', 'Severe']",Normal:1|Mild+Moderate:2|Severe:1,True,,2160,0.0,0.6620370370370371,0.6620370370370371,0.6631631411897607,0.4708333333333333,0.6753329737890089
typical_jitter,three_merged,M7,kNN,LODO+LOSO-within-class,noise-robustness-only,6,6,"['Normal', 'Mild+Moderate', 'Severe']",Normal:1|Mild+Moderate:2|Severe:1,True,,2160,0.0,0.6560185185185186,0.6560185185185184,0.6571055947167666,0.6486111111111111,0.6793803148943335
typical_jitter,three_merged,M7,ORD,LODO+LOSO-within-class,noise-robustness-only,6,6,"['Normal', 'Mild+Moderate', 'Severe']",Normal:1|Mild+Moderate:2|Severe:1,True,,2160,0.0,0.7013888888888888,0.7013888888888888,0.7029060741431814,0.6560185185185186,0.6603174603174603
typical_jitter,three_merged,M8,LDA,LODO+LOSO-within-class,noise-robustness-only,6,4,"['Normal', 'Mild+Moderate', 'Severe']",Normal:1|Mild+Moderate:2|Severe:1,True,,2160,0.0,0.7601851851851852,0.7601851851851853,0.7598988355530744,0.3319444444444445,0.8363055060089905
typical_jitter,three_merged,M8,LR,LODO+LOSO-within-class,noise-robustness-only,6,4,"['Normal', 'Mild+Moderate', 'Severe']",Normal:1|Mild+Moderate:2|Severe:1,True,,2160,0.0,0.7300925925925926,0.7300925925925926,0.7243730344665268,0.43379629629629635,0.75963291185812
typical_jitter,three_merged,M8,LSVM,LODO+LOSO-within-class,noise-robustness-only,6,4,"['Normal', 'Mild+Moderate', 'Severe']",Normal:1|Mild+Moderate:2|Severe:1,True,,2160,0.0,0.4476851851851852,0.44768518518518513,0.4319333137123999,0.987037037037037,0.36716791979949875
typical_jitter,three_merged,M8,RBF,LODO+LOSO-within-class,noise-robustness-only,6,4,"['Normal', 'Mild+Moderate', 'Severe']",Normal:1|Mild+Moderate:2|Severe:1,True,,2160,0.0,0.3416666666666667,0.3416666666666666,0.34186863166293996,1.0,
typical_jitter,three_merged,M8,kNN,LODO+LOSO-within-class,noise-robustness-only,6,4,"['Normal', 'Mild+Moderate', 'Severe']",Normal:1|Mild+Moderate:2|Severe:1,True,,2160,0.0,0.3453703703703704,0.3453703703703703,0.34358751635630674,0.9944444444444445,0.4444444444444444
typical_jitter,three_merged,M8,ORD,LODO+LOSO-within-class,noise-robustness-only,6,4,"['Normal', 'Mild+Moderate', 'Severe']",Normal:1|Mild+Moderate:2|Severe:1,True,,2160,0.0,0.35648148148148145,0.35648148148148145,0.328278383536097,1.0,
typical_jitter,three_merged,COMB,LDA,LODO+LOSO-within-class,noise-robustness-only,6,3,"['Normal', 'Mild+Moderate', 'Severe']",Normal:1|Mild+Moderate:2|Severe:1,True,chosen M5.C2+M6.A[3.40]+M5.C×2; M5.C3+M6.A[3.40]+M5.C2×1; M6.A[3.40]+M5.C2+M7.D2×1; M6.A[3.40]+M5.C2+M6.A[3.70]×1; M5.C2+M6.A[3.40]+M5.C3×1,2160,0.0,0.9037037037037037,0.9037037037037038,0.9004736319725337,0.06342592592592589,0.9025939881291372
typical_jitter,three_merged,COMB,LR,LODO+LOSO-within-class,noise-robustness-only,6,3,"['Normal', 'Mild+Moderate', 'Severe']",Normal:1|Mild+Moderate:2|Severe:1,True,chosen M5.C2+M6.A[3.40]+M5.C×2; M5.C3+M6.A[3.40]+M5.C2×1; M6.A[3.40]+M5.C2+M7.D2×1; M6.A[3.40]+M5.C2+M6.A[3.70]×1; M5.C2+M6.A[3.40]+M5.C3×1,2160,0.0,0.8805555555555555,0.8805555555555555,0.8779504946589979,0.038425925925925974,0.9204674657796588
typical_jitter,three_merged,COMB,LSVM,LODO+LOSO-within-class,noise-robustness-only,6,3,"['Normal', 'Mild+Moderate', 'Severe']",Normal:1|Mild+Moderate:2|Severe:1,True,chosen M5.C2+M6.A[3.40]+M5.C×2; M5.C3+M6.A[3.40]+M5.C2×1; M6.A[3.40]+M5.C2+M7.D2×1; M6.A[3.40]+M5.C2+M6.A[3.70]×1; M5.C2+M6.A[3.40]+M5.C3×1,2160,0.0,0.8291666666666667,0.8291666666666666,0.8247143898351164,0.0537037037037037,0.8626424596287787
typical_jitter,three_merged,COMB,RBF,LODO+LOSO-within-class,noise-robustness-only,6,3,"['Normal', 'Mild+Moderate', 'Severe']",Normal:1|Mild+Moderate:2|Severe:1,True,chosen M5.C2+M6.A[3.40]+M5.C×2; M5.C3+M6.A[3.40]+M5.C2×1; M6.A[3.40]+M5.C2+M7.D2×1; M6.A[3.40]+M5.C2+M6.A[3.70]×1; M5.C2+M6.A[3.40]+M5.C3×1,2160,0.0,0.8921296296296296,0.8921296296296296,0.8899327068520638,0.07222222222222219,0.8169858098497252
typical_jitter,three_merged,COMB,kNN,LODO+LOSO-within-class,noise-robustness-only,6,3,"['Normal', 'Mild+Moderate', 'Severe']",Normal:1|Mild+Moderate:2|Severe:1,True,chosen M5.C2+M6.A[3.40]+M5.C×2; M5.C3+M6.A[3.40]+M5.C2×1; M6.A[3.40]+M5.C2+M7.D2×1; M6.A[3.40]+M5.C2+M6.A[3.70]×1; M5.C2+M6.A[3.40]+M5.C3×1,2160,0.0,0.9013888888888889,0.9013888888888889,0.8990454309259079,0.14537037037037037,0.9199219369132831
typical_jitter,three_merged,COMB,ORD,LODO+LOSO-within-class,noise-robustness-only,6,3,"['Normal', 'Mild+Moderate', 'Severe']",Normal:1|Mild+Moderate:2|Severe:1,True,chosen M5.C2+M6.A[3.40]+M5.C×2; M5.C3+M6.A[3.40]+M5.C2×1; M6.A[3.40]+M5.C2+M7.D2×1; M6.A[3.40]+M5.C2+M6.A[3.70]×1; M5.C2+M6.A[3.40]+M5.C3×1,2160,0.0,0.9092592592592592,0.9092592592592593,0.906426208623584,0.10833333333333328,0.9602433286208868
typical_jitter,three_merged,M9,LDA,LODO+LOSO-within-class,noise-robustness-only,6,3618,"['Normal', 'Mild+Moderate', 'Severe']",Normal:1|Mild+Moderate:2|Severe:1,True,,2160,0.0,1.0,1.0,1.0,0.059259259259259234,0.8320469388467853
typical_jitter,three_merged,M9,LR,LODO+LOSO-within-class,noise-robustness-only,6,3618,"['Normal', 'Mild+Moderate', 'Severe']",Normal:1|Mild+Moderate:2|Severe:1,True,,2160,0.0,0.9643518518518519,0.9643518518518518,0.9643253392278034,0.0037037037037036535,0.9986020406305512
typical_jitter,three_merged,M9,LSVM,LODO+LOSO-within-class,noise-robustness-only,6,3618,"['Normal', 'Mild+Moderate', 'Severe']",Normal:1|Mild+Moderate:2|Severe:1,True,,2160,0.0,0.9203703703703704,0.9203703703703704,0.9208811425084411,0.004166666666666652,0.9845505617977528
typical_jitter,three_merged,M9,RBF,LODO+LOSO-within-class,noise-robustness-only,6,3618,"['Normal', 'Mild+Moderate', 'Severe']",Normal:1|Mild+Moderate:2|Severe:1,True,,2160,0.0,0.9837962962962963,0.9837962962962963,0.9837887832854636,0.002777777777777768,0.9892740429505135
typical_jitter,three_merged,M9,kNN,LODO+LOSO-within-class,noise-robustness-only,6,3618,"['Normal', 'Mild+Moderate', 'Severe']",Normal:1|Mild+Moderate:2|Severe:1,True,,2160,0.0,0.937037037037037,0.937037037037037,0.9369007257394829,0.047685185185185164,0.9444915079050539
typical_jitter,three_merged,M9,ORD,LODO+LOSO-within-class,noise-robustness-only,6,3618,"['Normal', 'Mild+Moderate', 'Severe']",Normal:1|Mild+Moderate:2|Severe:1,True,,2160,0.0,0.9986111111111111,0.9986111111111112,0.9986111050829214,0.0023148148148147696,1.0
typical_jitter,three,M0,LDA,LODO,noise-robustness-only,3,1,"['Normal', 'Mild', 'Severe']",Normal:1|Mild:1|Severe:1,True,,1080,0.0,0.3972222222222222,0.3972222222222222,0.36902020829836907,0.9981481481481481,
typical_jitter,three,M0,LR,LODO,noise-robustness-only,3,1,"['Normal', 'Mild', 'Severe']",Normal:1|Mild:1|Severe:1,True,,1080,0.0,0.3990740740740741,0.3990740740740741,0.3705484719090076,0.9972222222222222,0.3333333333333333
typical_jitter,three,M0,LSVM,LODO,noise-robustness-only,3,1,"['Normal', 'Mild', 'Severe']",Normal:1|Mild:1|Severe:1,True,,1080,0.0,0.40370370370370373,0.40370370370370373,0.3227777668029737,0.9981481481481481,
typical_jitter,three,M0,RBF,LODO,noise-robustness-only,3,1,"['Normal', 'Mild', 'Severe']",Normal:1|Mild:1|Severe:1,True,,1080,0.0,0.37962962962962965,0.3796296296296296,0.37906489041283414,1.0,
typical_jitter,three,M0,kNN,LODO,noise-robustness-only,3,1,"['Normal', 'Mild', 'Severe']",Normal:1|Mild:1|Severe:1,True,,1080,0.0,0.3731481481481482,0.3731481481481482,0.37036988474114224,0.9898148148148148,0.5
typical_jitter,three,M0,ORD,LODO,noise-robustness-only,3,1,"['Normal', 'Mild', 'Severe']",Normal:1|Mild:1|Severe:1,True,,1080,0.0,0.3972222222222222,0.3972222222222222,0.380730091045374,0.9972222222222222,0.3333333333333333
typical_jitter,three,M1,LDA,LODO,noise-robustness-only,3,1,"['Normal', 'Mild', 'Severe']",Normal:1|Mild:1|Severe:1,True,,1080,0.0,0.32037037037037036,0.32037037037037036,0.3102247540130852,1.0,
typical_jitter,three,M1,LR,LODO,noise-robustness-only,3,1,"['Normal', 'Mild', 'Severe']",Normal:1|Mild:1|Severe:1,True,,1080,0.0,0.31851851851851853,0.3185185185185185,0.30764817812112416,1.0,
typical_jitter,three,M1,LSVM,LODO,noise-robustness-only,3,1,"['Normal', 'Mild', 'Severe']",Normal:1|Mild:1|Severe:1,True,,1080,0.0,0.31666666666666665,0.31666666666666665,0.30285659870042964,1.0,
typical_jitter,three,M1,RBF,LODO,noise-robustness-only,3,1,"['Normal', 'Mild', 'Severe']",Normal:1|Mild:1|Severe:1,True,,1080,0.0,0.3111111111111111,0.3111111111111111,0.2843235267203514,1.0,
typical_jitter,three,M1,kNN,LODO,noise-robustness-only,3,1,"['Normal', 'Mild', 'Severe']",Normal:1|Mild:1|Severe:1,True,,1080,0.0,0.32592592592592595,0.3259259259259259,0.32132748550933626,1.0,
typical_jitter,three,M1,ORD,LODO,noise-robustness-only,3,1,"['Normal', 'Mild', 'Severe']",Normal:1|Mild:1|Severe:1,True,,1080,0.0,0.33425925925925926,0.33425925925925926,0.28271513078986155,1.0,
typical_jitter,three,M2,LDA,LODO,noise-robustness-only,3,1,"['Normal', 'Mild', 'Severe']",Normal:1|Mild:1|Severe:1,True,,1080,0.0,0.35462962962962963,0.35462962962962963,0.31515158952334105,1.0,
typical_jitter,three,M2,LR,LODO,noise-robustness-only,3,1,"['Normal', 'Mild', 'Severe']",Normal:1|Mild:1|Severe:1,True,,1080,0.0,0.3509259259259259,0.3509259259259259,0.3009283053901582,1.0,
typical_jitter,three,M2,LSVM,LODO,noise-robustness-only,3,1,"['Normal', 'Mild', 'Severe']",Normal:1|Mild:1|Severe:1,True,,1080,0.0,0.35462962962962963,0.35462962962962963,0.2836260378406741,1.0,
typical_jitter,three,M2,RBF,LODO,noise-robustness-only,3,1,"['Normal', 'Mild', 'Severe']",Normal:1|Mild:1|Severe:1,True,,1080,0.0,0.33240740740740743,0.33240740740740743,0.3282768563261527,1.0,
typical_jitter,three,M2,kNN,LODO,noise-robustness-only,3,1,"['Normal', 'Mild', 'Severe']",Normal:1|Mild:1|Severe:1,True,,1080,0.0,0.34444444444444444,0.3444444444444445,0.3437365587244104,0.9981481481481481,
typical_jitter,three,M2,ORD,LODO,noise-robustness-only,3,1,"['Normal', 'Mild', 'Severe']",Normal:1|Mild:1|Severe:1,True,,1080,0.0,0.35648148148148145,0.35648148148148145,0.3268708744579822,1.0,
typical_jitter,three,M5,LDA,LODO,noise-robustness-only,3,4,"['Normal', 'Mild', 'Severe']",Normal:1|Mild:1|Severe:1,True,,1080,0.0,0.962037037037037,0.962037037037037,0.9620074030479585,0.062962962962963,0.8184499088825797
typical_jitter,three,M5,LR,LODO,noise-robustness-only,3,4,"['Normal', 'Mild', 'Severe']",Normal:1|Mild:1|Severe:1,True,,1080,0.0,0.9407407407407408,0.9407407407407407,0.9407816077783214,0.036111111111111094,0.9707723534823723
typical_jitter,three,M5,LSVM,LODO,noise-robustness-only,3,4,"['Normal', 'Mild', 'Severe']",Normal:1|Mild:1|Severe:1,True,,1080,0.0,0.9064814814814814,0.9064814814814816,0.9079220284374193,0.062037037037037,0.8817844005705279
typical_jitter,three,M5,RBF,LODO,noise-robustness-only,3,4,"['Normal', 'Mild', 'Severe']",Normal:1|Mild:1|Severe:1,True,,1080,0.0,0.9638888888888889,0.9638888888888889,0.9638949662273619,0.021296296296296258,0.9742133632191269
typical_jitter,three,M5,kNN,LODO,noise-robustness-only,3,4,"['Normal', 'Mild', 'Severe']",Normal:1|Mild:1|Severe:1,True,,1080,0.0,0.9583333333333334,0.9583333333333334,0.9583349415416285,0.03888888888888886,0.9744453243065285
typical_jitter,three,M5,ORD,LODO,noise-robustness-only,3,4,"['Normal', 'Mild', 'Severe']",Normal:1|Mild:1|Severe:1,True,,1080,0.0,0.9259259259259259,0.9259259259259259,0.9258813946262742,0.04814814814814816,0.9440942189993585
typical_jitter,three,M5.C3,LDA,LODO,noise-robustness-only,3,1,"['Normal', 'Mild', 'Severe']",Normal:1|Mild:1|Severe:1,True,,1080,0.0,0.5009259259259259,0.5009259259259259,0.5058004417942891,0.11944444444444446,0.5876262626262626
typical_jitter,three,M5.C3,LR,LODO,noise-robustness-only,3,1,"['Normal', 'Mild', 'Severe']",Normal:1|Mild:1|Severe:1,True,,1080,0.0,0.5416666666666666,0.5416666666666667,0.5415465933442255,0.312037037037037,0.47602537225178737
typical_jitter,three,M5.C3,LSVM,LODO,noise-robustness-only,3,1,"['Normal', 'Mild', 'Severe']",Normal:1|Mild:1|Severe:1,True,,1080,0.0,0.5583333333333333,0.5583333333333333,0.5492969866134116,0.2129629629629629,0.5152878592025455
typical_jitter,three,M5.C3,RBF,LODO,noise-robustness-only,3,1,"['Normal', 'Mild', 'Severe']",Normal:1|Mild:1|Severe:1,True,,1080,0.0,0.5231481481481481,0.5231481481481481,0.5181049993692075,0.13611111111111107,0.5453834451192715
typical_jitter,three,M5.C3,kNN,LODO,noise-robustness-only,3,1,"['Normal', 'Mild', 'Severe']",Normal:1|Mild:1|Severe:1,True,,1080,0.0,0.6083333333333333,0.6083333333333333,0.6056117970458453,0.31574074074074077,0.5340229880619852
typical_jitter,three,M5.C3,ORD,LODO,noise-robustness-only,3,1,"['Normal', 'Mild', 'Severe']",Normal:1|Mild:1|Severe:1,True,,1080,0.0,0.5925925925925926,0.5925925925925926,0.5931547282321932,0.437962962962963,0.3327601735855236
typical_jitter,three,M5.C3[k3],LDA,LODO,noise-robustness-only,3,1,"['Normal', 'Mild', 'Severe']",Normal:1|Mild:1|Severe:1,True,,1080,0.0,0.5472222222222223,0.5472222222222222,0.4963327628817135,0.08518518518518514,0.654275092936803
typical_jitter,three,M5.C3[k3],LR,LODO,noise-robustness-only,3,1,"['Normal', 'Mild', 'Severe']",Normal:1|Mild:1|Severe:1,True,,1080,0.0,0.55,0.5499999999999999,0.5018476521703076,0.27222222222222225,0.5238095238095238
typical_jitter,three,M5.C3[k3],LSVM,LODO,noise-robustness-only,3,1,"['Normal', 'Mild', 'Severe']",Normal:1|Mild:1|Severe:1,True,,1080,0.0,0.5518518518518518,0.5518518518518518,0.5485225346867543,0.2675925925925926,0.5649122807017544
typical_jitter,three,M5.C3[k3],RBF,LODO,noise-robustness-only,3,1,"['Normal', 'Mild', 'Severe']",Normal:1|Mild:1|Severe:1,True,,1080,0.0,0.5981481481481481,0.5981481481481482,0.5495483873859682,0.1518518518518519,0.6157823973523632
typical_jitter,three,M5.C3[k3],kNN,LODO,noise-robustness-only,3,1,"['Normal', 'Mild', 'Severe']",Normal:1|Mild:1|Severe:1,True,,1080,0.0,0.5833333333333334,0.5833333333333333,0.5443829503127416,0.3324074074074074,0.5811127499180596
typical_jitter,three,M5.C3[k3],ORD,LODO,noise-robustness-only,3,1,"['Normal', 'Mild', 'Severe']",Normal:1|Mild:1|Severe:1,True,,1080,0.0,0.587037037037037,0.587037037037037,0.5864511431312182,0.4305555555555556,0.3857329598506069
typical_jitter,three,M5.C3[nested],LDA,LODO,noise-robustness-only,3,1,"['Normal', 'Mild', 'Severe']",Normal:1|Mild:1|Severe:1,True,"windows 3.20-3.45×1, 3.20-3.40×1, 3.55-3.65×1",1080,0.0,0.5777777777777777,0.5777777777777778,0.5649272604956111,0.2157407407407408,0.5235973619365352
typical_jitter,three,M5.C3[nested],LR,LODO,noise-robustness-only,3,1,"['Normal', 'Mild', 'Severe']",Normal:1|Mild:1|Severe:1,True,"windows 3.20-3.45×1, 3.20-3.40×1, 3.55-3.65×1",1080,0.0,0.5638888888888889,0.5638888888888889,0.5412583248229507,0.1592592592592592,0.5265948632974317
typical_jitter,three,M5.C3[nested],LSVM,LODO,noise-robustness-only,3,1,"['Normal', 'Mild', 'Severe']",Normal:1|Mild:1|Severe:1,True,"windows 3.20-3.45×1, 3.20-3.40×1, 3.55-3.65×1",1080,0.0,0.5574074074074075,0.5574074074074075,0.5048820674808968,0.16666666666666663,0.5223570638665973
typical_jitter,three,M5.C3[nested],RBF,LODO,noise-robustness-only,3,1,"['Normal', 'Mild', 'Severe']",Normal:1|Mild:1|Severe:1,True,"windows 3.20-3.45×1, 3.20-3.40×1, 3.55-3.65×1",1080,0.0,0.5574074074074075,0.5574074074074075,0.5217013047994533,0.25,0.4721653977502834
typical_jitter,three,M5.C3[nested],kNN,LODO,noise-robustness-only,3,1,"['Normal', 'Mild', 'Severe']",Normal:1|Mild:1|Severe:1,True,"windows 3.20-3.45×1, 3.20-3.40×1, 3.55-3.65×1",1080,0.0,0.5592592592592592,0.5592592592592592,0.5346947858754434,0.25462962962962965,0.4609095961162493
typical_jitter,three,M5.C3[nested],ORD,LODO,noise-robustness-only,3,1,"['Normal', 'Mild', 'Severe']",Normal:1|Mild:1|Severe:1,True,"windows 3.20-3.45×1, 3.20-3.40×1, 3.55-3.65×1",1080,0.0,0.49166666666666664,0.49166666666666664,0.4727372789032062,0.28240740740740744,0.47515191819919483
typical_jitter,three,M6,LDA,LODO,noise-robustness-only,3,22,"['Normal', 'Mild', 'Severe']",Normal:1|Mild:1|Severe:1,True,,1080,0.0,0.95,0.9500000000000001,0.9498292801895339,0.012037037037037068,0.8741330559112249
typical_jitter,three,M6,LR,LODO,noise-robustness-only,3,22,"['Normal', 'Mild', 'Severe']",Normal:1|Mild:1|Severe:1,True,,1080,0.0,0.9101851851851852,0.9101851851851851,0.9095015462315366,0.08148148148148149,0.8281852107248611
typical_jitter,three,M6,LSVM,LODO,noise-robustness-only,3,22,"['Normal', 'Mild', 'Severe']",Normal:1|Mild:1|Severe:1,True,,1080,0.0,0.8361111111111111,0.8361111111111111,0.835111296940969,0.042592592592592626,0.9570230607966458
typical_jitter,three,M6,RBF,LODO,noise-robustness-only,3,22,"['Normal', 'Mild', 'Severe']",Normal:1|Mild:1|Severe:1,True,,1080,0.0,0.8953703703703704,0.8953703703703703,0.895353179968244,0.07222222222222219,0.9146675016777505
typical_jitter,three,M6,kNN,LODO,noise-robustness-only,3,22,"['Normal', 'Mild', 'Severe']",Normal:1|Mild:1|Severe:1,True,,1080,0.0,0.8240740740740741,0.8240740740740741,0.8216875898236277,0.23796296296296293,0.8343376110133977
typical_jitter,three,M6,ORD,LODO,noise-robustness-only,3,22,"['Normal', 'Mild', 'Severe']",Normal:1|Mild:1|Severe:1,True,,1080,0.0,0.9481481481481482,0.9481481481481482,0.9478237053685482,0.09999999999999998,0.943407396882345
typical_jitter,three,M7,LDA,LODO,noise-robustness-only,3,6,"['Normal', 'Mild', 'Severe']",Normal:1|Mild:1|Severe:1,True,,1080,0.0,0.7138888888888889,0.7138888888888889,0.7126701769589526,0.5212962962962964,0.6592670011148272
typical_jitter,three,M7,LR,LODO,noise-robustness-only,3,6,"['Normal', 'Mild', 'Severe']",Normal:1|Mild:1|Severe:1,True,,1080,0.0,0.6972222222222222,0.6972222222222223,0.6963932597921308,0.5740740740740741,0.656274138052103
typical_jitter,three,M7,LSVM,LODO,noise-robustness-only,3,6,"['Normal', 'Mild', 'Severe']",Normal:1|Mild:1|Severe:1,True,,1080,0.0,0.6527777777777778,0.6527777777777778,0.6173335544549649,0.5768518518518518,0.660382737456779
typical_jitter,three,M7,RBF,LODO,noise-robustness-only,3,6,"['Normal', 'Mild', 'Severe']",Normal:1|Mild:1|Severe:1,True,,1080,0.0,0.687962962962963,0.6879629629629629,0.6900228119122387,0.3916666666666667,0.6825110818970358
typical_jitter,three,M7,kNN,LODO,noise-robustness-only,3,6,"['Normal', 'Mild', 'Severe']",Normal:1|Mild:1|Severe:1,True,,1080,0.0,0.6648148148148149,0.6648148148148149,0.6655295174019865,0.5435185185185185,0.7105284329031756
typical_jitter,three,M7,ORD,LODO,noise-robustness-only,3,6,"['Normal', 'Mild', 'Severe']",Normal:1|Mild:1|Severe:1,True,,1080,0.0,0.725,0.725,0.7270009159359384,0.5851851851851853,0.6593001841620626
typical_jitter,three,M8,LDA,LODO,noise-robustness-only,3,4,"['Normal', 'Mild', 'Severe']",Normal:1|Mild:1|Severe:1,True,,1080,0.0,0.7592592592592593,0.7592592592592592,0.7581705435897771,0.37222222222222223,0.7490113350504014
typical_jitter,three,M8,LR,LODO,noise-robustness-only,3,4,"['Normal', 'Mild', 'Severe']",Normal:1|Mild:1|Severe:1,True,,1080,0.0,0.7407407407407407,0.7407407407407408,0.736821837749583,0.4564814814814815,0.7181317574419029
typical_jitter,three,M8,LSVM,LODO,noise-robustness-only,3,4,"['Normal', 'Mild', 'Severe']",Normal:1|Mild:1|Severe:1,True,,1080,0.0,0.48148148148148145,0.48148148148148145,0.47160000521010687,0.975925925925926,0.3333333333333333
typical_jitter,three,M8,RBF,LODO,noise-robustness-only,3,4,"['Normal', 'Mild', 'Severe']",Normal:1|Mild:1|Severe:1,True,,1080,0.0,0.33240740740740743,0.33240740740740743,0.32846941498320176,1.0,
typical_jitter,three,M8,kNN,LODO,noise-robustness-only,3,4,"['Normal', 'Mild', 'Severe']",Normal:1|Mild:1|Severe:1,True,,1080,0.0,0.3453703703703704,0.3453703703703703,0.343895746791168,0.9962962962962963,
typical_jitter,three,M8,ORD,LODO,noise-robustness-only,3,4,"['Normal', 'Mild', 'Severe']",Normal:1|Mild:1|Severe:1,True,,1080,0.0,0.35833333333333334,0.35833333333333334,0.33002263247024644,1.0,
typical_jitter,three,COMB,LDA,LODO,noise-robustness-only,3,3,"['Normal', 'Mild', 'Severe']",Normal:1|Mild:1|Severe:1,True,chosen M5.C2+M6.A[3.40]+M5.C3×1; M5.C2+M6.A[3.40]+M7.D2×1; M5.C2+M5.C+M6.A[3.40]×1,1080,0.0,0.9046296296296297,0.9046296296296296,0.9032597383526761,0.09999999999999998,0.9008878233150549
typical_jitter,three,COMB,LR,LODO,noise-robustness-only,3,3,"['Normal', 'Mild', 'Severe']",Normal:1|Mild:1|Severe:1,True,chosen M5.C2+M6.A[3.40]+M5.C3×1; M5.C2+M6.A[3.40]+M7.D2×1; M5.C2+M5.C+M6.A[3.40]×1,1080,0.0,0.8768518518518519,0.8768518518518519,0.8759376893937271,0.07592592592592595,0.8581133083012782
typical_jitter,three,COMB,LSVM,LODO,noise-robustness-only,3,3,"['Normal', 'Mild', 'Severe']",Normal:1|Mild:1|Severe:1,True,chosen M5.C2+M6.A[3.40]+M5.C3×1; M5.C2+M6.A[3.40]+M7.D2×1; M5.C2+M5.C+M6.A[3.40]×1,1080,0.0,0.8416666666666667,0.8416666666666668,0.8394464309894135,0.11851851851851847,0.8426425791071935
typical_jitter,three,COMB,RBF,LODO,noise-robustness-only,3,3,"['Normal', 'Mild', 'Severe']",Normal:1|Mild:1|Severe:1,True,chosen M5.C2+M6.A[3.40]+M5.C3×1; M5.C2+M6.A[3.40]+M7.D2×1; M5.C2+M5.C+M6.A[3.40]×1,1080,0.0,0.8851851851851852,0.8851851851851852,0.8839061218496228,0.1166666666666667,0.8988774880995951
typical_jitter,three,COMB,kNN,LODO,noise-robustness-only,3,3,"['Normal', 'Mild', 'Severe']",Normal:1|Mild:1|Severe:1,True,chosen M5.C2+M6.A[3.40]+M5.C3×1; M5.C2+M6.A[3.40]+M7.D2×1; M5.C2+M5.C+M6.A[3.40]×1,1080,0.0,0.8796296296296297,0.8796296296296297,0.8788728969744337,0.1527777777777778,0.9275084011736506
typical_jitter,three,COMB,ORD,LODO,noise-robustness-only,3,3,"['Normal', 'Mild', 'Severe']",Normal:1|Mild:1|Severe:1,True,chosen M5.C2+M6.A[3.40]+M5.C3×1; M5.C2+M6.A[3.40]+M7.D2×1; M5.C2+M5.C+M6.A[3.40]×1,1080,0.0,0.9046296296296297,0.9046296296296296,0.902724243084655,0.08703703703703702,0.9039348991272068
typical_jitter,three,M9,LDA,LODO,noise-robustness-only,3,3618,"['Normal', 'Mild', 'Severe']",Normal:1|Mild:1|Severe:1,True,,1080,0.0,1.0,1.0,1.0,0.0,0.8888888888888888
typical_jitter,three,M9,LR,LODO,noise-robustness-only,3,3618,"['Normal', 'Mild', 'Severe']",Normal:1|Mild:1|Severe:1,True,,1080,0.0,0.9611111111111111,0.9611111111111112,0.9611655336971854,0.0018518518518518823,1.0
typical_jitter,three,M9,LSVM,LODO,noise-robustness-only,3,3618,"['Normal', 'Mild', 'Severe']",Normal:1|Mild:1|Severe:1,True,,1080,0.0,0.8527777777777777,0.8527777777777777,0.8516479782064831,0.0064814814814815325,0.9326078746105183
typical_jitter,three,M9,RBF,LODO,noise-robustness-only,3,3618,"['Normal', 'Mild', 'Severe']",Normal:1|Mild:1|Severe:1,True,,1080,0.0,0.9935185185185185,0.9935185185185186,0.9935184059908447,0.002777777777777768,0.9953496936970584
typical_jitter,three,M9,kNN,LODO,noise-robustness-only,3,3618,"['Normal', 'Mild', 'Severe']",Normal:1|Mild:1|Severe:1,True,,1080,0.0,0.937962962962963,0.9379629629629629,0.9380040527913113,0.06944444444444442,0.9733223165612476
typical_jitter,three,M9,ORD,LODO,noise-robustness-only,3,3618,"['Normal', 'Mild', 'Severe']",Normal:1|Mild:1|Severe:1,True,,1080,0.0,1.0,1.0,1.0,0.0,1.0
