metric,method_id,perturbation,max_abs_delta,gap_N_Mi,ratio_to_gap_N_Mi,finite,lands_in_class_range
M0.old_score,M0,shift-20,0.0010689792222992045,0.017647821881479064,0.0605728700957182,,
M0.old_score,M0,shift-10,0.0005407835758625135,0.017647821881479064,0.030643077627049937,,
M0.old_score,M0,shift-5,0.00027192534735720475,0.017647821881479064,0.015408436756865923,,
M0.old_score,M0,shift-2,0.00011729246689762274,0.017647821881479064,0.006646285739132384,,
M0.old_score,M0,shift+2,0.00010943702438659386,0.017647821881479064,0.006201163243915398,,
M0.old_score,M0,shift+5,0.00027587656413585737,0.017647821881479064,0.015632329359884505,,
M0.old_score,M0,shift+10,0.0005566910468294273,0.017647821881479064,0.03154446200602581,,
M0.old_score,M0,shift+20,0.00113365629853307,0.017647821881479064,0.06423774594658693,,
M0.old_score,M0,band_shrink10,0.03905218107378777,0.017647821881479064,2.2128612435040513,,
M0.old_score,M0,band_lo10,0.033294401192081435,0.017647821881479064,1.8866011576773138,,
M0.old_score,M0,band_hi10,0.04234855830473161,0.017647821881479064,2.39964787661277,,
M0.old_score,M0,band_3.3-4.1,0.19027841265588136,0.017647821881479064,10.781977171674294,,
M0.old_score,M0,band_3.4-3.9,0.31412026952004385,0.017647821881479064,17.799378961870925,,
M0.old_score,M0,band_3.2-3.5_nodip,0.24978971171555714,0.017647821881479064,14.15413830630878,,
M0.old_score,M0,flatten_notch,0.019883355409586634,0.017647821881479064,1.126674755849259,,
M0.old_score,M0,detune-200,0.007496357261574604,0.017647821881479064,0.4247752108968098,,
M0.old_score,M0,detune+200,0.01685262802005688,0.017647821881479064,0.9549409628699438,,
M0.old_score,M0,open_all,0.43701321842851387,0.017647821881479064,24.763011626219324,True,False
M0.old_score,M0,short_all,0.4367933864973909,0.017647821881479064,24.750555022078636,True,False
M0.old_score,M0,one_open,0.07271265562006984,0.017647821881479064,4.120205660981875,True,False
M1.Sii_dBavg,M1,shift-20,0.004003144255275259,0.2425743265885547,0.0165027532450507,,
M1.Sii_dBavg,M1,shift-10,0.0020243808488125126,0.2425743265885547,0.00834540438504933,,
M1.Sii_dBavg,M1,shift-5,0.0010177436761260594,0.2425743265885547,0.00419559518288313,,
M1.Sii_dBavg,M1,shift-2,0.004380897114795168,0.2425743265885547,0.01806001969130838,,
M1.Sii_dBavg,M1,shift+2,0.001945938833419092,0.2425743265885547,0.00802203127093379,,
M1.Sii_dBavg,M1,shift+5,0.0010326711722541404,0.2425743265885547,0.004257133006518524,,
M1.Sii_dBavg,M1,shift+10,0.0020844952071019662,0.2425743265885547,0.00859322268938051,,
M1.Sii_dBavg,M1,shift+20,0.004247733806142406,0.2425743265885547,0.01751106090195295,,
M1.Sii_dBavg,M1,band_shrink10,0.4389807535836896,0.2425743265885547,1.809675243696634,,
M1.Sii_dBavg,M1,band_lo10,0.4171698020635173,0.2425743265885547,1.719760734494812,,
M1.Sii_dBavg,M1,band_hi10,0.4521998260373872,0.2425743265885547,1.8641701799069248,,
M1.Sii_dBavg,M1,band_3.3-4.1,2.673433500524392,0.2425743265885547,11.021090063908401,,
M1.Sii_dBavg,M1,band_3.4-3.9,5.3801196609427375,0.2425743265885547,22.179262482580402,,
M1.Sii_dBavg,M1,band_3.2-3.5_nodip,2.3801065733284696,0.2425743265885547,9.81186511697718,,
M1.Sii_dBavg,M1,flatten_notch,1.0735843982120135,0.2425743265885547,4.42579564503125,,
M1.Sii_dBavg,M1,detune-200,0.028184014676882363,0.2425743265885547,0.11618712941822161,,
M1.Sii_dBavg,M1,detune+200,0.06479655163007259,0.2425743265885547,0.26712040198704956,,
M1.Sii_dBavg,M1,open_all,4.288072025343265,0.2425743265885547,17.677353105122823,True,False
M1.Sii_dBavg,M1,short_all,4.2836309840110705,0.2425743265885547,17.65904514403456,True,False
M1.Sii_dBavg,M1,one_open,0.7133820825851926,0.2425743265885547,2.940880399908124,True,False
M2.R,M2,shift-20,0.0008563534624630442,0.004438661212397221,0.19293057556887674,,
M2.R,M2,shift-10,0.000433215006808485,0.004438661212397221,0.09760037679796592,,
M2.R,M2,shift-5,0.00021783508333372836,0.004438661212397221,0.049076753757487275,,
M2.R,M2,shift-2,8.792440945715185e-05,0.004438661212397221,0.019808767835575777,,
M2.R,M2,shift+2,8.760848343769556e-05,0.004438661212397221,0.01973759186508857,,
M2.R,M2,shift+5,0.0002210022254669486,0.004438661212397221,0.049790289209207354,,
M2.R,M2,shift+10,0.00044596595574386555,0.004438661212397221,0.10047307834584865,,
M2.R,M2,shift+20,0.0009081980944410928,0.004438661212397221,0.2046108164111483,,
M2.R,M2,band_shrink10,0.040645598830679974,0.004438661212397221,9.157175302579175,,
M2.R,M2,band_lo10,0.03581879540391342,0.004438661212397221,8.069729517511089,,
M2.R,M2,band_hi10,0.043328327902176,0.004438661212397221,9.76157580604701,,
M2.R,M2,band_3.3-4.1,0.2177033040090301,0.004438661212397221,49.04706477732132,,
M2.R,M2,band_3.4-3.9,0.39373723808046523,0.004438661212397221,88.70630562674023,,
M2.R,M2,band_3.2-3.5_nodip,0.2332624674072889,0.004438661212397221,52.552437828727435,,
M2.R,M2,flatten_notch,0.04552422341582274,0.004438661212397221,10.256296040047655,,
M2.R,M2,detune-200,0.006005673411478396,0.004438661212397221,1.3530371263083778,,
M2.R,M2,detune+200,0.013516038833339294,0.004438661212397221,3.0450710668317904,,
M2.R,M2,open_all,0.44473829913218044,0.004438661212397221,100.19649571136952,True,False
M2.R,M2,short_all,0.4451429127216673,0.004438661212397221,100.28765238454763,True,False
M2.R,M2,one_open,0.07427923635718836,0.004438661212397221,16.734603702063534,True,False
M2.R[k3],M2,shift-20,0.017686671999163295,0.009114527636667966,1.9404924428567625,,
M2.R[k3],M2,shift-10,0.009235221532399265,0.009114527636667966,1.013241925477931,,
M2.R[k3],M2,shift-5,0.004716540882732725,0.009114527636667966,0.5174750761364711,,
M2.R[k3],M2,shift-2,0.0019108964234521297,0.009114527636667966,0.20965391730938937,,
M2.R[k3],M2,shift+2,0.001943541151910283,0.009114527636667966,0.21323553226075806,,
M2.R[k3],M2,shift+5,0.004922292202293427,0.009114527636667966,0.5400490731402169,,
M2.R[k3],M2,shift+10,0.01006159929021136,0.009114527636667966,1.1039079249409811,,
M2.R[k3],M2,shift+20,0.021046475406192214,0.009114527636667966,2.3091131263370945,,
M2.R[k3],M2,band_shrink10,0.009613263622878107,0.009114527636667966,1.054718796858294,,
M2.R[k3],M2,band_lo10,0.026921816643049615,0.009114527636667966,2.953725932514867,,
M2.R[k3],M2,band_hi10,0.02160809816399495,0.009114527636667966,2.3707315425831883,,
M2.R[k3],M2,band_3.3-4.1,,0.009114527636667966,,,
M2.R[k3],M2,band_3.4-3.9,,0.009114527636667966,,,
M2.R[k3],M2,band_3.2-3.5_nodip,,0.009114527636667966,,,
M2.R[k3],M2,flatten_notch,0.05001806770558492,0.009114527636667966,5.487730105108358,,
M2.R[k3],M2,detune-200,0.041737397084325084,0.009114527636667966,4.579216690990603,,
M2.R[k3],M2,detune+200,0.43670346059369747,0.009114527636667966,47.91290103030999,,
M2.R[k3],M2,open_all,0.8895603924545732,0.009114527636667966,97.59807945239534,True,False
M2.R[k3],M2,short_all,0.8904171846291634,0.009114527636667966,97.69208236826158,True,False
M2.R[k3],M2,one_open,0.14820428469276214,0.009114527636667966,16.2602265965526,True,False
M3.A,M3,shift-20,0.0008563534624630997,0.004438661212397166,0.19293057556889168,,
M3.A,M3,shift-10,0.0004332150068085405,0.004438661212397166,0.09760037679797964,,
M3.A,M3,shift-5,0.00021783508333372836,0.004438661212397166,0.04907675375748789,,
M3.A,M3,shift-2,8.792440945715185e-05,0.004438661212397166,0.019808767835576023,,
M3.A,M3,shift+2,8.760848343775107e-05,0.004438661212397166,0.019737591865101323,,
M3.A,M3,shift+5,0.00022100222546689308,0.004438661212397166,0.04979028920919547,,
M3.A,M3,shift+10,0.00044596595574386555,0.004438661212397166,0.1004730783458499,,
M3.A,M3,shift+20,0.0009081980944410928,0.004438661212397166,0.20461081641115086,,
M3.A,M3,band_shrink10,0.04064559883067986,0.004438661212397166,9.157175302579265,,
M3.A,M3,band_lo10,0.03581879540391336,0.004438661212397166,8.069729517511178,,
M3.A,M3,band_hi10,0.04332832790217617,0.004438661212397166,9.76157580604717,,
M3.A,M3,band_3.3-4.1,0.21770330400902987,0.004438661212397166,49.047064777321886,,
M3.A,M3,band_3.4-3.9,0.39373723808046507,0.004438661212397166,88.7063056267413,,
M3.A,M3,band_3.2-3.5_nodip,0.23326246740728912,0.004438661212397166,52.55243782872814,,
M3.A,M3,flatten_notch,0.04552422341582274,0.004438661212397166,10.256296040047783,,
M3.A,M3,detune-200,0.0060056734114782295,0.004438661212397166,1.3530371263083572,,
M3.A,M3,detune+200,0.013516038833339517,0.004438661212397166,3.0450710668318783,,
M3.A,M3,open_all,0.44473829913218077,0.004438661212397166,100.19649571137086,True,False
M3.A,M3,short_all,0.4451429127216674,0.004438661212397166,100.2876523845489,True,False
M3.A,M3,one_open,0.0742792363571882,0.004438661212397166,16.73460370206371,True,False
M3.ML_of_powavg,M3,shift-20,0.008416796688442307,0.044391780301710426,0.18960259379635663,,
M3.ML_of_powavg,M3,shift-10,0.004259956624906636,0.044391780301710426,0.09596273445114564,,
M3.ML_of_powavg,M3,shift-5,0.0021425718744350064,0.044391780301710426,0.04826505852824408,,
M3.ML_of_powavg,M3,shift-2,0.0008649299612151218,0.044391780301710426,0.019484011574588636,,
M3.ML_of_powavg,M3,shift+2,0.0008619934446580935,0.044391780301710426,0.019417861568054313,,
M3.ML_of_powavg,M3,shift+5,0.00217480391607916,0.044391780301710426,0.04899113983034747,,
M3.ML_of_powavg,M3,shift+10,0.004389710789145962,0.044391780301710426,0.0988856666552034,,
M3.ML_of_powavg,M3,shift+20,0.008944220072435893,0.044391780301710426,0.20148369837042265,,
M3.ML_of_powavg,M3,band_shrink10,0.38455882625695637,0.044391780301710426,8.662838562528641,,
M3.ML_of_powavg,M3,band_lo10,0.34294497603071283,0.044391780301710426,7.725416140102385,,
M3.ML_of_powavg,M3,band_hi10,0.4092966747748279,0.044391780301710426,9.22010047790441,,
M3.ML_of_powavg,M3,band_3.3-4.1,1.7761812222848923,0.044391780301710426,40.0114888434978,,
M3.ML_of_powavg,M3,band_3.4-3.9,2.819083983301976,0.044391780301710426,63.50463901519525,,
M3.ML_of_powavg,M3,band_3.2-3.5_nodip,1.859728995741125,0.044391780301710426,41.893543874595835,,
M3.ML_of_powavg,M3,flatten_notch,0.4849762780690474,0.044391780301710426,10.924911656457292,,
M3.ML_of_powavg,M3,detune-200,0.05997333083179557,0.044391780301710426,1.3510008029456027,,
M3.ML_of_powavg,M3,detune+200,0.13498414151720128,0.044391780301710426,3.040746295818199,,
M3.ML_of_powavg,M3,open_all,,0.044391780301710426,,False,False
M3.ML_of_powavg,M3,short_all,,0.044391780301710426,,False,False
M3.ML_of_powavg,M3,one_open,7.587693557371612,0.044391780301710426,170.9256422202841,False,False
M3.ML_dBavg,M3,shift-20,0.057170237413342484,0.13742720292226718,0.41600379108115615,,
M3.ML_dBavg,M3,shift-10,0.02909219261050655,0.13742720292226718,0.21169165923403055,,
M3.ML_dBavg,M3,shift-5,0.014671744087487504,0.13742720292226718,0.10676011572313139,,
M3.ML_dBavg,M3,shift-2,0.005917699281169142,0.13742720292226718,0.04306061067484845,,
M3.ML_dBavg,M3,shift+2,0.005901139786640641,0.13742720292226718,0.04294011419251906,,
M3.ML_dBavg,M3,shift+5,0.014875336516925408,0.13742720292226718,0.1082415722696425,,
M3.ML_dBavg,M3,shift+10,0.029908700957285816,0.13742720292226718,0.21763304732472105,,
M3.ML_dBavg,M3,shift+20,0.06045790647362015,0.13742720292226718,0.4399267771448197,,
M3.ML_dBavg,M3,band_shrink10,0.6948834581922272,0.13742720292226718,5.05637489096881,,
M3.ML_dBavg,M3,band_lo10,0.4378154771327747,0.13742720292226718,3.185799229141088,,
M3.ML_dBavg,M3,band_hi10,0.8504477914901702,0.13742720292226718,6.188351166335011,,
M3.ML_dBavg,M3,band_3.3-4.1,2.971933401115091,0.13742720292226718,21.625510364175152,,
M3.ML_dBavg,M3,band_3.4-3.9,4.681736846060002,0.13742720292226718,34.0670314647103,,
M3.ML_dBavg,M3,band_3.2-3.5_nodip,3.4155183439811414,0.13742720292226718,24.853291570760252,,
M3.ML_dBavg,M3,flatten_notch,0.5576270390056974,0.13742720292226718,4.057617612439565,,
M3.ML_dBavg,M3,detune-200,0.366985069925307,0.13742720292226718,2.670396123341639,,
M3.ML_dBavg,M3,detune+200,0.750982949372518,0.13742720292226718,5.4645873117078265,,
M3.ML_dBavg,M3,open_all,66.27494916197354,0.13742720292226718,482.25495209606044,True,False
M3.ML_dBavg,M3,short_all,67.07395096501267,0.13742720292226718,488.0689524253189,True,False
M3.ML_dBavg,M3,one_open,11.38875554559154,0.13742720292226718,82.87118782467945,True,False
M4.N,M4,shift-20,0.0008563461648294912,0.004445187964578823,0.1926456590032249,,
M4.N,M4,shift-10,0.0004332112871380245,0.004445187964578823,0.0974562359544836,,
M4.N,M4,shift-5,0.00021783320660345717,0.004445187964578823,0.04900427346138031,,
M4.N,M4,shift-2,8.792430472143176e-05,0.004445187964578823,0.01977965958291316,,
M4.N,M4,shift+2,8.760706962446241e-05,0.004445187964578823,0.019708293625051037,,
M4.N,M4,shift+5,0.00022100030571381435,0.004445187964578823,0.049716751569301505,,
M4.N,M4,shift+10,0.0004459620619721161,0.004445187964578823,0.10032468042425526,,
M4.N,M4,shift+20,0.0009081900796407694,0.004445187964578823,0.20430858872057156,,
M4.N,M4,band_shrink10,0.040617748324548675,0.004445187964578823,9.137464747994558,,
M4.N,M4,band_lo10,0.03579099530894869,0.004445187964578823,8.051626971490698,,
M4.N,M4,band_hi10,0.04329681712505906,0.004445187964578823,9.740154402933419,,
M4.N,M4,band_3.3-4.1,0.21747938745847833,0.004445187964578823,48.92467746953515,,
M4.N,M4,band_3.4-3.9,0.39323042001589653,0.004445187964578823,88.46204550838488,,
M4.N,M4,band_3.2-3.5_nodip,0.2333318670524921,0.004445187964578823,52.49088877945796,,
M4.N,M4,flatten_notch,0.04552422341582263,0.004445187964578823,10.241236991231709,,
M4.N,M4,detune-200,0.0060056248785939625,0.004445187964578823,1.351039579529454,,
M4.N,M4,detune+200,0.013515886831342083,0.004445187964578823,3.040565874613741,,
M4.N,M4,open_all,0.4444870063948439,0.004445187964578823,99.99284843221666,True,False
M4.N,M4,short_all,0.4448916196362069,0.004445187964578823,100.08387118414237,True,False
M4.N,M4,one_open,0.07419488832434473,0.004445187964578823,16.691057592066215,True,False
M4.N[k3],M4,shift-20,0.017577804010821207,0.0090392921629594,1.9445996095634948,,
M4.N[k3],M4,shift-10,0.009183518301184246,0.0090392921629594,1.015955468152235,,
M4.N[k3],M4,shift-5,0.004691391488280017,0.0090392921629594,0.5189998734086816,,
M4.N[k3],M4,shift-2,0.0019010131249856954,0.0090392921629594,0.21030552953864445,,
M4.N[k3],M4,shift+2,0.001933862807867337,0.0090392921629594,0.21393962856868254,,
M4.N[k3],M4,shift+5,0.004898526076211551,0.0090392921629594,0.5419147857931177,,
M4.N[k3],M4,shift+10,0.0100153937155808,0.0090392921629594,1.1079842906971413,,
M4.N[k3],M4,shift+20,0.02095903234581098,0.0090392921629594,2.318658581663671,,
M4.N[k3],M4,band_shrink10,0.009624720570252765,0.0090392921629594,1.0647648506917713,,
M4.N[k3],M4,band_lo10,0.02681537776959131,0.0090392921629594,2.9665351319734468,,
M4.N[k3],M4,band_hi10,0.021468841282299755,0.0090392921629594,2.3750577916126354,,
M4.N[k3],M4,band_3.3-4.1,,0.0090392921629594,,,
M4.N[k3],M4,band_3.4-3.9,,0.0090392921629594,,,
M4.N[k3],M4,band_3.2-3.5_nodip,,0.0090392921629594,,,
M4.N[k3],M4,flatten_notch,0.05001806770558492,0.0090392921629594,5.53340536005082,,
M4.N[k3],M4,detune-200,0.042459464004061864,0.0090392921629594,4.697211157533926,,
M4.N[k3],M4,detune+200,0.43626206154049496,0.0090392921629594,48.26285661262063,,
M4.N[k3],M4,open_all,0.8890366720244232,0.0090392921629594,98.35246565737276,True,False
M4.N[k3],M4,short_all,0.8898934638830029,0.0090392921629594,98.44725093957557,True,False
M4.N[k3],M4,one_open,0.14802918230887951,0.0090392921629594,16.37619181239251,True,False
M5.C,M5,shift-20,8.95727832281746e-09,6.526752181820056e-06,0.001372394427318309,,
M5.C,M5,shift-10,4.533120760057477e-09,6.526752181820056e-06,0.0006945446423849614,,
M5.C,M5,shift-5,2.2795498081382495e-09,6.526752181820056e-06,0.0003492625037132285,,
M5.C,M5,shift-2,1.3704449682277325e-09,6.526752181820056e-06,0.0002099734952469988,,
M5.C,M5,shift+2,3.2161270400858123e-09,6.526752181820056e-06,0.0004927607101498621,,
M5.C,M5,shift+5,2.3348493056497832e-09,6.526752181820056e-06,0.0003577352472725087,,
M5.C,M5,shift+10,4.756282184347361e-09,6.526752181820056e-06,0.0007287364453021134,,
M5.C,M5,shift+20,9.869999965386126e-09,6.526752181820056e-06,0.0015122375862344707,,
M5.C,M5,band_shrink10,3.394298073977587e-05,6.526752181820056e-06,5.200592851421931,,
M5.C,M5,band_lo10,3.388806831199743e-05,6.526752181820056e-06,5.192179412969128,,
M5.C,M5,band_hi10,3.3963010259449404e-05,6.526752181820056e-06,5.203661685524338,,
M5.C,M5,band_3.3-4.1,0.0002239165505516209,6.526752181820056e-06,34.3075000113118,,
M5.C,M5,band_3.4-3.9,0.0005068180645685449,6.526752181820056e-06,77.65241431722525,,
M5.C,M5,band_3.2-3.5_nodip,9.509634750879043e-05,6.526752181820056e-06,14.57024027565756,,
M5.C,M5,flatten_notch,1.3552527156068805e-18,6.526752181820056e-06,2.0764580573196416e-13,,
M5.C,M5,detune-200,4.8532884070091875e-08,6.526752181820056e-06,0.00743599308171648,,
M5.C,M5,detune+200,2.0602030810561124e-07,6.526752181820056e-06,0.031565517177053325,,
M5.C,M5,open_all,0.00030601019432400367,6.526752181820056e-06,46.88552373359293,True,False
M5.C,M5,short_all,0.00030601030719075987,6.526752181820056e-06,46.88554102653635,True,False
M5.C,M5,one_open,0.00010113081797297904,6.526752181820056e-06,15.494815055897773,True,False
M5.C1,M5,shift-20,3.0471373295144592e-09,2.9407730747203374e-06,0.0010361688073481279,,
M5.C1,M5,shift-10,1.5418855510949958e-09,2.9407730747203374e-06,0.0005243129993094168,,
M5.C1,M5,shift-5,7.753052575485732e-10,2.9407730747203374e-06,0.00026363994699669355,,
M5.C1,M5,shift-2,8.180672920489723e-10,2.9407730747203374e-06,0.0002781810331036063,,
M5.C1,M5,shift+2,1.4462741961885402e-09,2.9407730747203374e-06,0.0004918006794271531,,
M5.C1,M5,shift+5,7.952702227222858e-10,2.9407730747203374e-06,0.0002704289663009495,,
M5.C1,M5,shift+10,1.6223835380875257e-09,2.9407730747203374e-06,0.0005516860692291981,,
M5.C1,M5,shift+20,3.375632948025061e-09,2.9407730747203374e-06,0.0011478726383354412,,
M5.C1,M5,band_shrink10,1.6543783453374354e-05,2.9407730747203374e-06,5.625657958986733,,
M5.C1,M5,band_lo10,1.652481707469785e-05,2.9407730747203374e-06,5.619208505664564,,
M5.C1,M5,band_hi10,1.6550911483379952e-05,2.9407730747203374e-06,5.628081821632537,,
M5.C1,M5,band_3.3-4.1,0.00010957921767984382,2.9407730747203374e-06,37.26204467179591,,
M5.C1,M5,band_3.4-3.9,0.00024967835428225835,2.9407730747203374e-06,84.90228519451551,,
M5.C1,M5,band_3.2-3.5_nodip,5.3832533550102614e-05,2.9407730747203374e-06,18.30557210036412,,
M5.C1,M5,flatten_notch,0.0,2.9407730747203374e-06,0.0,,
M5.C1,M5,detune-200,1.617696972325321e-08,2.9407730747203374e-06,0.005500924182934997,,
M5.C1,M5,detune+200,7.061674995136654e-08,2.9407730747203374e-06,0.024012988475175724,,
M5.C1,M5,open_all,0.00014907085164824998,2.9407730747203374e-06,50.69104206975452,True,False
M5.C1,M5,short_all,0.00014907087308132445,2.9407730747203374e-06,50.69104935799946,True,False
M5.C1,M5,one_open,4.9234862999588305e-05,2.9407730747203374e-06,16.7421496826206,True,False
M5.C2,M5,shift-20,6.363362770972279e-10,3.7504486006312185e-07,0.001696693768820427,,
M5.C2,M5,shift-10,3.2286850412348386e-10,3.7504486006312185e-07,0.0008608796933495997,,
M5.C2,M5,shift-5,1.6256125759356713e-10,3.7504486006312185e-07,0.00043344483528239073,,
M5.C2,M5,shift-2,5.845223425676671e-11,3.7504486006312185e-07,0.00015585398036631917,,
M5.C2,M5,shift+2,7.288563488466149e-11,3.7504486006312185e-07,0.0001943384449326795,,
M5.C2,M5,shift+5,1.6579336398881771e-10,3.7504486006312185e-07,0.0004420627547352973,,
M5.C2,M5,shift+10,3.35929081623077e-10,3.7504486006312185e-07,0.0008957037341254017,,
M5.C2,M5,shift+20,6.899346246666422e-10,3.7504486006312185e-07,0.0018396055995822018,,
M5.C2,M5,band_shrink10,2.1394436447946572e-07,3.7504486006312185e-07,0.5704500641428811,,
M5.C2,M5,band_lo10,2.1133825078279274e-07,3.7504486006312185e-07,0.5635012588820001,,
M5.C2,M5,band_hi10,2.1412199974931717e-07,3.7504486006312185e-07,0.570923701536076,,
M5.C2,M5,band_3.3-4.1,1.0880707933787695e-06,3.7504486006312185e-07,2.9011750572868586,,
M5.C2,M5,band_3.4-3.9,1.6243741804185444e-06,3.7504486006312185e-07,4.331146359785212,,
M5.C2,M5,band_3.2-3.5_nodip,3.423763011712244e-06,3.7504486006312185e-07,9.128942631385504,,
M5.C2,M5,flatten_notch,0.0,3.7504486006312185e-07,0.0,,
M5.C2,M5,detune-200,3.2078464511279562e-09,3.7504486006312185e-07,0.00855323400669472,,
M5.C2,M5,detune+200,1.279434702526386e-08,3.7504486006312185e-07,0.03411417776292284,,
M5.C2,M5,open_all,1.9700881347252948e-06,3.7504486006312185e-07,5.2529399666848375,True,False
M5.C2,M5,short_all,1.970186572785635e-06,3.7504486006312185e-07,5.253202436780612,True,False
M5.C2,M5,one_open,6.801043515569941e-07,3.7504486006312185e-07,1.8133946734866044,True,True
M5.C3,M5,shift-20,1.5903311090672306e-09,1.3952957525029375e-06,0.0011397806566919098,,
M5.C3,M5,shift-10,8.036126492897512e-10,1.3952957525029375e-06,0.0005759443099057663,,
M5.C3,M5,shift-5,4.0381677775528957e-10,1.3952957525029375e-06,0.0002894130344988916,,
M5.C3,M5,shift-2,1.4878514965679652e-10,1.3952957525029375e-06,0.00010663341401985905,,
M5.C3,M5,shift+2,1.7780737656128626e-10,1.3952957525029375e-06,0.00012743346795281808,,
M5.C3,M5,shift+5,4.1272213229660946e-10,1.3952957525029375e-06,0.00029579544806629843,,
M5.C3,M5,shift+10,8.39656945043046e-10,1.3952957525029375e-06,0.0006017770379769563,,
M5.C3,M5,shift+20,1.7388648199709555e-09,1.3952957525029375e-06,0.0012462338660830222,,
M5.C3,M5,band_shrink10,5.715574624618665e-07,1.3952957525029375e-06,0.4096317654780958,,
M5.C3,M5,band_lo10,5.602853581606152e-07,1.3952957525029375e-06,0.401553116717766,,
M5.C3,M5,band_hi10,5.753364206426886e-07,1.3952957525029375e-06,0.4123401218778363,,
M5.C3,M5,band_3.3-4.1,3.305799759475129e-06,1.3952957525029375e-06,2.369246630003032,,
M5.C3,M5,band_3.4-3.9,5.50628723320162e-06,1.3952957525029375e-06,3.9463226511828915,,
M5.C3,M5,band_3.2-3.5_nodip,7.39170095903044e-06,1.3952957525029375e-06,5.297587228923266,,
M5.C3,M5,flatten_notch,0.0,1.3952957525029375e-06,0.0,,
M5.C3,M5,detune-200,9.763251715923354e-09,1.3952957525029375e-06,0.0069972632672389646,,
M5.C3,M5,detune+200,3.919811415245589e-08,1.3952957525029375e-06,0.028093050582387816,,
M5.C3,M5,open_all,5.238905139691787e-06,1.3952957525029375e-06,3.754691527078778,True,False
M5.C3,M5,short_all,5.238950499032774e-06,1.3952957525029375e-06,3.7547240358432497,True,False
M5.C3,M5,one_open,1.7643506760904328e-06,1.3952957525029375e-06,1.2644994245309424,True,True
M5.C[k3],M5,shift-20,0.00010886798834192502,7.523547370855599e-05,1.4470300109181642,,
M5.C[k3],M5,shift-10,5.170323121494525e-05,7.523547370855599e-05,0.6872187901046659,,
M5.C[k3],M5,shift-5,2.514939445252861e-05,7.523547370855599e-05,0.33427575069110715,,
M5.C[k3],M5,shift-2,9.88329846645904e-06,7.523547370855599e-05,0.13136487323446044,,
M5.C[k3],M5,shift+2,9.678344042999654e-06,7.523547370855599e-05,0.1286407005356438,,
M5.C[k3],M5,shift+5,2.3766126082027782e-05,7.523547370855599e-05,0.31588989755141306,,
M5.C[k3],M5,shift+10,4.6205574630617404e-05,7.523547370855599e-05,0.6141461248666634,,
M5.C[k3],M5,shift+20,8.744306038125271e-05,7.523547370855599e-05,1.1622583878448876,,
M5.C[k3],M5,band_shrink10,1.7447799714663927e-05,7.523547370855599e-05,0.23190921588734165,,
M5.C[k3],M5,band_lo10,0.00010643887345833673,7.523547370855599e-05,1.4147431817955338,,
M5.C[k3],M5,band_hi10,0.00013925688169508569,7.523547370855599e-05,1.8509470975690687,,
M5.C[k3],M5,band_3.3-4.1,,7.523547370855599e-05,,,
M5.C[k3],M5,band_3.4-3.9,,7.523547370855599e-05,,,
M5.C[k3],M5,band_3.2-3.5_nodip,,7.523547370855599e-05,,,
M5.C[k3],M5,flatten_notch,1.734723475976807e-18,7.523547370855599e-05,2.305725464953814e-14,,
M5.C[k3],M5,detune-200,0.0007220669197367354,7.523547370855599e-05,9.597426375407004,,
M5.C[k3],M5,detune+200,0.000493024465343952,7.523547370855599e-05,6.553085147756354,,
M5.C[k3],M5,open_all,0.0005798048819737996,7.523547370855599e-05,7.70653593835035,True,False
M5.C[k3],M5,short_all,0.0005798049324729146,7.523547370855599e-05,7.706536609564505,True,False
M5.C[k3],M5,one_open,0.00020499134881131118,7.523547370855599e-05,2.72466349591149,True,False
M5.C1[k3],M5,shift-20,5.460167876897781e-05,3.597895515364223e-05,1.5176004565949814,,
M5.C1[k3],M5,shift-10,2.5919387904611054e-05,3.597895515364223e-05,0.7204041305237064,,
M5.C1[k3],M5,shift-5,1.2605267497014182e-05,3.597895515364223e-05,0.35035112729609447,,
M5.C1[k3],M5,shift-2,4.953142640837325e-06,3.597895515364223e-05,0.13766777327706547,,
M5.C1[k3],M5,shift+2,4.849671768795668e-06,3.597895515364223e-05,0.1347919012124154,,
M5.C1[k3],M5,shift+5,1.1907539768847152e-05,3.597895515364223e-05,0.3309584649692565,,
M5.C1[k3],M5,shift+10,2.3145640022950514e-05,3.597895515364223e-05,0.6433105109392658,,
M5.C1[k3],M5,shift+20,4.3780989432915554e-05,3.597895515364223e-05,1.2168499403597468,,
M5.C1[k3],M5,band_shrink10,8.982760869048203e-06,3.597895515364223e-05,0.24966708540280827,,
M5.C1[k3],M5,band_lo10,5.32756950392273e-05,3.597895515364223e-05,1.4807460308872833,,
M5.C1[k3],M5,band_hi10,6.986341294258971e-05,3.597895515364223e-05,1.9417854866615627,,
M5.C1[k3],M5,band_3.3-4.1,,3.597895515364223e-05,,,
M5.C1[k3],M5,band_3.4-3.9,,3.597895515364223e-05,,,
M5.C1[k3],M5,band_3.2-3.5_nodip,,3.597895515364223e-05,,,
M5.C1[k3],M5,flatten_notch,0.0,3.597895515364223e-05,0.0,,
M5.C1[k3],M5,detune-200,0.00036839793277416733,3.597895515364223e-05,10.239261568352509,,
M5.C1[k3],M5,detune+200,0.00023952964170670946,3.597895515364223e-05,6.657492989550069,,
M5.C1[k3],M5,open_all,0.0002770825922496927,3.597895515364223e-05,7.701240657669377,True,False
M5.C1[k3],M5,short_all,0.00027708261422466684,3.597895515364223e-05,7.701241268442371,True,False
M5.C1[k3],M5,one_open,9.83955833694789e-05,3.597895515364223e-05,2.734809361453013,True,False
M5.C2[k3],M5,shift-20,2.43403741734364e-07,1.264345014505029e-06,0.192513703887742,,
M5.C2[k3],M5,shift-10,1.1976340922120163e-07,1.264345014505029e-06,0.09472367735644302,,
M5.C2[k3],M5,shift-5,5.930878298286092e-08,1.264345014505029e-06,0.0469087015825972,,
M5.C2[k3],M5,shift-2,2.3577006634399615e-08,1.264345014505029e-06,0.01864760517415386,,
M5.C2[k3],M5,shift+2,2.3540885618488045e-08,1.264345014505029e-06,0.018619036219084496,,
M5.C2[k3],M5,shift+5,5.890951872572215e-08,1.264345014505029e-06,0.0465929141570462,,
M5.C2[k3],M5,shift+10,1.1775455524473192e-07,1.264345014505029e-06,0.09313482783085988,,
M5.C2[k3],M5,shift+20,2.3319823374487187e-07,1.264345014505029e-06,0.18444192927526612,,
M5.C2[k3],M5,band_shrink10,1.0989053412547879e-07,1.264345014505029e-06,0.08691498986809323,,
M5.C2[k3],M5,band_lo10,2.8862808518222326e-07,1.264345014505029e-06,0.22828269330837406,,
M5.C2[k3],M5,band_hi10,3.0625694296182604e-07,1.264345014505029e-06,0.24222576863778025,,
M5.C2[k3],M5,band_3.3-4.1,,1.264345014505029e-06,,,
M5.C2[k3],M5,band_3.4-3.9,,1.264345014505029e-06,,,
M5.C2[k3],M5,band_3.2-3.5_nodip,,1.264345014505029e-06,,,
M5.C2[k3],M5,flatten_notch,0.0,1.264345014505029e-06,0.0,,
M5.C2[k3],M5,detune-200,3.338175589380409e-06,1.264345014505029e-06,2.640241034752094,,
M5.C2[k3],M5,detune+200,2.885531987851144e-06,1.264345014505029e-06,2.2822346390797326,,
M5.C2[k3],M5,open_all,6.38692592858073e-06,1.264345014505029e-06,5.051568879781687,True,False
M5.C2[k3],M5,short_all,6.386996092817858e-06,1.264345014505029e-06,5.051624374315476,True,False
M5.C2[k3],M5,one_open,2.1678702598909455e-06,1.264345014505029e-06,1.7146192178719766,True,True
M5.C3[k3],M5,shift-20,4.3905674154659317e-07,5.806253430281284e-06,0.07561790865978839,,
M5.C3[k3],M5,shift-10,1.8440068593957906e-07,5.806253430281284e-06,0.03175897989190006,,
M5.C3[k3],M5,shift-5,8.38086483585109e-08,5.806253430281284e-06,0.014434204322089122,,
M5.C3[k3],M5,shift-2,3.1616539410875996e-08,5.806253430281284e-06,0.005445256530827028,,
M5.C3[k3],M5,shift+2,2.9067923416343022e-08,5.806253430281284e-06,0.005006313238885755,,
M5.C3[k3],M5,shift+5,6.886558178505032e-08,5.806253430281284e-06,0.011860588348744214,,
M5.C3[k3],M5,shift+10,1.4980369520602995e-07,5.806253430281284e-06,0.025800405890786738,,
M5.C3[k3],M5,shift+20,3.474779829113469e-07,5.806253430281284e-06,0.05984547300315021,,
M5.C3[k3],M5,band_shrink10,4.225006579226077e-07,5.806253430281284e-06,0.07276648582356827,,
M5.C3[k3],M5,band_lo10,4.6473955024680134e-07,5.806253430281284e-06,0.08004121002074259,,
M5.C3[k3],M5,band_hi10,5.933496247198758e-07,5.806253430281284e-06,0.10219147886748908,,
M5.C3[k3],M5,band_3.3-4.1,,5.806253430281284e-06,,,
M5.C3[k3],M5,band_3.4-3.9,,5.806253430281284e-06,,,
M5.C3[k3],M5,band_3.2-3.5_nodip,,5.806253430281284e-06,,,
M5.C3[k3],M5,flatten_notch,0.0,5.806253430281284e-06,0.0,,
M5.C3[k3],M5,detune-200,1.0364892029428399e-05,5.806253430281284e-06,1.7851256673317946,,
M5.C3[k3],M5,detune+200,1.1582273447898512e-05,5.806253430281284e-06,1.9947929567616909,,
M5.C3[k3],M5,open_all,1.860410119474861e-05,5.806253430281284e-06,3.204149012463504,True,False
M5.C3[k3],M5,short_all,1.8604150708658264e-05,5.806253430281284e-06,3.204157540150118,True,False
M5.C3[k3],M5,one_open,6.235216462802009e-06,5.806253430281284e-06,1.0738794883260794,True,True
M5.C3_dBavg[k3],M5,shift-20,0.22636184778113488,1.7491593091405662,0.129411796054389,,
M5.C3_dBavg[k3],M5,shift-10,0.09361100289138591,1.7491593091405662,0.053517711281187326,,
M5.C3_dBavg[k3],M5,shift-5,0.04239705872382871,1.7491593091405662,0.024238534764829466,,
M5.C3_dBavg[k3],M5,shift-2,0.01597212856783159,1.7491593091405662,0.009131317247300564,,
M5.C3_dBavg[k3],M5,shift+2,0.014708883761031188,1.7491593091405662,0.008409116130341648,,
M5.C3_dBavg[k3],M5,shift+5,0.034558368387216376,1.7491593091405662,0.01975713030061071,,
M5.C3_dBavg[k3],M5,shift+10,0.06215392066655312,1.7491593091405662,0.03553359624921294,,
M5.C3_dBavg[k3],M5,shift+20,0.1145268681745577,1.7491593091405662,0.06547537870111411,,
M5.C3_dBavg[k3],M5,band_shrink10,0.10672673410943645,1.7491593091405662,0.06101601698125237,,
M5.C3_dBavg[k3],M5,band_lo10,0.1566295357281291,1.7491593091405662,0.08954560908753796,,
M5.C3_dBavg[k3],M5,band_hi10,0.3095067143507322,1.7491593091405662,0.17694598355526892,,
M5.C3_dBavg[k3],M5,band_3.3-4.1,,1.7491593091405662,,,
M5.C3_dBavg[k3],M5,band_3.4-3.9,,1.7491593091405662,,,
M5.C3_dBavg[k3],M5,band_3.2-3.5_nodip,,1.7491593091405662,,,
M5.C3_dBavg[k3],M5,flatten_notch,0.0,1.7491593091405662,0.0,,
M5.C3_dBavg[k3],M5,detune-200,6.183629969329061,1.7491593091405662,3.535201131775317,,
M5.C3_dBavg[k3],M5,detune+200,6.233923847395616,1.7491593091405662,3.5639543035440258,,
M5.C3_dBavg[k3],M5,open_all,44.93485509678104,1.7491593091405662,25.689401109416032,True,False
M5.C3_dBavg[k3],M5,short_all,45.24680190642648,1.7491593091405662,25.867742103295377,True,False
M5.C3_dBavg[k3],M5,one_open,15.631227991327442,1.7491593091405662,8.936423291831382,True,False
M6.fc_A,M6,shift-20,0.01704049324169432,0.0023381570464766632,7.288002004558422,,
M6.fc_A,M6,shift-10,0.008531708968011031,0.0023381570464766632,3.6489033022257193,,
M6.fc_A,M6,shift-5,0.0042687023001799496,0.0023381570464766632,1.825669625833046,,
M6.fc_A,M6,shift-2,0.0017075397725903052,0.0023381570464766632,0.7302930208060119,,
M6.fc_A,M6,shift+2,0.0017079427560173777,0.0023381570464766632,0.7304653716870957,,
M6.fc_A,M6,shift+5,0.004269984676306571,0.0023381570464766632,1.8262180817755387,,
M6.fc_A,M6,shift+10,0.008536808257229911,0.0023381570464766632,3.651084203301874,,
M6.fc_A,M6,shift+20,0.017060609520085812,0.0023381570464766632,7.296605480711491,,
M6.fc_A,M6,band_shrink10,0.0037439457313968028,0.0023381570464766632,1.6012379224220645,,
M6.fc_A,M6,band_lo10,0.015819896044261483,0.0023381570464766632,6.765968123527146,,
M6.fc_A,M6,band_hi10,0.008728775515967069,0.0023381570464766632,3.733186155788954,,
M6.fc_A,M6,band_3.3-4.1,0.05545880220634247,0.0023381570464766632,23.7190236173026,,
M6.fc_A,M6,band_3.4-3.9,0.06439332392088248,0.0023381570464766632,27.540204802716694,,
M6.fc_A,M6,band_3.2-3.5_nodip,0.18973182977567715,0.0023381570464766632,81.1458879811266,,
M6.fc_A,M6,flatten_notch,0.0008906083845201529,0.0023381570464766632,0.3809018670761224,,
M6.fc_A,M6,detune-200,0.16573810057617777,0.0023381570464766632,70.88407548411953,,
M6.fc_A,M6,detune+200,0.16699387535002508,0.0023381570464766632,71.42115436671196,,
M6.fc_A,M6,open_all,41.99628042305609,0.0023381570464766632,17961.274451748104,True,False
M6.fc_A,M6,short_all,12.963592018545889,0.0023381570464766632,5544.363257412733,True,False
M6.fc_A,M6,one_open,9.061744815255924,0.0023381570464766632,3875.5928858204556,True,False
M6.spread_A,M6,shift-20,0.922919690974453,3.833453442537177,0.24075411500592458,,
M6.spread_A,M6,shift-10,0.44729669202314426,3.833453442537177,0.11668243757959931,,
M6.spread_A,M6,shift-5,0.2201025816799529,3.833453442537177,0.05741626577164784,,
M6.spread_A,M6,shift-2,0.0878421441724413,3.833453442537177,0.022914623977877982,,
M6.spread_A,M6,shift+2,0.0854321926026671,3.833453442537177,0.0222859606574806,,
M6.spread_A,M6,shift+5,0.2130818313413556,3.833453442537177,0.05558482306761161,,
M6.spread_A,M6,shift+10,0.4192193039765755,3.833453442537177,0.1093581310587444,,
M6.spread_A,M6,shift+20,0.8105618436983377,3.833453442537177,0.2114442905981574,,
M6.spread_A,M6,band_shrink10,12.676154255501501,3.833453442537177,3.3067192403703145,,
M6.spread_A,M6,band_lo10,14.855658183158226,3.833453442537177,3.875267668133198,,
M6.spread_A,M6,band_hi10,10.681444369644112,3.833453442537177,2.7863764435272707,,
M6.spread_A,M6,band_3.3-4.1,66.8990450572673,3.833453442537177,17.451377996387002,,
M6.spread_A,M6,band_3.4-3.9,117.41138149619402,3.833453442537177,30.62809637737119,,
M6.spread_A,M6,band_3.2-3.5_nodip,174.23704479989215,3.833453442537177,45.451717990495034,,
M6.spread_A,M6,flatten_notch,5.103024228325637,3.833453442537177,1.3311820020300527,,
M6.spread_A,M6,detune-200,14.15446149314701,3.833453442537177,3.6923525237282804,,
M6.spread_A,M6,detune+200,3.213563363557796,3.833453442537177,0.8382946113024642,,
M6.spread_A,M6,open_all,178.0395999852421,3.833453442537177,46.44365782812437,True,True
M6.spread_A,M6,short_all,231.06243891262034,3.833453442537177,60.27526938208784,True,False
M6.spread_A,M6,one_open,162.73787599912274,3.833453442537177,42.45202881384531,True,False
M6.fc_N,M6,shift-20,0.0170383385799302,0.0023431883183429036,7.271433732641544,,
M6.fc_N,M6,shift-10,0.008530638239593547,0.0023431883183429036,3.6406114578218753,,
M6.fc_N,M6,shift-5,0.004268168574924847,0.0023431883183429036,1.8215217878617984,,
M6.fc_N,M6,shift-2,0.0017073259056044066,0.0023431883183429036,0.7286336707293858,,
M6.fc_N,M6,shift+2,0.001707729722259188,0.0023431883183429036,0.7288060071359906,,
M6.fc_N,M6,shift+5,0.004269451105988864,0.0023431883183429036,1.8220691322873306,,
M6.fc_N,M6,shift+10,0.008535738111994817,0.0023431883183429036,3.642787924971932,,
M6.fc_N,M6,shift+20,0.017058456854026627,0.0023431883183429036,7.280019587196612,,
M6.fc_N,M6,band_shrink10,0.0037469046031333164,0.0023431883183429036,1.5990625140121546,,
M6.fc_N,M6,band_lo10,0.01582970551151197,0.0023431883183429036,6.755626676521969,,
M6.fc_N,M6,band_hi10,0.008733339546978414,0.0023431883183429036,3.727118080357539,,
M6.fc_N,M6,band_3.3-4.1,0.05548661997337101,0.0023431883183429036,23.67996611241686,,
M6.fc_N,M6,band_3.4-3.9,0.0644183251157151,0.0023431883183429036,27.491740468077943,,
M6.fc_N,M6,band_3.2-3.5_nodip,0.18971554596984097,0.0023431883183429036,80.96470287288189,,
M6.fc_N,M6,flatten_notch,0.0008941088046814372,0.0023431883183429036,0.3815778687876647,,
M6.fc_N,M6,detune-200,0.16571380256022827,0.0023431883183429036,70.72150422695032,,
M6.fc_N,M6,detune+200,0.16696882465073903,0.0023431883183429036,71.25710867695813,,
M6.fc_N,M6,open_all,42.14575188875609,0.0023431883183429036,17986.497951885252,True,False
M6.fc_N,M6,short_all,12.967395873453722,0.0023431883183429036,5534.081820032386,True,False
M6.fc_N,M6,one_open,9.065495874458605,0.0023431883183429036,3868.872084882063,True,False
M6.spread_N,M6,shift-20,0.9235445472401977,3.8301589833988317,0.24112433746044054,,
M6.spread_N,M6,shift-10,0.447604934005426,3.8301589833988317,0.11686327798545516,,
M6.spread_N,M6,shift-5,0.2202556401318816,3.8301589833988317,0.057505612974955336,,
M6.spread_N,M6,shift-2,0.08790296845296552,3.8301589833988317,0.022950214033925456,,
M6.spread_N,M6,shift+2,0.08549314128424612,3.8301589833988317,0.022321042456671252,,
M6.spread_N,M6,shift+5,0.21323319498188198,3.8301589833988317,0.05567215248925821,,
M6.spread_N,M6,shift+10,0.41952079940108433,3.8301589833988317,0.10953091013177924,,
M6.spread_N,M6,shift+20,0.8111599160056358,3.8301589833988317,0.21178230969562087,,
M6.spread_N,M6,band_shrink10,12.680228768903532,3.8301589833988317,3.310627267396422,,
M6.spread_N,M6,band_lo10,14.862624464815099,3.8301589833988317,3.8804197238899483,,
M6.spread_N,M6,band_hi10,10.683727631833733,3.8301589833988317,2.789369234577604,,
M6.spread_N,M6,band_3.3-4.1,66.91229852890456,3.8301589833988317,17.469848854557856,,
M6.spread_N,M6,band_3.4-3.9,117.43757798859065,3.8301589833988317,30.66128024909768,,
M6.spread_N,M6,band_3.2-3.5_nodip,174.28747903305748,3.8301589833988317,45.5039803278341,,
M6.spread_N,M6,flatten_notch,5.099520556924233,3.8301589833988317,1.3314122413788128,,
M6.spread_N,M6,detune-200,14.16192069209606,3.8301589833988317,3.6974759412020446,,
M6.spread_N,M6,detune+200,3.2189563309893003,3.8301589833988317,0.8404236860509747,,
M6.spread_N,M6,open_all,178.10102286880112,3.8301589833988317,46.49964234924699,True,True
M6.spread_N,M6,short_all,231.12489339689543,3.8301589833988317,60.34342031196791,True,False
M6.spread_N,M6,one_open,162.72372120484013,3.8301589833988317,42.48484773351139,True,False
M6.A[2.80],M6,shift-20,0.0035222063424375782,0.0014175717314316716,2.4846759175144797,,
M6.A[2.80],M6,shift-10,0.0017153717261962284,0.0014175717314316716,1.2100775489250162,,
M6.A[2.80],M6,shift-5,0.0008466054428974412,0.0014175717314316716,0.5972222950879635,,
M6.A[2.80],M6,shift-2,0.0003360264540408289,0.0014175717314316716,0.2370437040963424,,
M6.A[2.80],M6,shift+2,0.0003179864993729589,0.0014175717314316716,0.22431774866998058,,
M6.A[2.80],M6,shift+5,0.0007888840958675883,0.0014175717314316716,0.5565038286075707,,
M6.A[2.80],M6,shift+10,0.0014853542427620547,0.0014175717314316716,1.0478159304587193,,
M6.A[2.80],M6,shift+20,0.0026105165688510776,0.0014175717314316716,1.8415410740552758,,
M6.A[2.80],M6,band_shrink10,1.6973297387035124e-05,0.0014175717314316716,0.011973501594796196,,
M6.A[2.80],M6,band_lo10,0.00043191854794256274,0.0014175717314316716,0.30468902445335033,,
M6.A[2.80],M6,band_hi10,0.0008466054428974412,0.0014175717314316716,0.5972222950879635,,
M6.A[2.80],M6,band_3.3-4.1,,0.0014175717314316716,,,
M6.A[2.80],M6,band_3.4-3.9,,0.0014175717314316716,,,
M6.A[2.80],M6,band_3.2-3.5_nodip,,0.0014175717314316716,,,
M6.A[2.80],M6,flatten_notch,0.003393697395595252,0.0014175717314316716,2.394021635975909,,
M6.A[2.80],M6,detune-200,0.061388809411271714,0.0014175717314316716,43.30561060869371,,
M6.A[2.80],M6,detune+200,0.004001574027192811,0.0014175717314316716,2.8228370659955497,,
M6.A[2.80],M6,open_all,0.04474838419133808,0.0014175717314316716,31.566927584076897,True,False
M6.A[2.80],M6,short_all,0.05213071075997086,0.0014175717314316716,36.77465457590751,True,False
M6.A[2.80],M6,one_open,0.00808833410747084,0.0014175717314316716,5.705767072049367,True,True
M6.N[2.80],M6,shift-20,0.0035221442958168966,0.0014175250436695291,2.484713981983109,,
M6.N[2.80],M6,shift-10,0.0017153420997717966,0.0014175250436695291,1.2100965040669138,,
M6.N[2.80],M6,shift-5,0.0008465909601208382,0.0014175250436695291,0.5972317483219054,,
M6.N[2.80],M6,shift-2,0.0003360207379557098,0.0014175250436695291,0.23704747895378073,,
M6.N[2.80],M6,shift+2,0.0003179811078085071,0.0014175250436695291,0.2243213333186364,,
M6.N[2.80],M6,shift+5,0.0007888707931233488,0.0014175250436695291,0.556512773193205,,
M6.N[2.80],M6,shift+10,0.0014853293160213416,0.0014175250436695291,1.0478328567488926,,
M6.N[2.80],M6,shift+20,0.002610473135384858,0.0014175250436695291,1.8415710869045103,,
M6.N[2.80],M6,band_shrink10,1.697280490924047e-05,0.0014175250436695291,0.011973548534495858,,
M6.N[2.80],M6,band_lo10,0.0004319110640107274,0.0014175250436695291,0.30469378014842313,,
M6.N[2.80],M6,band_hi10,0.0008465909601208382,0.0014175250436695291,0.5972317483219054,,
M6.N[2.80],M6,band_3.3-4.1,,0.0014175250436695291,,,
M6.N[2.80],M6,band_3.4-3.9,,0.0014175250436695291,,,
M6.N[2.80],M6,band_3.2-3.5_nodip,,0.0014175250436695291,,,
M6.N[2.80],M6,flatten_notch,0.003393697395595252,0.0014175250436695291,2.3941004857381785,,
M6.N[2.80],M6,detune-200,0.061386956879574885,0.0014175250436695291,43.30573004951168,,
M6.N[2.80],M6,detune+200,0.004001508355137018,0.0014175250436695291,2.8228837105962965,,
M6.N[2.80],M6,open_all,0.04474802072856345,0.0014175250436695291,31.567710869308396,True,False
M6.N[2.80],M6,short_all,0.05213034711225773,0.0014175250436695291,36.77560925294735,True,False
M6.N[2.80],M6,one_open,0.00808823570103872,0.0014175250436695291,5.705885576526257,True,True
M6.A[2.85],M6,shift-20,0.004598734724594933,0.0022184075649475943,2.072989110413338,,
M6.A[2.85],M6,shift-10,0.002236421070429241,0.0022184075649475943,1.0081200162523212,,
M6.A[2.85],M6,shift-5,0.0011029853482250676,0.0022184075649475943,0.4971968927860754,,
M6.A[2.85],M6,shift-2,0.00043760315670247907,0.0022184075649475943,0.19726003626065738,,
M6.A[2.85],M6,shift+2,0.0004328878500866537,0.0022184075649475943,0.1951344995962813,,
M6.A[2.85],M6,shift+5,0.001073510056428001,0.0022184075649475943,0.4839102036028986,,
M6.A[2.85],M6,shift+10,0.0021184836769387594,0.0022184075649475943,0.9549569296518354,,
M6.A[2.85],M6,shift+20,0.0041264049573522185,0.0022184075649475943,1.8600752280835722,,
M6.A[2.85],M6,band_shrink10,2.3277599260816684e-05,0.0022184075649475943,0.010492931789730249,,
M6.A[2.85],M6,band_lo10,0.001073510056428001,0.0022184075649475943,0.4839102036028986,,
M6.A[2.85],M6,band_hi10,0.0011029853482250676,0.0022184075649475943,0.4971968927860754,,
M6.A[2.85],M6,band_3.3-4.1,,0.0022184075649475943,,,
M6.A[2.85],M6,band_3.4-3.9,,0.0022184075649475943,,,
M6.A[2.85],M6,band_3.2-3.5_nodip,,0.0022184075649475943,,,
M6.A[2.85],M6,flatten_notch,0.0060306062620699916,0.0022184075649475943,2.718439279309099,,
M6.A[2.85],M6,detune-200,0.08302992399756451,0.0022184075649475943,37.427714054665124,,
M6.A[2.85],M6,detune+200,0.013554386631700353,0.0022184075649475943,6.109962319760008,,
M6.A[2.85],M6,open_all,0.055068573447745156,0.0022184075649475943,24.82346991502711,True,False
M6.A[2.85],M6,short_all,0.05599698071853241,0.0022184075649475943,25.241971585079423,True,False
M6.A[2.85],M6,one_open,0.009133837415229953,0.0022184075649475943,4.1172945673063115,True,True
M6.N[2.85],M6,shift-20,0.004598635231532783,0.0022183310862461322,2.0730157279248203,,
M6.N[2.85],M6,shift-10,0.0022363737767389855,0.0022183310862461322,1.0081334524880978,,
M6.N[2.85],M6,shift-5,0.0011029622795379473,0.0022183310862461322,0.4972036349201525,,
M6.N[2.85],M6,shift-2,0.0004375940637509901,0.0022183310862461322,0.197262737949315,,
M6.N[2.85],M6,shift+2,0.0004328789317641149,0.0022183310862461322,0.19513720672626653,,
M6.N[2.85],M6,shift+5,0.0010734880794036339,0.0022183310862461322,0.4839169797778898,,
M6.N[2.85],M6,shift+10,0.00211844075390228,0.0022183310862461322,0.9549705032926862,,
M6.N[2.85],M6,shift+20,0.004126323011121244,0.0022183310862461322,1.8601024151466148,,
M6.N[2.85],M6,band_shrink10,2.327674127609869e-05,0.0022183310862461322,0.010492906771408805,,
M6.N[2.85],M6,band_lo10,0.0010734880794036339,0.0022183310862461322,0.4839169797778898,,
M6.N[2.85],M6,band_hi10,0.0011029622795379473,0.0022183310862461322,0.4972036349201525,,
M6.N[2.85],M6,band_3.3-4.1,,0.0022183310862461322,,,
M6.N[2.85],M6,band_3.4-3.9,,0.0022183310862461322,,,
M6.N[2.85],M6,band_3.2-3.5_nodip,,0.0022183310862461322,,,
M6.N[2.85],M6,flatten_notch,0.006030606262069985,0.0022183310862461322,2.7185329996321683,,
M6.N[2.85],M6,detune-200,0.08302659768622112,0.0022183310862461322,37.427504938732575,,
M6.N[2.85],M6,detune+200,0.013554141428389871,0.0022183310862461322,6.110062430458132,,
M6.N[2.85],M6,open_all,0.055068030617009364,0.0022183310862461322,24.824081021285096,True,False
M6.N[2.85],M6,short_all,0.0559964377487646,0.0022183310862461322,25.24259705683608,True,False
M6.N[2.85],M6,one_open,0.009133725030800434,0.0022183310862461322,4.117385852558446,True,True
M6.A[2.90],M6,shift-20,0.006094336629268143,0.0033428761464254705,1.8230817901479248,,
M6.A[2.90],M6,shift-10,0.002958975864307156,0.0033428761464254705,0.8851586881168727,,
M6.A[2.90],M6,shift-5,0.0014581959619588275,0.0033428761464254705,0.4362099874738324,,
M6.A[2.90],M6,shift-2,0.0005782613986647922,0.0033428761464254705,0.17298319570802098,,
M6.A[2.90],M6,shift+2,0.0005716792609104099,0.0033428761464254705,0.17101419133392218,,
M6.A[2.90],M6,shift+5,0.0014170505328052613,0.0033428761464254705,0.4239015957323187,,
M6.A[2.90],M6,shift+10,0.0027943381732280365,0.0033428761464254705,0.8359083767479736,,
M6.A[2.90],M6,shift+20,0.005434889379589775,0.0033428761464254705,1.6258123668151119,,
M6.A[2.90],M6,band_shrink10,3.248538742185725e-05,0.0033428761464254705,0.00971779569416408,,
M6.A[2.90],M6,band_lo10,0.0014170505328052613,0.0033428761464254705,0.4239015957323187,,
M6.A[2.90],M6,band_hi10,0.0014581959619588275,0.0033428761464254705,0.4362099874738324,,
M6.A[2.90],M6,band_3.3-4.1,,0.0033428761464254705,,,
M6.A[2.90],M6,band_3.4-3.9,,0.0033428761464254705,,,
M6.A[2.90],M6,band_3.2-3.5_nodip,,0.0033428761464254705,,,
M6.A[2.90],M6,flatten_notch,0.007931683203163412,0.0033428761464254705,2.3727122560746805,,
M6.A[2.90],M6,detune-200,0.11428885832773793,0.0033428761464254705,34.1887803560855,,
M6.A[2.90],M6,detune+200,0.026084804559458677,0.0033428761464254705,7.803102303790434,,
M6.A[2.90],M6,open_all,0.06966185598382099,0.0033428761464254705,20.83889828174168,True,False
M6.A[2.90],M6,short_all,0.06966892784627954,0.0033428761464254705,20.84101378412609,True,False
M6.A[2.90],M6,one_open,0.01253343911721734,0.0033428761464254705,3.7492980799241744,True,True
M6.N[2.90],M6,shift-20,0.006094170004666277,0.0033427461889149745,1.8231028203324016,,
M6.N[2.90],M6,shift-10,0.002958897027602686,0.0033427461889149745,0.8851695164337672,,
M6.N[2.90],M6,shift-5,0.0014581575941204766,0.0033427461889149745,0.4362154682745391,,
M6.N[2.90],M6,shift-2,0.0005782462954227047,0.0033427461889149745,0.1729854026429683,,
M6.N[2.90],M6,shift+2,0.000571664473684938,0.0033427461889149745,0.17101641625698635,,
M6.N[2.90],M6,shift+5,0.0014170141405410869,0.0033427461889149745,0.4239071890172544,,
M6.N[2.90],M6,shift+10,0.00279426724709321,0.0033427461889149745,0.8359196568256964,,
M6.N[2.90],M6,shift+20,0.0054347545300259675,0.0033427461889149745,1.6258352333325194,,
M6.N[2.90],M6,band_shrink10,3.2483836319721626e-05,0.0033427461889149745,0.009717709477148664,,
M6.N[2.90],M6,band_lo10,0.0014170141405410869,0.0033427461889149745,0.4239071890172544,,
M6.N[2.90],M6,band_hi10,0.0014581575941204766,0.0033427461889149745,0.4362154682745391,,
M6.N[2.90],M6,band_3.3-4.1,,0.0033427461889149745,,,
M6.N[2.90],M6,band_3.4-3.9,,0.0033427461889149745,,,
M6.N[2.90],M6,band_3.2-3.5_nodip,,0.0033427461889149745,,,
M6.N[2.90],M6,flatten_notch,0.007931683203163398,0.0033427461889149745,2.3728045011212626,,
M6.N[2.90],M6,detune-200,0.11428257777653675,0.0033427461889149745,34.188230669595605,,
M6.N[2.90],M6,detune+200,0.026084267299399465,0.0033427461889149745,7.803244944500612,,
M6.N[2.90],M6,open_all,0.06966102155438354,0.0033427461889149745,20.83945882142936,True,False
M6.N[2.90],M6,short_all,0.06966823626000655,0.0033427461889149745,20.841617138338652,True,False
M6.N[2.90],M6,one_open,0.012533214350220756,0.0033427461889149745,3.7493766029208833,True,True
M6.A[2.95],M6,shift-20,0.008210454182578597,0.004929500426471625,1.665575306270005,,
M6.A[2.95],M6,shift-10,0.003979356953981827,0.004929500426471625,0.8072535976693526,,
M6.A[2.95],M6,shift-5,0.0019593470005098285,0.004929500426471625,0.39747374601857266,,
M6.A[2.95],M6,shift-2,0.0007765989208392138,0.004929500426471625,0.1575411002439202,,
M6.A[2.95],M6,shift+2,0.0007672397969027828,0.004929500426471625,0.15564250543172137,,
M6.A[2.95],M6,shift+5,0.0019008415681152357,0.004929500426471625,0.38560531568424994,,
M6.A[2.95],M6,shift+10,0.003745248257440298,0.004929500426471625,0.7597622341866849,,
M6.A[2.95],M6,shift+20,0.007272626655356759,0.004929500426471625,1.4753273204526867,,
M6.A[2.95],M6,band_shrink10,4.6179902853549226e-05,0.004929500426471625,0.00936806955235488,,
M6.A[2.95],M6,band_lo10,0.0019008415681152357,0.004929500426471625,0.38560531568424994,,
M6.A[2.95],M6,band_hi10,0.0019593470005098285,0.004929500426471625,0.39747374601857266,,
M6.A[2.95],M6,band_3.3-4.1,,0.004929500426471625,,,
M6.A[2.95],M6,band_3.4-3.9,,0.004929500426471625,,,
M6.A[2.95],M6,band_3.2-3.5_nodip,,0.004929500426471625,,,
M6.A[2.95],M6,flatten_notch,0.010597098516419018,0.004929500426471625,2.149730723119964,,
M6.A[2.95],M6,detune-200,0.15990692915516191,0.004929500426471625,32.438769717201964,,
M6.A[2.95],M6,detune+200,0.04277623970514584,0.004929500426471625,8.677601380341835,,
M6.A[2.95],M6,open_all,0.08265637631681694,0.004929500426471625,16.76769838033662,True,False
M6.A[2.95],M6,short_all,0.08387877408629689,0.004929500426471625,17.01567437460079,True,False
M6.A[2.95],M6,one_open,0.014132575700262329,0.004929500426471625,2.8669387316349138,True,True
M6.N[2.95],M6,shift-20,0.008210162160724857,0.0049292718532256835,1.6655932975886043,,
M6.N[2.95],M6,shift-10,0.0039792194649320295,0.0049292718532256835,0.8072631381302401,,
M6.N[2.95],M6,shift-5,0.0019592802471977283,0.0049292718532256835,0.39747863488510743,,
M6.N[2.95],M6,shift-2,0.0007765726807084927,0.0049292718532256835,0.15754308218977792,,
M6.N[2.95],M6,shift+2,0.000767214153148385,0.0049292718532256835,0.1556445203253144,,
M6.N[2.95],M6,shift+5,0.0019007785431368468,0.0049292718532256835,0.38561041057067885,,
M6.N[2.95],M6,shift+10,0.003745125699494853,0.0049292718532256835,0.7597726015139674,,
M6.N[2.95],M6,shift+20,0.007272394643159069,0.0049292718532256835,1.4753486640019786,,
M6.N[2.95],M6,band_shrink10,4.617697891423633e-05,0.0049292718532256835,0.009367910776521368,,
M6.N[2.95],M6,band_lo10,0.0019007785431368468,0.0049292718532256835,0.38561041057067885,,
M6.N[2.95],M6,band_hi10,0.0019592802471977283,0.0049292718532256835,0.39747863488510743,,
M6.N[2.95],M6,band_3.3-4.1,,0.0049292718532256835,,,
M6.N[2.95],M6,band_3.4-3.9,,0.0049292718532256835,,,
M6.N[2.95],M6,band_3.2-3.5_nodip,,0.0049292718532256835,,,
M6.N[2.95],M6,flatten_notch,0.010597098516419032,0.0049292718532256835,2.14983040740274,,
M6.N[2.95],M6,detune-200,0.15989447440493804,0.0049292718532256835,32.437747230415816,,
M6.N[2.95],M6,detune+200,0.04277520587435208,0.0049292718532256835,8.677794032877344,,
M6.N[2.95],M6,open_all,0.08265504448820767,0.0049292718532256835,16.768205720712835,True,False
M6.N[2.95],M6,short_all,0.08387744280332357,0.0049292718532256835,17.01619332446327,True,False
M6.N[2.95],M6,one_open,0.014132128924296272,0.0049292718532256835,2.8669810359613863,True,True
M6.A[3.00],M6,shift-20,0.011259446556531758,0.007156674948682398,1.5732790209515821,,
M6.A[3.00],M6,shift-10,0.005446911571747856,0.007156674948682398,0.7610952866806779,,
M6.A[3.00],M6,shift-5,0.0026794751112077936,0.007156674948682398,0.3744022371312402,,
M6.A[3.00],M6,shift-2,0.0010614463541671615,0.007156674948682398,0.14831557417073726,,
M6.A[3.00],M6,shift+2,0.0010478982887148353,0.007156674948682398,0.14642250713199736,,
M6.A[3.00],M6,shift+5,0.002594782955098185,0.007156674948682398,0.36256822808138095,,
M6.A[3.00],M6,shift+10,0.005108009426286558,0.007156674948682398,0.7137405936295855,,
M6.A[3.00],M6,shift+20,0.009901700358069879,0.007156674948682398,1.3835615602316633,,
M6.A[3.00],M6,band_shrink10,6.683747084049174e-05,0.007156674948682398,0.00933917934232811,,
M6.A[3.00],M6,band_lo10,0.002594782955098185,0.007156674948682398,0.36256822808138095,,
M6.A[3.00],M6,band_hi10,0.0026794751112077936,0.007156674948682398,0.3744022371312402,,
M6.A[3.00],M6,band_3.3-4.1,,0.007156674948682398,,,
M6.A[3.00],M6,band_3.4-3.9,,0.007156674948682398,,,
M6.A[3.00],M6,band_3.2-3.5_nodip,,0.007156674948682398,,,
M6.A[3.00],M6,flatten_notch,0.01440368955074009,0.007156674948682398,2.0126231321141566,,
M6.A[3.00],M6,detune-200,0.2261142422032687,0.007156674948682398,31.5948738519832,,
M6.A[3.00],M6,detune+200,0.061388809411271714,0.007156674948682398,8.577839548598458,,
M6.A[3.00],M6,open_all,0.10619633851992431,0.007156674948682398,14.838781875859253,True,False
M6.A[3.00],M6,short_all,0.11014730870098917,0.007156674948682398,15.39084972991098,True,False
M6.A[3.00],M6,one_open,0.01750138926126743,0.007156674948682398,2.445463764494373,True,True
M6.N[3.00],M6,shift-20,0.011258909743288331,0.00715625926019893,1.5732953955297806,,
M6.N[3.00],M6,shift-10,0.005446660132483266,0.00715625926019893,0.7611043611536036,,
M6.N[3.00],M6,shift-5,0.002679353337789056,0.00715625926019893,0.3744069688322856,,
M6.N[3.00],M6,shift-2,0.0010613985565649936,0.00715625926019893,0.14831751030432747,,
M6.N[3.00],M6,shift+2,0.0010478516676974137,0.00715625926019893,0.14642449771562432,,
M6.N[3.00],M6,shift+5,0.002594668537423364,0.00715625926019893,0.36257330025117585,,
M6.N[3.00],M6,shift+10,0.005107787449554715,0.00715625926019893,0.7137510344214009,,
M6.N[3.00],M6,shift+20,0.009901282030056371,0.00715625926019893,1.3835834714827164,,
M6.N[3.00],M6,band_shrink10,6.683170905230629e-05,0.00715625926019893,0.009338916691295013,,
M6.N[3.00],M6,band_lo10,0.002594668537423364,0.00715625926019893,0.36257330025117585,,
M6.N[3.00],M6,band_hi10,0.002679353337789056,0.00715625926019893,0.3744069688322856,,
M6.N[3.00],M6,band_3.3-4.1,,0.00715625926019893,,,
M6.N[3.00],M6,band_3.4-3.9,,0.00715625926019893,,,
M6.N[3.00],M6,band_3.2-3.5_nodip,,0.00715625926019893,,,
M6.N[3.00],M6,flatten_notch,0.014403689550740076,0.00715625926019893,2.012740040156075,,
M6.N[3.00],M6,detune-200,0.22608850680514908,0.00715625926019893,31.593112907827248,,
M6.N[3.00],M6,detune+200,0.061386956879574885,0.00715625926019893,8.578078944259552,,
M6.N[3.00],M6,open_all,0.10619412270377294,0.00715625926019893,14.839334188798095,True,False
M6.N[3.00],M6,short_all,0.11014509253673768,0.00715625926019893,15.391434062392516,True,False
M6.N[3.00],M6,one_open,0.017500755932154458,0.00715625926019893,2.4455173150990577,True,True
M6.A[3.05],M6,shift-20,0.015720871974449768,0.010237693744733031,1.535587249085045,,
M6.A[3.05],M6,shift-10,0.00759149461992048,0.010237693744733031,0.7415239026686126,,
M6.A[3.05],M6,shift-5,0.0037311033404532623,0.010237693744733031,0.36444764157677567,,
M6.A[3.05],M6,shift-2,0.001477245879650535,0.010237693744733031,0.14429479104222387,,
M6.A[3.05],M6,shift+2,0.001457352731512207,0.010237693744733031,0.14235166316261108,,
M6.A[3.05],M6,shift+5,0.0036067464917212133,0.010237693744733031,0.35230068232669787,,
M6.A[3.05],M6,shift+10,0.007093873183177057,0.010237693744733031,0.692917112003534,,
M6.A[3.05],M6,shift+20,0.013727282483548098,0.010237693744733031,1.3408569181521326,,
M6.A[3.05],M6,band_shrink10,9.88232082715923e-05,0.010237693744733031,0.00965287795627152,,
M6.A[3.05],M6,band_lo10,0.0036067464917212133,0.010237693744733031,0.35230068232669787,,
M6.A[3.05],M6,band_hi10,0.0037311033404532623,0.010237693744733031,0.36444764157677567,,
M6.A[3.05],M6,band_3.3-4.1,,0.010237693744733031,,,
M6.A[3.05],M6,band_3.4-3.9,,0.010237693744733031,,,
M6.A[3.05],M6,band_3.2-3.5_nodip,,0.010237693744733031,,,
M6.A[3.05],M6,flatten_notch,0.019934480634268573,0.010237693744733031,1.9471651654479536,,
M6.A[3.05],M6,detune-200,0.3228358020893669,0.010237693744733031,31.534035900952368,,
M6.A[3.05],M6,detune+200,0.08302992399756451,0.010237693744733031,8.110217600549028,,
M6.A[3.05],M6,open_all,0.14031042210126768,0.010237693744733031,13.705276363971421,True,False
M6.A[3.05],M6,short_all,0.13958729543537712,0.010237693744733031,13.634642617356118,True,False
M6.A[3.05],M6,one_open,0.023266156522973522,0.010237693744733031,2.2725974328879706,True,True
M6.N[3.05],M6,shift-20,0.015719835490408174,0.010236913154868382,1.5356030917320296,,
M6.N[3.05],M6,shift-10,0.007591011669736525,0.010236913154868382,0.7415332683687423,,
M6.N[3.05],M6,shift-5,0.0037308700379644344,0.010236913154868382,0.3644526412915928,,
M6.N[3.05],M6,shift-2,0.0014771544425465077,0.010236913154868382,0.14429686177849574,,
M6.N[3.05],M6,shift+2,0.001457263720765184,0.010236913154868382,0.14235382275096778,,
M6.N[3.05],M6,shift+5,0.0036065283583577856,0.010236913154868382,0.3523062376125194,,
M6.N[3.05],M6,shift+10,0.007093450999706152,0.010236913154868382,0.692928707354786,,
M6.N[3.05],M6,shift+20,0.013726490514707146,0.010236913154868382,1.3408817977692056,,
M6.N[3.05],M6,band_shrink10,9.881170251710425e-05,0.010236913154868382,0.009652490064362052,,
M6.N[3.05],M6,band_lo10,0.0036065283583577856,0.010236913154868382,0.3523062376125194,,
M6.N[3.05],M6,band_hi10,0.0037308700379644344,0.010236913154868382,0.3644526412915928,,
M6.N[3.05],M6,band_3.3-4.1,,0.010236913154868382,,,
M6.N[3.05],M6,band_3.4-3.9,,0.010236913154868382,,,
M6.N[3.05],M6,band_3.2-3.5_nodip,,0.010236913154868382,,,
M6.N[3.05],M6,flatten_notch,0.0199344806342686,0.010236913154868382,1.9473136415920782,,
M6.N[3.05],M6,detune-200,0.3227787459365023,0.010236913154868382,31.5308668788499,,
M6.N[3.05],M6,detune+200,0.08302659768622112,0.010236913154868382,8.110511091591711,,
M6.N[3.05],M6,open_all,0.14030655302261244,0.010236913154868382,13.705943471434713,True,False
M6.N[3.05],M6,short_all,0.139583426379821,0.010236913154868382,13.635304341078552,True,False
M6.N[3.05],M6,one_open,0.023264866632488113,0.010236913154868382,2.2726447201932167,True,True
M6.A[3.10],M6,shift-20,0.022295228547826396,0.014368250436944785,1.5517009983692334,,
M6.A[3.10],M6,shift-10,0.010751838728288998,0.014368250436944785,0.7483053539102449,,
M6.A[3.10],M6,shift-5,0.0052806940206091835,0.014368250436944785,0.3675251933966187,,
M6.A[3.10],M6,shift-2,0.0020898848793188263,0.014368250436944785,0.14545159053917578,,
M6.A[3.10],M6,shift+2,0.002060561108472414,0.014368250436944785,0.1434107177846884,,
M6.A[3.10],M6,shift+5,0.005097388930616592,0.014368250436944785,0.3547675448020993,,
M6.A[3.10],M6,shift+10,0.01001838362322327,0.014368250436944785,0.6972584217674275,,
M6.A[3.10],M6,shift+20,0.01935766402051889,0.014368250436944785,1.3472526878251598,,
M6.A[3.10],M6,band_shrink10,0.00014968450198332706,0.014368250436944785,0.010417726405884908,,
M6.A[3.10],M6,band_lo10,0.005097388930616592,0.014368250436944785,0.3547675448020993,,
M6.A[3.10],M6,band_hi10,0.0052806940206091835,0.014368250436944785,0.3675251933966187,,
M6.A[3.10],M6,band_3.3-4.1,,0.014368250436944785,,,
M6.A[3.10],M6,band_3.4-3.9,,0.014368250436944785,,,
M6.A[3.10],M6,band_3.2-3.5_nodip,,0.014368250436944785,,,
M6.A[3.10],M6,flatten_notch,0.028068480283481967,0.014368250436944785,1.9535071724049342,,
M6.A[3.10],M6,detune-200,0.4495919731224931,0.014368250436944785,31.290655399941148,,
M6.A[3.10],M6,detune+200,0.11428885832773793,0.014368250436944785,7.954264078935411,,
M6.A[3.10],M6,open_all,0.1857089064867343,0.014368250436944785,12.924949164946682,True,False
M6.A[3.10],M6,short_all,0.18032210122027395,0.014368250436944785,12.550038852094021,True,False
M6.A[3.10],M6,one_open,0.031375526971772205,0.014368250436944785,2.1836706639729053,True,True
M6.N[3.10],M6,shift-20,0.022293129913161625,0.014366744853094526,1.5517175352605914,,
M6.N[3.10],M6,shift-10,0.010750865562789674,0.014366744853094526,0.7483160362852822,,
M6.N[3.10],M6,shift-5,0.005280225016875972,0.014366744853094526,0.36753106363816557,,
M6.N[3.10],M6,shift-2,0.0020897013228340366,0.014366744853094526,0.14545405686549276,,
M6.N[3.10],M6,shift+2,0.002060382754194623,0.014366744853094526,0.14341333233539166,,
M6.N[3.10],M6,shift+5,0.005096952449166248,0.014366744853094526,0.35477434180703704,,
M6.N[3.10],M6,shift+10,0.010017540751855625,0.014366744853094526,0.697272823752967,,
M6.N[3.10],M6,shift+20,0.019356089851894798,0.014366744853094526,1.3472843048177048,,
M6.N[3.10],M6,band_shrink10,0.0001496586493855423,0.014366744853094526,0.010417018671651746,,
M6.N[3.10],M6,band_lo10,0.005096952449166248,0.014366744853094526,0.35477434180703704,,
M6.N[3.10],M6,band_hi10,0.005280225016875972,0.014366744853094526,0.36753106363816557,,
M6.N[3.10],M6,band_3.3-4.1,,0.014366744853094526,,,
M6.N[3.10],M6,band_3.4-3.9,,0.014366744853094526,,,
M6.N[3.10],M6,band_3.2-3.5_nodip,,0.014366744853094526,,,
M6.N[3.10],M6,flatten_notch,0.028068480283481967,0.014366744853094526,1.9537118930205093,,
M6.N[3.10],M6,detune-200,0.44947137466378373,0.014366744853094526,31.285540270938256,,
M6.N[3.10],M6,detune+200,0.11428257777653675,0.014366744853094526,7.954660498611196,,
M6.N[3.10],M6,open_all,0.18570179071321163,0.014366744853094526,12.925808358962565,True,False
M6.N[3.10],M6,short_all,0.18031498589056308,0.014366744853094526,12.550858787731872,True,False
M6.N[3.10],M6,one_open,0.031373158425853115,0.014366744853094526,2.183734641817314,True,True
M6.A[3.15],M6,shift-20,0.032040338426026355,0.019520206587616717,1.6413934085283808,,
M6.A[3.15],M6,shift-10,0.015410981043058963,0.019520206587616717,0.7894886242052082,,
M6.A[3.15],M6,shift-5,0.007558667895315563,0.019520206587616717,0.38722274077317664,,
M6.A[3.15],M6,shift-2,0.002988920408916629,0.019520206587616717,0.15311930206787608,,
M6.A[3.15],M6,shift+2,0.002943663023252413,0.019520206587616717,0.15080081299548448,,
M6.A[3.15],M6,shift+5,0.007278878473861744,0.019520206587616717,0.3728894180084825,,
M6.A[3.15],M6,shift+10,0.014302258242215954,0.019520206587616717,0.732689901514109,,
M6.A[3.15],M6,shift+20,0.027617560838398836,0.019520206587616717,1.4148190857733514,,
M6.A[3.15],M6,band_shrink10,0.00022523865458884407,0.019520206587616717,0.011538743382548605,,
M6.A[3.15],M6,band_lo10,0.007278878473861744,0.019520206587616717,0.3728894180084825,,
M6.A[3.15],M6,band_hi10,0.007558667895315563,0.019520206587616717,0.38722274077317664,,
M6.A[3.15],M6,band_3.3-4.1,,0.019520206587616717,,,
M6.A[3.15],M6,band_3.4-3.9,,0.019520206587616717,,,
M6.A[3.15],M6,band_3.2-3.5_nodip,,0.019520206587616717,,,
M6.A[3.15],M6,flatten_notch,0.04001427742528477,0.019520206587616717,2.0498900585749507,,
M6.A[3.15],M6,detune-200,0.5825035183889432,0.019520206587616717,29.841052950662593,,
M6.A[3.15],M6,detune+200,0.15990692915516191,0.019520206587616717,8.191866640212922,,
M6.A[3.15],M6,open_all,0.24701204184296108,0.019520206587616717,12.654171498351932,True,False
M6.A[3.15],M6,short_all,0.24341741418155044,0.019520206587616717,12.470022440027364,True,False
M6.A[3.15],M6,one_open,0.0415844601478276,0.019520206587616717,2.1303288959148654,True,True
M6.N[3.15],M6,shift-20,0.03203584141724097,0.019517270842371454,1.6414098915762367,,
M6.N[3.15],M6,shift-10,0.015408913995983958,0.019517270842371454,0.7895014687469333,,
M6.N[3.15],M6,shift-5,0.007557676029433497,0.019517270842371454,0.38723016606532873,,
M6.N[3.15],M6,shift-2,0.002988533217759687,0.019517270842371454,0.15312249555258844,,
M6.N[3.15],M6,shift+2,0.0029432880879868284,0.019517270842371454,0.15080428568921797,,
M6.N[3.15],M6,shift+5,0.007277967343585129,0.019517270842371454,0.3728988239372517,,
M6.N[3.15],M6,shift+10,0.014300501921410247,0.019517270842371454,0.7327101230959122,,
M6.N[3.15],M6,shift+20,0.02761429234140403,0.019517270842371454,1.4148644328619022,,
M6.N[3.15],M6,band_shrink10,0.0002251809286679396,0.019517270842371454,0.011537521331060183,,
M6.N[3.15],M6,band_lo10,0.007277967343585129,0.019517270842371454,0.3728988239372517,,
M6.N[3.15],M6,band_hi10,0.007557676029433497,0.019517270842371454,0.38723016606532873,,
M6.N[3.15],M6,band_3.3-4.1,,0.019517270842371454,,,
M6.N[3.15],M6,band_3.4-3.9,,0.019517270842371454,,,
M6.N[3.15],M6,band_3.2-3.5_nodip,,0.019517270842371454,,,
M6.N[3.15],M6,flatten_notch,0.04001427742528468,0.019517270842371454,2.0501983985596386,,
M6.N[3.15],M6,detune-200,0.5822752376167852,0.019517270842371454,29.83384522966612,,
M6.N[3.15],M6,detune+200,0.15989447440493804,0.019517270842371454,8.192460702948877,,
M6.N[3.15],M6,open_all,0.24699825570260953,0.019517270842371454,12.655368555237915,True,False
M6.N[3.15],M6,short_all,0.24340362788168846,0.019517270842371454,12.471191789441479,True,False
M6.N[3.15],M6,one_open,0.04157987250855766,0.019517270842371454,2.1304142799662804,True,True
M6.A[3.20],M6,shift-20,0.046464395344409215,0.024818072179258854,1.8722000245950121,,
M6.A[3.20],M6,shift-10,0.022400312029642433,0.024818072179258854,0.9025806625045998,,
M6.A[3.20],M6,shift-5,0.01099653499118608,0.024818072179258854,0.4430857848973534,,
M6.A[3.20],M6,shift-2,0.004350353912679739,0.024818072179258854,0.1752897598676278,,
M6.A[3.20],M6,shift+2,0.004286749341327001,0.024818072179258854,0.17272692698950062,,
M6.A[3.20],M6,shift+5,0.010599051624569311,0.024818072179258854,0.4270699008373112,,
M6.A[3.20],M6,shift+10,0.020812728500134492,0.024818072179258854,0.8386118127873067,,
M6.A[3.20],M6,shift+20,0.04014427903493656,0.024818072179258854,1.6175421984825331,,
M6.A[3.20],M6,band_shrink10,0.0003357126195020488,0.024818072179258854,0.01352694186225363,,
M6.A[3.20],M6,band_lo10,0.010599051624569311,0.024818072179258854,0.4270699008373112,,
M6.A[3.20],M6,band_hi10,0.01099653499118608,0.024818072179258854,0.4430857848973534,,
M6.A[3.20],M6,band_3.3-4.1,,0.024818072179258854,,,
M6.A[3.20],M6,band_3.4-3.9,,0.024818072179258854,,,
M6.A[3.20],M6,band_3.2-3.5_nodip,,0.024818072179258854,,,
M6.A[3.20],M6,flatten_notch,0.05808049525242842,0.024818072179258854,2.340250073934747,,
M6.A[3.20],M6,detune-200,0.6405431319162052,0.024818072179258854,25.809544242180287,,
M6.A[3.20],M6,detune+200,0.2261142422032687,0.024818072179258854,9.110870520887541,,
M6.A[3.20],M6,open_all,0.3355175964390367,0.024818072179258854,13.519083755402969,True,False
M6.A[3.20],M6,short_all,0.3365732632709294,0.024818072179258854,13.561619969508063,True,False
M6.A[3.20],M6,one_open,0.05565047000348167,0.024818072179258854,2.24233653611461,True,True
M6.N[3.20],M6,shift-20,0.046454547364478294,0.024812507920903337,1.8722229736939484,,
M6.N[3.20],M6,shift-10,0.022395788928498195,0.024812507920903337,0.9026007769908186,,
M6.N[3.20],M6,shift-5,0.01099436587182917,0.024812507920903337,0.443097727439593,,
M6.N[3.20],M6,shift-2,0.00434950750405716,0.024812507920903337,0.1752949567984988,,
M6.N[3.20],M6,shift+2,0.004285930219083911,0.024812507920903337,0.17273264890217818,,
M6.N[3.20],M6,shift+5,0.010597053047301297,0.024812507920903337,0.4270851250136546,,
M6.N[3.20],M6,shift+10,0.020808771701948947,0.024812507920903337,0.8386404054069264,,
M6.N[3.20],M6,shift+20,0.04013695888393365,0.024812507920903337,1.6176099172192184,,
M6.N[3.20],M6,band_shrink10,0.00033559076653183473,0.024812507920903337,0.013525064358734804,,
M6.N[3.20],M6,band_lo10,0.010597053047301297,0.024812507920903337,0.4270851250136546,,
M6.N[3.20],M6,band_hi10,0.01099436587182917,0.024812507920903337,0.443097727439593,,
M6.N[3.20],M6,band_3.3-4.1,,0.024812507920903337,,,
M6.N[3.20],M6,band_3.4-3.9,,0.024812507920903337,,,
M6.N[3.20],M6,band_3.2-3.5_nodip,,0.024812507920903337,,,
M6.N[3.20],M6,flatten_notch,0.05808049525242853,0.024812507920903337,2.3407748800554953,,
M6.N[3.20],M6,detune-200,0.6401897740877267,0.024812507920903337,25.80109097107422,,
M6.N[3.20],M6,detune+200,0.22608850680514908,0.024812507920903337,9.111876458674315,,
M6.N[3.20],M6,open_all,0.3354896450637568,0.024812507920903337,13.520988935629639,True,False
M6.N[3.20],M6,short_all,0.33654531213890004,0.024812507920903337,13.56353469837593,True,False
M6.N[3.20],M6,one_open,0.05564115796901342,0.024812507920903337,2.2424640889338896,True,True
M6.A[3.25],M6,shift-20,0.06489440623541903,0.027163680828060144,2.3890137218952656,,
M6.A[3.25],M6,shift-10,0.03142108294133261,0.027163680828060144,1.1567314142814755,,
M6.A[3.25],M6,shift-5,0.015450352832990288,0.027163680828060144,0.5687871585146163,,
M6.A[3.25],M6,shift-2,0.006117480547019938,0.027163680828060144,0.22520808522755748,,
M6.A[3.25],M6,shift+2,0.0060338144384064485,0.027163680828060144,0.22212801264302534,,
M6.A[3.25],M6,shift+5,0.014927773437919456,0.027163680828060144,0.5495489927307287,,
M6.A[3.25],M6,shift+10,0.02933421424307875,0.027163680828060144,1.07990571781334,,
M6.A[3.25],M6,shift+20,0.05684413443628378,0.027163680828060144,2.092652126053685,,
M6.A[3.25],M6,band_shrink10,0.00041900497907643164,0.027163680828060144,0.01542519151688745,,
M6.A[3.25],M6,band_lo10,0.014927773437919456,0.027163680828060144,0.5495489927307287,,
M6.A[3.25],M6,band_hi10,0.015450352832990288,0.027163680828060144,0.5687871585146163,,
M6.A[3.25],M6,band_3.3-4.1,,0.027163680828060144,,,
M6.A[3.25],M6,band_3.4-3.9,,0.027163680828060144,,,
M6.A[3.25],M6,band_3.2-3.5_nodip,,0.027163680828060144,,,
M6.A[3.25],M6,flatten_notch,0.0826302240326855,0.027163680828060144,3.0419376724279683,,
M6.A[3.25],M6,detune-200,0.5408948080385454,0.027163680828060144,19.912426871096198,,
M6.A[3.25],M6,detune+200,0.3228358020893669,0.027163680828060144,11.88483269748468,,
M6.A[3.25],M6,open_all,0.4545100365665499,0.027163680828060144,16.732269807007892,True,False
M6.A[3.25],M6,short_all,0.4556611503116286,0.027163680828060144,16.774646749675014,True,False
M6.A[3.25],M6,one_open,0.07624664628212924,0.027163680828060144,2.806933521445528,True,False
M6.N[3.25],M6,shift-20,0.0648741772985531,0.027154274317531257,2.3890963367291773,,
M6.N[3.25],M6,shift-10,0.031411814846540986,0.027154274317531257,1.1567908049842817,,
M6.N[3.25],M6,shift-5,0.015445916128613457,0.027154274317531257,0.5688208032369074,,
M6.N[3.25],M6,shift-2,0.006115751410447623,0.027154274317531257,0.2252224213003251,,
M6.N[3.25],M6,shift+2,0.006032144028469355,0.027154274317531257,0.22214344445120748,,
M6.N[3.25],M6,shift+5,0.014923703605790428,0.027154274317531257,0.5495894838241151,,
M6.N[3.25],M6,shift+10,0.029326414531017142,0.027154274317531257,1.0799925708964173,,
M6.N[3.25],M6,shift+20,0.05682818227729358,0.027154274317531257,2.0927895775363936,,
M6.N[3.25],M6,band_shrink10,0.00041871621528238867,0.027154274317531257,0.015419900763544192,,
M6.N[3.25],M6,band_lo10,0.014923703605790428,0.027154274317531257,0.5495894838241151,,
M6.N[3.25],M6,band_hi10,0.015445916128613457,0.027154274317531257,0.5688208032369074,,
M6.N[3.25],M6,band_3.3-4.1,,0.027154274317531257,,,
M6.N[3.25],M6,band_3.4-3.9,,0.027154274317531257,,,
M6.N[3.25],M6,band_3.2-3.5_nodip,,0.027154274317531257,,,
M6.N[3.25],M6,flatten_notch,0.08263022403268544,0.027154274317531257,3.042991429873638,,
M6.N[3.25],M6,detune-200,0.5404522358124679,0.027154274317531257,19.90302629680451,,
M6.N[3.25],M6,detune+200,0.3227787459365023,0.027154274317531257,11.886848536700201,,
M6.N[3.25],M6,open_all,0.45445195789961557,0.027154274317531257,16.73592719088846,True,False
M6.N[3.25],M6,short_all,0.4556030710161204,0.027154274317531257,16.77831879020149,True,False
M6.N[3.25],M6,one_open,0.07622725437241973,0.027154274317531257,2.807191732728653,True,False
M6.A[3.30],M6,shift-20,0.07996349479473908,0.020412522471736416,3.9173744893830795,,
M6.A[3.30],M6,shift-10,0.039609303642534455,0.020412522471736416,1.9404413980378115,,
M6.A[3.30],M6,shift-5,0.01971088362008666,0.020412522471736416,0.9656270383720945,,
M6.A[3.30],M6,shift-2,0.007857452675109955,0.020412522471736416,0.38493295897111884,,
M6.A[3.30],M6,shift+2,0.007816700290797618,0.020412522471736416,0.3829365185817077,,
M6.A[3.30],M6,shift+5,0.01945711624702895,0.020412522471736416,0.9531950925697527,,
M6.A[3.30],M6,shift+10,0.03860253513670697,0.020412522471736416,1.8911202762988655,,
M6.A[3.30],M6,shift+20,0.07576678454480057,0.020412522471736416,3.7117796024332006,,
M6.A[3.30],M6,band_shrink10,0.00027677799239400613,0.020412522471736416,0.013559225361649371,,
M6.A[3.30],M6,band_lo10,0.01945711624702895,0.020412522471736416,0.9531950925697527,,
M6.A[3.30],M6,band_hi10,0.01971088362008666,0.020412522471736416,0.9656270383720945,,
M6.A[3.30],M6,band_3.3-4.1,,0.020412522471736416,,,
M6.A[3.30],M6,band_3.4-3.9,,0.020412522471736416,,,
M6.A[3.30],M6,band_3.2-3.5_nodip,,0.020412522471736416,,,
M6.A[3.30],M6,flatten_notch,0.11118492153283394,0.020412522471736416,5.446897691688168,,
M6.A[3.30],M6,detune-200,0.3205374860754646,0.020412522471736416,15.70298264309505,,
M6.A[3.30],M6,detune+200,0.4495919731224931,0.020412522471736416,22.025302053923372,,
M6.A[3.30],M6,open_all,0.6207917354811449,0.020412522471736416,30.412298937610743,True,False
M6.A[3.30],M6,short_all,0.6209774036726938,0.020412522471736416,30.42139473612394,True,False
M6.A[3.30],M6,one_open,0.10319786739571779,0.020412522471736416,5.055615617256888,True,False
M6.N[3.30],M6,shift-20,0.07992335568830955,0.02040065916959155,3.917684964191759,,
M6.N[3.30],M6,shift-10,0.039589507081816744,0.02040065916959155,1.9405994067499233,,
M6.N[3.30],M6,shift-5,0.019701297433773246,0.02040065916959155,0.9657186696760883,,
M6.N[3.30],M6,shift-2,0.007853692585809813,0.02040065916959155,0.38497249135538864,,
M6.N[3.30],M6,shift+2,0.007813038689407414,0.02040065916959155,0.38297971768741834,,
M6.N[3.30],M6,shift+5,0.01944814481461532,0.02040065916959155,0.9533096285243561,,
M6.N[3.30],M6,shift+10,0.038585192590642414,0.02040065916959155,1.8913698949569258,,
M6.N[3.30],M6,shift+20,0.07573442270854724,0.02040065916959155,3.712351747017768,,
M6.N[3.30],M6,band_shrink10,0.00027628452340711096,0.02040065916959155,0.01354292138848779,,
M6.N[3.30],M6,band_lo10,0.01944814481461532,0.02040065916959155,0.9533096285243561,,
M6.N[3.30],M6,band_hi10,0.019701297433773246,0.02040065916959155,0.9657186696760883,,
M6.N[3.30],M6,band_3.3-4.1,,0.02040065916959155,,,
M6.N[3.30],M6,band_3.4-3.9,,0.02040065916959155,,,
M6.N[3.30],M6,band_3.2-3.5_nodip,,0.02040065916959155,,,
M6.N[3.30],M6,flatten_notch,0.11118492153283399,0.02040065916959155,5.450065147824342,,
M6.N[3.30],M6,detune-200,0.3200210401278404,0.02040065916959155,15.686799013085402,,
M6.N[3.30],M6,detune+200,0.44947137466378373,0.02040065916959155,22.032198613157988,,
M6.N[3.30],M6,open_all,0.6206647997360789,0.02040065916959155,30.423762025357412,True,False
M6.N[3.30],M6,short_all,0.6208487508973317,0.02040065916959155,30.432778947787398,True,False
M6.N[3.30],M6,one_open,0.10315565142710514,0.02040065916959155,5.0564861933905085,True,False
M6.A[3.35],M6,shift-20,0.07048818599320494,0.002542169981206044,27.727566022066032,,
M6.A[3.35],M6,shift-10,0.036774628271140086,0.002542169981206044,14.465841601077221,,
M6.A[3.35],M6,shift-5,0.018714368445578167,0.002542169981206044,7.361572429826186,,
M6.A[3.35],M6,shift-2,0.00755701988080737,0.002542169981206044,2.972665060430855,,
M6.A[3.35],M6,shift+2,0.0076434983344322305,0.002542169981206044,3.006682633710449,,
M6.A[3.35],M6,shift+5,0.019255231300739917,0.002542169981206044,7.574328799054163,,
M6.A[3.35],M6,shift+10,0.03893885771591776,0.002542169981206044,15.317173125238691,,
M6.A[3.35],M6,shift+20,0.07915594670894133,0.002542169981206044,31.137157347514798,,
M6.A[3.35],M6,band_shrink10,0.000563881678685374,0.002542169981206044,0.22181116245336985,,
M6.A[3.35],M6,band_lo10,0.019255231300739917,0.002542169981206044,7.574328799054163,,
M6.A[3.35],M6,band_hi10,0.018714368445578167,0.002542169981206044,7.361572429826186,,
M6.A[3.35],M6,band_3.3-4.1,,0.002542169981206044,,,
M6.A[3.35],M6,band_3.4-3.9,,0.002542169981206044,,,
M6.A[3.35],M6,band_3.2-3.5_nodip,,0.002542169981206044,,,
M6.A[3.35],M6,flatten_notch,0.11982979029978202,0.002542169981206044,47.136812717351404,,
M6.A[3.35],M6,detune-200,0.12332837940908625,0.002542169981206044,48.51303426633077,,
M6.A[3.35],M6,detune+200,0.5825035183889432,0.002542169981206044,229.1363373398795,,
M6.A[3.35],M6,open_all,0.801214753024131,0.002542169981206044,315.16962238851653,True,False
M6.A[3.35],M6,short_all,0.7960596960787752,0.002542169981206044,313.1418048218446,True,False
M6.A[3.35],M6,one_open,0.1334799327673869,0.002542169981206044,52.506297279170134,True,False
M6.N[3.35],M6,shift-20,0.07042841920916942,0.002536603356959044,27.764852954228175,,
M6.N[3.35],M6,shift-10,0.036745116004454736,0.002536603356959044,14.485952604157191,,
M6.N[3.35],M6,shift-5,0.018699749881473604,0.002536603356959044,7.37196449345215,,
M6.N[3.35],M6,shift-2,0.007551210913231743,0.002536603356959044,2.9768985728554584,,
M6.N[3.35],M6,shift+2,0.007637746354506425,0.002536603356959044,3.0110132644714245,,
M6.N[3.35],M6,shift+5,0.019240968927979996,0.002536603356959044,7.585328181165322,,
M6.N[3.35],M6,shift+10,0.038910761209366984,0.002536603356959044,15.339710523766856,,
M6.N[3.35],M6,shift+20,0.07910170294239238,0.002536603356959044,31.184104020591484,,
M6.N[3.35],M6,band_shrink10,0.0005642228876463484,0.002536603356959044,0.22243244537953924,,
M6.N[3.35],M6,band_lo10,0.019240968927979996,0.002536603356959044,7.585328181165322,,
M6.N[3.35],M6,band_hi10,0.018699749881473604,0.002536603356959044,7.37196449345215,,
M6.N[3.35],M6,band_3.3-4.1,,0.002536603356959044,,,
M6.N[3.35],M6,band_3.4-3.9,,0.002536603356959044,,,
M6.N[3.35],M6,band_3.2-3.5_nodip,,0.002536603356959044,,,
M6.N[3.35],M6,flatten_notch,0.11982979029978202,0.002536603356959044,47.24025534817456,,
M6.N[3.35],M6,detune-200,0.12274558892564635,0.002536603356959044,48.38974473044829,,
M6.N[3.35],M6,detune+200,0.5822752376167852,0.002536603356959044,229.54918671827124,,
M6.N[3.35],M6,open_all,0.8009711203793868,0.002536603356959044,315.7652213074475,True,False
M6.N[3.35],M6,short_all,0.7958160640529348,0.002536603356959044,313.7329539005984,True,False
M6.N[3.35],M6,one_open,0.13339789428999238,0.002536603356959044,52.589181483191666,True,False
M6.A[3.40],M6,shift-20,0.023850008240034026,0.010572812683742328,2.2557865114462743,,
M6.A[3.40],M6,shift-10,0.014634557877645782,0.010572812683742328,1.3841688409129904,,
M6.A[3.40],M6,shift-5,0.008001180280178488,0.010572812683742328,0.7567693214201927,,
M6.A[3.40],M6,shift-2,0.003364406981730461,0.010572812683742328,0.31821305099861125,,
M6.A[3.40],M6,shift+2,0.0035820246637255915,0.010572812683742328,0.3387958125119934,,
M6.A[3.40],M6,shift+5,0.009359894807242752,0.010572812683742328,0.8852795454926897,,
M6.A[3.40],M6,shift+10,0.02005199727995588,0.010572812683742328,1.896562237481949,,
M6.A[3.40],M6,shift+20,0.04524456184460057,0.010572812683742328,4.279330694487053,,
M6.A[3.40],M6,band_shrink10,0.0011242585253674608,0.010572812683742328,0.10633485705239232,,
M6.A[3.40],M6,band_lo10,0.009359894807242752,0.010572812683742328,0.8852795454926897,,
M6.A[3.40],M6,band_hi10,0.008001180280178488,0.010572812683742328,0.7567693214201927,,
M6.A[3.40],M6,band_3.3-4.1,,0.010572812683742328,,,
M6.A[3.40],M6,band_3.4-3.9,,0.010572812683742328,,,
M6.A[3.40],M6,band_3.2-3.5_nodip,,0.010572812683742328,,,
M6.A[3.40],M6,flatten_notch,0.07505533936204756,0.010572812683742328,7.098899943385845,,
M6.A[3.40],M6,detune-200,0.08124906084563455,0.010572812683742328,7.68471581555305,,
M6.A[3.40],M6,detune+200,0.6405431319162052,0.010572812683742328,60.58398565039933,,
M6.A[3.40],M6,open_all,0.9245179334191468,0.010572812683742328,87.44295024168598,True,False
M6.A[3.40],M6,short_all,0.9274026700856066,0.010572812683742328,87.71579501372055,True,False
M6.A[3.40],M6,one_open,0.15391195608032981,0.010572812683742328,14.557333103706469,True,False
M6.N[3.40],M6,shift-20,0.023799302914071174,0.010553423820467422,2.25512623381187,,
M6.N[3.40],M6,shift-10,0.014608234533600273,0.010553423820467422,1.3842175565117463,,
M6.N[3.40],M6,shift-5,0.007987777740491975,0.010553423820467422,0.7568896953612716,,
M6.N[3.40],M6,shift-2,0.0033589897986376904,0.010553423820467422,0.3182843649397677,,
M6.N[3.40],M6,shift+2,0.003576534104602125,0.010553423820467422,0.33889798850547026,,
M6.N[3.40],M6,shift+5,0.009346038327386674,0.010553423820467422,0.8855930062489169,,
M6.N[3.40],M6,shift+10,0.02002387585520171,0.010553423820467422,1.8973819488199832,,
M6.N[3.40],M6,shift+20,0.04518694263106782,0.010553423820467422,4.281732961717294,,
M6.N[3.40],M6,band_shrink10,0.001123185083133471,0.010553423820467422,0.10642850152148291,,
M6.N[3.40],M6,band_lo10,0.009346038327386674,0.010553423820467422,0.8855930062489169,,
M6.N[3.40],M6,band_hi10,0.007987777740491975,0.010553423820467422,0.7568896953612716,,
M6.N[3.40],M6,band_3.3-4.1,,0.010553423820467422,,,
M6.N[3.40],M6,band_3.4-3.9,,0.010553423820467422,,,
M6.N[3.40],M6,band_3.2-3.5_nodip,,0.010553423820467422,,,
M6.N[3.40],M6,flatten_notch,0.07505533936204756,0.010553423820467422,7.111942118394263,,
M6.N[3.40],M6,detune-200,0.08023873426160688,0.010553423820467422,7.603099773742719,,
M6.N[3.40],M6,detune+200,0.6401897740877267,0.010553423820467422,60.66180843094123,,
M6.N[3.40],M6,open_all,0.924143950133588,0.010553423820467422,87.56816421428023,True,False
M6.N[3.40],M6,short_all,0.9270286870944009,0.010553423820467422,87.841510287544,True,False
M6.N[3.40],M6,one_open,0.15377107289224723,0.010553423820467422,14.570728467667713,True,False
M6.A[3.45],M6,shift-20,0.0170760564802791,0.00657499860693056,2.5971194065774568,,
M6.A[3.45],M6,shift-10,0.0080998522468535,0.00657499860693056,1.2319169525474312,,
M6.A[3.45],M6,shift-5,0.0038747182362518506,0.00657499860693056,0.5893108832247654,,
M6.A[3.45],M6,shift-2,0.0014993001391688798,0.00657499860693056,0.2280304877309785,,
M6.A[3.45],M6,shift+2,0.0014218745889538198,0.00657499860693056,0.21625473615386828,,
M6.A[3.45],M6,shift+5,0.0033921107804281148,0.00657499860693056,0.5159104941638415,,
M6.A[3.45],M6,shift+10,0.006194239327578344,0.00657499860693056,0.9420898311748893,,
M6.A[3.45],M6,shift+20,0.009639241134248855,0.00657499860693056,1.4660445895894707,,
M6.A[3.45],M6,band_shrink10,0.0006009831380000552,0.00657499860693056,0.09140429890989973,,
M6.A[3.45],M6,band_lo10,0.0033921107804281148,0.00657499860693056,0.5159104941638415,,
M6.A[3.45],M6,band_hi10,0.0038747182362518506,0.00657499860693056,0.5893108832247654,,
M6.A[3.45],M6,band_3.3-4.1,,0.00657499860693056,,,
M6.A[3.45],M6,band_3.4-3.9,,0.00657499860693056,,,
M6.A[3.45],M6,band_3.2-3.5_nodip,,0.00657499860693056,,,
M6.A[3.45],M6,flatten_notch,0.02980727116500337,0.00657499860693056,4.533426232757553,,
M6.A[3.45],M6,detune-200,0.030098068995787486,0.00657499860693056,4.5776540490916275,,
M6.A[3.45],M6,detune+200,0.5408948080385454,0.00657499860693056,82.26538747375554,,
M6.A[3.45],M6,open_all,0.9511334617012084,0.00657499860693056,144.65911227701855,True,False
M6.A[3.45],M6,short_all,0.949507158035407,0.00657499860693056,144.4117656594714,True,False
M6.A[3.45],M6,one_open,0.15830587665683482,0.00657499860693056,24.076944516759003,True,False
M6.N[3.45],M6,shift-20,0.017132035924635303,0.006533835077719097,2.622049029528909,,
M6.N[3.45],M6,shift-10,0.008126260139257102,0.006533835077719097,1.2437198127281026,,
M6.N[3.45],M6,shift-5,0.003887638945400229,0.006533835077719097,0.5950010826960402,,
M6.N[3.45],M6,shift-2,0.0015044160765098624,0.006533835077719097,0.23025008415655338,,
M6.N[3.45],M6,shift+2,0.0014269379338663901,0.006533835077719097,0.21839209543754223,,
M6.N[3.45],M6,shift+5,0.003404687304562004,0.006533835077719097,0.5210855897131934,,
M6.N[3.45],M6,shift+10,0.006219327131491537,0.006533835077719097,0.9518647253126946,,
M6.N[3.45],M6,shift+20,0.009689136076950877,0.006533835077719097,1.4829171476934901,,
M6.N[3.45],M6,band_shrink10,0.0006010671432017389,0.006533835077719097,0.09199300809587714,,
M6.N[3.45],M6,band_lo10,0.003404687304562004,0.006533835077719097,0.5210855897131934,,
M6.N[3.45],M6,band_hi10,0.003887638945400229,0.006533835077719097,0.5950010826960402,,
M6.N[3.45],M6,band_3.3-4.1,,0.006533835077719097,,,
M6.N[3.45],M6,band_3.4-3.9,,0.006533835077719097,,,
M6.N[3.45],M6,band_3.2-3.5_nodip,,0.006533835077719097,,,
M6.N[3.45],M6,flatten_notch,0.02980727116500337,0.006533835077719097,4.561987073510404,,
M6.N[3.45],M6,detune-200,0.029051671679562574,0.006533835077719097,4.4463429722355725,,
M6.N[3.45],M6,detune+200,0.5404522358124679,0.006533835077719097,82.71592860607295,,
M6.N[3.45],M6,open_all,0.9506439810124024,0.006533835077719097,145.49555807647715,True,False
M6.N[3.45],M6,short_all,0.9490176766304912,0.006533835077719097,145.24665305169972,True,False
M6.N[3.45],M6,one_open,0.15814293258426182,0.006533835077719097,24.20369212004477,True,False
M6.A[3.50],M6,shift-20,0.014614938005690914,0.00613121555798668,2.383693391215567,,
M6.A[3.50],M6,shift-10,0.008358030651671622,0.00613121555798668,1.3631930850619394,,
M6.A[3.50],M6,shift-5,0.004405747583690833,0.00613121555798668,0.7185765272845109,,
M6.A[3.50],M6,shift-2,0.001811721169338587,0.00613121555798668,0.2954913511364956,,
M6.A[3.50],M6,shift+2,0.0018715043381262175,0.00613121555798668,0.3052419737042759,,
M6.A[3.50],M6,shift+5,0.004778708797084974,0.00613121555798668,0.7794064246950353,,
M6.A[3.50],M6,shift+10,0.009842164531631004,0.00613121555798668,1.6052550164885893,,
M6.A[3.50],M6,shift+20,0.02043168926403849,0.00613121555798668,3.3324043284408167,,
M6.A[3.50],M6,band_shrink10,0.000503505718824071,0.00613121555798668,0.08212167947156766,,
M6.A[3.50],M6,band_lo10,0.004778708797084974,0.00613121555798668,0.7794064246950353,,
M6.A[3.50],M6,band_hi10,0.004405747583690833,0.00613121555798668,0.7185765272845109,,
M6.A[3.50],M6,band_3.3-4.1,,0.00613121555798668,,,
M6.A[3.50],M6,band_3.4-3.9,,0.00613121555798668,,,
M6.A[3.50],M6,band_3.2-3.5_nodip,,0.00613121555798668,,,
M6.A[3.50],M6,flatten_notch,0.018842416490617797,0.00613121555798668,3.0731942650545334,,
M6.A[3.50],M6,detune-200,0.1452636670494426,0.00613121555798668,23.69247430229694,,
M6.A[3.50],M6,detune+200,0.3205374860754646,0.00613121555798668,52.27959823691473,,
M6.A[3.50],M6,open_all,0.9052933612603623,0.00613121555798668,147.65316154658822,True,False
M6.A[3.50],M6,short_all,0.9045512608713866,0.00613121555798668,147.53212512535052,True,False
M6.A[3.50],M6,one_open,0.15088943320664194,0.00613121555798668,24.61003560869581,True,False
M6.N[3.50],M6,shift-20,0.014700039118225594,0.006022182702189016,2.440981923859973,,
M6.N[3.50],M6,shift-10,0.008397767147492408,0.006022182702189016,1.394472330512305,,
M6.N[3.50],M6,shift-5,0.00442496367366918,0.006022182702189016,0.7347773876174066,,
M6.N[3.50],M6,shift-2,0.0018192542645649734,0.006022182702189016,0.3020921739726842,,
M6.N[3.50],M6,shift+2,0.0018788356202119605,0.006022182702189016,0.31198582193944707,,
M6.N[3.50],M6,shift+5,0.004796663104970955,0.006022182702189016,0.7964991004386841,,
M6.N[3.50],M6,shift+10,0.009876844948042862,0.006022182702189016,1.6400772670767205,,
M6.N[3.50],M6,shift+20,0.020496355101611186,0.006022182702189016,3.4034761340204644,,
M6.N[3.50],M6,band_shrink10,0.0005024941845971354,0.006022182702189016,0.08344054131975814,,
M6.N[3.50],M6,band_lo10,0.004796663104970955,0.006022182702189016,0.7964991004386841,,
M6.N[3.50],M6,band_hi10,0.00442496367366918,0.006022182702189016,0.7347773876174066,,
M6.N[3.50],M6,band_3.3-4.1,,0.006022182702189016,,,
M6.N[3.50],M6,band_3.4-3.9,,0.006022182702189016,,,
M6.N[3.50],M6,band_3.2-3.5_nodip,,0.006022182702189016,,,
M6.N[3.50],M6,flatten_notch,0.018842416490617797,0.006022182702189016,3.1288350789770503,,
M6.N[3.50],M6,detune-200,0.14576626132224724,0.006022182702189016,24.204888581221944,,
M6.N[3.50],M6,detune+200,0.3200210401278404,0.006022182702189016,53.140373840121995,,
M6.N[3.50],M6,open_all,0.9046687839352838,0.006022182702189016,150.22273960676148,True,False
M6.N[3.50],M6,short_all,0.9039266817705862,0.006022182702189016,150.0995115013724,True,False
M6.N[3.50],M6,one_open,0.15068010293608247,0.006022182702189016,25.02084549532372,True,False
M6.A[3.55],M6,shift-20,0.03004548918035954,0.024835781315886152,1.2097662158565154,,
M6.A[3.55],M6,shift-10,0.013634893311783691,0.024835781315886152,0.5490019878320543,,
M6.A[3.55],M6,shift-5,0.006411244059910004,0.024835781315886152,0.2581454546714448,,
M6.A[3.55],M6,shift-2,0.0024618076791028676,0.024835781315886152,0.09912342389358123,,
M6.A[3.55],M6,shift+2,0.0023202511744504495,0.024835781315886152,0.09342372381763187,,
M6.A[3.55],M6,shift+5,0.00552907673154257,0.024835781315886152,0.2226254395309041,,
M6.A[3.55],M6,shift+10,0.010137667081673962,0.024835781315886152,0.4081879668987674,,
M6.A[3.55],M6,shift+20,0.01655937922647399,0.024835781315886152,0.6667549136407407,,
M6.A[3.55],M6,band_shrink10,0.0007555754893159294,0.024835781315886152,0.030422859651797113,,
M6.A[3.55],M6,band_lo10,0.00552907673154257,0.024835781315886152,0.2226254395309041,,
M6.A[3.55],M6,band_hi10,0.006411244059910004,0.024835781315886152,0.2581454546714448,,
M6.A[3.55],M6,band_3.3-4.1,,0.024835781315886152,,,
M6.A[3.55],M6,band_3.4-3.9,,0.024835781315886152,,,
M6.A[3.55],M6,band_3.2-3.5_nodip,,0.024835781315886152,,,
M6.A[3.55],M6,flatten_notch,0.02064813099334195,0.024835781315886152,0.831386407003609,,
M6.A[3.55],M6,detune-200,0.19303717554581323,0.024835781315886152,7.772542892473346,,
M6.A[3.55],M6,detune+200,0.12332837940908625,0.024835781315886152,4.965753959598587,,
M6.A[3.55],M6,open_all,0.9053711349502476,0.024835781315886152,36.4543045147176,True,False
M6.A[3.55],M6,short_all,0.9047116910704731,0.024835781315886152,36.427752345031976,True,False
M6.A[3.55],M6,one_open,0.15323174032618503,0.024835781315886152,6.16979745381196,True,False
M6.N[3.55],M6,shift-20,0.029782130755991898,0.02462362257138051,1.2094942841841236,,
M6.N[3.55],M6,shift-10,0.01351138979400024,0.02462362257138051,0.5487165730725676,,
M6.N[3.55],M6,shift-5,0.006351823766461373,0.02462362257138051,0.257956510990546,,
M6.N[3.55],M6,shift-2,0.0024386161222037517,0.02462362257138051,0.09903563600906153,,
M6.N[3.55],M6,shift+2,0.0022978444323875635,0.02462362257138051,0.09331869938009435,,
M6.N[3.55],M6,shift+5,0.0054745222233580915,0.02462362257138051,0.222328059467619,,
M6.N[3.55],M6,shift+10,0.01003339028339656,0.02462362257138051,0.407470113477866,,
M6.N[3.55],M6,shift+20,0.016369153740117492,0.02462362257138051,0.6647743926656428,,
M6.N[3.55],M6,band_shrink10,0.0007514059320716804,0.02462362257138051,0.030515653409381883,,
M6.N[3.55],M6,band_lo10,0.0054745222233580915,0.02462362257138051,0.222328059467619,,
M6.N[3.55],M6,band_hi10,0.006351823766461373,0.02462362257138051,0.257956510990546,,
M6.N[3.55],M6,band_3.3-4.1,,0.02462362257138051,,,
M6.N[3.55],M6,band_3.4-3.9,,0.02462362257138051,,,
M6.N[3.55],M6,band_3.2-3.5_nodip,,0.02462362257138051,,,
M6.N[3.55],M6,flatten_notch,0.020648130993342284,0.02462362257138051,0.8385496867281075,,
M6.N[3.55],M6,detune-200,0.19276201876299526,0.02462362257138051,7.828337126440456,,
M6.N[3.55],M6,detune+200,0.12274558892564635,0.02462362257138051,4.984871278376027,,
M6.N[3.55],M6,open_all,0.9043105364161194,0.02462362257138051,36.72532478901701,True,False
M6.N[3.55],M6,short_all,0.9036510918342838,0.02462362257138051,36.698543815586966,True,False
M6.N[3.55],M6,one_open,0.15296035433733168,0.02462362257138051,6.21193546538169,True,False
M6.A[3.60],M6,shift-20,0.025735710314631066,0.03026489116646025,0.8503486820118338,,
M6.A[3.60],M6,shift-10,0.0154765718426364,0.03026489116646025,0.5113704773466239,,
M6.A[3.60],M6,shift-5,0.008222123088834632,0.03026489116646025,0.2716719859857432,,
M6.A[3.60],M6,shift-2,0.003380313917832667,0.03026489116646025,0.11169093254757026,,
M6.A[3.60],M6,shift+2,0.0034742289969822426,0.03026489116646025,0.11479403569877714,,
M6.A[3.60],M6,shift+5,0.008812485694280392,0.03026489116646025,0.29117850270171947,,
M6.A[3.60],M6,shift+10,0.01787046556405958,0.03026489116646025,0.5904685222811489,,
M6.A[3.60],M6,shift+20,0.03556079942749735,0.03026489116646025,1.1749852075102143,,
M6.A[3.60],M6,band_shrink10,0.001344027457668373,0.03026489116646025,0.04440879863985214,,
M6.A[3.60],M6,band_lo10,0.008812485694280392,0.03026489116646025,0.29117850270171947,,
M6.A[3.60],M6,band_hi10,0.008222123088834632,0.03026489116646025,0.2716719859857432,,
M6.A[3.60],M6,band_3.3-4.1,,0.03026489116646025,,,
M6.A[3.60],M6,band_3.4-3.9,,0.03026489116646025,,,
M6.A[3.60],M6,band_3.2-3.5_nodip,,0.03026489116646025,,,
M6.A[3.60],M6,flatten_notch,0.0590101765124762,0.03026489116646025,1.9497898138114456,,
M6.A[3.60],M6,detune-200,0.26095750706369547,0.03026489116646025,8.622449875282891,,
M6.A[3.60],M6,detune+200,0.08124906084563455,0.03026489116646025,2.684597819921298,,
M6.A[3.60],M6,open_all,0.9775611946827678,0.03026489116646025,32.300172146863936,True,False
M6.A[3.60],M6,short_all,0.981158825604124,0.03026489116646025,32.419043577842125,True,False
M6.A[3.60],M6,one_open,0.1647385595992299,0.03026489116646025,5.44322326134099,True,False
M6.N[3.60],M6,shift-20,0.02544211279353492,0.03004991638197374,0.8466616835179304,,
M6.N[3.60],M6,shift-10,0.015330905883307655,0.03004991638197374,0.5101813159288628,,
M6.N[3.60],M6,shift-5,0.008145541328410055,0.03004991638197374,0.2710670214475665,,
M6.N[3.60],M6,shift-2,0.0033490041889024935,0.03004991638197374,0.11144803687079424,,
M6.N[3.60],M6,shift+2,0.003442278095049489,0.03004991638197374,0.11455200245130909,,
M6.N[3.60],M6,shift+5,0.008731862007911761,0.03004991638197374,0.2905785792186033,,
M6.N[3.60],M6,shift+10,0.017708235156536856,0.03004991638197374,0.589293991086099,,
M6.N[3.60],M6,shift+20,0.03524152841114114,0.03004991638197374,1.1727662720646281,,
M6.N[3.60],M6,band_shrink10,0.0013359487279318571,0.03004991638197374,0.04445765209294433,,
M6.N[3.60],M6,band_lo10,0.008731862007911761,0.03004991638197374,0.2905785792186033,,
M6.N[3.60],M6,band_hi10,0.008145541328410055,0.03004991638197374,0.2710670214475665,,
M6.N[3.60],M6,band_3.3-4.1,,0.03004991638197374,,,
M6.N[3.60],M6,band_3.4-3.9,,0.03004991638197374,,,
M6.N[3.60],M6,band_3.2-3.5_nodip,,0.03004991638197374,,,
M6.N[3.60],M6,flatten_notch,0.05901017651247631,0.03004991638197374,1.9637384597807124,,
M6.N[3.60],M6,detune-200,0.25944393528519805,0.03004991638197374,8.633765631402307,,
M6.N[3.60],M6,detune+200,0.08023873426160688,0.03004991638197374,2.670181615205434,,
M6.N[3.60],M6,open_all,0.975823816802132,0.03004991638197374,32.47342869105308,True,False
M6.N[3.60],M6,short_all,0.9794214468086964,0.03004991638197374,32.59315048863926,True,False
M6.N[3.60],M6,one_open,0.16414264920163502,0.03004991638197374,5.462332976743338,True,False
M6.A[3.65],M6,shift-20,0.07709624449546926,0.03227021307715694,2.389083837504725,,
M6.A[3.65],M6,shift-10,0.03787537829531962,0.03227021307715694,1.173694707399698,,
M6.A[3.65],M6,shift-5,0.018510672305454334,0.03227021307715694,0.5736148150368877,,
M6.A[3.65],M6,shift-2,0.007268890360301317,0.03227021307715694,0.22525077051464323,,
M6.A[3.65],M6,shift+2,0.007052328947231956,0.03227021307715694,0.21853989406174934,,
M6.A[3.65],M6,shift+5,0.01715770142054096,0.03227021307715694,0.5316885072781361,,
M6.A[3.65],M6,shift+10,0.03250855952413634,0.03227021307715694,1.0073859582646547,,
M6.A[3.65],M6,shift+20,0.05634275205219075,0.03227021307715694,1.7459677727406764,,
M6.A[3.65],M6,band_shrink10,0.0024241178029212884,0.03227021307715694,0.07511936153397278,,
M6.A[3.65],M6,band_lo10,0.01715770142054096,0.03227021307715694,0.5316885072781361,,
M6.A[3.65],M6,band_hi10,0.018510672305454334,0.03227021307715694,0.5736148150368877,,
M6.A[3.65],M6,band_3.3-4.1,,0.03227021307715694,,,
M6.A[3.65],M6,band_3.4-3.9,,0.03227021307715694,,,
M6.A[3.65],M6,band_3.2-3.5_nodip,,0.03227021307715694,,,
M6.A[3.65],M6,flatten_notch,0.11366992549299104,0.03227021307715694,3.5224411199644163,,
M6.A[3.65],M6,detune-200,0.5000376455613222,0.03227021307715694,15.49533138705189,,
M6.A[3.65],M6,detune+200,0.030098068995787486,0.03227021307715694,0.9326888832070637,,
M6.A[3.65],M6,open_all,0.9531054871678162,0.03227021307715694,29.53514700659009,True,False
M6.A[3.65],M6,short_all,0.9506819369335746,0.03227021307715694,29.46004523306145,True,False
M6.A[3.65],M6,one_open,0.15859381293135133,0.03227021307715694,4.914557352074469,True,False
M6.N[3.65],M6,shift-20,0.07677724369485006,0.03210568597207408,2.3913908508801787,,
M6.N[3.65],M6,shift-10,0.03772186091895913,0.03210568597207408,1.1749277355970547,,
M6.N[3.65],M6,shift-5,0.01843651754539466,0.03210568597207408,0.5742446232555494,,
M6.N[3.65],M6,shift-2,0.007239989688549331,0.03210568597207408,0.22550490573061613,,
M6.N[3.65],M6,shift+2,0.007024631866731967,0.03210568597207408,0.21879712748832333,,
M6.N[3.65],M6,shift+5,0.01709096373057717,0.03210568597207408,0.532334482603583,,
M6.N[3.65],M6,shift+10,0.03238458176168102,0.03210568597207408,1.0086868036350174,,
M6.N[3.65],M6,shift+20,0.05613981302462201,0.03210568597207408,1.7485940986731479,,
M6.N[3.65],M6,band_shrink10,0.002410492289943278,0.03210568597207408,0.07507991861752941,,
M6.N[3.65],M6,band_lo10,0.01709096373057717,0.03210568597207408,0.532334482603583,,
M6.N[3.65],M6,band_hi10,0.01843651754539466,0.03210568597207408,0.5742446232555494,,
M6.N[3.65],M6,band_3.3-4.1,,0.03210568597207408,,,
M6.N[3.65],M6,band_3.4-3.9,,0.03210568597207408,,,
M6.N[3.65],M6,band_3.2-3.5_nodip,,0.03210568597207408,,,
M6.N[3.65],M6,flatten_notch,0.11366992549299137,0.03210568597207408,3.5404920359547174,,
M6.N[3.65],M6,detune-200,0.4984416750447679,0.03210568597207408,15.525028042643864,,
M6.N[3.65],M6,detune+200,0.029051671679562574,0.03210568597207408,0.9048762174037357,,
M6.N[3.65],M6,open_all,0.951145501719762,0.03210568597207408,29.62545334016784,True,False
M6.N[3.65],M6,short_all,0.948721950718348,0.03210568597207408,29.549966680156217,True,False
M6.N[3.65],M6,one_open,0.15802080462413948,0.03210568597207408,4.9218946688006575,True,False
M6.A[3.70],M6,shift-20,0.05707904704223887,0.006872944809604764,8.304889479466265,,
M6.A[3.70],M6,shift-10,0.03302640240683585,0.006872944809604764,4.805276824088898,,
M6.A[3.70],M6,shift-5,0.01751403896718684,0.006872944809604764,2.5482583452018153,,
M6.A[3.70],M6,shift-2,0.007227409740947044,0.006872944809604764,1.0515739528196013,,
M6.A[3.70],M6,shift+2,0.007500056522939058,0.006872944809604764,1.091243525258332,,
M6.A[3.70],M6,shift+5,0.019211464959342006,0.006872944809604764,2.795230500395475,,
M6.A[3.70],M6,shift+10,0.03975848140138938,0.006872944809604764,5.784781124071871,,
M6.A[3.70],M6,shift+20,0.08312145008338312,0.006872944809604764,12.094008083292481,,
M6.A[3.70],M6,band_shrink10,0.0021788390773036515,0.006872944809604764,0.3170168155953733,,
M6.A[3.70],M6,band_lo10,0.019211464959342006,0.006872944809604764,2.795230500395475,,
M6.A[3.70],M6,band_hi10,0.01751403896718684,0.006872944809604764,2.5482583452018153,,
M6.A[3.70],M6,band_3.3-4.1,,0.006872944809604764,,,
M6.A[3.70],M6,band_3.4-3.9,,0.006872944809604764,,,
M6.A[3.70],M6,band_3.2-3.5_nodip,,0.006872944809604764,,,
M6.A[3.70],M6,flatten_notch,0.07301183585621085,0.006872944809604764,10.62307902635544,,
M6.A[3.70],M6,detune-200,0.48256842771641334,0.006872944809604764,70.21276048107302,,
M6.A[3.70],M6,detune+200,0.1452636670494426,0.006872944809604764,21.135578863726703,,
M6.A[3.70],M6,open_all,0.7691001421087766,0.006872944809604764,111.90256337195942,True,False
M6.A[3.70],M6,short_all,0.7718747102773442,0.006872944809604764,112.30625760280645,True,False
M6.A[3.70],M6,one_open,0.12860268562101806,0.006872944809604764,18.711438718567784,True,False
M6.N[3.70],M6,shift-20,0.05679306932966621,0.006740564344268174,8.42556593617567,,
M6.N[3.70],M6,shift-10,0.0328678184203528,0.006740564344268174,4.8761226422090145,,
M6.N[3.70],M6,shift-5,0.01743109734799808,0.006740564344268174,2.5859996964231313,,
M6.N[3.70],M6,shift-2,0.007193415594606067,0.006740564344268174,1.0671829875376793,,
M6.N[3.70],M6,shift+2,0.007465053080710438,0.006740564344268174,1.107481910926098,,
M6.N[3.70],M6,shift+5,0.019122254093195235,0.006740564344268174,2.8368921527254325,,
M6.N[3.70],M6,shift+10,0.03957521749832005,0.006740564344268174,5.87120239152865,,
M6.N[3.70],M6,shift+20,0.0827433697519614,0.006740564344268174,12.275436525180872,,
M6.N[3.70],M6,band_shrink10,0.0021730873170903164,0.006740564344268174,0.3223895220195023,,
M6.N[3.70],M6,band_lo10,0.019122254093195235,0.006740564344268174,2.8368921527254325,,
M6.N[3.70],M6,band_hi10,0.01743109734799808,0.006740564344268174,2.5859996964231313,,
M6.N[3.70],M6,band_3.3-4.1,,0.006740564344268174,,,
M6.N[3.70],M6,band_3.4-3.9,,0.006740564344268174,,,
M6.N[3.70],M6,band_3.2-3.5_nodip,,0.006740564344268174,,,
M6.N[3.70],M6,flatten_notch,0.07301183585621096,0.006740564344268174,10.831709650290103,,
M6.N[3.70],M6,detune-200,0.48169147256216077,0.006740564344268174,71.46159400907821,,
M6.N[3.70],M6,detune+200,0.14576626132224724,0.006740564344268174,21.625231045557676,,
M6.N[3.70],M6,open_all,0.7682766043331478,0.006740564344268174,113.9780833019494,True,False
M6.N[3.70],M6,short_all,0.77105117195542,0.006740564344268174,114.38970575380411,True,False
M6.N[3.70],M6,one_open,0.1283332003323585,0.006740564344268174,19.038940031999903,True,False
M6.A[3.75],M6,shift-20,0.04159629908540918,0.09177635650131766,0.4532354592308529,,
M6.A[3.75],M6,shift-10,0.023010393517259198,0.09177635650131766,0.2507224561363888,,
M6.A[3.75],M6,shift-5,0.011520444678696617,0.09177635650131766,0.1255273702059769,,
M6.A[3.75],M6,shift-2,0.004598231220108162,0.09177635650131766,0.05010256884671756,,
M6.A[3.75],M6,shift+2,0.004791266346647283,0.09177635650131766,0.05220588972257243,,
M6.A[3.75],M6,shift+5,0.012182732846952815,0.09177635650131766,0.1327436968668276,,
M6.A[3.75],M6,shift+10,0.024471420471287475,0.09177635650131766,0.26664188255213783,,
M6.A[3.75],M6,shift+20,0.0456214649893768,0.09177635650131766,0.4970938782988384,,
M6.A[3.75],M6,band_shrink10,0.002156268343087575,0.09177635650131766,0.023494813100982243,,
M6.A[3.75],M6,band_lo10,0.012182732846952815,0.09177635650131766,0.1327436968668276,,
M6.A[3.75],M6,band_hi10,0.011520444678696617,0.09177635650131766,0.1255273702059769,,
M6.A[3.75],M6,band_3.3-4.1,,0.09177635650131766,,,
M6.A[3.75],M6,band_3.4-3.9,,0.09177635650131766,,,
M6.A[3.75],M6,band_3.2-3.5_nodip,,0.09177635650131766,,,
M6.A[3.75],M6,flatten_notch,0.06930049514623793,0.09177635650131766,0.7551018343732459,,
M6.A[3.75],M6,detune-200,0.600697730257311,0.09177635650131766,6.545234014042458,,
M6.A[3.75],M6,detune+200,0.19303717554581323,0.09177635650131766,2.1033432019393987,,
M6.A[3.75],M6,open_all,0.7965028312756377,0.09177635650131766,8.678736677285746,True,False
M6.A[3.75],M6,short_all,0.7943880755091857,0.09177635650131766,8.655694187399785,True,False
M6.A[3.75],M6,one_open,0.13232083796898453,0.09177635650131766,1.4417747992325753,True,True
M6.N[3.75],M6,shift-20,0.0416900068294761,0.091758702115456,0.45434390273981173,,
M6.N[3.75],M6,shift-10,0.02305227137521504,0.091758702115456,0.2512270863008651,,
M6.N[3.75],M6,shift-5,0.011540556580491246,0.091758702115456,0.12577070418858216,,
M6.N[3.75],M6,shift-2,0.0046077899268726075,0.091758702115456,0.050216380797047724,,
M6.N[3.75],M6,shift+2,0.00480034388122319,0.091758702115456,0.05231486246593947,,
M6.N[3.75],M6,shift+5,0.012204708524977015,0.091758702115456,0.1330087309824888,,
M6.N[3.75],M6,shift+10,0.02451355554025847,0.091758702115456,0.26715237874021064,,
M6.N[3.75],M6,shift+20,0.04570383345889106,0.091758702115456,0.49808718307048316,,
M6.N[3.75],M6,band_shrink10,0.002153972058676512,0.091758702115456,0.023474308256521133,,
M6.N[3.75],M6,band_lo10,0.012204708524977015,0.091758702115456,0.1330087309824888,,
M6.N[3.75],M6,band_hi10,0.011540556580491246,0.091758702115456,0.12577070418858216,,
M6.N[3.75],M6,band_3.3-4.1,,0.091758702115456,,,
M6.N[3.75],M6,band_3.4-3.9,,0.091758702115456,,,
M6.N[3.75],M6,band_3.2-3.5_nodip,,0.091758702115456,,,
M6.N[3.75],M6,flatten_notch,0.06930049514623804,0.091758702115456,0.7552471160614306,,
M6.N[3.75],M6,detune-200,0.6001079274502134,0.091758702115456,6.540065559069521,,
M6.N[3.75],M6,detune+200,0.19276201876299526,0.091758702115456,2.1007491858423535,,
M6.N[3.75],M6,open_all,0.7959090061334433,0.091758702115456,8.673934872487466,True,False
M6.N[3.75],M6,short_all,0.7937942496759545,0.091758702115456,8.650887941692522,True,False
M6.N[3.75],M6,one_open,0.13213778720722136,0.091758702115456,1.4400572824249203,True,True
M6.A[3.80],M6,shift-20,0.1332147582245644,0.025272543774784606,5.271125827764039,,
M6.A[3.80],M6,shift-10,0.06504840665099831,0.025272543774784606,2.5738765052966146,,
M6.A[3.80],M6,shift-5,0.03163311768291566,0.025272543774784606,1.2516792122238696,,
M6.A[3.80],M6,shift-2,0.012370827311565802,0.025272543774784606,0.4894967210981213,,
M6.A[3.80],M6,shift+2,0.011916156651901932,0.025272543774784606,0.4715060248027404,,
M6.A[3.80],M6,shift+5,0.028793515099763134,0.025272543774784606,1.1393200208240033,,
M6.A[3.80],M6,shift+10,0.05376223945347902,0.025272543774784606,2.127298301768882,,
M6.A[3.80],M6,shift+20,0.08920617151388266,0.025272543774784606,3.5297662280789917,,
M6.A[3.80],M6,band_shrink10,0.005119206362001583,0.025272543774784606,0.2025599958445502,,
M6.A[3.80],M6,band_lo10,0.028793515099763134,0.025272543774784606,1.1393200208240033,,
M6.A[3.80],M6,band_hi10,0.03163311768291566,0.025272543774784606,1.2516792122238696,,
M6.A[3.80],M6,band_3.3-4.1,,0.025272543774784606,,,
M6.A[3.80],M6,band_3.4-3.9,,0.025272543774784606,,,
M6.A[3.80],M6,band_3.2-3.5_nodip,,0.025272543774784606,,,
M6.A[3.80],M6,flatten_notch,0.1979027246309668,0.025272543774784606,7.830740205440736,,
M6.A[3.80],M6,detune-200,0.5948032292706881,0.025272543774784606,23.53555046026456,,
M6.A[3.80],M6,detune+200,0.26095750706369547,0.025272543774784606,10.325731726462093,,
M6.A[3.80],M6,open_all,0.765788846747076,0.025272543774784606,30.30121754150974,True,False
M6.A[3.80],M6,short_all,0.7668634070246512,0.025272543774784606,30.343736422361268,True,False
M6.A[3.80],M6,one_open,0.1296715895469016,0.025272543774784606,5.130927488046533,True,False
M6.N[3.80],M6,shift-20,0.1330957039869407,0.02518899974107469,5.283882065785521,,
M6.N[3.80],M6,shift-10,0.06498042765716827,0.02518899974107469,2.5797144914495074,,
M6.N[3.80],M6,shift-5,0.03159711470573179,0.02518899974107469,1.2544013271875833,,
M6.N[3.80],M6,shift-2,0.01235597402594657,0.02518899974107469,0.49053055512157473,,
M6.N[3.80],M6,shift+2,0.011900762695532308,0.02518899974107469,0.4724587247554023,,
M6.N[3.80],M6,shift+5,0.028754118929011585,0.02518899974107469,1.1415347661512496,,
M6.N[3.80],M6,shift+10,0.05368101510537371,0.02518899974107469,2.1311292888632742,,
M6.N[3.80],M6,shift+20,0.08903887319092663,0.02518899974107469,3.5348316370711026,,
M6.N[3.80],M6,band_shrink10,0.00511817482271637,0.02518899974107469,0.20319087202062922,,
M6.N[3.80],M6,band_lo10,0.028754118929011585,0.02518899974107469,1.1415347661512496,,
M6.N[3.80],M6,band_hi10,0.03159711470573179,0.02518899974107469,1.2544013271875833,,
M6.N[3.80],M6,band_3.3-4.1,,0.02518899974107469,,,
M6.N[3.80],M6,band_3.4-3.9,,0.02518899974107469,,,
M6.N[3.80],M6,band_3.2-3.5_nodip,,0.02518899974107469,,,
M6.N[3.80],M6,flatten_notch,0.19790272463096703,0.02518899974107469,7.856712321460506,,
M6.N[3.80],M6,detune-200,0.5945619224787478,0.02518899974107469,23.604030671738805,,
M6.N[3.80],M6,detune+200,0.25944393528519805,0.02518899974107469,10.299890347060238,,
M6.N[3.80],M6,open_all,0.7655454837141329,0.02518899974107469,30.39205572207731,True,False
M6.N[3.80],M6,short_all,0.7666200438764322,0.02518899974107469,30.434715620181443,True,False
M6.N[3.80],M6,one_open,0.12958754985931675,0.02518899974107469,5.144608805088974,True,False
M6.A[3.85],M6,shift-20,0.09908798082635567,0.055000647449477025,1.8015784435515376,,
M6.A[3.85],M6,shift-10,0.05349764057065398,0.055000647449477025,0.972672923892329,,
M6.A[3.85],M6,shift-5,0.027747414316654284,0.055000647449477025,0.5044925033317607,,
M6.A[3.85],M6,shift-2,0.01133150211933226,0.055000647449477025,0.20602488597504692,,
M6.A[3.85],M6,shift+2,0.01163542906138032,0.055000647449477025,0.21155076532632627,,
M6.A[3.85],M6,shift+5,0.02960499305124864,0.055000647449477025,0.5382662645643118,,
M6.A[3.85],M6,shift+10,0.06076371220794319,0.055000647449477025,1.1047817621376195,,
M6.A[3.85],M6,shift+20,0.12527702812078567,0.055000647449477025,2.2777373345625382,,
M6.A[3.85],M6,band_shrink10,0.0017058376340584047,0.055000647449477025,0.03101486460910061,,
M6.A[3.85],M6,band_lo10,0.02960499305124864,0.055000647449477025,0.5382662645643118,,
M6.A[3.85],M6,band_hi10,0.027747414316654284,0.055000647449477025,0.5044925033317607,,
M6.A[3.85],M6,band_3.3-4.1,,0.055000647449477025,,,
M6.A[3.85],M6,band_3.4-3.9,,0.055000647449477025,,,
M6.A[3.85],M6,band_3.2-3.5_nodip,,0.055000647449477025,,,
M6.A[3.85],M6,flatten_notch,0.13754927060878797,0.055000647449477025,2.5008663895300356,,
M6.A[3.85],M6,detune-200,0.34573801084944766,0.055000647449477025,6.28607165337533,,
M6.A[3.85],M6,detune+200,0.5000376455613222,0.055000647449477025,9.09148653242039,,
M6.A[3.85],M6,open_all,0.47865815662079353,0.055000647449477025,8.702773127543335,True,False
M6.A[3.85],M6,short_all,0.47457838355498794,0.055000647449477025,8.6285963086331,True,False
M6.A[3.85],M6,one_open,0.08054434368298286,0.055000647449477025,1.4644253734825574,True,True
M6.N[3.85],M6,shift-20,0.09905620834675033,0.05498694979138086,1.80144941158888,,
M6.N[3.85],M6,shift-10,0.053477882633390816,0.05498694979138086,0.9725559034695431,,
M6.N[3.85],M6,shift-5,0.027736338075843303,0.05498694979138086,0.504416742173812,,
M6.N[3.85],M6,shift-2,0.011326753105228349,0.05498694979138086,0.2059898421025675,,
M6.N[3.85],M6,shift+2,0.011630212595043043,0.05498694979138086,0.211508596842847,,
M6.N[3.85],M6,shift+5,0.029591010075258384,0.05498694979138086,0.5381460544279316,,
M6.N[3.85],M6,shift+10,0.060732331335780654,0.05498694979138086,1.1044862747651512,,
M6.N[3.85],M6,shift+20,0.12519897514156203,0.05498694979138086,2.2768852539841524,,
M6.N[3.85],M6,band_shrink10,0.0017046645964025053,0.05498694979138086,0.031001257623308097,,
M6.N[3.85],M6,band_lo10,0.029591010075258384,0.05498694979138086,0.5381460544279316,,
M6.N[3.85],M6,band_hi10,0.027736338075843303,0.05498694979138086,0.504416742173812,,
M6.N[3.85],M6,band_3.3-4.1,,0.05498694979138086,,,
M6.N[3.85],M6,band_3.4-3.9,,0.05498694979138086,,,
M6.N[3.85],M6,band_3.2-3.5_nodip,,0.05498694979138086,,,
M6.N[3.85],M6,flatten_notch,0.13754927060878797,0.05498694979138086,2.5014893739450277,,
M6.N[3.85],M6,detune-200,0.3456839986087128,0.05498694979138086,6.286655286758575,,
M6.N[3.85],M6,detune+200,0.4984416750447679,0.05498694979138086,9.064726756727612,,
M6.N[3.85],M6,open_all,0.47860272737808357,0.05498694979138086,8.703933009448434,True,False
M6.N[3.85],M6,short_all,0.47452295406132783,0.05498694979138086,8.62973770797719,True,False
M6.N[3.85],M6,one_open,0.08052569573867563,0.05498694979138086,1.4644510387317018,True,True
M6.A[3.90],M6,shift-20,0.04031804616512763,0.01932226266814374,2.086611017435305,,
M6.A[3.90],M6,shift-10,0.02179642288011957,0.01932226266814374,1.1280471264918126,,
M6.A[3.90],M6,shift-5,0.011354504660154585,0.01932226266814374,0.5876384590752173,,
M6.A[3.90],M6,shift-2,0.004657599368580456,0.01932226266814374,0.2410483414170409,,
M6.A[3.90],M6,shift+2,0.004819889835254609,0.01932226266814374,0.24944748542317835,,
M6.A[3.90],M6,shift+5,0.012375070666979182,0.01932226266814374,0.6404566007366069,,
M6.A[3.90],M6,shift+10,0.025887460672082474,0.01932226266814374,1.3397737685640023,,
M6.A[3.90],M6,shift+20,0.05709967130244803,0.01932226266814374,2.955123438860357,,
M6.A[3.90],M6,band_shrink10,0.0007873167707551088,0.01932226266814374,0.04074661359681977,,
M6.A[3.90],M6,band_lo10,0.012375070666979182,0.01932226266814374,0.6404566007366069,,
M6.A[3.90],M6,band_hi10,0.011354504660154585,0.01932226266814374,0.5876384590752173,,
M6.A[3.90],M6,band_3.3-4.1,,0.01932226266814374,,,
M6.A[3.90],M6,band_3.4-3.9,,0.01932226266814374,,,
M6.A[3.90],M6,band_3.2-3.5_nodip,,0.01932226266814374,,,
M6.A[3.90],M6,flatten_notch,0.05621146802486138,0.01932226266814374,2.909155567869191,,
M6.A[3.90],M6,detune-200,0.1767090696827534,0.01932226266814374,9.145361116226331,,
M6.A[3.90],M6,detune+200,0.48256842771641334,0.01932226266814374,24.974736965563306,,
M6.A[3.90],M6,open_all,0.29818207161260557,0.01932226266814374,15.432047309045894,True,False
M6.A[3.90],M6,short_all,0.2984971411356102,0.01932226266814374,15.448353345684351,True,False
M6.A[3.90],M6,one_open,0.051047540972527505,0.01932226266814374,2.6419028583380477,True,False
M6.N[3.90],M6,shift-20,0.04031480273124227,0.019321374878438657,2.0865390265902275,,
M6.N[3.90],M6,shift-10,0.021794505732023017,0.019321374878438657,1.127999734446652,,
M6.N[3.90],M6,shift-5,0.011353453732608099,0.019321374878438657,0.5876110682619062,,
M6.N[3.90],M6,shift-2,0.00465715386413873,0.019321374878438657,0.24103635965035788,,
M6.N[3.90],M6,shift+2,0.00481940657317248,0.019321374878438657,0.24943393539507433,,
M6.N[3.90],M6,shift+5,0.012373783046873976,0.019321374878438657,0.640419386545948,,
M6.N[3.90],M6,shift+10,0.025884579706598965,0.019321374878438657,1.3396862215785896,,
M6.N[3.90],M6,shift+20,0.05709228845047282,0.019321374878438657,2.9548771145775934,,
M6.N[3.90],M6,band_shrink10,0.0007871513998068957,0.019321374878438657,0.040739926881978944,,
M6.N[3.90],M6,band_lo10,0.012373783046873976,0.019321374878438657,0.640419386545948,,
M6.N[3.90],M6,band_hi10,0.011353453732608099,0.019321374878438657,0.5876110682619062,,
M6.N[3.90],M6,band_3.3-4.1,,0.019321374878438657,,,
M6.N[3.90],M6,band_3.4-3.9,,0.019321374878438657,,,
M6.N[3.90],M6,band_3.2-3.5_nodip,,0.019321374878438657,,,
M6.N[3.90],M6,flatten_notch,0.05621146802486138,0.019321374878438657,2.9092892394313803,,
M6.N[3.90],M6,detune-200,0.17670382824695358,0.019321374878438657,9.145510056023138,,
M6.N[3.90],M6,detune+200,0.48169147256216077,0.019321374878438657,24.93049669564125,,
M6.N[3.90],M6,open_all,0.2981757427569326,0.019321374878438657,15.432428832467636,True,False
M6.N[3.90],M6,short_all,0.29849081051105725,0.019321374878438657,15.448735526794872,True,False
M6.N[3.90],M6,one_open,0.05104533659717858,0.019321374878438657,2.6419101600343002,True,False
M6.A[3.95],M6,shift-20,0.02130144779330137,0.009089510060437983,2.343519909397069,,
M6.A[3.95],M6,shift-10,0.01125005770379961,0.009089510060437983,1.2376968207302386,,
M6.A[3.95],M6,shift-5,0.0057867121235636865,0.009089510060437983,0.636636307687287,,
M6.A[3.95],M6,shift-2,0.002355023690418623,0.009089510060437983,0.2590924785560053,,
M6.A[3.95],M6,shift+2,0.002410567056738422,0.009089510060437983,0.26520318924893377,,
M6.A[3.95],M6,shift+5,0.006133795574734341,0.009089510060437983,0.6748213637423248,,
M6.A[3.95],M6,shift+10,0.012637384393382023,0.009089510060437983,1.390326245238028,,
M6.A[3.95],M6,shift+20,0.026839603080829832,0.009089510060437983,2.9528107568359467,,
M6.A[3.95],M6,band_shrink10,0.00027609648015236576,0.009089510060437983,0.030375287371546395,,
M6.A[3.95],M6,band_lo10,0.006133795574734341,0.009089510060437983,0.6748213637423248,,
M6.A[3.95],M6,band_hi10,0.0057867121235636865,0.009089510060437983,0.636636307687287,,
M6.A[3.95],M6,band_3.3-4.1,,0.009089510060437983,,,
M6.A[3.95],M6,band_3.4-3.9,,0.009089510060437983,,,
M6.A[3.95],M6,band_3.2-3.5_nodip,,0.009089510060437983,,,
M6.A[3.95],M6,flatten_notch,0.03033315689555588,0.009089510060437983,3.3371608253761327,,
M6.A[3.95],M6,detune-200,0.11074727495166711,0.009089510060437983,12.184075292869052,,
M6.A[3.95],M6,detune+200,0.600697730257311,0.009089510060437983,66.08692066603709,,
M6.A[3.95],M6,open_all,0.22114848441651644,0.009089510060437983,24.33007752299691,True,False
M6.A[3.95],M6,short_all,0.21982279531728455,0.009089510060437983,24.18422927700597,True,False
M6.A[3.95],M6,one_open,0.037073249421626514,0.009089510060437983,4.07868511890289,True,False
M6.N[3.95],M6,shift-20,0.021300944263589028,0.009089911562311648,2.343361001652254,,
M6.N[3.95],M6,shift-10,0.011249784352607067,0.009089911562311648,1.2376120796653982,,
M6.N[3.95],M6,shift-5,0.005786569068396696,0.009089911562311648,0.6365924496327133,,
M6.N[3.95],M6,shift-2,0.00235496478427058,0.009089911562311648,0.25907455404018154,,
M6.N[3.95],M6,shift+2,0.002410505697301918,0.009089911562311648,0.26518472493135065,,
M6.N[3.95],M6,shift+5,0.006133637149064758,0.009089911562311648,0.6747741281109799,,
M6.N[3.95],M6,shift+10,0.012637048881346036,0.009089911562311648,1.3902279240802997,,
M6.N[3.95],M6,shift+20,0.026838839753609733,0.009089911562311648,2.952596355820251,,
M6.N[3.95],M6,band_shrink10,0.0002760750158846692,0.009089911562311648,0.03037158436494852,,
M6.N[3.95],M6,band_lo10,0.006133637149064758,0.009089911562311648,0.6747741281109799,,
M6.N[3.95],M6,band_hi10,0.005786569068396696,0.009089911562311648,0.6365924496327133,,
M6.N[3.95],M6,band_3.3-4.1,,0.009089911562311648,,,
M6.N[3.95],M6,band_3.4-3.9,,0.009089911562311648,,,
M6.N[3.95],M6,band_3.2-3.5_nodip,,0.009089911562311648,,,
M6.N[3.95],M6,flatten_notch,0.030333156895555963,0.009089911562311648,3.337013422806279,,
M6.N[3.95],M6,detune-200,0.11074501813021362,0.009089911562311648,12.183288844017108,,
M6.N[3.95],M6,detune+200,0.6001079274502134,0.009089911562311648,66.01911617472331,,
M6.N[3.95],M6,open_all,0.22114539317887816,0.009089911562311648,24.32866278873222,True,False
M6.N[3.95],M6,short_all,0.2198197042657602,0.009089911562311648,24.182821005340784,True,False
M6.N[3.95],M6,one_open,0.03707198047766991,0.009089911562311648,4.0783653640126465,True,False
M6.A[4.00],M6,shift-20,0.01303339032789827,0.005138982486731863,2.536181113975124,,
M6.A[4.00],M6,shift-10,0.006792102594300409,0.005138982486731863,1.3216823781432747,,
M6.A[4.00],M6,shift-5,0.003469790244355092,0.005138982486731863,0.6751901282624735,,
M6.A[4.00],M6,shift-2,0.0014063002548579673,0.005138982486731863,0.2736534437486095,,
M6.A[4.00],M6,shift+2,0.0014316419017546267,0.005138982486731863,0.27858470143670006,,
M6.A[4.00],M6,shift+5,0.0036283179330599546,0.005138982486731863,0.706038197722558,,
M6.A[4.00],M6,shift+10,0.007427390703195563,0.005138982486731863,1.4453037585498785,,
M6.A[4.00],M6,shift+20,0.01559347432251168,0.005138982486731863,3.0343505475591437,,
M6.A[4.00],M6,band_shrink10,0.00012370413460280338,0.005138982486731863,0.02407171748924816,,
M6.A[4.00],M6,band_lo10,0.0036283179330599546,0.005138982486731863,0.706038197722558,,
M6.A[4.00],M6,band_hi10,0.003469790244355092,0.005138982486731863,0.6751901282624735,,
M6.A[4.00],M6,band_3.3-4.1,,0.005138982486731863,,,
M6.A[4.00],M6,band_3.4-3.9,,0.005138982486731863,,,
M6.A[4.00],M6,band_3.2-3.5_nodip,,0.005138982486731863,,,
M6.A[4.00],M6,flatten_notch,0.018793420341953998,0.005138982486731863,3.657031404655686,,
M6.A[4.00],M6,detune-200,0.07126026279722396,0.005138982486731863,13.866609388377569,,
M6.A[4.00],M6,detune+200,0.5948032292706881,0.005138982486731863,115.74338515579439,,
M6.A[4.00],M6,open_all,0.16901485569476105,0.005138982486731863,32.88877830020512,True,False
M6.A[4.00],M6,short_all,0.1736352435684686,0.005138982486731863,33.78786442973305,True,False
M6.A[4.00],M6,one_open,0.030003578488683236,0.005138982486731863,5.838427853402555,True,False
M6.N[4.00],M6,shift-20,0.013033121026016697,0.0051395008660437835,2.5358729117306598,,
M6.N[4.00],M6,shift-10,0.006791961343698666,0.0051395008660437835,1.321521587548032,,
M6.N[4.00],M6,shift-5,0.0034697178463750367,0.0051395008660437835,0.6751079407922952,,
M6.N[4.00],M6,shift-2,0.0014062708523144563,0.0051395008660437835,0.27362012167476424,,
M6.N[4.00],M6,shift+2,0.0014316118841587733,0.0051395008660437835,0.27855076231571496,,
M6.N[4.00],M6,shift+5,0.0036282416887797597,0.0051395008660437835,0.705952150480453,,
M6.N[4.00],M6,shift+10,0.007427234006748162,0.0051395008660437835,1.4451274939594279,,
M6.N[4.00],M6,shift+20,0.01559314223771327,0.0051395008660437835,3.0339798832870617,,
M6.N[4.00],M6,band_shrink10,0.00012370117212026632,0.0051395008660437835,0.024068713158032284,,
M6.N[4.00],M6,band_lo10,0.0036282416887797597,0.0051395008660437835,0.705952150480453,,
M6.N[4.00],M6,band_hi10,0.0034697178463750367,0.0051395008660437835,0.6751079407922952,,
M6.N[4.00],M6,band_3.3-4.1,,0.0051395008660437835,,,
M6.N[4.00],M6,band_3.4-3.9,,0.0051395008660437835,,,
M6.N[4.00],M6,band_3.2-3.5_nodip,,0.0051395008660437835,,,
M6.N[4.00],M6,flatten_notch,0.018793420341953998,0.0051395008660437835,3.6566625498830874,,
M6.N[4.00],M6,detune-200,0.07125894287245331,0.0051395008660437835,13.864953957543754,,
M6.N[4.00],M6,detune+200,0.5945619224787478,0.0051395008660437835,115.68475966352386,,
M6.N[4.00],M6,open_all,0.16901263481413134,0.0051395008660437835,32.88502895889803,True,False
M6.N[4.00],M6,short_all,0.17363318680926224,0.0051395008660437835,33.784056338318955,True,False
M6.N[4.00],M6,one_open,0.030002885865075046,0.0051395008660437835,5.837704214294698,True,False
M6.A[4.05],M6,shift-20,0.008956491985157355,0.002631493002712121,3.403578111713176,,
M6.A[4.05],M6,shift-10,0.0046277076535209405,0.002631493002712121,1.7585863419554761,,
M6.A[4.05],M6,shift-5,0.0023532794842221483,0.002631493002712121,0.8942754101176653,,
M6.A[4.05],M6,shift-2,0.00095105788207972,0.002631493002712121,0.3614137985924804,,
M6.A[4.05],M6,shift+2,0.0009643920640666215,0.002631493002712121,0.3664809532355514,,
M6.A[4.05],M6,shift+5,0.002436666127718534,0.002631493002712121,0.9259633695423889,,
M6.A[4.05],M6,shift+10,0.004961628926998696,0.002631493002712121,1.8854805701117368,,
M6.A[4.05],M6,shift+20,0.010298211657887857,0.002631493002712121,3.9134482391836545,,
M6.A[4.05],M6,band_shrink10,6.543987216081626e-05,0.002631493002712121,0.024867963583171733,,
M6.A[4.05],M6,band_lo10,0.002436666127718534,0.002631493002712121,0.9259633695423889,,
M6.A[4.05],M6,band_hi10,0.0023532794842221483,0.002631493002712121,0.8942754101176653,,
M6.A[4.05],M6,band_3.3-4.1,,0.002631493002712121,,,
M6.A[4.05],M6,band_3.4-3.9,,0.002631493002712121,,,
M6.A[4.05],M6,band_3.2-3.5_nodip,,0.002631493002712121,,,
M6.A[4.05],M6,flatten_notch,0.013016423041656983,0.002631493002712121,4.946402300230988,,
M6.A[4.05],M6,detune-200,0.04216863079738205,0.002631493002712121,16.024603050025743,,
M6.A[4.05],M6,detune+200,0.34573801084944766,0.002631493002712121,131.38473501282974,,
M6.A[4.05],M6,open_all,0.14357708755603346,0.002631493002712121,54.56107517977712,True,False
M6.A[4.05],M6,short_all,0.14721079211848287,0.002631493002712121,55.94192801073824,True,False
M6.A[4.05],M6,one_open,0.023770181081479644,0.002631493002712121,9.032963818251142,True,False
M6.N[4.05],M6,shift-20,0.00895632124894652,0.0026319423007890863,3.4029322171163523,,
M6.N[4.05],M6,shift-10,0.004627618631349417,0.0026319423007890863,1.7582523104560477,,
M6.N[4.05],M6,shift-5,0.0023532340094845616,0.0026319423007890863,0.8941054706172834,,
M6.N[4.05],M6,shift-2,0.0009510394541916989,0.0026319423007890863,0.3613451001211411,,
M6.N[4.05],M6,shift+2,0.0009643733102975283,0.0026319423007890863,0.3664112659340587,,
M6.N[4.05],M6,shift+5,0.0024366186168768844,0.0026319423007890863,0.9257872469872757,,
M6.N[4.05],M6,shift+10,0.00496153175307687,0.0026319423007890863,1.8851217792993966,,
M6.N[4.05],M6,shift+20,0.010298008195871788,0.0026319423007890863,3.9127028707218727,,
M6.N[4.05],M6,band_shrink10,6.54382715945534e-05,0.0026319423007890863,0.024863110249390443,,
M6.N[4.05],M6,band_lo10,0.0024366186168768844,0.0026319423007890863,0.9257872469872757,,
M6.N[4.05],M6,band_hi10,0.0023532340094845616,0.0026319423007890863,0.8941054706172834,,
M6.N[4.05],M6,band_3.3-4.1,,0.0026319423007890863,,,
M6.N[4.05],M6,band_3.4-3.9,,0.0026319423007890863,,,
M6.N[4.05],M6,band_3.2-3.5_nodip,,0.0026319423007890863,,,
M6.N[4.05],M6,flatten_notch,0.01301642304165701,0.0026319423007890863,4.945557901385048,,
M6.N[4.05],M6,detune-200,0.0421679001474219,0.0026319423007890863,16.021589886214255,,
M6.N[4.05],M6,detune+200,0.3456839986087128,0.0026319423007890863,131.34178454636822,,
M6.N[4.05],M6,open_all,0.14357562063995907,0.0026319423007890863,54.55120372392414,True,False
M6.N[4.05],M6,short_all,0.14720932444260493,0.0026319423007890863,55.93182054122915,True,False
M6.N[4.05],M6,one_open,0.023769683965111144,0.0026319423007890863,9.031232925579229,True,False
M6.A[4.10],M6,shift-20,0.006610014867345929,0.0009085362883965165,7.275454983765152,,
M6.A[4.10],M6,shift-10,0.0033964873403290463,0.0009085362883965165,3.738416818026648,,
M6.A[4.10],M6,shift-5,0.0017221520588361766,0.0009085362883965165,1.8955236910521402,,
M6.A[4.10],M6,shift-2,0.0006947400345951177,0.0009085362883965165,0.7646805564819765,,
M6.A[4.10],M6,shift+2,0.000702746659911338,0.0009085362883965165,0.7734932207844132,,
M6.A[4.10],M6,shift+5,0.001772213392093755,0.0009085362883965165,1.9506247738563638,,
M6.A[4.10],M6,shift+10,0.003596880768868299,0.0009085362883965165,3.9589841537496153,,
M6.A[4.10],M6,shift+20,0.007413968318524006,0.0009085362883965165,8.160343635375295,,
M6.A[4.10],M6,band_shrink10,3.940244618556854e-05,0.0009085362883965165,0.043369149574763004,,
M6.A[4.10],M6,band_lo10,0.001772213392093755,0.0009085362883965165,1.9506247738563638,,
M6.A[4.10],M6,band_hi10,0.0017221520588361766,0.0009085362883965165,1.8955236910521402,,
M6.A[4.10],M6,band_3.3-4.1,,0.0009085362883965165,,,
M6.A[4.10],M6,band_3.4-3.9,,0.0009085362883965165,,,
M6.A[4.10],M6,band_3.2-3.5_nodip,,0.0009085362883965165,,,
M6.A[4.10],M6,flatten_notch,0.009655997534999891,0.0009085362883965165,10.62808129771222,,
M6.A[4.10],M6,detune-200,0.021738239437201032,0.0009085362883965165,23.926660624163993,,
M6.A[4.10],M6,detune+200,0.1767090696827534,0.0009085362883965165,194.4986369170006,,
M6.A[4.10],M6,open_all,0.1218789207998746,0.0009085362883965165,134.1486546618625,True,False
M6.A[4.10],M6,short_all,0.12090546383016464,0.0009085362883965165,133.07719831813404,True,False
M6.A[4.10],M6,one_open,0.021182323035504616,0.0009085362883965165,23.314779284038814,True,False
M6.N[4.10],M6,shift-20,0.006609901355167841,0.000908875506461293,7.272614685044703,,
M6.N[4.10],M6,shift-10,0.0033964283601771728,0.000908875506461293,3.736956641510967,,
M6.N[4.10],M6,shift-5,0.001722121987344477,0.000908875506461293,1.8947831414772738,,
M6.N[4.10],M6,shift-2,0.0006947278630448639,0.000908875506461293,0.7643817641755877,,
M6.N[4.10],M6,shift+2,0.0007027342934773362,0.000908875506461293,0.773190924919335,,
M6.N[4.10],M6,shift+5,0.0017721821026955437,0.000908875506461293,1.9498623189830862,,
M6.N[4.10],M6,shift+10,0.003596816913265341,0.000908875506461293,3.957436290993855,,
M6.N[4.10],M6,shift+20,0.007413835243285163,0.000908875506461293,8.15715154669635,,
M6.N[4.10],M6,band_shrink10,3.940148801778731e-05,0.000908875506461293,0.04335190874622314,,
M6.N[4.10],M6,band_lo10,0.0017721821026955437,0.000908875506461293,1.9498623189830862,,
M6.N[4.10],M6,band_hi10,0.001722121987344477,0.000908875506461293,1.8947831414772738,,
M6.N[4.10],M6,band_3.3-4.1,,0.000908875506461293,,,
M6.N[4.10],M6,band_3.4-3.9,,0.000908875506461293,,,
M6.N[4.10],M6,band_3.2-3.5_nodip,,0.000908875506461293,,,
M6.N[4.10],M6,flatten_notch,0.009655997534999891,0.000908875506461293,10.624114596943556,,
M6.N[4.10],M6,detune-200,0.021737887743302403,0.000908875506461293,23.917343562199047,,
M6.N[4.10],M6,detune+200,0.17670382824695358,0.000908875506461293,194.42027757459323,,
M6.N[4.10],M6,open_all,0.12187782664075585,0.000908875506461293,134.09738272658177,True,False
M6.N[4.10],M6,short_all,0.12090437561469497,0.000908875506461293,133.0263328202519,True,False
M6.N[4.10],M6,one_open,0.021181959354838922,0.000908875506461293,23.305677404940624,True,False
M6.A[4.15],M6,shift-20,0.004195804426629771,0.0001961908855186989,21.38633716615683,,
M6.A[4.15],M6,shift-10,0.002385909599717642,0.0001961908855186989,12.161164334467728,,
M6.A[4.15],M6,shift-5,0.001266802231116193,0.0001961908855186989,6.456988191714209,,
M6.A[4.15],M6,shift-2,0.0005104100496459152,0.0001961908855186989,2.6015991940526115,,
M6.A[4.15],M6,shift+2,0.0005393092336168359,0.0001961908855186989,2.7489005525969477,,
M6.A[4.15],M6,shift+5,0.0013582530685688904,0.0001961908855186989,6.923120128531331,,
M6.A[4.15],M6,shift+10,0.0027504925635037925,0.0001961908855186989,14.01947168051109,,
M6.A[4.15],M6,shift+20,0.0056426228385766525,0.0001961908855186989,28.760881646761597,,
M6.A[4.15],M6,band_shrink10,2.626929273330525e-05,0.0001961908855186989,0.1338966010773295,,
M6.A[4.15],M6,band_lo10,0.0013582530685688904,0.0001961908855186989,6.923120128531331,,
M6.A[4.15],M6,band_hi10,0.0006920448052819411,0.0001961908855186989,3.5274054829421857,,
M6.A[4.15],M6,band_3.3-4.1,,0.0001961908855186989,,,
M6.A[4.15],M6,band_3.4-3.9,,0.0001961908855186989,,,
M6.A[4.15],M6,band_3.2-3.5_nodip,,0.0001961908855186989,,,
M6.A[4.15],M6,flatten_notch,0.005457762283605408,0.0001961908855186989,27.818633211099044,,
M6.A[4.15],M6,detune-200,0.006439619063624488,0.0001961908855186989,32.82323257066256,,
M6.A[4.15],M6,detune+200,0.11074727495166711,0.0001961908855186989,564.4873596388952,,
M6.A[4.15],M6,open_all,0.10924322807028292,0.0001961908855186989,556.8211172576158,True,False
M6.A[4.15],M6,short_all,0.10525805307216045,0.0001961908855186989,536.5083744531462,True,False
M6.A[4.15],M6,one_open,0.017559541440355708,0.0001961908855186989,89.5023303143311,True,False
M6.N[4.15],M6,shift-20,0.004195740107942186,0.00019596633302298994,21.41051497580434,,
M6.N[4.15],M6,shift-10,0.0023858727976334843,0.00019596633302298994,12.17491168421049,,
M6.N[4.15],M6,shift-5,0.00126678262453353,0.00019596633302298994,6.464287028246411,,
M6.N[4.15],M6,shift-2,0.0005104021181725205,0.00019596633302298994,2.6045398222185554,,
M6.N[4.15],M6,shift+2,0.0005393008350755013,0.00019596633302298994,2.7520075859777036,,
M6.N[4.15],M6,shift+5,0.001358231831440626,0.00019596633302298994,6.930944772443561,,
M6.N[4.15],M6,shift+10,0.002750449267918162,0.00019596633302298994,14.035315278341667,,
M6.N[4.15],M6,shift+20,0.005642532817417473,0.00019596633302298994,28.793378588941167,,
M6.N[4.15],M6,band_shrink10,2.6268612927163315e-05,0.00019596633302298994,0.13404656055936706,,
M6.N[4.15],M6,band_lo10,0.001358231831440626,0.00019596633302298994,6.930944772443561,,
M6.N[4.15],M6,band_hi10,0.00069203387573466,0.00019596633302298994,3.5313916684529354,,
M6.N[4.15],M6,band_3.3-4.1,,0.00019596633302298994,,,
M6.N[4.15],M6,band_3.4-3.9,,0.00019596633302298994,,,
M6.N[4.15],M6,band_3.2-3.5_nodip,,0.00019596633302298994,,,
M6.N[4.15],M6,flatten_notch,0.005457762283605422,0.00019596633302298994,27.850509826936143,,
M6.N[4.15],M6,detune-200,0.006439521363723388,0.00019596633302298994,32.86034526638783,,
M6.N[4.15],M6,detune+200,0.1107450181302136,0.00019596633302298994,565.1226739912588,,
M6.N[4.15],M6,open_all,0.10924239433174614,0.00019596633302298994,557.454908945662,True,False
M6.N[4.15],M6,short_all,0.10525721903598036,0.00019596633302298994,537.1188888023538,True,False
M6.N[4.15],M6,one_open,0.01755926443140557,0.00019596633302298994,89.60347504867374,True,False
M7.D,M7,shift-20,0.0046574116653114285,0.003103942106531865,1.5004827749559109,,
M7.D,M7,shift-10,0.0011896497130689896,0.003103942106531865,0.3832705869627909,,
M7.D,M7,shift-5,0.0008103278836444679,0.003103942106531865,0.26106411003582586,,
M7.D,M7,shift-2,0.0003844203107054552,0.003103942106531865,0.12384905952224104,,
M7.D,M7,shift+2,0.00046187625609999793,0.003103942106531865,0.14880311560194245,,
M7.D,M7,shift+5,0.0012949635288427492,0.003103942106531865,0.4171996398121142,,
M7.D,M7,shift+10,0.0030337767232461884,0.003103942106531865,0.9773947512944838,,
M7.D,M7,shift+20,0.007649975799098346,0.003103942106531865,2.4646000268496993,,
M7.D,M7,band_shrink10,0.0003511615426114007,0.003103942106531865,0.11313405036531587,,
M7.D,M7,band_lo10,0.0003327418776092137,0.003103942106531865,0.10719976925761575,,
M7.D,M7,band_hi10,0.00036893486427486437,0.003103942106531865,0.11886009842080696,,
M7.D,M7,band_3.3-4.1,0.002448629292394903,0.003103942106531865,0.7888772433100679,,
M7.D,M7,band_3.4-3.9,0.005705369863414814,0.003103942106531865,1.83810447089479,,
M7.D,M7,band_3.2-3.5_nodip,0.002449855083396189,0.003103942106531865,0.7892721575704553,,
M7.D,M7,flatten_notch,0.0050070046922525745,0.003103942106531865,1.6131114951261327,,
M7.D,M7,detune-200,0.15449888754389943,0.003103942106531865,49.77505450851531,,
M7.D,M7,detune+200,0.14948415708993892,0.003103942106531865,48.159453997343526,,
M7.D,M7,open_all,2.70288045075402,0.003103942106531865,870.7895824043044,True,False
M7.D,M7,short_all,0.43614022490573123,0.003103942106531865,140.5117137938648,True,False
M7.D,M7,one_open,0.45008056123659584,0.003103942106531865,145.00288529526907,True,False
M7.D_pow,M7,shift-20,0.002049821020485744,0.0008203266505409911,2.4987863299746786,,
M7.D_pow,M7,shift-10,0.0005221183722838735,0.0008203266505409911,0.6364761792629138,,
M7.D_pow,M7,shift-5,0.00036131131691082973,0.0008203266505409911,0.4404481028045977,,
M7.D_pow,M7,shift-2,0.00017271859230995204,0.0008203266505409911,0.21054855671950576,,
M7.D_pow,M7,shift+2,0.00020909308737144822,0.0008203266505409911,0.25489003341968103,,
M7.D_pow,M7,shift+5,0.0005890607232583796,0.0008203266505409911,0.7180806851391508,,
M7.D_pow,M7,shift+10,0.0013897490283216844,0.0008203266505409911,1.694141019806158,,
M7.D_pow,M7,shift+20,0.003552580757561301,0.0008203266505409911,4.330690408776109,,
M7.D_pow,M7,band_shrink10,0.00010314363377432966,0.0008203266505409911,0.12573483222361267,,
M7.D_pow,M7,band_lo10,0.00010277951279725269,0.0008203266505409911,0.12529095907035495,,
M7.D_pow,M7,band_hi10,0.00010354918867191629,0.0008203266505409911,0.1262292144277251,,
M7.D_pow,M7,band_3.3-4.1,0.0006777289087868375,0.0008203266505409911,0.8261695610399675,,
M7.D_pow,M7,band_3.4-3.9,0.0015729096587975668,0.0008203266505409911,1.9174186987101545,,
M7.D_pow,M7,band_3.2-3.5_nodip,0.0007034219164955651,0.0008203266505409911,0.857490020629795,,
M7.D_pow,M7,flatten_notch,0.004396777113991441,0.0008203266505409911,5.3597882149651515,,
M7.D_pow,M7,detune-200,0.1025500063032975,0.0008203266505409911,125.01118455150464,,
M7.D_pow,M7,detune+200,0.10308536424112276,0.0008203266505409911,125.66380011321071,,
M7.D_pow,M7,open_all,0.3068683680766672,0.0008203266505409911,374.08070050423555,True,False
M7.D_pow,M7,short_all,0.3065950434044641,0.0008203266505409911,373.7475104609487,True,False
M7.D_pow,M7,one_open,0.051193490424750104,0.0008203266505409911,62.4062260941893,True,False
M7.D0,M7,shift-20,0.004582401574277658,0.0030875442010913742,1.4841574001298141,,
M7.D0,M7,shift-10,0.0011703114404494107,0.0030875442010913742,0.37904281339056883,,
M7.D0,M7,shift-5,0.0007853664112283951,0.0030875442010913742,0.2543660463065716,,
M7.D0,M7,shift-2,0.00037339840509206367,0.0030875442010913742,0.120937023333974,,
M7.D0,M7,shift+2,0.00044953455893402203,0.0030875442010913742,0.14559615333607925,,
M7.D0,M7,shift+5,0.0012617618534304944,0.0030875442010913742,0.4086619563161205,,
M7.D0,M7,shift+10,0.0029600962729971745,0.0030875442010913742,0.9587219097789272,,
M7.D0,M7,shift+20,0.007477966593335295,0.0030875442010913742,2.421978798130893,,
M7.D0,M7,band_shrink10,0.00034571748509721863,0.0030875442010913742,0.11197167152295848,,
M7.D0,M7,band_lo10,0.0003272999762386369,0.0030875442010913742,0.10600657186476684,,
M7.D0,M7,band_hi10,0.0003634895481543724,0.0030875442010913742,0.11772772290219762,,
M7.D0,M7,band_3.3-4.1,0.0024119082459538566,0.0030875442010913742,0.7811736735951194,,
M7.D0,M7,band_3.4-3.9,0.00561789146587089,0.0030875442010913742,1.819533940238037,,
M7.D0,M7,band_3.2-3.5_nodip,0.0024054682394565375,0.0030875442010913742,0.7790878713918528,,
M7.D0,M7,flatten_notch,0.005007004692252574,0.0030875442010913742,1.6216787084320008,,
M7.D0,M7,detune-200,0.1538083379268932,0.0030875442010913742,49.815752555874525,,
M7.D0,M7,detune+200,0.14883121939850907,0.0030875442010913742,48.20375343805628,,
M7.D0,M7,open_all,2.7025886629850238,0.0030875442010913742,875.3198292771718,True,False
M7.D0,M7,short_all,0.435848526177308,0.0030875442010913742,141.1634936345999,True,False
M7.D0,M7,one_open,0.449985007696393,0.0030875442010913742,145.74204558345556,True,False
M7.D1,M7,shift-20,3.647284876440699e-05,7.5179224161762545e-06,4.851453200145913,,
M7.D1,M7,shift-10,2.0043481397843298e-05,7.5179224161762545e-06,2.666093142264397,,
M7.D1,M7,shift-5,1.2215986898836632e-05,7.5179224161762545e-06,1.6249152654929757,,
M7.D1,M7,shift-2,5.391466562303484e-06,7.5179224161762545e-06,0.7171484705272706,,
M7.D1,M7,shift+2,6.0343536730375525e-06,7.5179224161762545e-06,0.8026624031199738,,
M7.D1,M7,shift+5,1.622950875650641e-05,7.5179224161762545e-06,2.1587757704955166,,
M7.D1,M7,shift+10,3.600572768315196e-05,7.5179224161762545e-06,4.789318868957562,,
M7.D1,M7,shift+20,8.403133252008372e-05,7.5179224161762545e-06,11.177467373070273,,
M7.D1,M7,band_shrink10,2.6613371676003245e-06,7.5179224161762545e-06,0.35399901997843797,,
M7.D1,M7,band_lo10,2.6604840055687797e-06,7.5179224161762545e-06,0.35388553622796604,,
M7.D1,M7,band_hi10,2.6618052360888305e-06,7.5179224161762545e-06,0.35406128032944917,,
M7.D1,M7,band_3.3-4.1,1.7952278681102785e-05,7.5179224161762545e-06,2.38793082547314,,
M7.D1,M7,band_3.4-3.9,4.2810977048285165e-05,7.5179224161762545e-06,5.694522326563137,,
M7.D1,M7,band_3.2-3.5_nodip,2.1930415921845845e-05,7.5179224161762545e-06,2.9170846289472663,,
M7.D1,M7,flatten_notch,0.0,7.5179224161762545e-06,0.0,,
M7.D1,M7,detune-200,0.00033707186180905076,7.5179224161762545e-06,44.83577285710955,,
M7.D1,M7,detune+200,0.00032105197469205427,7.5179224161762545e-06,42.704880007972584,,
M7.D1,M7,open_all,0.00014221014593910358,7.5179224161762545e-06,18.916149710871068,True,False
M7.D1,M7,short_all,0.0001421683454979892,7.5179224161762545e-06,18.91058960545891,True,False
M7.D1,M7,one_open,4.733612779507534e-05,7.5179224161762545e-06,6.296437389832937,True,False
M7.D2,M7,shift-20,3.434606392149756e-07,2.9363520433327977e-07,1.1696848134910394,,
M7.D2,M7,shift-10,1.9521905477945852e-07,2.9363520433327977e-07,0.6648353191257079,,
M7.D2,M7,shift-5,1.188632970784089e-07,2.9363520433327977e-07,0.40479920433347466,,
M7.D2,M7,shift-2,5.235230933902142e-08,2.9363520433327977e-07,0.17829030227452178,,
M7.D2,M7,shift+2,5.833548771741723e-08,2.9363520433327977e-07,0.1986665319980015,,
M7.D2,M7,shift+5,1.562155647615279e-07,2.9363520433327977e-07,0.5320055717304972,,
M7.D2,M7,shift+10,3.434132516221312e-07,2.9363520433327977e-07,1.1695234309587508,,
M7.D2,M7,shift+20,7.826187393576555e-07,2.9363520433327977e-07,2.6652755793864995,,
M7.D2,M7,band_shrink10,3.739512472527577e-08,2.9363520433327977e-07,0.12735232074840666,,
M7.D2,M7,band_lo10,3.727648416615587e-08,2.9363520433327977e-07,0.1269482800973911,,
M7.D2,M7,band_hi10,3.7327079799432365e-08,2.9363520433327977e-07,0.12712058788790748,,
M7.D2,M7,band_3.3-4.1,2.2949205111989953e-07,2.9363520433327977e-07,0.7815549625290266,,
M7.D2,M7,band_3.4-3.9,4.837098335073629e-07,2.9363520433327977e-07,1.6473155342720622,,
M7.D2,M7,band_3.2-3.5_nodip,3.421859775153e-07,2.9363520433327977e-07,1.1653438431957037,,
M7.D2,M7,flatten_notch,0.0,2.9363520433327977e-07,0.0,,
M7.D2,M7,detune-200,4.254776038799659e-06,2.9363520433327977e-07,14.490006566005734,,
M7.D2,M7,detune+200,3.461637148305718e-06,2.9363520433327977e-07,11.788903705077253,,
M7.D2,M7,open_all,1.2107870617631065e-06,2.9363520433327977e-07,4.123439709868192,True,False
M7.D2,M7,short_all,1.2094624228132733e-06,2.9363520433327977e-07,4.1189285377393565,True,False
M7.D2,M7,one_open,4.0313375878258037e-07,2.9363520433327977e-07,1.3729067660600338,True,True
M7.D3,M7,shift-20,1.3774722265263043e-06,7.747901994728195e-07,1.777864804515545,,
M7.D3,M7,shift-10,5.25486393946643e-07,7.747901994728195e-07,0.6782305639696953,,
M7.D3,M7,shift-5,3.218468252678626e-07,7.747901994728195e-07,0.4153986788770078,,
M7.D3,M7,shift-2,1.4441411092140476e-07,7.747901994728195e-07,0.1863912463266399,,
M7.D3,M7,shift+2,1.6901998643269065e-07,7.747901994728195e-07,0.2181493603658058,,
M7.D3,M7,shift+5,4.669072697943055e-07,7.747901994728195e-07,0.6026241298767037,,
M7.D3,M7,shift+10,1.0721898468787788e-06,7.747901994728195e-07,1.3838453914470201,,
M7.D3,M7,shift+20,2.625373174168832e-06,7.747901994728195e-07,3.3884955901032057,,
M7.D3,M7,band_shrink10,1.208174697857892e-07,7.747901994728195e-07,0.15593572281631268,,
M7.D3,M7,band_lo10,1.206887866428664e-07,7.747901994728195e-07,0.1557696350895831,,
M7.D3,M7,band_hi10,1.2072315891012473e-07,7.747901994728195e-07,0.1558139984117853,,
M7.D3,M7,band_3.3-4.1,8.007611500535326e-07,7.747901994728195e-07,1.0335199781803954,,
M7.D3,M7,band_3.4-3.9,1.799247777684137e-06,7.747901994728195e-07,2.322238689787733,,
M7.D3,M7,band_3.2-3.5_nodip,4.6459256784644426e-07,7.747901994728195e-07,0.5996366089330518,,
M7.D3,M7,flatten_notch,0.0,7.747901994728195e-07,0.0,,
M7.D3,M7,detune-200,9.375817304131597e-06,7.747901994728195e-07,12.101104673898899,,
M7.D3,M7,detune+200,8.249315951197575e-06,7.747901994728195e-07,10.647160943453532,,
M7.D3,M7,open_all,4.945902994321826e-06,7.747901994728195e-07,6.383538405218733,True,False
M7.D3,M7,short_all,4.943112581625175e-06,7.747901994728195e-07,6.379936897741548,True,False
M7.D3,M7,one_open,1.6481292913104342e-06,7.747901994728195e-07,2.1271942939286657,True,False
M7.D3[k3],M7,shift-20,4.9263646085430425e-06,2.6470594934878007e-06,1.8610706033100899,,
M7.D3[k3],M7,shift-10,2.490657555234856e-06,2.6470594934878007e-06,0.9409148382808474,,
M7.D3[k3],M7,shift-5,1.430490216116662e-06,2.6470594934878007e-06,0.5404072782028141,,
M7.D3[k3],M7,shift-2,6.139274135686534e-07,2.6470594934878007e-06,0.23192807531489765,,
M7.D3[k3],M7,shift+2,6.661520861064345e-07,2.6470594934878007e-06,0.2516573910579938,,
M7.D3[k3],M7,shift+5,1.757170228351361e-06,2.6470594934878007e-06,0.6638196960341417,,
M7.D3[k3],M7,shift+10,3.7962008074035445e-06,2.6470594934878007e-06,1.4341199420499688,,
M7.D3[k3],M7,shift+20,8.547330607360346e-06,2.6470594934878007e-06,3.2289907455378986,,
M7.D3[k3],M7,band_shrink10,1.110178345055986e-07,2.6470594934878007e-06,0.04194006019839019,,
M7.D3[k3],M7,band_lo10,6.540430660245285e-07,2.6470594934878007e-06,0.2470828735181742,,
M7.D3[k3],M7,band_hi10,6.513675089866622e-07,2.6470594934878007e-06,0.24607210778191152,,
M7.D3[k3],M7,band_3.3-4.1,,2.6470594934878007e-06,,,
M7.D3[k3],M7,band_3.4-3.9,,2.6470594934878007e-06,,,
M7.D3[k3],M7,band_3.2-3.5_nodip,,2.6470594934878007e-06,,,
M7.D3[k3],M7,flatten_notch,0.0,2.6470594934878007e-06,0.0,,
M7.D3[k3],M7,detune-200,1.3790989872399884e-05,2.6470594934878007e-06,5.2099281887422535,,
M7.D3[k3],M7,detune+200,2.912638886754804e-05,2.6470594934878007e-06,11.003299676189267,,
M7.D3[k3],M7,open_all,1.7821605464393914e-05,2.6470594934878007e-06,6.732604804779786,True,False
M7.D3[k3],M7,short_all,1.781677339356927e-05,2.6470594934878007e-06,6.7307793562636,True,False
M7.D3[k3],M7,one_open,5.93917697256961e-06,2.6470594934878007e-06,2.243688510659075,True,True
M8.s1^2,M8,shift-20,0.00085587368715212,0.002495357248600394,0.342986435161605,,
M8.s1^2,M8,shift-10,0.0004326543212218592,0.002495357248600394,0.1733837194912785,,
M8.s1^2,M8,shift-5,0.0002174753279017283,0.002495357248600394,0.08715198115368321,,
M8.s1^2,M8,shift-2,8.667987653454556e-05,0.002495357248600394,0.03473645971259744,,
M8.s1^2,M8,shift+2,8.879282913465403e-05,0.002495357248600394,0.035583213259126126,,
M8.s1^2,M8,shift+5,0.00022048610778735434,0.002495357248600394,0.08835853379752398,,
M8.s1^2,M8,shift+10,0.00044477839393353147,0.002495357248600394,0.17824237158146417,,
M8.s1^2,M8,shift+20,0.0009051969749472866,0.002495357248600394,0.362752457771326,,
M8.s1^2,M8,band_shrink10,0.03988779732797765,0.002495357248600394,15.984804320243155,,
M8.s1^2,M8,band_lo10,0.03508291853282486,0.002495357248600394,14.059276904139601,,
M8.s1^2,M8,band_hi10,0.04262369663615928,0.002495357248600394,17.0812001608452,,
M8.s1^2,M8,band_3.3-4.1,0.21330208417806817,0.002495357248600394,85.47957784309477,,
M8.s1^2,M8,band_3.4-3.9,0.3849824621268668,0.002495357248600394,154.2794973917251,,
M8.s1^2,M8,band_3.2-3.5_nodip,0.22973459773163718,0.002495357248600394,92.06481270787646,,
M8.s1^2,M8,flatten_notch,0.046993834541848134,0.002495357248600394,18.832507677289986,,
M8.s1^2,M8,detune-200,0.006065201685062749,0.002495357248600394,2.4305945324921407,,
M8.s1^2,M8,detune+200,0.01342415765958549,0.002495357248600394,5.379653621586603,,
M8.s1^2,M8,open_all,0.4606053968433048,0.002495357248600394,184.58495155419172,True,False
M8.s1^2,M8,short_all,0.46202112121072103,0.002495357248600394,185.15229491483086,True,False
M8.s1^2,M8,one_open,0.43526788599185395,0.002495357248600394,174.431090472512,True,False
M8.s2^2,M8,shift-20,0.0008348275095723112,0.003384684467592214,0.24664854805983974,,
M8.s2^2,M8,shift-10,0.000422457383600916,0.003384684467592214,0.12481440667390849,,
M8.s2^2,M8,shift-5,0.00021245805707059695,0.003384684467592214,0.06277041748052063,,
M8.s2^2,M8,shift-2,8.925940496928852e-05,0.003384684467592214,0.026371558656037915,,
M8.s2^2,M8,shift+2,8.737248713797108e-05,0.003384684467592214,0.025814071584677387,,
M8.s2^2,M8,shift+5,0.0002155585955221362,0.003384684467592214,0.06368646696200889,,
M8.s2^2,M8,shift+10,0.00043494133570964877,0.003384684467592214,0.1285027717868945,,
M8.s2^2,M8,shift+20,0.0008855986143819772,0.003384684467592214,0.2616487955853597,,
M8.s2^2,M8,band_shrink10,0.04020430829037269,0.003384684467592214,11.878303184631301,,
M8.s2^2,M8,band_lo10,0.03550743107834953,0.003384684467592214,10.490617786776648,,
M8.s2^2,M8,band_hi10,0.0427896288337426,0.003384684467592214,12.642132300202904,,
M8.s2^2,M8,band_3.3-4.1,0.21487009160331266,0.003384684467592214,63.48304950155849,,
M8.s2^2,M8,band_3.4-3.9,0.38808204409242697,0.003384684467592214,114.65826366039359,,
M8.s2^2,M8,band_3.2-3.5_nodip,0.23111510369744276,0.003384684467592214,68.28261420239645,,
M8.s2^2,M8,flatten_notch,0.046339380766624916,0.003384684467592214,13.690901237712618,,
M8.s2^2,M8,detune-200,0.005750446534673936,0.003384684467592214,1.6989608897767274,,
M8.s2^2,M8,detune+200,0.013209647400601265,0.003384684467592214,3.9027707093767305,,
M8.s2^2,M8,open_all,0.45220634859641795,0.003384684467592214,133.6036942073088,True,False
M8.s2^2,M8,short_all,0.4531926546278503,0.003384684467592214,133.8950968597203,True,False
M8.s2^2,M8,one_open,0.0038595888756307595,0.003384684467592214,1.1403098021649214,True,True
M8.s3^2,M8,shift-20,0.0008552028560929736,0.00473249218065297,0.18070877318913525,,
M8.s3^2,M8,shift-10,0.0004326698833673204,0.00473249218065297,0.09142537733842011,,
M8.s3^2,M8,shift-5,0.00021757042891434875,0.00473249218065297,0.04597375349161787,,
M8.s3^2,M8,shift-2,8.753345413914371e-05,0.00473249218065297,0.018496270209804384,,
M8.s3^2,M8,shift+2,8.777087454625576e-05,0.00473249218065297,0.01854643836604195,,
M8.s3^2,M8,shift+5,0.00022071074218676934,0.00473249218065297,0.04663731787852982,,
M8.s3^2,M8,shift+10,0.00044531110496004445,0.00473249218065297,0.09409653264310355,,
M8.s3^2,M8,shift+20,0.0009065842755058284,0.00473249218065297,0.19156593204993774,,
M8.s3^2,M8,band_shrink10,0.04024679800910136,0.00473249218065297,8.504355944556103,,
M8.s3^2,M8,band_lo10,0.035453680332852455,0.00473249218065297,7.491545464732432,,
M8.s3^2,M8,band_hi10,0.04293439900090268,0.00473249218065297,9.072259892245352,,
M8.s3^2,M8,band_3.3-4.1,0.21536224783801905,0.00473249218065297,45.50715344410865,,
M8.s3^2,M8,band_3.4-3.9,0.38875008724357785,0.00473249218065297,82.14489795309915,,
M8.s3^2,M8,band_3.2-3.5_nodip,0.23410671886202172,0.00473249218065297,49.46795682390766,,
M8.s3^2,M8,flatten_notch,0.04624705738404966,0.00473249218065297,9.772241689719745,,
M8.s3^2,M8,detune-200,0.00600513962362037,0.00473249218065297,1.2689169668721578,,
M8.s3^2,M8,detune+200,0.013423293877908749,0.00473249218065297,2.836411211155273,,
M8.s3^2,M8,open_all,0.445315835737378,0.00473249218065297,94.09753228074752,True,False
M8.s3^2,M8,short_all,0.44575372156516446,0.00473249218065297,94.19005981403676,True,False
M8.s3^2,M8,one_open,0.002182647949356964,0.00473249218065297,0.46120476612299677,True,True
M8.s4^2,M8,shift-20,0.0008596324639768005,0.004992895005963893,0.17217114779100906,,
M8.s4^2,M8,shift-10,0.0004348722961171614,0.004992895005963893,0.0870982256982606,,
M8.s4^2,M8,shift-5,0.0002186682554891073,0.004992895005963893,0.04379588499816505,,
M8.s4^2,M8,shift-2,8.922761313445715e-05,0.004992895005963893,0.01787091717888658,,
M8.s4^2,M8,shift+2,8.889025734015732e-05,0.004992895005963893,0.017803350007156177,,
M8.s4^2,M8,shift+5,0.00022189523493254537,0.004992895005963893,0.04444219929870282,,
M8.s4^2,M8,shift+10,0.00044786334002655526,0.004992895005963893,0.08970013178558597,,
M8.s4^2,M8,shift+20,0.0009124446110974072,0.004992895005963893,0.18274860777314844,,
M8.s4^2,M8,band_shrink10,0.04087507953652503,0.004992895005963893,8.186649125948117,,
M8.s4^2,M8,band_lo10,0.03600561303906291,0.004992895005963893,7.211369955918374,,
M8.s4^2,M8,band_hi10,0.04360146026730005,0.004992895005963893,8.732701211465322,,
M8.s4^2,M8,band_3.3-4.1,0.2194441715751893,0.004992895005963893,43.95128904434572,,
M8.s4^2,M8,band_3.4-3.9,0.3977219679978484,0.004992895005963893,79.6575869355913,,
M8.s4^2,M8,band_3.2-3.5_nodip,0.2328077708866646,0.004992895005963893,46.62781224291344,,
M8.s4^2,M8,flatten_notch,0.04480014281275624,0.004992895005963893,8.972778870623864,,
M8.s4^2,M8,detune-200,0.006064868363937492,0.004992895005963893,1.2146997596971603,,
M8.s4^2,M8,detune+200,0.013631657329313818,0.004992895005963893,2.730211092568766,,
M8.s4^2,M8,open_all,0.4434219234358705,0.004992895005963893,88.81058442170598,True,False
M8.s4^2,M8,short_all,0.4437037553118477,0.004992895005963893,88.8670310074324,True,False
M8.s4^2,M8,one_open,0.003326834318042482,0.004992895005963893,0.6663136945737209,True,True
M8.s5^2,M8,shift-20,0.0008631214154055655,0.005345063905122238,0.1614800927970994,,
M8.s5^2,M8,shift-10,0.00043663562960516433,0.005345063905122238,0.08168950593588437,,
M8.s5^2,M8,shift-5,0.0002195545282903666,0.005345063905122238,0.04107612784198237,,
M8.s5^2,M8,shift-2,8.800271746689514e-05,0.005345063905122238,0.016464296597569414,,
M8.s5^2,M8,shift+2,9.0028470604131e-05,0.005345063905122238,0.016843291717776404,,
M8.s5^2,M8,shift+5,0.00022279394002866493,0.005345063905122238,0.0416821845320051,,
M8.s5^2,M8,shift+10,0.00044967689957953194,0.005345063905122238,0.0841293776017535,,
M8.s5^2,M8,shift+20,0.000916139406035521,0.005345063905122238,0.17139914925199937,,
M8.s5^2,M8,band_shrink10,0.04100566669989936,0.005345063905122238,7.671688763272435,,
M8.s5^2,M8,band_lo10,0.03611170162389776,0.005345063905122238,6.756084167542223,,
M8.s5^2,M8,band_hi10,0.043720739863229885,0.005345063905122238,8.179647734675685,,
M8.s5^2,M8,band_3.3-4.1,0.22027973734169365,0.005345063905122238,41.211806117153614,,
M8.s5^2,M8,band_3.4-3.9,0.3990707821041076,0.005345063905122238,74.6615548827533,,
M8.s5^2,M8,band_3.2-3.5_nodip,0.23444008137190392,0.005345063905122238,43.861043671945104,,
M8.s5^2,M8,flatten_notch,0.044794289754387706,0.005345063905122238,8.380496575814707,,
M8.s5^2,M8,detune-200,0.0060888360847513034,0.005345063905122238,1.1391512230408134,,
M8.s5^2,M8,detune+200,0.013689739310511317,0.005345063905122238,2.561192822669955,,
M8.s5^2,M8,open_all,0.4369842921301753,0.005345063905122238,81.75473668545068,True,False
M8.s5^2,M8,short_all,0.43571560101030926,0.005345063905122238,81.51737916412146,True,False
M8.s5^2,M8,one_open,0.0014544600778878536,0.005345063905122238,0.27211275743476654,True,True
M8.s6^2,M8,shift-20,0.0008694190567771765,0.005720634979541672,0.15197946729452624,,
M8.s6^2,M8,shift-10,0.00043997820891594763,0.005720634979541672,0.07691072940144102,,
M8.s6^2,M8,shift-5,0.00022127264195481722,0.005720634979541672,0.03867973446062192,,
M8.s6^2,M8,shift-2,8.969332469521696e-05,0.005720634979541672,0.015678910648202735,,
M8.s6^2,M8,shift+2,9.647630689146869e-05,0.005720634979541672,0.01686461507096511,,
M8.s6^2,M8,shift+5,0.00022455721382497185,0.005720634979541672,0.03925389657407629,,
M8.s6^2,M8,shift+10,0.00045320129762282946,0.005720634979541672,0.07922220159887551,,
M8.s6^2,M8,shift+20,0.0009231765958760407,0.005720634979541672,0.16137659528663095,,
M8.s6^2,M8,band_shrink10,0.04148684008341619,0.005720634979541672,7.252139007607167,,
M8.s6^2,M8,band_lo10,0.036584627246704526,0.005720634979541672,6.395203920113712,,
M8.s6^2,M8,band_hi10,0.044143556902526915,0.005720634979541672,7.716548435688449,,
M8.s6^2,M8,band_3.3-4.1,0.22161799221458783,0.005720634979541672,38.740103678550646,,
M8.s6^2,M8,band_3.4-3.9,0.4007751765305523,0.005720634979541672,70.05781315602516,,
M8.s6^2,M8,band_3.2-3.5_nodip,0.23778692976528276,0.005720634979541672,41.56652725015044,,
M8.s6^2,M8,flatten_notch,0.04418640778291827,0.005720634979541672,7.724039016811804,,
M8.s6^2,M8,detune-200,0.006059256979522143,0.005720634979541672,1.0591930792982707,,
M8.s6^2,M8,detune+200,0.013754193936026726,0.005720634979541672,2.4043124557352353,,
M8.s6^2,M8,open_all,0.4283882416259167,0.005720634979541672,74.88473625007245,True,False
M8.s6^2,M8,short_all,0.4289628640913491,0.005720634979541672,74.98518357235177,True,False
M8.s6^2,M8,one_open,0.001681986030972582,0.005720634979541672,0.2940208625419656,True,True
M8.lam0^2,M8,shift-20,0.0008685787732883865,0.00438539962986173,0.1980614873440331,,
M8.lam0^2,M8,shift-10,0.00043955744162205157,0.00438539962986173,0.10023201503209654,,
M8.lam0^2,M8,shift-5,0.0002210621264603363,0.00438539962986173,0.05040866172265041,,
M8.lam0^2,M8,shift-2,8.923766641577568e-05,0.00438539962986173,0.020348810586867612,,
M8.lam0^2,M8,shift+2,8.892438761609611e-05,0.00438539962986173,0.020277373813455596,,
M8.lam0^2,M8,shift+5,0.00022434785866876084,0.00438539962986173,0.05115790523196501,,
M8.lam0^2,M8,shift+10,0.00045278503821122307,0.00438539962986173,0.10324829580593985,,
M8.lam0^2,M8,shift+20,0.0009223530282472803,0.00438539962986173,0.21032359786931473,,
M8.lam0^2,M8,band_shrink10,0.04074267852036384,0.00438539962986173,9.290528106704938,,
M8.lam0^2,M8,band_lo10,0.03584586246801069,0.00438539962986173,8.173910132140202,,
M8.lam0^2,M8,band_hi10,0.04345581538469856,0.00438539962986173,9.909203049316785,,
M8.lam0^2,M8,band_3.3-4.1,0.21738648860055315,0.00438539962986173,49.57050826572156,,
M8.lam0^2,M8,band_3.4-3.9,0.3962965492963385,0.00438539962986173,90.36726016890587,,
M8.lam0^2,M8,band_3.2-3.5_nodip,0.22491564073258735,0.00438539962986173,51.287376229308165,,
M8.lam0^2,M8,flatten_notch,0.04624179890842528,0.00438539962986173,10.54448917119174,,
M8.lam0^2,M8,detune-200,0.0060399259605380395,0.00438539962986173,1.3772806289784987,,
M8.lam0^2,M8,detune+200,0.013744455075425766,0.00438539962986173,3.134139698885121,,
M8.lam0^2,M8,open_all,0.44706341572789765,0.00438539962986173,101.9435977245233,True,False
M8.lam0^2,M8,short_all,0.4474635604782994,0.00438539962986173,102.03484248764067,True,False
M8.lam0^2,M8,one_open,0.07500990644195338,0.00438539962986173,17.10446316709303,True,False
M8.lam1^2,M8,shift-20,0.000860642795157629,0.004278185242277965,0.2011700631035253,,
M8.lam1^2,M8,shift-10,0.00043538483305938236,0.004278185242277965,0.10176857905936702,,
M8.lam1^2,M8,shift-5,0.0002189263228282723,0.004278185242277965,0.05117270768567811,,
M8.lam1^2,M8,shift-2,8.837436784570052e-05,0.004278185242277965,0.02065697552606316,,
M8.lam1^2,M8,shift+2,8.805889856455806e-05,0.004278185242277965,0.020583236484091598,,
M8.lam1^2,M8,shift+5,0.00022216210391934332,0.004278185242277965,0.051929052001743324,,
M8.lam1^2,M8,shift+10,0.00044841096149417226,0.004278185242277965,0.1048133580245373,,
M8.lam1^2,M8,shift+20,0.0009135942220204196,0.004278185242277965,0.21354713979938994,,
M8.lam1^2,M8,band_shrink10,0.040666762679621105,0.004278185242277965,9.50561052797416,,
M8.lam1^2,M8,band_lo10,0.035789188766141344,0.004278185242277965,8.365507040804294,,
M8.lam1^2,M8,band_hi10,0.04339595805151841,0.004278185242277965,10.143543487240812,,
M8.lam1^2,M8,band_3.3-4.1,0.2182299068364814,0.004278185242277965,51.00992464746164,,
M8.lam1^2,M8,band_3.4-3.9,0.3954704836271222,0.004278185242277965,92.43884059039709,,
M8.lam1^2,M8,band_3.2-3.5_nodip,0.22942240923425444,0.004278185242277965,53.62610458449809,,
M8.lam1^2,M8,flatten_notch,0.04584873800658995,0.004278185242277965,10.716866009798421,,
M8.lam1^2,M8,detune-200,0.0060750975596386425,0.004278185242277965,1.420017417573039,,
M8.lam1^2,M8,detune+200,0.013653098258687879,0.004278185242277965,3.1913293804496745,,
M8.lam1^2,M8,open_all,0.4457640471843267,0.004278185242277965,104.19465776731418,True,False
M8.lam1^2,M8,short_all,0.4461708027767405,0.004278185242277965,104.28973443402654,True,False
M8.lam1^2,M8,one_open,0.07464338987835606,0.004278185242277965,17.44744223338291,True,False
M8.lam2^2,M8,shift-20,0.0008314339862937059,0.0045890564658925825,0.18117754542207185,,
M8.lam2^2,M8,shift-10,0.0004207749751709011,0.0045890564658925825,0.09169095614713893,,
M8.lam2^2,M8,shift-5,0.00021162037964350677,0.0045890564658925825,0.04611413723416587,,
M8.lam2^2,M8,shift-2,8.542652891418978e-05,0.0045890564658925825,0.018615270818545946,,
M8.lam2^2,M8,shift+2,8.510720605470201e-05,0.0045890564658925825,0.01854568726430967,,
M8.lam2^2,M8,shift+5,0.00021471905082581788,0.0045890564658925825,0.04678936779742903,,
M8.lam2^2,M8,shift+10,0.00043325140738492696,0.0045890564658925825,0.09440969197154093,,
M8.lam2^2,M8,shift+20,0.0008821744766419615,0.0045890564658925825,0.19223439136096496,,
M8.lam2^2,M8,band_shrink10,0.04054315729527891,0.0045890564658925825,8.834747969786239,,
M8.lam2^2,M8,band_lo10,0.035856897969770096,0.0045890564658925825,7.813566522066283,,
M8.lam2^2,M8,band_hi10,0.04310029020583639,0.0045890564658925825,9.391972081008875,,
M8.lam2^2,M8,band_3.3-4.1,0.21711870440294573,0.0045890564658925825,47.31227563152584,,
M8.lam2^2,M8,band_3.4-3.9,0.39190377824197387,0.0045890564658925825,85.39964176835372,,
M8.lam2^2,M8,band_3.2-3.5_nodip,0.23635595574721457,0.0045890564658925825,51.50425964550488,,
M8.lam2^2,M8,flatten_notch,0.04539267314223072,0.0045890564658925825,9.891504600042383,,
M8.lam2^2,M8,detune-200,0.005736022996449597,0.0045890564658925825,1.249935153136959,,
M8.lam2^2,M8,detune+200,0.01317998850994917,0.0045890564658925825,2.8720475783872557,,
M8.lam2^2,M8,open_all,0.4428504337305338,0.0045890564658925825,96.5014130948154,True,False
M8.lam2^2,M8,short_all,0.44325561050421325,0.0045890564658925825,96.5897050512755,True,False
M8.lam2^2,M8,one_open,0.07366394910791685,0.0045890564658925825,16.052090370953636,True,False
M8.lam3^2,M8,shift-20,0.0008853446527848918,0.004551244741270777,0.1945280254336949,,
M8.lam3^2,M8,shift-10,0.0004473906647453063,0.004551244741270777,0.09830072654374285,,
M8.lam3^2,M8,shift-5,0.00022484370821651556,0.004551244741270777,0.04940268453982015,,
M8.lam3^2,M8,shift-2,9.070636839214608e-05,0.004551244741270777,0.019930013336707415,,
M8.lam3^2,M8,shift+2,9.038582089349045e-05,0.004551244741270777,0.019859582604703732,,
M8.lam3^2,M8,shift+5,0.0002278916661240249,0.004551244741270777,0.050072382189755425,,
M8.lam3^2,M8,shift+10,0.000459662595863608,0.004551244741270777,0.10099711661194102,,
M8.lam3^2,M8,shift+20,0.0009352500522726848,0.004551244741270777,0.20549324535150107,,
M8.lam3^2,M8,band_shrink10,0.04054397147712918,0.004551244741270777,8.908325915650206,,
M8.lam3^2,M8,band_lo10,0.035607935913859134,0.004551244741270777,7.8237796335067795,,
M8.lam3^2,M8,band_hi10,0.04337753508146214,0.004551244741270777,9.530916825481565,,
M8.lam3^2,M8,band_3.3-4.1,0.21679261367146357,0.004551244741270777,47.633697152250214,,
M8.lam3^2,M8,band_3.4-3.9,0.3883374470608496,0.004551244741270777,85.32554699583567,,
M8.lam3^2,M8,band_3.2-3.5_nodip,0.24351883161942728,0.004551244741270777,53.505984727912725,,
M8.lam3^2,M8,flatten_notch,0.04515087451100919,0.004551244741270777,9.920555161883554,,
M8.lam3^2,M8,detune-200,0.006371582198853809,0.004551244741270777,1.3999647483415198,,
M8.lam3^2,M8,detune+200,0.013737267790898677,0.004551244741270777,3.0183540046372066,,
M8.lam3^2,M8,open_all,0.4426296608114445,0.004551244741270777,97.25463823065151,True,False
M8.lam3^2,M8,short_all,0.44303333077703355,0.004551244741270777,97.34333264032114,True,False
M8.lam3^2,M8,one_open,0.07354474553156964,0.004551244741270777,16.159259655861714,True,False
M8.lam0^2[k3],M8,shift-20,0.02029325709116181,0.00864881437581938,2.3463628896809623,,
M8.lam0^2[k3],M8,shift-10,0.01060786991370502,0.00864881437581938,1.2265114561092705,,
M8.lam0^2[k3],M8,shift-5,0.005414571516058148,0.00864881437581938,0.626047835087821,,
M8.lam0^2[k3],M8,shift-2,0.002192231372527248,0.00864881437581938,0.25347189536826636,,
M8.lam0^2[k3],M8,shift+2,0.002226893936595406,0.00864881437581938,0.2574796775407071,,
M8.lam0^2[k3],M8,shift+5,0.005633160706822848,0.00864881437581938,0.6513217259665338,,
M8.lam0^2[k3],M8,shift+10,0.011486734646464075,0.00864881437581938,1.3281282436329123,,
M8.lam0^2[k3],M8,shift+20,0.023879528731795455,0.00864881437581938,2.761017602430984,,
M8.lam0^2[k3],M8,band_shrink10,0.009262846843531028,0.00864881437581938,1.0709961436365634,,
M8.lam0^2[k3],M8,band_lo10,0.030436659359717913,0.00864881437581938,3.5191713033885494,,
M8.lam0^2[k3],M8,band_hi10,0.024752317607045063,0.00864881437581938,2.8619318823916893,,
M8.lam0^2[k3],M8,band_3.3-4.1,,0.00864881437581938,,,
M8.lam0^2[k3],M8,band_3.4-3.9,,0.00864881437581938,,,
M8.lam0^2[k3],M8,band_3.2-3.5_nodip,,0.00864881437581938,,,
M8.lam0^2[k3],M8,flatten_notch,0.05141782899513053,0.00864881437581938,5.9450725568681495,,
M8.lam0^2[k3],M8,detune-200,0.03343696253087655,0.00864881437581938,3.8660747101198787,,
M8.lam0^2[k3],M8,detune+200,0.4413981316736983,0.00864881437581938,51.03568101863449,,
M8.lam0^2[k3],M8,open_all,0.8922550520036847,0.00864881437581938,103.16501351887938,True,False
M8.lam0^2[k3],M8,short_all,0.8931110522883441,0.00864881437581938,103.26398665524968,True,False
M8.lam0^2[k3],M8,one_open,0.149009091667205,0.00864881437581938,17.228846081355286,True,False
M8.lam1^2[k3],M8,shift-20,0.018745051373397853,0.00931030241158716,2.0133665422154983,,
M8.lam1^2[k3],M8,shift-10,0.009814178716720523,0.00931030241158716,1.054120294149228,,
M8.lam1^2[k3],M8,shift-5,0.005016891697087911,0.00931030241158716,0.5388537853339893,,
M8.lam1^2[k3],M8,shift-2,0.0020334168268062863,0.00931030241158716,0.21840502455383107,,
M8.lam1^2[k3],M8,shift+2,0.002068913988407431,0.00931030241158716,0.22221770002149005,,
M8.lam1^2[k3],M8,shift+5,0.0052405627926281895,0.00931030241158716,0.562877827266495,,
M8.lam1^2[k3],M8,shift+10,0.01071203073773408,0.00931030241158716,1.150556691306009,,
M8.lam1^2[k3],M8,shift+20,0.022386984351231418,0.00931030241158716,2.404538903416246,,
M8.lam1^2[k3],M8,band_shrink10,0.00927705219537156,0.00931030241158716,0.996428664210282,,
M8.lam1^2[k3],M8,band_lo10,0.02861275796645675,0.00931030241158716,3.0732361529789487,,
M8.lam1^2[k3],M8,band_hi10,0.022863283260399547,0.00931030241158716,2.455697167467406,,
M8.lam1^2[k3],M8,band_3.3-4.1,,0.00931030241158716,,,
M8.lam1^2[k3],M8,band_3.4-3.9,,0.00931030241158716,,,
M8.lam1^2[k3],M8,band_3.2-3.5_nodip,,0.00931030241158716,,,
M8.lam1^2[k3],M8,flatten_notch,0.0505255665072776,0.00931030241158716,5.426844829916146,,
M8.lam1^2[k3],M8,detune-200,0.037440157622528975,0.00931030241158716,4.021368583681314,,
M8.lam1^2[k3],M8,detune+200,0.44009222974873446,0.00931030241158716,47.26938076694658,,
M8.lam1^2[k3],M8,open_all,0.8922874155145684,0.00931030241158716,95.83871458397203,True,False
M8.lam1^2[k3],M8,short_all,0.8931495039221513,0.00931030241158716,95.93130968663058,True,False
M8.lam1^2[k3],M8,one_open,0.1491558858083437,0.00931030241158716,16.020519980394127,True,False
M8.lam2^2[k3],M8,shift-20,0.0165089920599496,0.008803770946036057,1.8752182628493825,,
M8.lam2^2[k3],M8,shift-10,0.00861122202910787,0.008803770946036057,0.9781288134245606,,
M8.lam2^2[k3],M8,shift-5,0.004397771593838487,0.008803770946036057,0.49953271396941623,,
M8.lam2^2[k3],M8,shift-2,0.0017820491076653566,0.008803770946036057,0.2024188405841855,,
M8.lam2^2[k3],M8,shift+2,0.0018132019925828219,0.008803770946036057,0.20595742480092866,,
M8.lam2^2[k3],M8,shift+5,0.004594284978330407,0.008803770946036057,0.5218542152552261,,
M8.lam2^2[k3],M8,shift+10,0.009400447573840995,0.008803770946036057,1.0677751194871323,,
M8.lam2^2[k3],M8,shift+20,0.019717907769003576,0.008803770946036057,2.239711583805081,,
M8.lam2^2[k3],M8,band_shrink10,0.01015733041935346,0.008803770946036057,1.1537476930754145,,
M8.lam2^2[k3],M8,band_lo10,0.025264877268880534,0.008803770946036057,2.8697790326151287,,
M8.lam2^2[k3],M8,band_hi10,0.020188251528169304,0.008803770946036057,2.2931368446448697,,
M8.lam2^2[k3],M8,band_3.3-4.1,,0.008803770946036057,,,
M8.lam2^2[k3],M8,band_3.4-3.9,,0.008803770946036057,,,
M8.lam2^2[k3],M8,band_3.2-3.5_nodip,,0.008803770946036057,,,
M8.lam2^2[k3],M8,flatten_notch,0.049375751689445094,0.008803770946036057,5.608477548098497,,
M8.lam2^2[k3],M8,detune-200,0.04730831115548277,0.008803770946036057,5.373641754819118,,
M8.lam2^2[k3],M8,detune+200,0.4352696020947971,0.008803770946036057,49.44126837952087,,
M8.lam2^2[k3],M8,open_all,0.8859469402334296,0.008803770946036057,100.63266589555373,True,False
M8.lam2^2[k3],M8,short_all,0.8867941940627945,0.008803770946036057,100.72890350038901,True,False
M8.lam2^2[k3],M8,one_open,0.1470170354979446,0.008803770946036057,16.69932536853878,True,False
M8.lam3^2[k3],M8,shift-20,0.014665480107071568,0.009358791886690573,1.5670270569781342,,
M8.lam3^2[k3],M8,shift-10,0.007642438401744306,0.009358791886690573,0.8166052300631723,,
M8.lam3^2[k3],M8,shift-5,0.0039044508317703785,0.009358791886690573,0.4171960311803726,,
M8.lam3^2[k3],M8,shift-2,0.0015829155084436802,0.009358791886690573,0.1691367355539547,,
M8.lam3^2[k3],M8,shift+2,0.0016120509486276247,0.009358791886690573,0.17224989807927796,,
M8.lam3^2[k3],M8,shift+5,0.004088300208528253,0.009358791886690573,0.43684059417352267,,
M8.lam3^2[k3],M8,shift+10,0.00838067102387012,0.009358791886690573,0.8954864180480956,,
M8.lam3^2[k3],M8,shift+20,0.017664881102600075,0.009358791886690573,1.8875172475757098,,
M8.lam3^2[k3],M8,band_shrink10,0.00961671134853509,0.009358791886690573,1.0275590551608815,,
M8.lam3^2[k3],M8,band_lo10,0.022700336787154926,0.009358791886690573,2.425562728821631,,
M8.lam3^2[k3],M8,band_hi10,0.017957660509616502,0.009358791886690573,1.918801136624765,,
M8.lam3^2[k3],M8,band_3.3-4.1,,0.009358791886690573,,,
M8.lam3^2[k3],M8,band_3.4-3.9,,0.009358791886690573,,,
M8.lam3^2[k3],M8,band_3.2-3.5_nodip,,0.009358791886690573,,,
M8.lam3^2[k3],M8,flatten_notch,0.0488879408449336,0.009358791886690573,5.22374484194468,,
M8.lam3^2[k3],M8,detune-200,0.05182288393747077,0.009358791886690573,5.537347615472643,,
M8.lam3^2[k3],M8,detune+200,0.4254505738822086,0.009358791886690573,45.45998874996408,,
M8.lam3^2[k3],M8,open_all,0.8854962686468594,0.009358791886690573,94.61651454245403,True,False
M8.lam3^2[k3],M8,short_all,0.886362335039782,0.009358791886690573,94.7090549476055,True,False
M8.lam3^2[k3],M8,one_open,0.14682015957349626,0.009358791886690573,15.687939357033223,True,False
