scheme,profile,metric,method_id,min_J_meas,weakest_pair,min_J_eff,min_gap_over_port,min_bhatt,max_bayes_err,shift_move_over_min_gap,shift_robust,band_move_over_min_gap,band_gap_retention,freq_robust,any_ad_pair,note
binary_early,ideal,M0.old_score,M0,23.62935075409463,Normal|MCI,4.853603985776557,3.4952194787226447,5.908759027764563,0.0002909682325607537,0.35195118205575077,False,26.773603129769786,1.1717586875482784,False,False,baseline only; not a physical quantity
binary_early,ideal,M1.Sii_dBavg,M1,5340.016490245944,Normal|MCI,82.02384348548567,12.907625832185559,1335.004123752244,0.0,0.03478708175143703,True,3.5907513699014797,1.0995670951290166,False,False,dB averaging; shown for fragility
binary_early,ideal,M2.R,M2,14.897188566466896,Normal|MCI,2.4796822450041756,2.4392031750928007,3.725212208983813,0.0031606960136245986,0.4261857835304995,False,41.406562851315336,0.8273760782986128,False,False,
binary_early,ideal,M2.R[k3],M2,1104.3735855541865,Normal|MCI,6.658219036053013,3.6602198360846914,276.09364343304566,1.9665753436918097e-122,2.555361641586738,False,6.837379981769804,0.44397976967478175,False,False,
binary_early,ideal,M3.A,M3,14.897188566471991,Normal|MCI,2.479682245005894,2.4392031750937315,3.725212208985086,0.0031606960136201286,0.42618578353061254,False,41.40656285132648,0.8273760782987262,False,False,affine copy of M2.R (identical separability)
binary_early,ideal,M3.ML_of_powavg,M3,14.89969206060397,Normal|MCI,2.477422009256202,2.4378285385076834,3.7259139111824324,0.0031573719919771783,0.4166275204810561,False,38.84635388149433,0.7648041181334635,False,False,
binary_early,ideal,M3.ML_dBavg,M3,2.598975148903383,Normal|MCI,2.09002430597474,4.6201259027924815,0.6533388710879475,0.12640106565097237,1.003618427132238,False,28.537684604637764,0.7240537106399014,False,False,dB averaging; comparison only
binary_early,ideal,M4.N,M4,15.253377525571896,Normal|MCI,2.5518179794305103,2.4756789826062353,3.814257883830271,0.0028630017498459414,0.42123738573842134,False,40.896389203830395,0.8306974451952025,False,False,
binary_early,ideal,M4.N[k3],M4,1136.1003457297986,Normal|MCI,6.910962791577429,3.7291446379605193,284.02533326443876,6.950220582432884e-126,2.507904512488225,False,6.714704266474718,0.45681563673572484,False,False,
binary_early,ideal,M5.C,M5,5923.213249173614,Normal|MCI,1.8415981550155467,1.919463939792023,1480.8037707219548,0.0,0.0003872165136608791,True,2.764982798828031,1.1112555672997046,False,False,
binary_early,ideal,M5.C1,M5,5555.418257933146,Normal|MCI,1.780708160290087,1.8874740386502433,1388.8550384596435,0.0,0.0002729020905598264,True,2.784038569455302,1.1112149006706031,False,False,
binary_early,ideal,M5.C2,M5,2027.6123789024775,Normal|MCI,2.2746647588169226,2.1341131384071486,506.90528819881723,2.9449638561488287e-223,0.005520519298318178,True,3.518792198934712,1.114173627529432,False,False,
binary_early,ideal,M5.C3,M5,3094.6125733099148,Normal|MCI,0.6033533025587318,1.0986090848398153,773.654933225086,0.0,0.0030903497757468136,True,2.117520481440139,1.1117280934443072,False,False,
binary_early,ideal,M5.C[k3],M5,20685.687554253334,Normal|MCI,5.2615833658903854,3.2443557251278308,5171.423350292029,0.0,0.9218825521759474,False,2.482987745416203,0.6705742243694923,False,False,
binary_early,ideal,M5.C1[k3],M5,21670.551742899777,Normal|MCI,5.508005197323216,3.3194594509331625,5417.639551654857,0.0,0.9050359504305793,False,2.4394441938797597,0.6785709466720938,False,False,
binary_early,ideal,M5.C2[k3],M5,1611.773024979961,Normal|MCI,1.5963006592590359,1.7876706651021537,402.94590978286124,4.847741863085455e-178,0.512489354152954,False,1.3105290165335322,0.9199346820036197,False,False,
binary_early,ideal,M5.C3[k3],M5,1074.2426846267927,Normal|MCI,0.48672173789718803,0.9868559808746147,268.56146648214633,3.2171057578190154e-119,0.25386979640373025,False,0.816881714166841,0.8934433107540687,False,False,
binary_early,ideal,M5.C3_dBavg[k3],M5,1224.3722107066915,Normal|MCI,0.4950425819600248,0.9952314507900308,306.09310345518077,1.842894187435783e-135,0.5086126304336565,False,1.6816295014535083,0.8926918533196122,False,False,dB averaging; comparison only
binary_early,ideal,M6.fc_A,M6,47.886595143207046,Normal|MCI,3.896180839576532,2.9124769988243475,11.971653819741256,4.960438726395773e-07,3.774478139880211,False,6.994634293639172,0.9694149256160948,False,False,
binary_early,ideal,M6.spread_A,M6,2.0159059988895476,Normal|MCI,1.2977470224881356,2.6991987269598403,0.5080147623097727,0.1567281357341358,0.9199683146071693,False,30.554070854682568,0.0704872997105713,False,False,
binary_early,ideal,M6.fc_N,M6,47.44368562066769,Normal|MCI,3.8620961038932045,2.8997744093526134,11.860926417530225,5.565256119295303e-07,3.7889730823829884,False,7.026730119669926,0.9693360502297671,False,False,
binary_early,ideal,M6.spread_N,M6,2.0093147578635895,Normal|MCI,1.290040078676559,2.684684159848562,0.5063676211782504,0.15712260821841675,0.9217825287153278,False,30.607588347892253,0.0709285362153725,False,False,
binary_early,ideal,M6.A[2.80],M6,0.06310150896771016,Normal|MCI,0.06283723487267912,5.477925303878069,0.015985467760767553,0.4292702302073512,2.8412354947085388,False,1.4022648255416614,0.9901830613356518,False,False,
binary_early,ideal,M6.N[2.80],M6,0.06309968759314045,Normal|MCI,0.06283542164526597,5.4778516480188975,0.015985014048052096,0.4292712317649987,2.841219710796349,False,1.402257265881442,0.9901816120896524,False,False,
binary_early,ideal,M6.A[2.85],M6,0.06174967058645798,Normal|MCI,0.06135874806166186,4.402762084836226,0.015510976851585066,0.4301753485053898,3.469652032032391,False,1.7112051953778724,0.9784967736833164,False,False,
binary_early,ideal,M6.N[2.85],M6,0.061745715471404734,Normal|MCI,0.0613548184320268,4.402623612969331,0.015509986393897746,0.4301775583496822,3.4696666862084506,False,1.7112128201742907,0.9784978474670558,False,False,
binary_early,ideal,M6.A[2.90],M6,0.23075806921603098,Normal|MCI,0.22828749524417297,6.530336744654113,0.058758328533158356,0.36639433653364295,3.3005305117833457,False,1.6265155531207074,0.9617721954145376,False,False,
binary_early,ideal,M6.N[2.90],M6,0.23074441416782351,Normal|MCI,0.22827399839280804,6.5301595596662185,0.05875490882953603,0.3663981073423651,3.3005450486669776,False,1.6265232559815637,0.9617723585350275,False,False,
binary_early,ideal,M6.A[2.95],M6,0.6225249445813034,Normal|MCI,0.6093756817509326,7.596004849390693,0.15573416060394443,0.288411967129096,2.9522590024088373,False,1.4536267763840092,0.9598887492704528,False,False,
binary_early,ideal,M6.N[2.95],M6,0.6224908502440955,Normal|MCI,0.6093424456053328,7.595837569695049,0.1557256331227544,0.2884171844573997,2.952244338936571,False,1.4536202562224203,0.9598884209519702,False,False,
binary_early,ideal,M6.A[3.00],M6,1.3329752755647468,Normal|MCI,1.2778164500367384,7.858737400041784,0.33335560967650824,0.20710681589014712,2.717899695389571,False,1.3370043725932397,0.9622735131011247,False,False,
binary_early,ideal,M6.N[3.00],M6,1.332908883855601,Normal|MCI,1.2777539130468587,7.85862398487471,0.3333390092014021,0.20711262816977896,2.717841773608763,False,1.3369768354503693,0.9622729876793664,False,False,
binary_early,ideal,M6.A[3.05],M6,2.3644517762602364,Normal|MCI,2.192188928030647,7.757528975548426,0.5911154534389004,0.13845108876713857,2.6116617636260977,False,1.283591758707123,0.9642828575840187,False,False,
binary_early,ideal,M6.N[3.05],M6,2.3643537412237783,Normal|MCI,2.192104178037148,7.7575173396125185,0.5910909442426973,0.1384560682054734,2.6115465985761803,False,1.2835365536612307,0.9642824116102227,False,False,
binary_early,ideal,M6.A[3.10],M6,5.698908941289123,Normal|MCI,4.788119133181215,7.740771530568799,1.4270762319836792,0.04544620312284011,2.577882259167306,False,1.2661097116349327,0.9644274340742188,False,False,
binary_early,ideal,M6.N[3.10],M6,5.698690473442934,Normal|MCI,4.787986412608154,7.740880272204641,1.4270216681512082,0.04544929080480825,2.5776959595044953,False,1.2660203601080064,0.9644277242906154,False,False,
binary_early,ideal,M6.A[3.15],M6,14.056557570847621,Normal|MCI,9.466930762585546,7.615008620071671,3.5143836219849884,0.004007229882933318,2.550016231195131,False,1.2507137453101647,0.9627031138479845,False,False,
binary_early,ideal,M6.N[3.15],M6,14.05564367058638,Normal|MCI,9.466644220503802,7.615166304182023,3.5141551313287867,0.004008253024116164,2.5497566739539246,False,1.2505900740734928,0.9627056619876685,False,False,
binary_early,ideal,M6.A[3.20],M6,36.58506237723039,Normal|MCI,15.196044453754768,7.210024711654806,9.146973512987888,9.404748967750385e-06,2.5068584305136747,False,1.2306416273404688,0.9611055645365795,False,False,
binary_early,ideal,M6.N[3.20],M6,36.57895081272153,Normal|MCI,15.194861519543108,7.209972590407712,9.145445544361202,9.419863764635249e-06,2.5065639122500993,False,1.2305027887333764,0.9611130694322649,False,False,
binary_early,ideal,M6.A[3.25],M6,125.38807366215497,Normal|MCI,20.60016701972199,7.021386849236433,31.34808214987574,1.1664094298310357e-15,2.4036378127133764,False,1.1819150968946095,0.9656074524108852,False,False,
binary_early,ideal,M6.N[3.25],M6,125.33790619572444,Normal|MCI,20.595152640086955,7.020640413176193,31.33554020227451,1.1813776177190175e-15,2.4034235320017188,False,1.1818189581912169,0.9656229302366162,False,False,
binary_early,ideal,M6.A[3.30],M6,354.50646253670135,Normal|MCI,20.506123411257093,6.5977431678390435,88.62730450086929,9.063979105181178e-41,2.3922087946411925,False,1.190441255207667,0.9906990441992503,False,False,
binary_early,ideal,M6.N[3.30],M6,354.2103851375293,Normal|MCI,20.492728690798064,6.595624849266625,88.55328500732051,9.764973440148847e-41,2.3920157174388166,False,1.1903611989442342,0.9907252011847094,False,False,
binary_early,ideal,M6.A[3.35],M6,740.0815459281489,Normal|MCI,10.478786317174986,4.610701892533016,185.02046498927626,9.03418026718828e-83,3.2953447932050137,False,1.6295451364232694,0.8895264147434879,False,False,
binary_early,ideal,M6.N[3.35],M6,738.6127522865671,Normal|MCI,10.457570460577612,4.606030676756406,184.65326748974422,1.3057844420761674e-82,3.296234868502866,False,1.6299540464636328,0.8893664292658588,False,False,
binary_early,ideal,M6.A[3.40],M6,2039.9755294870274,Normal|MCI,11.165356721836156,4.7385238548565765,509.9951141422759,2.163417853321467e-224,2.8558779848744305,False,1.3330700751423548,0.6736361337501129,False,False,
binary_early,ideal,M6.N[3.40],M6,2052.905144640057,Normal|MCI,11.183052383127446,4.7422157102778195,513.2275208214107,8.472145236161062e-226,2.8431085960494,False,1.3270059253137803,0.6746316371234391,False,False,
binary_early,ideal,M6.A[3.45],M6,34604.43928983338,Normal|MCI,270.5574646579663,23.353351301712227,8651.156996319274,0.0,0.3379165286451654,False,0.16164879259136747,0.968653344776102,False,False,
binary_early,ideal,M6.N[3.45],M6,34678.651026654334,Normal|MCI,271.44845331044485,23.391878475472446,8669.70990419824,0.0,0.3386547387412948,False,0.16201393123200672,0.9685969903167877,False,False,
binary_early,ideal,M6.A[3.50],M6,5165.618565055216,Normal|MCI,45.02860057970657,9.531481067545968,1291.412646643449,0.0,0.6199215468031948,False,0.30099319511376127,0.8543972353515115,False,False,
binary_early,ideal,M6.N[3.50],M6,5206.095896137822,Normal|MCI,45.90036681293276,9.623788690436802,1301.531953476605,0.0,0.6195714935851002,False,0.30089322448666045,0.855325325428074,False,False,
binary_early,ideal,M6.A[3.55],M6,4811.326416088823,Normal|MCI,14.726622312066128,5.435409147414851,1202.836145817918,0.0,0.8874456832791164,False,0.4172845900084057,0.7634769635402145,False,False,
binary_early,ideal,M6.N[3.55],M6,4715.907339336542,Normal|MCI,14.67214076272834,5.4254826920892345,1178.9813565788802,0.0,0.8884507108486498,False,0.4176685319968984,0.7619059341392891,False,False,
binary_early,ideal,M6.A[3.60],M6,116529.15341771273,Normal|MCI,128.69252446745065,16.05209064987336,29132.38897532868,0.0,0.6023168191859178,False,0.29702126861067574,0.877653638798797,False,False,
binary_early,ideal,M6.N[3.60],M6,115313.441706759,Normal|MCI,131.41722353387505,16.221415742716328,28828.46109744198,0.0,0.5994524319089253,False,0.2955876669507431,0.8783268552397419,False,False,
binary_early,ideal,M6.A[3.65],M6,45754.65565776714,Normal|MCI,27.47017339384202,7.414401640080739,11438.725411449634,0.0,1.0183826329329038,False,0.4977098064289497,0.835943845305868,False,False,
binary_early,ideal,M6.N[3.65],M6,44988.51878795158,Normal|MCI,27.160990051096455,7.372570502177483,11247.19130090856,0.0,1.023396420245805,False,0.5001838615091447,0.8354158945095677,False,False,
binary_early,ideal,M6.A[3.70],M6,252.10312862565357,Normal|MCI,1.1160111612524801,1.4973132546598682,63.025929511851686,1.4839439756932471e-29,4.768877801411632,False,2.3043417542100064,-0.2719683467086233,False,False,
binary_early,ideal,M6.N[3.70],M6,237.71982932478488,Normal|MCI,1.0576398373496707,1.4576463317261399,59.430104482427375,5.5698979342719605e-28,4.888776054005471,False,2.3621959352058983,-0.30583417293439924,False,False,
binary_early,ideal,M6.A[3.75],M6,36410.89961075308,Normal|MCI,151.34450915522459,17.43423122143692,9102.764553893958,0.0,0.23737229106779745,True,0.1181722659189778,0.9388427949177026,True,False,
binary_early,ideal,M6.N[3.75],M6,36434.12726755952,Normal|MCI,151.24796751565628,17.428623369524693,9108.571446907441,0.0,0.2376997784317923,True,0.11834499109879246,0.9388653894723215,True,False,
binary_early,ideal,M6.A[3.80],M6,2163.3288432281743,Normal|MCI,4.139367666301839,2.880035840159138,540.8401820106266,2.125206903597421e-239,2.4311089749330264,False,1.182251192049277,0.2594650752632981,False,False,
binary_early,ideal,M6.N[3.80],M6,2142.0098533592777,Normal|MCI,4.100159080585231,2.8663644259493735,535.5104332500691,4.604899997862147e-237,2.4406147659501483,False,1.186763268458153,0.2557667230601685,False,False,
binary_early,ideal,M6.A[3.85],M6,2716.160232820854,Normal|MCI,31.585681196805954,7.994661504504479,679.0436980876295,1.1393641215188623e-298,1.004259518059863,False,0.4892903177486584,0.8963725395027661,False,False,
binary_early,ideal,M6.N[3.85],M6,2714.0235857912717,Normal|MCI,31.566852494158347,7.992287245018042,678.5095362272227,1.9482182240010164e-298,1.004133025894639,False,0.4892502861756972,0.8964301641048629,False,False,
binary_early,ideal,M6.A[3.90],M6,99.82478161402148,Normal|MCI,9.15068485835295,4.488687412257511,24.956398066917878,7.99616245217981e-13,1.8203504315289762,False,0.8701882936371057,0.8511596574458411,False,False,
binary_early,ideal,M6.N[3.90],M6,99.81442978690386,Normal|MCI,9.150202118369506,4.488580551278627,24.953810096438314,8.017292403261272e-13,1.820241516103644,False,0.8701425276546952,0.851174974918771,False,False,
binary_early,ideal,M6.A[3.95],M6,2.4485356418338817,Normal|MCI,0.78156165589244,1.5152539466601045,0.612149234005658,0.13425904432450236,4.8342309852002066,False,2.3463862221199023,0.8045497752028725,False,False,
binary_early,ideal,M6.N[3.95],M6,2.4494293048647306,Normal|MCI,0.7818670381752826,1.515559094972197,0.6123726566152579,0.13421537793075183,4.833241236175161,False,2.345907519623202,0.8045884168389833,False,False,
binary_early,ideal,M6.A[4.00],M6,0.18503561102656427,Normal|MCI,0.10538050805462382,0.6997066467676171,0.04715020446471648,0.379894749385426,9.15935734627506,False,4.47439240007881,0.7257548322834348,False,False,
binary_early,ideal,M6.N[4.00],M6,0.18481300694928296,Normal|MCI,0.10525579375355022,0.6993015467478626,0.047094540682145414,0.37996414288191616,9.164048737459655,False,4.476684541923851,0.7255971935603268,False,False,
binary_early,ideal,M6.A[4.05],M6,1.651213420495708,Normal|MCI,1.2382863215062032,3.1469543857401763,0.4128764945131375,0.18175360273069663,2.1749334876002084,False,1.0681142901353373,0.9569151510586678,False,False,
binary_early,ideal,M6.N[4.05],M6,1.6507041335125854,Normal|MCI,1.2379170932349488,3.1465335745160634,0.41274916915041215,0.18179060117534301,2.1752251237411655,False,1.0682576059538789,0.9569054977548085,False,False,
binary_early,ideal,M6.A[4.10],M6,2.4173635346815696,Normal|MCI,2.051045475596729,5.20288780908038,0.6043411915780041,0.13579662044355362,1.269934470598504,False,0.6257073894012548,0.991675351557545,False,False,
binary_early,ideal,M6.N[4.10],M6,2.416884983793776,Normal|MCI,2.0506482937666024,5.202446884777355,0.6042215536347231,0.13582034579557872,1.270040589641216,False,0.625759736159531,0.9916722812799502,False,False,
binary_early,ideal,M6.A[4.15],M6,2.1687510744578793,Normal|MCI,1.9323977070441731,5.955074665659448,0.5424301058813837,0.14880414844820555,1.0027237300676322,False,0.4951667935274267,0.9946086882999947,False,False,
binary_early,ideal,M6.N[4.15],M6,2.1683921881885215,Normal|MCI,1.9320854701815091,5.954688502131758,0.5423403837465827,0.14882413260707184,1.0027892954192312,False,0.49519922332442873,0.994609431382967,False,False,
binary_early,ideal,M7.D,M7,127181.87874978317,Normal|MCI,373.173548649667,27.359522159227364,31795.878844668136,0.0,0.9195259156837683,False,0.11182272126375002,1.0995793503867421,False,False,
binary_early,ideal,M7.D_pow,M7,18403.023457244457,Normal|MCI,124.95315482334964,15.862368281861766,4600.9399875454465,0.0,1.514354882430859,False,0.11283348017623067,1.1102483040381677,False,False,
binary_early,ideal,M7.D0,M7,123481.11867662764,Normal|MCI,371.3990742730333,27.295403131111488,30870.689087419018,0.0,0.9104404784535575,False,0.11179893071499777,1.0994101222015544,False,False,
binary_early,ideal,M7.D1,M7,413677.00756003347,Normal|MCI,139.70601665445056,16.718445727874496,103419.89999408736,0.0,1.53330216675235,False,0.11335284685490547,1.1110563450395592,False,False,
binary_early,ideal,M7.D2,M7,266899.4025918572,Normal|MCI,184.6637155719994,19.2245452535552,66725.13850982425,0.0,1.4301538956592101,False,0.15573302151823146,1.110193341894701,False,False,
binary_early,ideal,M7.D3,M7,150591.248936751,Normal|MCI,81.34971398300752,12.75881522902828,37648.55488604659,0.0,1.9178406331580544,False,0.21610785946635525,1.1104803304957438,False,False,
binary_early,ideal,M7.D3[k3],M7,47843.94008424589,Normal|MCI,84.20965353977829,12.989082451534252,11961.7210877846,0.0,3.15008036387729,False,0.5427237187758578,0.722977231791994,False,False,
binary_early,ideal,M8.s1^2,M8,4.1646794859921625,Normal|MCI,,,1.0424928660010848,0.07430710369054364,0.654311271174926,False,62.70350697913534,0.6789886089402271,False,False,matrix-level: no per-antenna port-noise estimate
binary_early,ideal,M8.s2^2,M8,7.843527329693979,Normal|MCI,,,1.961055786261805,0.023820287682308722,0.42172867660727165,False,41.48976438656367,0.8858418624182667,False,False,matrix-level: no per-antenna port-noise estimate
binary_early,ideal,M8.s3^2,M8,11.325796111177313,Normal|MCI,,,2.831508004559325,0.008661794310949059,0.4178286110062504,False,40.28469108252961,0.8178399403022314,False,False,matrix-level: no per-antenna port-noise estimate
binary_early,ideal,M8.s4^2,M8,5.650725018315917,Normal|MCI,,,1.4126819036447473,0.04639289149045589,0.6036810464753118,False,58.77099733247814,0.6740762265716944,False,False,matrix-level: no per-antenna port-noise estimate
binary_early,ideal,M8.s5^2,M8,11.845852893889704,Normal|MCI,,,2.9618024634500233,0.007462607388139274,0.3628055385075798,False,35.27449727762473,0.8876643224296697,False,False,matrix-level: no per-antenna port-noise estimate
binary_early,ideal,M8.s6^2,M8,14.200920872480578,Normal|MCI,,,3.5524239382839577,0.0038151959746997375,0.28432211009606295,False,27.694071732595667,0.8969129904378379,False,False,matrix-level: no per-antenna port-noise estimate
binary_early,ideal,M8.lam0^2,M8,15.861726210262825,Normal|MCI,2.586956312600334,2.4864015555766605,3.9663027245096307,0.002419507476759962,0.4206957555804502,False,40.37606268938144,0.8068400372637164,False,False,
binary_early,ideal,M8.lam1^2,M8,13.796670747217302,Normal|MCI,2.312804414265554,2.3573688322685413,3.4500767542764175,0.004296510108230491,0.445696948734703,False,43.13330349136056,0.8060011141137259,False,False,
binary_early,ideal,M8.lam2^2,M8,17.894371738653675,Normal|MCI,2.941970008113196,2.6536086090730766,4.4745239327977755,0.0013824602649024154,0.37742533187638005,False,37.54665549292347,0.8772453638745281,False,False,
binary_early,ideal,M8.lam3^2,M8,12.656535189877903,Normal|MCI,2.000084791445154,2.179667923976027,3.1650630900755132,0.005918647056489018,0.4749115926877461,False,44.81655557311951,0.7981573013647955,False,False,
binary_early,ideal,M8.lam0^2[k3],M8,912.4520043549145,Normal|MCI,5.624833165173424,3.3644383385281893,228.1134304252135,1.4438000655233264e-101,3.2153696397226486,False,8.51983731250749,0.4665290812008292,False,False,
binary_early,ideal,M8.lam1^2[k3],M8,1100.4150268533492,Normal|MCI,6.624192253234072,3.650838134518012,275.10421843084146,4.99292900126047e-122,2.750102143289238,False,7.345760009050705,0.48055023806513103,False,False,
binary_early,ideal,M8.lam2^2[k3],M8,980.3006329980865,Normal|MCI,5.782687868863522,3.4108655018014153,245.07525228299966,6.457394190897124e-109,2.4972625145052025,False,6.7117049950601775,0.3887727886671685,False,False,
binary_early,ideal,M8.lam3^2[k3],M8,1790.760204251294,Normal|MCI,11.454230222352763,4.801659399573087,447.6902225279676,4.589671486157623e-197,1.6530386230158687,False,4.477509421113937,0.5145426190458934,False,False,
binary_early,good,M0.old_score,M0,6.277736984328122,Normal|MCI,3.0370326958253537,3.4302169433610814,1.5697037948231287,0.03819727097731487,0.35195118205575077,False,26.773603129769786,1.1717586875482784,False,False,baseline only; not a physical quantity
binary_early,good,M1.Sii_dBavg,M1,1349.0112489010683,Normal|MCI,78.69226760146553,12.928032039534175,337.2532234751007,4.551767939042813e-149,0.03478708175143703,True,3.5907513699014797,1.0995670951290166,False,False,dB averaging; shown for fragility
binary_early,good,M2.R,M2,4.236761306412281,Normal|MCI,1.8021488845090465,2.5044502746980615,1.0594547677611894,0.07273101032040748,0.4261857835304995,False,41.406562851315336,0.8273760782986128,False,False,
binary_early,good,M2.R[k3],M2,274.61365197444553,Normal|MCI,6.529630171267491,3.65750464772519,68.65387025657476,5.004376290226724e-32,2.555361641586738,False,6.837379981769804,0.44397976967478175,False,False,
binary_early,good,M3.A,M3,4.236761306412367,Normal|MCI,1.802148884509519,2.5044502746986135,1.0594547677612116,0.07273101032040537,0.42618578353061254,False,41.40656285132648,0.8273760782987262,False,False,affine copy of M2.R (identical separability)
binary_early,good,M3.ML_of_powavg,M3,4.2381284967942845,Normal|MCI,1.8017394205845187,2.5036564000188593,1.0597575245145476,0.07270432528219234,0.4166275204810561,False,38.84635388149433,0.7648041181334635,False,False,
binary_early,good,M3.ML_dBavg,M3,0.06543820366210962,Normal|MCI,0.06524967216851693,6.73019883833531,0.0176293216528864,0.4268453957148787,1.003618427132238,False,28.537684604637764,0.7240537106399014,False,False,dB averaging; comparison only
binary_early,good,M4.N,M4,4.335591906411112,Normal|MCI,1.8505581762153565,2.5411156073901617,1.0841630882583893,0.07042557072021297,0.42123738573842134,False,40.896389203830395,0.8306974451952025,False,False,
binary_early,good,M4.N[k3],M4,282.4874509020212,Normal|MCI,6.776781055366128,3.7264862088099835,70.62232025304536,6.886546255144374e-33,2.507904512488225,False,6.714704266474718,0.45681563673572484,False,False,
binary_early,good,M5.C,M5,1340.0294369138744,Normal|MCI,1.838614617696408,1.9189271962904986,335.009373443911,2.519731316051401e-148,0.0003872165136608791,True,2.764982798828031,1.1112555672997046,False,False,
binary_early,good,M5.C1,M5,1257.8197930931954,Normal|MCI,1.7776411416299067,1.8868794276030862,314.45714548150454,2.1570547794671106e-139,0.0002729020905598264,True,2.784038569455302,1.1112149006706031,False,False,
binary_early,good,M5.C2,M5,220.214798305746,Normal|MCI,2.246342501790075,2.130489564029929,55.05371200488205,4.638007342751331e-26,0.005520519298318178,True,3.518792198934712,1.114173627529432,False,False,
binary_early,good,M5.C3,M5,470.5578073039291,Normal|MCI,0.6049948884607345,1.1007031662460605,117.63962141551927,2.062587338165261e-53,0.0030903497757468136,True,2.117520481440139,1.1117280934443072,False,False,
binary_early,good,M5.C[k3],M5,4653.208613061878,Normal|MCI,5.270783360321837,3.2486183073557338,1163.3051614054527,0.0,0.9218825521759474,False,2.482987745416203,0.6705742243694923,False,False,
binary_early,good,M5.C1[k3],M5,4878.780894309507,Normal|MCI,5.517744522385428,3.3238507728014532,1219.6985358019206,0.0,0.9050359504305793,False,2.4394441938797597,0.6785709466720938,False,False,
binary_early,good,M5.C2[k3],M5,176.7228537031942,Normal|MCI,1.5792913535594615,1.7852350101515433,44.18177944915666,2.5979932085430934e-21,0.512489354152954,False,1.3105290165335322,0.9199346820036197,False,False,
binary_early,good,M5.C3[k3],M5,157.62150602740786,Normal|MCI,0.4890820162686418,0.9905597477292406,39.405443010003296,3.408581950015285e-19,0.25386979640373025,False,0.816881714166841,0.8934433107540687,False,False,
binary_early,good,M5.C3_dBavg[k3],M5,177.05845287364298,Normal|MCI,0.4961384818648463,0.9975295749422899,44.26486332214083,2.4762619024780243e-21,0.5086126304336565,False,1.6816295014535083,0.8926918533196122,False,False,dB averaging; comparison only
binary_early,good,M6.fc_A,M6,11.698255624390148,Normal|MCI,3.0792444997515824,2.891138639031898,2.924564833382596,0.007792356718907198,3.774478139880211,False,6.994634293639172,0.9694149256160948,False,False,
binary_early,good,M6.spread_A,M6,0.6183070624900014,Normal|MCI,0.5404415717238212,2.9296717478675074,0.1545919190321496,0.28909393690351703,0.9199683146071693,False,30.554070854682568,0.0704872997105713,False,False,
binary_early,good,M6.fc_N,M6,11.589053139543097,Normal|MCI,3.051761334356701,2.8784202089604762,2.897264234792176,0.00803803901024459,3.7889730823829884,False,7.026730119669926,0.9693360502297671,False,False,
binary_early,good,M6.spread_N,M6,0.6164635150043726,Normal|MCI,0.538319474528296,2.9143439193888065,0.154130977398644,0.28937755706553486,0.9217825287153278,False,30.607588347892253,0.0709285362153725,False,False,
binary_early,good,M6.A[2.80],M6,0.03000864995062317,Normal|MCI,0.029978350734100396,7.705953702690515,0.007739449562595087,0.45086984730648616,2.8412354947085388,False,1.4022648255416614,0.9901830613356518,False,False,
binary_early,good,M6.N[2.80],M6,0.03000800122024292,Normal|MCI,0.02997770272973039,7.70587944584285,0.007739290194697324,0.4508703630396631,2.841219710796349,False,1.402257265881442,0.9901816120896524,False,False,
binary_early,good,M6.A[2.85],M6,0.028098668181036745,Normal|MCI,0.028051067213302968,5.754726247574872,0.007058893923193703,0.4527660139702734,3.469652032032391,False,1.7112051953778724,0.9784967736833164,False,False,
binary_early,good,M6.N[2.85],M6,0.028097272037355066,Normal|MCI,0.028049673477571275,5.754585868855512,0.007058546387382655,0.45276717656715554,3.4696666862084506,False,1.7112128201742907,0.9784978474670558,False,False,
binary_early,good,M6.A[2.90],M6,0.05060297177069667,Normal|MCI,0.05046453213004612,6.073875742234272,0.012711943964757597,0.43673150763318996,3.3005305117833457,False,1.6265155531207074,0.9617721954145376,False,False,
binary_early,good,M6.N[2.90],M6,0.0505998136587028,Normal|MCI,0.0504613833461736,6.073701343125192,0.012711152158249544,0.4367334634207871,3.3005450486669776,False,1.6265232559815637,0.9617723585350275,False,False,
binary_early,good,M6.A[2.95],M6,0.15391479429528543,Normal|MCI,0.15310074259196113,7.608829191703363,0.03864511520928614,0.3906080945457211,2.9522590024088373,False,1.4536267763840092,0.9598887492704528,False,False,
binary_early,good,M6.N[2.95],M6,0.15390632280944277,Normal|MCI,0.1530923250001512,7.608662495520212,0.038642997953688654,0.3906110216281973,2.952244338936571,False,1.4536202562224203,0.9598884209519702,False,False,
binary_early,good,M6.A[3.00],M6,0.25101636032796615,Normal|MCI,0.24872033238381833,7.374508353424981,0.06277116907178697,0.36155761707248213,2.717899695389571,False,1.3370043725932397,0.9622735131011247,False,False,
binary_early,good,M6.N[3.00],M6,0.25100293655033024,Normal|MCI,0.2487070767893235,7.374384745015284,0.06276781411544873,0.3615611654951861,2.717841773608763,False,1.3369768354503693,0.9622729876793664,False,False,
binary_early,good,M6.A[3.05],M6,0.7320445105872685,Normal|MCI,0.717256657947226,8.426912394010948,0.1831647525360862,0.27253264484821255,2.6116617636260977,False,1.283591758707123,0.9642828575840187,False,False,
binary_early,good,M6.N[3.05],M6,0.7320153030839289,Normal|MCI,0.7172286052348317,8.426908527497437,0.18315745279273396,0.2725366528434634,2.6115465985761803,False,1.2835365536612307,0.9642824116102227,False,False,
binary_early,good,M6.A[3.10],M6,1.2136347059828032,Normal|MCI,1.1631345635546992,7.477004993645062,0.30373410866553496,0.2178955316191781,2.577882259167306,False,1.2661097116349327,0.9644274340742188,False,False,
binary_early,good,M6.N[3.10],M6,1.213591606667057,Normal|MCI,1.1630964390295109,7.477117987443508,0.3037233129411734,0.21789960990908866,2.5776959595044953,False,1.2660203601080064,0.9644277242906154,False,False,
binary_early,good,M6.A[3.15],M6,3.6737967387218977,Normal|MCI,3.261774785813343,7.626747484018977,0.9186406772271325,0.08762554121280629,2.550016231195131,False,1.2507137453101647,0.9627031138479845,False,False,
binary_early,good,M6.N[3.15],M6,3.6735620850789448,Normal|MCI,3.2616055993315207,7.626912070814681,0.9185820067236644,0.08763243341013732,2.5497566739539246,False,1.2505900740734928,0.9627056619876685,False,False,
binary_early,good,M6.A[3.20],M6,9.060405737223345,Normal|MCI,6.6648739989074235,7.100416558724415,2.2653779566823755,0.01663596542519749,2.5068584305136747,False,1.2306416273404688,0.9611055645365795,False,False,
binary_early,good,M6.N[3.20],M6,9.058825924133288,Normal|MCI,6.663986986522212,7.100351842348895,2.26498300593543,0.016643647665500867,2.5065639122500993,False,1.2305027887333764,0.9611130694322649,False,False,
binary_early,good,M6.A[3.25],M6,28.949017299327075,Normal|MCI,13.199543480757233,6.96591774315034,7.237433843622309,7.092981222820803e-05,2.4036378127133764,False,1.1819150968946095,0.9656074524108852,False,False,
binary_early,good,M6.N[3.25],M6,28.937052835700108,Normal|MCI,13.195517500905881,6.965171522128207,7.234442726576788,7.115548058897227e-05,2.4034235320017188,False,1.1818189581912169,0.9656229302366162,False,False,
binary_early,good,M6.A[3.30],M6,94.57794052573607,Normal|MCI,17.62746410198605,6.582626096699746,23.645386488816666,2.9955233063236165e-12,2.3922087946411925,False,1.190441255207667,0.9906990441992503,False,False,
binary_early,good,M6.N[3.30],M6,94.49772286441907,Normal|MCI,17.615408526326657,6.580498662617332,23.62533216325372,3.0574996360044636e-12,2.3920157174388166,False,1.1903611989442342,0.9907252011847094,False,False,
binary_early,good,M6.A[3.35],M6,171.2229774853924,Normal|MCI,10.014478837311461,4.612286009271129,42.80648550456685,1.0600153427210082e-20,3.2953447932050137,False,1.6295451364232694,0.8895264147434879,False,False,
binary_early,good,M6.N[3.35],M6,170.89053798491273,Normal|MCI,9.99420033864944,4.60760193924666,42.72337530982161,1.1530557198287525e-20,3.296234868502866,False,1.6299540464636328,0.8893664292658588,False,False,
binary_early,good,M6.A[3.40],M6,475.03010086978003,Normal|MCI,10.972797426180124,4.739673630824505,118.76123205676271,4.3925420383648204e-54,2.8558779848744305,False,1.3330700751423548,0.6736361337501129,False,False,
binary_early,good,M6.N[3.40],M6,477.85597716845865,Normal|MCI,10.99088776791804,4.743339344118264,119.46770798031521,2.1535560673325876e-54,2.8431085960494,False,1.3270059253137803,0.6746316371234391,False,False,
binary_early,good,M6.A[3.45],M6,9214.746683507552,Normal|MCI,264.76620395673797,23.349464702944132,2303.71164037547,0.0,0.3379165286451654,False,0.16164879259136747,0.968653344776102,False,False,
binary_early,good,M6.N[3.45],M6,9234.659407495355,Normal|MCI,265.6319520991019,23.38799106527513,2308.6898373042113,0.0,0.3386547387412948,False,0.16201393123200672,0.9685969903167877,False,False,
binary_early,good,M6.A[3.50],M6,1454.5724026537498,Normal|MCI,44.005351690411416,9.526613591319677,363.64948788298176,1.696799983412635e-161,0.6199215468031948,False,0.30099319511376127,0.8543972353515115,False,False,
binary_early,good,M6.N[3.50],M6,1466.6199466362789,Normal|MCI,44.847253545829446,9.618927093732804,366.66134354846065,8.246381734505678e-163,0.6195714935851002,False,0.30089322448666045,0.855325325428074,False,False,
binary_early,good,M6.A[3.55],M6,1186.9403629349235,Normal|MCI,14.590470651353085,5.435449609778875,296.7388387998148,7.216114659532826e-132,0.8874456832791164,False,0.4172845900084057,0.7634769635402145,False,False,
binary_early,good,M6.N[3.55],M6,1162.7656180361082,Normal|MCI,14.533588272929414,5.425411534341346,290.6951341536298,3.162262160083633e-129,0.8884507108486498,False,0.4176685319968984,0.7619059341392891,False,False,
binary_early,good,M6.A[3.60],M6,29398.93821404936,Normal|MCI,128.3831112224498,16.059029256020953,7349.862290307169,0.0,0.6023168191859178,False,0.29702126861067574,0.877653638798797,False,False,
binary_early,good,M6.N[3.60],M6,29116.803402949776,Normal|MCI,131.08939354446417,16.22850899616823,7279.328311556616,0.0,0.5994524319089253,False,0.2955876669507431,0.8783268552397419,False,False,
binary_early,good,M6.A[3.65],M6,12008.627843335013,Normal|MCI,27.416762012177458,7.413433772180967,3002.2463734447133,0.0,1.0183826329329038,False,0.4977098064289497,0.835943845305868,False,False,
binary_early,good,M6.N[3.65],M6,11789.317358186669,Normal|MCI,27.10807609154144,7.371641799706584,2947.418560024573,0.0,1.023396420245805,False,0.5001838615091447,0.8354158945095677,False,False,
binary_early,good,M6.A[3.70],M6,64.42081481728914,Normal|MCI,1.082798320305405,1.4841222016460747,16.10532539461871,6.903039523197648e-09,4.768877801411632,False,2.3043417542100064,-0.2719683467086233,False,False,
binary_early,good,M6.N[3.70],M6,60.72007806210108,Normal|MCI,1.0254795660084741,1.4443656323619731,15.180143560922147,1.7906369764477447e-08,4.888776054005471,False,2.3621959352058983,-0.30583417293439924,False,False,
binary_early,good,M6.A[3.75],M6,8248.481754619197,Normal|MCI,149.18872156889373,17.431969085725274,2062.1638957960317,0.0,0.23737229106779745,True,0.1181722659189778,0.9388427949177026,True,False,
binary_early,good,M6.N[3.75],M6,8254.74484454791,Normal|MCI,149.09670577304885,17.426371773075225,2063.729659006159,0.0,0.2376997784317923,True,0.11834499109879246,0.9388653894723215,True,False,
binary_early,good,M6.A[3.80],M6,568.5959601854952,Normal|MCI,4.1177806009237,2.8802149817365725,142.15761023420484,1.2649405561306285e-64,2.4311089749330264,False,1.182251192049277,0.2594650752632981,False,False,
binary_early,good,M6.N[3.80],M6,563.0460800293275,Normal|MCI,4.078763433849161,2.866540080598887,140.77014592043287,5.147708293683823e-64,2.4406147659501483,False,1.186763268458153,0.2557667230601685,False,False,
binary_early,good,M6.A[3.85],M6,706.1651132650801,Normal|MCI,30.46778629843265,7.980176133237028,176.5416773810604,4.2075703856542405e-79,1.004259518059863,False,0.4892903177486584,0.8963725395027661,False,False,
binary_early,good,M6.N[3.85],M6,705.6265073524595,Normal|MCI,30.449429363365475,7.977800569730324,176.40702612216097,4.815881469959818e-79,1.004133025894639,False,0.4892502861756972,0.8964301641048629,False,False,
binary_early,good,M6.A[3.90],M6,23.983476491854432,Normal|MCI,6.976874000640289,4.436012133299626,5.997203735230001,0.00026471003662481487,1.8203504315289762,False,0.8701882936371057,0.8511596574458411,False,False,
binary_early,good,M6.N[3.90],M6,23.981021744851517,Normal|MCI,6.9764254001085035,4.435904145773548,5.996590181608405,0.00026488440929498956,1.820241516103644,False,0.8701425276546952,0.851174974918771,False,False,
binary_early,good,M6.A[3.95],M6,0.6390257182177783,Normal|MCI,0.4083678625402581,1.5042354511745426,0.15997093225267722,0.2858651971124635,4.8342309852002066,False,2.3463862221199023,0.8045497752028725,False,False,
binary_early,good,M6.N[3.95],M6,0.6392629538308063,Normal|MCI,0.40852481042159927,1.5045419040203238,0.16003024671966384,0.2858295347572188,4.833241236175161,False,2.345907519623202,0.8045884168389833,False,False,
binary_early,good,M6.A[4.00],M6,0.06473326487545546,Normal|MCI,0.05553274531354809,0.8839895864329859,0.01627653755949647,0.42850791568515717,9.15935734627506,False,4.47439240007881,0.7257548322834348,False,False,
binary_early,good,M6.N[4.00],M6,0.06467183190242226,Normal|MCI,0.055480406975718335,0.8835903746326769,0.016261186008848467,0.42854137753670385,9.164048737459655,False,4.476684541923851,0.7255971935603268,False,False,
binary_early,good,M6.A[4.05],M6,0.39422627563578766,Normal|MCI,0.36608278554239465,3.2024949846743715,0.09898324504481969,0.328322992243768,2.1749334876002084,False,1.0681142901353373,0.9569151510586678,False,False,
binary_early,good,M6.N[4.05],M6,0.3941068041893267,Normal|MCI,0.3659729019176487,3.2020745724744586,0.0989533751228812,0.32834728817875375,2.1752251237411655,False,1.0682576059538789,0.9569054977548085,False,False,
binary_early,good,M6.A[4.10],M6,0.5930613461523467,Normal|MCI,0.568034621849053,5.188600176310475,0.1488847640611488,0.29277955176540055,1.269934470598504,False,0.6257073894012548,0.991675351557545,False,False,
binary_early,good,M6.N[4.10],M6,0.5929425626951426,Normal|MCI,0.5679215386970118,5.188154982952388,0.1488550686066021,0.29279828919357187,1.270040589641216,False,0.625759736159531,0.9916722812799502,False,False,
binary_early,good,M6.A[4.15],M6,0.5796741159942209,Normal|MCI,0.5633627090125617,6.32783706713343,0.14629502386898607,0.29459546970844175,1.0027237300676322,False,0.4951667935274267,0.9946086882999947,False,False,
binary_early,good,M6.N[4.15],M6,0.5795849960595351,Normal|MCI,0.5632766613863076,6.327463314603032,0.14627273380589234,0.2946097215333522,1.0027892954192312,False,0.49519922332442873,0.994609431382967,False,False,
binary_early,good,M7.D,M7,26746.00024236276,Normal|MCI,369.29682052167027,27.36666942269753,6686.665355209811,0.0,0.9195259156837683,False,0.11182272126375002,1.0995793503867421,False,False,
binary_early,good,M7.D_pow,M7,2383.2856870961,Normal|MCI,119.73840918155513,15.8790679537319,595.8475640957807,3.355944674541011e-268,1.514354882430859,False,0.11283348017623067,1.1102483040381677,False,False,
binary_early,good,M7.D0,M7,25978.843192538854,Normal|MCI,367.44346354680414,27.302568660862626,6494.876022709372,0.0,0.9104404784535575,False,0.11179893071499777,1.0994101222015544,False,False,
binary_early,good,M7.D1,M7,108164.43711593548,Normal|MCI,139.620627174744,16.721308858081038,27041.72223435886,0.0,1.53330216675235,False,0.11335284685490547,1.1110563450395592,False,False,
binary_early,good,M7.D2,M7,28362.533623081217,Normal|MCI,183.593858209314,19.22446486878158,7090.919391930339,0.0,1.4301538956592101,False,0.15573302151823146,1.110193341894701,False,False,
binary_early,good,M7.D3,M7,26716.551129347332,Normal|MCI,81.24177662404762,12.766328876918887,6679.7691796656945,0.0,1.9178406331580544,False,0.21610785946635525,1.1104803304957438,False,False,
binary_early,good,M7.D3[k3],M7,9072.193778040362,Normal|MCI,83.67578753062487,12.996518073407268,2268.6975650501713,0.0,3.15008036387729,False,0.5427237187758578,0.722977231791994,False,False,
binary_early,good,M8.s1^2,M8,1.1405614300212823,Normal|MCI,,,0.28578305514406743,0.2248734432174093,0.654311271174926,False,62.70350697913534,0.6789886089402271,False,False,matrix-level: no per-antenna port-noise estimate
binary_early,good,M8.s2^2,M8,1.9544009239495808,Normal|MCI,,,0.4886211908383051,0.1614403313103399,0.42172867660727165,False,41.48976438656367,0.8858418624182667,False,False,matrix-level: no per-antenna port-noise estimate
binary_early,good,M8.s3^2,M8,3.2037236373007505,Normal|MCI,,,0.800969547959514,0.10281267031459407,0.4178286110062504,False,40.28469108252961,0.8178399403022314,False,False,matrix-level: no per-antenna port-noise estimate
binary_early,good,M8.s4^2,M8,1.684290434457117,Normal|MCI,,,0.42107464134803657,0.17939144863296677,0.6036810464753118,False,58.77099733247814,0.6740762265716944,False,False,matrix-level: no per-antenna port-noise estimate
binary_early,good,M8.s5^2,M8,3.2505017333263493,Normal|MCI,,,0.812643421741951,0.10117730029334204,0.3628055385075798,False,35.27449727762473,0.8876643224296697,False,False,matrix-level: no per-antenna port-noise estimate
binary_early,good,M8.s6^2,M8,3.244884925813708,Normal|MCI,,,0.8123680978074318,0.10116678507169583,0.28432211009606295,False,27.694071732595667,0.8969129904378379,False,False,matrix-level: no per-antenna port-noise estimate
binary_early,good,M8.lam0^2,M8,4.496782072468675,Normal|MCI,1.8881618135130096,2.551409051747572,1.1244875630657423,0.06683573435981355,0.4206957555804502,False,40.37606268938144,0.8068400372637164,False,False,
binary_early,good,M8.lam1^2,M8,3.924839874478717,Normal|MCI,1.6787227372053084,2.4221400737488366,0.9814808633081271,0.08058454665925802,0.445696948734703,False,43.13330349136056,0.8060011141137259,False,False,
binary_early,good,M8.lam2^2,M8,5.0762036510144215,Normal|MCI,2.138223526980628,2.71823275588854,1.2692947903751757,0.05553379170399787,0.37742533187638005,False,37.54665549292347,0.8772453638745281,False,False,
binary_early,good,M8.lam3^2,M8,3.6179610297800746,Normal|MCI,1.4846222970360874,2.2440112006781106,0.9047591616378291,0.0892699576906718,0.4749115926877461,False,44.81655557311951,0.7981573013647955,False,False,
binary_early,good,M8.lam0^2[k3],M8,223.78822758710706,Normal|MCI,5.511114921486921,3.361624882120927,55.94749986162733,1.83758324229337e-26,3.2153696397226486,False,8.51983731250749,0.4665290812008292,False,False,
binary_early,good,M8.lam1^2[k3],M8,272.681165813805,Normal|MCI,6.493177664532336,3.6473461766698763,68.17071886545772,8.159463936913819e-32,2.750102143289238,False,7.345760009050705,0.48055023806513103,False,False,
binary_early,good,M8.lam2^2[k3],M8,244.48409597196942,Normal|MCI,5.675267908293128,3.408853203754905,61.121525575941135,9.903344551724095e-29,2.4972625145052025,False,6.7117049950601775,0.3887727886671685,False,False,
binary_early,good,M8.lam3^2[k3],M8,448.8726879659603,Normal|MCI,11.229805308019749,4.7995748275085575,112.21849431357211,4.697899964020625e-51,1.6530386230158687,False,4.477509421113937,0.5145426190458934,False,False,
binary_early,typical,M0.old_score,M0,1.1412268145054472,Normal|MCI,0.9632363016123379,3.514543921003876,0.2892712711557056,0.2237789457508447,0.35195118205575077,False,26.773603129769786,1.1717586875482784,False,False,baseline only; not a physical quantity
binary_early,typical,M1.Sii_dBavg,M1,212.72796049712446,Normal|MCI,59.670915664232666,12.878995017958768,53.18333228182787,2.8529239976257832e-25,0.03478708175143703,True,3.5907513699014797,1.0995670951290166,False,False,dB averaging; shown for fragility
binary_early,typical,M2.R,M2,0.6407306937232362,Normal|MCI,0.5298100732535963,2.4740400334418475,0.16194770391869534,0.2849972932961979,0.4261857835304995,False,41.406562851315336,0.8273760782986128,False,False,
binary_early,typical,M2.R[k3],M2,49.20318493632584,Normal|MCI,6.028591212738378,3.7068532572741324,12.30120483535673,3.505583417265686e-07,2.555361641586738,False,6.837379981769804,0.44397976967478175,False,False,
binary_early,typical,M3.A,M3,0.6407306937232408,Normal|MCI,0.5298100732536398,2.474040033442393,0.16194770391869615,0.28499729329619733,0.42618578353061254,False,41.40656285132648,0.8273760782987262,False,False,affine copy of M2.R (identical separability)
binary_early,typical,M3.ML_of_powavg,M3,0.640915114430345,Normal|MCI,0.5302080015260556,2.4777108965459487,0.16190746426480274,0.2850036418803801,0.4166275204810561,False,38.84635388149433,0.7648041181334635,False,False,
binary_early,typical,M3.ML_dBavg,M3,0.060226751102175034,Normal|MCI,0.060211726014101394,21.97059108081383,0.015609620252951808,0.43048025310139504,1.003618427132238,False,28.537684604637764,0.7240537106399014,False,False,dB averaging; comparison only
binary_early,typical,M4.N,M4,0.6558852397994709,Normal|MCI,0.5429105503079819,2.510744321253838,0.16573133726037384,0.28274840112197014,0.42123738573842134,False,40.896389203830395,0.8306974451952025,False,False,
binary_early,typical,M4.N[k3],M4,50.612208433308645,Normal|MCI,6.2491456635526355,3.776088853238576,12.653463778536233,2.43209809413237e-07,2.507904512488225,False,6.714704266474718,0.45681563673572484,False,False,
binary_early,typical,M5.C,M5,205.34736471175137,Normal|MCI,1.8411205747657318,1.9275773337755426,51.336880968565474,1.971682108526418e-24,0.0003872165136608791,True,2.764982798828031,1.1112555672997046,False,False,
binary_early,typical,M5.C1,M5,193.58364586106632,Normal|MCI,1.7799752748035877,1.895517760764138,48.395919559753,3.849102790868775e-23,0.0002729020905598264,True,2.784038569455302,1.1112149006706031,False,False,
binary_early,typical,M5.C2,M5,20.432056922790892,Normal|MCI,2.075845242666861,2.1496957639939676,5.108027275746032,0.0006960712683195772,0.005520519298318178,True,3.518792198934712,1.114173627529432,False,False,
binary_early,typical,M5.C3,M5,51.504418506831925,Normal|MCI,0.5980482741719845,1.1000674052779305,12.877623353308602,1.9004766352579573e-07,0.0030903497757468136,True,2.117520481440139,1.1117280934443072,False,False,
binary_early,typical,M5.C[k3],M5,733.1953686943143,Normal|MCI,5.245464846338743,3.250619215361458,183.30225787008655,2.744888561396407e-82,0.9218825521759474,False,2.482987745416203,0.6705742243694923,False,False,
binary_early,typical,M5.C1[k3],M5,778.7543415105134,Normal|MCI,5.494567742363888,3.3267433337764696,194.69226530849485,2.7519594898348207e-87,0.9050359504305793,False,2.4394441938797597,0.6785709466720938,False,False,
binary_early,typical,M5.C2[k3],M5,18.50482191341068,Normal|MCI,1.5192615889862602,1.8194234699594478,4.627518811660844,0.0011673136031133341,0.512489354152954,False,1.3105290165335322,0.9199346820036197,False,False,
binary_early,typical,M5.C3[k3],M5,16.39044415569587,Normal|MCI,0.4844764528575995,0.9992327226880041,4.098423752947648,0.002091409450271818,0.25386979640373025,False,0.816881714166841,0.8934433107540687,False,False,
binary_early,typical,M5.C3_dBavg[k3],M5,18.192190490265727,Normal|MCI,0.49337084562983435,1.0070988142984527,4.548115146741368,0.0012803025690546655,0.5086126304336565,False,1.6816295014535083,0.8926918533196122,False,False,dB averaging; comparison only
binary_early,typical,M6.fc_A,M6,1.773077710524091,Normal|MCI,1.22661226475648,2.8213124252257455,0.44640872893295486,0.17240611819363402,3.774478139880211,False,6.994634293639172,0.9694149256160948,False,False,
binary_early,typical,M6.spread_A,M6,0.10306730597468308,Normal|MCI,0.10084816936053512,3.06067664841462,0.02589741874249859,0.41009051400735064,0.9199683146071693,False,30.554070854682568,0.0704872997105713,False,False,
binary_early,typical,M6.fc_N,M6,1.7560970815619028,Normal|MCI,1.215069877582672,2.808538193365996,0.44216456325299747,0.17356211411051614,3.7889730823829884,False,7.026730119669926,0.9693360502297671,False,False,
binary_early,typical,M6.spread_N,M6,0.10278073227724493,Normal|MCI,0.10055142500380572,3.04494883865656,0.025825546522527006,0.4102133601569715,0.9217825287153278,False,30.607588347892253,0.0709285362153725,False,False,
binary_early,typical,M6.A[2.80],M6,0.013010792747901321,Normal|MCI,0.013008786288935576,12.988832779424406,0.00595959578055317,0.46119408549440066,2.8412354947085388,False,1.4022648255416614,0.9901830613356518,False,False,
binary_early,typical,M6.N[2.80],M6,0.013010667562682116,Normal|MCI,0.013008661125947958,12.988779765069259,0.005959550155121712,0.4611942410090416,2.841219710796349,False,1.402257265881442,0.9901816120896524,False,False,
binary_early,typical,M6.A[2.85],M6,0.0016834114788036366,Normal|MCI,0.0016829856274714421,3.647718690138745,0.0020098257515715383,0.47821161923543515,3.469652032032391,False,1.7112051953778724,0.9784967736833164,False,False,
binary_early,typical,M6.N[2.85],M6,0.001683284619294228,Normal|MCI,0.001682858800798419,3.64758443502243,0.0020097998822837648,0.4782117719298926,3.4696666862084506,False,1.7112128201742907,0.9784978474670558,False,False,
binary_early,typical,M6.A[2.90],M6,0.0020043243256858204,Normal|MCI,0.0020033853853166695,2.924571485452879,0.0005030522776515267,0.48736040738374253,3.3005305117833457,False,1.6265155531207074,0.9617721954145376,False,False,
binary_early,typical,M6.N[2.90],M6,0.002004075402494098,Normal|MCI,0.0020031365824847913,2.924395717278213,0.0005029889257949944,0.4873611975608849,3.3005450486669776,False,1.6265232559815637,0.9617723585350275,False,False,
binary_early,typical,M6.A[2.95],M6,0.02207171904340323,Normal|MCI,0.022054792369596395,7.584007463636147,0.005719790482847724,0.4577871306222223,2.9522590024088373,False,1.4536267763840092,0.9598887492704528,False,False,
binary_early,typical,M6.N[2.95],M6,0.02207032083130236,Normal|MCI,0.022053395431885375,7.583812555915001,0.00571944040627477,0.4577884402976409,2.952244338936571,False,1.4536202562224203,0.9598884209519702,False,False,
binary_early,typical,M6.A[3.00],M6,0.03533187917675665,Normal|MCI,0.035280881080285806,6.991833766850333,0.00885455748921023,0.4470983364217892,2.717899695389571,False,1.3370043725932397,0.9622735131011247,False,False,
binary_early,typical,M6.N[3.00],M6,0.03532995737212946,Normal|MCI,0.0352789631373595,6.991718288307143,0.00885407195495489,0.4470997727182081,2.717841773608763,False,1.3369768354503693,0.9622729876793664,False,False,
binary_early,typical,M6.A[3.05],M6,0.06513817446728534,Normal|MCI,0.06492969404499108,6.369741802261551,0.01942729734648389,0.42507056467798265,2.6116617636260977,False,1.283591758707123,0.9642828575840187,False,False,
binary_early,typical,M6.N[3.05],M6,0.06513448460986283,Normal|MCI,0.06492602395420155,6.369683339439215,0.019426348963488393,0.42507251316447514,2.6115465985761803,False,1.2835365536612307,0.9642824116102227,False,False,
binary_early,typical,M6.A[3.10],M6,0.19677169228533212,Normal|MCI,0.19543515610479562,7.585903142730967,0.05064782558013904,0.3759305642483811,2.577882259167306,False,1.2661097116349327,0.9644274340742188,False,False,
binary_early,typical,M6.N[3.10],M6,0.19676388508007975,Normal|MCI,0.19542748941689392,7.586002648289866,0.05064601659532461,0.3759328173145262,2.5776959595044953,False,1.2660203601080064,0.9644277242906154,False,False,
binary_early,typical,M6.A[3.15],M6,0.523265976967376,Normal|MCI,0.5134320297629971,7.391860963686355,0.13219195072751458,0.30390884029760346,2.550016231195131,False,1.2507137453101647,0.9627031138479845,False,False,
binary_early,typical,M6.N[3.15],M6,0.5232326797785006,Normal|MCI,0.5134003721015995,7.392014120448339,0.13218366212543337,0.30391450565529426,2.5497566739539246,False,1.2505900740734928,0.9627056619876685,False,False,
binary_early,typical,M6.A[3.20],M6,1.7214879729765749,Normal|MCI,1.6284243324504128,7.761769958256136,0.4306767628729478,0.17668602272970182,2.5068584305136747,False,1.2306416273404688,0.9611055645365795,False,False,
binary_early,typical,M6.N[3.20],M6,1.7212074786657054,Normal|MCI,1.6281728324770102,7.761747434882481,0.4306066014979836,0.17670563624820376,2.5065639122500993,False,1.2305027887333764,0.9611130694322649,False,False,
binary_early,typical,M6.A[3.25],M6,4.281480450435721,Normal|MCI,3.6214732252316835,6.854570931687064,1.070468533338672,0.07170188047370693,2.4036378127133764,False,1.1819150968946095,0.9656074524108852,False,False,
binary_early,typical,M6.N[3.25],M6,4.2796195967589234,Normal|MCI,3.620013386910164,6.853782243937694,1.0700034598290453,0.07174535973038694,2.4034235320017188,False,1.1818189581912169,0.9656229302366162,False,False,
binary_early,typical,M6.A[3.30],M6,16.15861304500077,Normal|MCI,9.321143298540932,6.6374906411733035,4.039655953295767,0.0022386506991635014,2.3922087946411925,False,1.190441255207667,0.9906990441992503,False,False,
binary_early,typical,M6.N[3.30],M6,16.14518016462063,Normal|MCI,9.314160583830759,6.6353760546837375,4.0362976996725575,0.002246962549744925,2.3920157174388166,False,1.1903611989442342,0.9907252011847094,False,False,
binary_early,typical,M6.A[3.35],M6,28.16258354808621,Normal|MCI,7.624421549064534,4.572712605785925,7.040808205750979,8.742453574772762e-05,3.2953447932050137,False,1.6295451364232694,0.8895264147434879,False,False,
binary_early,typical,M6.N[3.35],M6,28.107947146206534,Normal|MCI,7.608960958593293,4.5679995075001765,7.027150593217953,8.87025636363682e-05,3.296234868502866,False,1.6299540464636328,0.8893664292658588,False,False,
binary_early,typical,M6.A[3.40],M6,76.67018939684928,Normal|MCI,9.921454724892014,4.774132021795095,19.168476308739322,2.9238057727324386e-10,2.8558779848744305,False,1.3330700751423548,0.6736361337501129,False,False,
binary_early,typical,M6.N[3.40],M6,77.14049838837471,Normal|MCI,9.941885731220733,4.777607283828982,19.286048016406834,2.5919210825696817e-10,2.8431085960494,False,1.3270059253137803,0.6746316371234391,False,False,
binary_early,typical,M6.A[3.45],M6,1447.3704752227022,Normal|MCI,229.85665392488983,23.377412631088674,361.8585684223657,3.243537337596606e-162,0.3379165286451654,False,0.16164879259136747,0.968653344776102,False,False,
binary_early,typical,M6.N[3.45],M6,1450.3299736681358,Normal|MCI,230.57020212894537,23.41600737845243,362.59837467250367,1.5677593267162886e-162,0.3386547387412948,False,0.16201393123200672,0.9685969903167877,False,False,
binary_early,typical,M6.A[3.50],M6,211.14395096725755,Normal|MCI,37.505547865215505,9.550567648946735,52.79706905074256,2.5213879213167117e-25,0.6199215468031948,False,0.30099319511376127,0.8543972353515115,False,False,
binary_early,typical,M6.N[3.50],M6,212.9214403712722,Normal|MCI,38.162640779884924,9.643271157660816,53.24141947072217,1.6041357656887478e-25,0.6195714935851002,False,0.30089322448666045,0.855325325428074,False,False,
binary_early,typical,M6.A[3.55],M6,192.91774143542995,Normal|MCI,13.649137245469346,5.420028424026541,48.23956015517951,2.767851636650801e-23,0.8874456832791164,False,0.4172845900084057,0.7634769635402145,False,False,
binary_early,typical,M6.N[3.55],M6,189.0184645306162,Normal|MCI,13.58218834969596,5.4099379935500185,47.264682708309905,7.505003466164702e-23,0.8884507108486498,False,0.4176685319968984,0.7619059341392891,False,False,
binary_early,typical,M6.A[3.60],M6,4497.584543542231,Normal|MCI,125.35109029996411,16.058946534304283,1124.520546098088,0.0,0.6023168191859178,False,0.29702126861067574,0.877653638798797,False,False,
binary_early,typical,M6.N[3.60],M6,4464.599210615827,Normal|MCI,127.90916923163637,16.228481495923287,1116.2749522941888,0.0,0.5994524319089253,False,0.2955876669507431,0.8783268552397419,False,False,
binary_early,typical,M6.A[3.65],M6,1987.493715186687,Normal|MCI,27.263937244803603,7.435474275098584,496.92346371234106,3.181788882322711e-229,1.0183826329329038,False,0.4977098064289497,0.835943845305868,False,False,
binary_early,typical,M6.N[3.65],M6,1950.5590789665823,Normal|MCI,26.953711810746036,7.393428077715714,487.68926874752896,6.773318684611301e-225,1.023396420245805,False,0.5001838615091447,0.8354158945095677,False,False,
binary_early,typical,M6.A[3.70],M6,10.40549119693045,Normal|MCI,1.0143132322556483,1.499243936860784,2.6021003453854616,0.011246391450657325,4.768877801411632,False,2.3043417542100064,-0.2719683467086233,False,False,
binary_early,typical,M6.N[3.70],M6,9.814388705979766,Normal|MCI,0.9609084459502129,1.459589124579409,2.4543281192018287,0.013339133519536382,4.888776054005471,False,2.3621959352058983,-0.30583417293439924,False,False,
binary_early,typical,M6.A[3.75],M6,1367.2233924421548,Normal|MCI,137.40663875383768,17.479072890495626,341.8482909409033,2.6508945414305775e-157,0.23737229106779745,True,0.1181722659189778,0.9388427949177026,True,False,
binary_early,typical,M6.N[3.75],M6,1368.063236750409,Normal|MCI,137.33622257214145,17.473494449823608,342.0582485298286,2.1317578166104374e-157,0.2376997784317923,True,0.11834499109879246,0.9388653894723215,True,False,
binary_early,typical,M6.A[3.80],M6,91.27345563588655,Normal|MCI,3.9856161108267942,2.8870752601243987,22.820572803421516,6.752747270448162e-12,2.4311089749330264,False,1.182251192049277,0.2594650752632981,False,False,
binary_early,typical,M6.N[3.80],M6,90.38129551643249,Normal|MCI,3.9478719898268753,2.873392490334655,22.597536398930977,8.48339077086081e-12,2.4406147659501483,False,1.186763268458153,0.2557667230601685,False,False,
binary_early,typical,M6.A[3.85],M6,110.7684440860525,Normal|MCI,25.022727461826562,8.040519902214427,27.69695969821722,4.312972852783048e-14,1.004259518059863,False,0.4892903177486584,0.8963725395027661,False,False,
binary_early,typical,M6.N[3.85],M6,110.68284560057754,Normal|MCI,25.006933233277795,8.03814811009676,27.675559531783698,4.408421558383727e-14,1.004133025894639,False,0.4892502861756972,0.8964301641048629,False,False,
binary_early,typical,M6.A[3.90],M6,3.9623285717501076,Normal|MCI,2.83184683471611,4.455468171763557,0.9908172109967978,0.07959703123823285,1.8203504315289762,False,0.8701882936371057,0.8511596574458411,False,False,
binary_early,typical,M6.N[3.90],M6,3.9619262845395014,Normal|MCI,2.8316024885905864,4.455361017120547,0.9907166212380881,0.0796076170694559,1.820241516103644,False,0.8701425276546952,0.851174974918771,False,False,
binary_early,typical,M6.A[3.95],M6,0.11504579468984828,Normal|MCI,0.10573437065378569,1.616405844438834,0.028992353234915624,0.40503066642847174,4.8342309852002066,False,2.3463862221199023,0.8045497752028725,False,False,
binary_early,typical,M6.N[3.95],M6,0.11508514296478904,Normal|MCI,0.10577085183478808,1.6167122368457612,0.029002229498089293,0.4050147672192826,4.833241236175161,False,2.345907519623202,0.8045884168389833,False,False,
binary_early,typical,M6.A[4.00],M6,0.023426460106096024,Normal|MCI,0.022761458719849886,1.2663597620632507,0.005896418407266439,0.45683394420170187,9.15935734627506,False,4.47439240007881,0.7257548322834348,False,False,
binary_early,typical,M6.N[4.00],M6,0.023410973301749575,Normal|MCI,0.022746440765777556,1.265969764063695,0.005892549014709038,0.4568481065775608,9.164048737459655,False,4.476684541923851,0.7255971935603268,False,False,
binary_early,typical,M6.A[4.05],M6,0.05772377614185351,Normal|MCI,0.05697249415391632,2.9588537037254548,0.01478789619711533,0.4321279791722994,2.1749334876002084,False,1.0681142901353373,0.9569151510586678,False,False,
binary_early,typical,M6.N[4.05],M6,0.05770490642994963,Normal|MCI,0.056953899519610676,2.958428885373706,0.0147831929149539,0.43213881817069333,2.1752251237411655,False,1.0682576059538789,0.9569054977548085,False,False,
binary_early,typical,M6.A[4.10],M6,0.09647667807888817,Normal|MCI,0.09579978636601252,5.225752538702876,0.024145149216142303,0.41305463868261105,1.269934470598504,False,0.6257073894012548,0.991675351557545,False,False,
binary_early,typical,M6.N[4.10],M6,0.09645779776396186,Normal|MCI,0.09578105826059592,5.225317936241833,0.02414043160815096,0.41306300386374084,1.270040589641216,False,0.625759736159531,0.9916722812799502,False,False,
binary_early,typical,M6.A[4.15],M6,0.15718392059085037,Normal|MCI,0.1564347628366779,8.102127083182408,0.03968457649329557,0.3893216576668369,1.0027237300676322,False,0.4951667935274267,0.9946086882999947,False,False,
binary_early,typical,M6.N[4.15],M6,0.1571645469030832,Normal|MCI,0.15641550789896078,8.101771277371794,0.039679718350331836,0.3893282795398347,1.0027892954192312,False,0.49519922332442873,0.994609431382967,False,False,
binary_early,typical,M7.D,M7,2712.033850081152,Normal|MCI,329.97895616335353,27.41130993842912,678.0351845699928,5.017304035358301e-305,0.9195259156837683,False,0.11182272126375002,1.0995793503867421,False,False,
binary_early,typical,M7.D_pow,M7,87.23758073066134,Normal|MCI,51.734491344693,15.944974287193647,21.809589890268118,1.986108101453856e-11,1.514354882430859,False,0.11283348017623067,1.1102483040381677,False,False,
binary_early,typical,M7.D0,M7,2634.4274261665737,Normal|MCI,327.46532456482913,27.34768361356739,658.6335317234328,2.3560538292913248e-296,0.9104404784535575,False,0.11179893071499777,1.0994101222015544,False,False,
binary_early,typical,M7.D1,M7,24529.29197639618,Normal|MCI,139.06991227655374,16.725003500571894,6132.881403914789,0.0,1.53330216675235,False,0.11335284685490547,1.1110563450395592,False,False,
binary_early,typical,M7.D2,M7,2535.1242550421516,Normal|MCI,172.12371995419986,19.217773691484453,633.8907470416063,4.837009403629133e-308,1.4301538956592101,False,0.15573302151823146,1.110193341894701,False,False,
binary_early,typical,M7.D3,M7,3077.0090283299637,Normal|MCI,79.15326827684899,12.747013401097252,769.5273304560596,0.0,1.9178406331580544,False,0.21610785946635525,1.1104803304957438,False,False,
binary_early,typical,M7.D3[k3],M7,1204.1408637666889,Normal|MCI,78.77974751403053,12.98419367647502,301.38952656427796,7.141283511944649e-178,3.15008036387729,False,0.5427237187758578,0.722977231791994,False,False,
binary_early,typical,M8.s1^2,M8,0.19253414414665643,Normal|MCI,,,0.04914261991696165,0.3775054789178619,0.654311271174926,False,62.70350697913534,0.6789886089402271,False,False,matrix-level: no per-antenna port-noise estimate
binary_early,typical,M8.s2^2,M8,0.34261956097384505,Normal|MCI,,,0.08672630124912285,0.3389226022026766,0.42172867660727165,False,41.48976438656367,0.8858418624182667,False,False,matrix-level: no per-antenna port-noise estimate
binary_early,typical,M8.s3^2,M8,0.510658397322345,Normal|MCI,,,0.12964228606492806,0.30581610662136405,0.4178286110062504,False,40.28469108252961,0.8178399403022314,False,False,matrix-level: no per-antenna port-noise estimate
binary_early,typical,M8.s4^2,M8,0.3112763730451981,Normal|MCI,,,0.07790397908204226,0.346556379490738,0.6036810464753118,False,58.77099733247814,0.6740762265716944,False,False,matrix-level: no per-antenna port-noise estimate
binary_early,typical,M8.s5^2,M8,0.4309094070221881,Normal|MCI,,,0.11127090038727463,0.31962076170056775,0.3628055385075798,False,35.27449727762473,0.8876643224296697,False,False,matrix-level: no per-antenna port-noise estimate
binary_early,typical,M8.s6^2,M8,0.4448051918393957,Normal|MCI,,,0.11333610412022996,0.3176270620470058,0.28432211009606295,False,27.694071732595667,0.8969129904378379,False,False,matrix-level: no per-antenna port-noise estimate
binary_early,typical,M8.lam0^2,M8,0.6814270291171242,Normal|MCI,0.5612907576654446,2.5233735523648844,0.17218296943805148,0.2790061010155749,0.4206957555804502,False,40.37606268938144,0.8068400372637164,False,False,
binary_early,typical,M8.lam1^2,M8,0.5922977214532574,Normal|MCI,0.49054974619673697,2.3898116208340343,0.14978873045800215,0.2924541621968112,0.445696948734703,False,43.13330349136056,0.8060011141137259,False,False,
binary_early,typical,M8.lam2^2,M8,0.7702072104394655,Normal|MCI,0.6351065955131883,2.690998380504978,0.1943319398160976,0.26679086494824256,0.37742533187638005,False,37.54665549292347,0.8772453638745281,False,False,
binary_early,typical,M8.lam3^2,M8,0.5449539971943844,Normal|MCI,0.4456074795187158,2.2110309946227664,0.13797000660767175,0.30010631729869436,0.4749115926877461,False,44.81655557311951,0.7981573013647955,False,False,
binary_early,typical,M8.lam0^2[k3],M8,40.854867741393576,Normal|MCI,5.095286195717175,3.4121253683014188,10.214406244218779,3.0729641242225794e-06,3.2153696397226486,False,8.51983731250749,0.4665290812008292,False,False,
binary_early,typical,M8.lam1^2[k3],M8,48.900650561415894,Normal|MCI,5.999136300222127,3.6981146417468485,12.225771278349354,3.781995095735451e-07,2.750102143289238,False,7.345760009050705,0.48055023806513103,False,False,
binary_early,typical,M8.lam2^2[k3],M8,43.64443579583538,Normal|MCI,5.251559946832559,3.4553996192294676,10.911372935140571,1.4908955305918245e-06,2.4972625145052025,False,6.7117049950601775,0.3887727886671685,False,False,
binary_early,typical,M8.lam3^2[k3],M8,79.36835710507465,Normal|MCI,10.246066615098243,4.850742493862558,19.842220218703588,1.4886008551781817e-10,1.6530386230158687,False,4.477509421113937,0.5145426190458934,False,False,
binary_early,noisy,M0.old_score,M0,0.39057543609523626,Normal|MCI,0.3689624805520535,3.651753747652028,0.09783693581287535,0.3291814233941628,0.35195118205575077,False,26.773603129769786,1.1717586875482784,False,False,baseline only; not a physical quantity
binary_early,noisy,M1.Sii_dBavg,M1,57.027344819189764,Normal|MCI,34.13425990599651,13.04066262606296,14.256904344298807,4.647115585188766e-08,0.03478708175143703,True,3.5907513699014797,1.0995670951290166,False,False,dB averaging; shown for fragility
binary_early,noisy,M2.R,M2,0.18471083332440774,Normal|MCI,0.17535819073167366,2.631825196798868,0.04666197456401886,0.38027164429513977,0.4261857835304995,False,41.406562851315336,0.8273760782986128,False,False,
binary_early,noisy,M2.R[k3],M2,9.670924234840843,Normal|MCI,3.8602209705545754,3.5846001795176203,2.4178448424592514,0.013934714344116386,2.555361641586738,False,6.837379981769804,0.44397976967478175,False,False,
binary_early,noisy,M3.A,M3,0.18471083332433402,Normal|MCI,0.17535819073160758,2.631825196798924,0.04666197456400054,0.3802716442951628,0.42618578353061254,False,41.40656285132648,0.8273760782987262,False,False,affine copy of M2.R (identical separability)
binary_early,noisy,M3.ML_of_powavg,M3,0.18411206657952395,Normal|MCI,0.17494423773895973,2.6507739691389762,0.046576570210710565,0.38041523936649047,0.4166275204810561,False,38.84635388149433,0.7648041181334635,False,False,
binary_early,noisy,M3.ML_dBavg,M3,0.031726556446701346,Normal|MCI,0.03172352820983474,25.78233733316773,0.00797499334528112,0.44981688621457133,1.003618427132238,False,28.537684604637764,0.7240537106399014,False,False,dB averaging; comparison only
binary_early,noisy,M4.N,M4,0.1888454698634226,Normal|MCI,0.1793386802070995,2.669244309987922,0.047693893453238,0.3789882831729948,0.42123738573842134,False,40.896389203830395,0.8306974451952025,False,False,
binary_early,noisy,M4.N[k3],M4,9.956667460673211,Normal|MCI,3.9955014220975587,3.65335634195646,2.489279680881181,0.01282834118504033,2.507904512488225,False,6.714704266474718,0.45681563673572484,False,False,
binary_early,noisy,M5.C,M5,46.83784798109516,Normal|MCI,1.8148683639327616,1.9432063130013322,11.709604593712122,6.502740307046542e-07,0.0003872165136608791,True,2.764982798828031,1.1112555672997046,False,False,
binary_early,noisy,M5.C1,M5,44.186554002983925,Normal|MCI,1.753380325278767,1.9109326093894865,11.046898906843689,1.2945312332155436e-06,0.0002729020905598264,True,2.784038569455302,1.1112149006706031,False,False,
binary_early,noisy,M5.C2,M5,1.6680778088945658,Normal|MCI,0.9816438969842368,2.1842420830292935,0.4170639211875101,0.1805419002754045,0.005520519298318178,True,3.518792198934712,1.114173627529432,False,False,
binary_early,noisy,M5.C3,M5,5.07972289654686,Normal|MCI,0.5440123246535907,1.1038669002738053,1.2702611880928927,0.05546117409286709,0.0030903497757468136,True,2.117520481440139,1.1117280934443072,False,False,
binary_early,noisy,M5.C[k3],M5,131.8978825742473,Normal|MCI,5.0927446094094115,3.254928350735203,32.9750552114232,2.2683065580868395e-16,0.9218825521759474,False,2.482987745416203,0.6705742243694923,False,False,
binary_early,noisy,M5.C1[k3],M5,139.48926609605198,Normal|MCI,5.331738615120975,3.3297551154882434,34.87303196321074,3.2895505644278255e-17,0.9050359504305793,False,2.4394441938797597,0.6785709466720938,False,False,
binary_early,noisy,M5.C2[k3],M5,1.7224251538033997,Normal|MCI,0.8310476559037424,1.7921209162038936,0.4314464667248873,0.17648149304165883,0.512489354152954,False,1.3105290165335322,0.9199346820036197,False,False,
binary_early,noisy,M5.C3[k3],M5,1.8472514114927836,Normal|MCI,0.3800887121779384,0.9783209391823281,0.4618330430274648,0.16825730140456707,0.25386979640373025,False,0.816881714166841,0.8934433107540687,False,False,
binary_early,noisy,M5.C3_dBavg[k3],M5,2.019420890009227,Normal|MCI,0.38346257040414866,0.9729797290108384,0.5048913171219468,0.15747740835441437,0.5086126304336565,False,1.6816295014535083,0.8926918533196122,False,False,dB averaging; comparison only
binary_early,noisy,M6.fc_A,M6,0.47096568291488955,Normal|MCI,0.424115767100873,2.9200980291831264,0.11796838845183735,0.3136415462851848,3.774478139880211,False,6.994634293639172,0.9694149256160948,False,False,
binary_early,noisy,M6.spread_A,M6,0.013708733516053045,Normal|MCI,0.013635063344686539,2.2526639287357533,0.003524842675074365,0.46677518856650363,0.9199683146071693,False,30.554070854682568,0.0704872997105713,False,False,
binary_early,noisy,M6.fc_N,M6,0.46656450686320233,Normal|MCI,0.4201767460341389,2.9072685392235673,0.1168683013613483,0.3144474694246534,3.7889730823829884,False,7.026730119669926,0.9693360502297671,False,False,
binary_early,noisy,M6.spread_N,M6,0.013656726224750775,Normal|MCI,0.013582789928343237,2.2400305702229946,0.003511946270210241,0.46683700370460507,0.9217825287153278,False,30.607588347892253,0.0709285362153725,False,False,
binary_early,noisy,M6.A[2.80],M6,2.698960263613678e-06,Normal|MCI,2.6988455712200872e-06,0.356397748937509,0.00015488761095506468,0.4939771529491293,2.8412354947085388,False,1.4022648255416614,0.9901830613356518,False,False,
binary_early,noisy,M6.N[2.80],M6,2.698937672047614e-06,Normal|MCI,2.6988229808773794e-06,0.3563966664805059,0.00015486353928596995,0.4939776209715889,2.841219710796349,False,1.402257265881442,0.9901816120896524,False,False,
binary_early,noisy,M6.A[2.85],M6,0.0003158492966976606,Normal|MCI,0.00031582809398635216,3.067500446010393,0.00027147562893274407,0.49195559902794406,3.469652032032391,False,1.7112051953778724,0.9784967736833164,False,False,
binary_early,noisy,M6.N[2.85],M6,0.0003157995910417984,Normal|MCI,0.0003157783916666212,3.0672590268246536,0.0002715124402782223,0.4919551000753708,3.4696666862084506,False,1.7112128201742907,0.9784978474670558,False,False,
binary_early,noisy,M6.A[2.90],M6,0.0008576439217570503,Normal|MCI,0.0008575438193440656,3.8333139734253434,0.00029920454477378095,0.49097176570427203,3.3005305117833457,False,1.6265155531207074,0.9617721954145376,False,False,
binary_early,noisy,M6.N[2.90],M6,0.0008575612877574422,Normal|MCI,0.0008574611954077325,3.8331373116236027,0.00029919426718731743,0.49097202493489556,3.3005450486669776,False,1.6265232559815637,0.9617723585350275,False,False,
binary_early,noisy,M6.A[2.95],M6,6.644375032905854e-06,Normal|MCI,6.642925852928198e-06,0.24680878075988738,0.0017614193238626253,0.47968934156208487,2.9522590024088373,False,1.4536267763840092,0.9598887492704528,False,False,
binary_early,noisy,M6.N[2.95],M6,6.6419920091042725e-06,Normal|MCI,6.640543368910113e-06,0.24676622388895644,0.0017614042765499295,0.4796894283784814,2.952244338936571,False,1.4536202562224203,0.9598884209519702,False,False,
binary_early,noisy,M6.A[3.00],M6,0.010754678978725974,Normal|MCI,0.010750476890677959,7.41813981434622,0.0027714017603273863,0.47054851234394257,2.717899695389571,False,1.3370043725932397,0.9622735131011247,False,False,
binary_early,noisy,M6.N[3.00],M6,0.010754011764993692,Normal|MCI,0.010749810026438001,7.4179881156728555,0.0027712277696184417,0.47054942983318937,2.717841773608763,False,1.3369768354503693,0.9622729876793664,False,False,
binary_early,noisy,M6.A[3.05],M6,0.0325096788990409,Normal|MCI,0.03248484555695325,9.22240426012236,0.008127887293926148,0.4492737860509327,2.6116617636260977,False,1.283591758707123,0.9642828575840187,False,False,
binary_early,noisy,M6.N[3.05],M6,0.032508901589055235,Normal|MCI,0.03248406978881549,9.222470191951645,0.008127694331374943,0.44927438704540923,2.6115465985761803,False,1.2835365536612307,0.9642824116102227,False,False,
binary_early,noisy,M6.A[3.10],M6,0.08651763594993854,Normal|MCI,0.08635723229202576,9.65182732016448,0.022973323196796114,0.4163324689656964,2.577882259167306,False,1.2661097116349327,0.9644274340742188,False,False,
binary_early,noisy,M6.N[3.10],M6,0.08651302717998463,Normal|MCI,0.08635264288517198,9.651896355717131,0.022972073733534062,0.4163346915091276,2.5776959595044953,False,1.2660203601080064,0.9644277242906154,False,False,
binary_early,noisy,M6.A[3.15],M6,0.1886568708337477,Normal|MCI,0.1876995379250293,8.601048940204803,0.047808818129946605,0.3789376170425043,2.550016231195131,False,1.2507137453101647,0.9627031138479845,False,False,
binary_early,noisy,M6.N[3.15],M6,0.18864232546190302,Normal|MCI,0.1876851699486316,8.601185120152863,0.047804997853953625,0.3789422318959823,2.5497566739539246,False,1.2505900740734928,0.9627056619876685,False,False,
binary_early,noisy,M6.A[3.20],M6,0.4151469173174022,Normal|MCI,0.4093126561974008,7.632214402411937,0.1038309390491073,0.3243169199685042,2.5068584305136747,False,1.2306416273404688,0.9611055645365795,False,False,
binary_early,noisy,M6.N[3.20],M6,0.4150715688499784,Normal|MCI,0.409239295384996,7.632138021833206,0.10381214477963464,0.3243317673377181,2.5065639122500993,False,1.2305027887333764,0.9611130694322649,False,False,
binary_early,noisy,M6.A[3.25],M6,1.2945432504612893,Normal|MCI,1.2338441738120034,7.254582020400626,0.3236376737135345,0.21054438197847802,2.4036378127133764,False,1.1819150968946095,0.9656074524108852,False,False,
binary_early,noisy,M6.N[3.25],M6,1.2940754453856684,Normal|MCI,1.2334088400940513,7.253931958820737,0.3235207051151681,0.21058635860904923,2.4034235320017188,False,1.1818189581912169,0.9656229302366162,False,False,
binary_early,noisy,M6.A[3.30],M6,4.266308127675675,Normal|MCI,3.6110715503536777,6.857409541640841,1.066611286351381,0.07206691696673848,2.3922087946411925,False,1.190441255207667,0.9906990441992503,False,False,
binary_early,noisy,M6.N[3.30],M6,4.262908539066911,Normal|MCI,3.6082849026187933,6.855238592597426,1.0657614122629386,0.07214685969647469,2.3920157174388166,False,1.1903611989442342,0.9907252011847094,False,False,
binary_early,noisy,M6.A[3.35],M6,7.346196040821499,Normal|MCI,4.500615016373255,4.8205513014733015,1.8395254246409796,0.027418962612236766,3.2953447932050137,False,1.6295451364232694,0.8895264147434879,False,False,
binary_early,noisy,M6.N[3.35],M6,7.332980929372699,Normal|MCI,4.492245314242099,4.815835010758045,1.8362245648881175,0.02752793701811319,3.296234868502866,False,1.6299540464636328,0.8893664292658588,False,False,
binary_early,noisy,M6.A[3.40],M6,20.66797782460251,Normal|MCI,7.37319517068688,4.787967958121767,5.168152601314084,0.0006483855148650955,2.8558779848744305,False,1.3330700751423548,0.6736361337501129,False,False,
binary_early,noisy,M6.N[3.40],M6,20.8000201723134,Normal|MCI,7.397345853639593,4.79169432769742,5.201182137790305,0.0006255118246510943,2.8431085960494,False,1.3270059253137803,0.6746316371234391,False,False,
binary_early,noisy,M6.A[3.45],M6,349.96651830840307,Normal|MCI,153.9689867765061,23.448743246705313,87.53226558617484,8.301751033281203e-42,0.3379165286451654,False,0.16164879259136747,0.968653344776102,False,False,
binary_early,noisy,M6.N[3.45],M6,350.5631629867394,Normal|MCI,154.36539386780711,23.486920481526628,87.68133335497298,7.16088155959447e-42,0.3386547387412948,False,0.16201393123200672,0.9685969903167877,False,False,
binary_early,noisy,M6.A[3.50],M6,52.645249228766126,Normal|MCI,24.596852906529207,9.60904760940073,13.169437344840038,1.2876028430004516e-07,0.6199215468031948,False,0.30099319511376127,0.8543972353515115,False,False,
binary_early,noisy,M6.N[3.50],M6,53.088402494828266,Normal|MCI,24.949305295047186,9.702618938224322,13.280241622004855,1.1467621966903077e-07,0.6195714935851002,False,0.30089322448666045,0.855325325428074,False,False,
binary_early,noisy,M6.A[3.55],M6,48.455019122089645,Normal|MCI,11.50988881569724,5.4946665935341725,12.117696004111908,4.0647043941460295e-07,0.8874456832791164,False,0.4172845900084057,0.7634769635402145,False,False,
binary_early,noisy,M6.N[3.55],M6,47.46843999958908,Normal|MCI,11.423944301211874,5.485371416683852,11.870994018564419,5.260677007534025e-07,0.8884507108486498,False,0.4176685319968984,0.7619059341392891,False,False,
binary_early,noisy,M6.A[3.60],M6,1099.8417857442535,Normal|MCI,116.51965523520425,16.14476747155058,275.0801766375199,3.4336571531315747e-136,0.6023168191859178,False,0.29702126861067574,0.877653638798797,False,False,
binary_early,noisy,M6.N[3.60],M6,1089.750662123232,Normal|MCI,118.60709483990787,16.31519180920668,272.5578196575318,5.1797732890407687e-135,0.5994524319089253,False,0.2955876669507431,0.8783268552397419,False,False,
binary_early,noisy,M6.A[3.65],M6,520.4137973245907,Normal|MCI,26.342971043187642,7.449500795424532,130.17908939705652,3.892886579415381e-63,1.0183826329329038,False,0.4977098064289497,0.835943845305868,False,False,
binary_early,noisy,M6.N[3.65],M6,510.3090658848259,Normal|MCI,26.03474085757567,7.407344565923036,127.65298035408635,5.893477446932603e-62,1.023396420245805,False,0.5001838615091447,0.8354158945095677,False,False,
binary_early,noisy,M6.A[3.70],M6,2.6704061343669268,Normal|MCI,0.7754803832363271,1.478403444099092,0.6676664543259587,0.12392741529306936,4.768877801411632,False,2.3043417542100064,-0.2719683467086233,False,False,
binary_early,noisy,M6.N[3.70],M6,2.5151504677073055,Normal|MCI,0.7329523396940055,1.438324439279037,0.6288523768368893,0.13104143804871607,4.888776054005471,False,2.3621959352058983,-0.30583417293439924,False,False,
binary_early,noisy,M6.A[3.75],M6,391.5975216256799,Normal|MCI,110.49015743906216,17.54529399533685,97.9302084449374,4.092988212903248e-46,0.23737229106779745,True,0.1181722659189778,0.9388427949177026,True,False,
binary_early,noisy,M6.N[3.75],M6,391.7603951329855,Normal|MCI,110.45228584833211,17.539672927080275,97.97090733416458,3.9320226943523036e-46,0.2376997784317923,True,0.11834499109879246,0.9388653894723215,True,False,
binary_early,noisy,M6.A[3.80],M6,21.580337851084956,Normal|MCI,3.470266607481852,2.8758448923134274,5.400559760180931,0.0004927198676554368,2.4311089749330264,False,1.182251192049277,0.2594650752632981,False,False,
binary_early,noisy,M6.N[3.80],M6,21.368752437066096,Normal|MCI,3.4369397147282426,2.8620580732940257,5.347663926731886,0.0005218592877087312,2.4406147659501483,False,1.186763268458153,0.2557667230601685,False,False,
binary_early,noisy,M6.A[3.85],M6,28.246496594925105,Normal|MCI,15.162730788641765,8.091324598699444,7.063493256796301,8.433077413876789e-05,1.004259518059863,False,0.4892903177486584,0.8963725395027661,False,False,
binary_early,noisy,M6.N[3.85],M6,28.224704467278467,Normal|MCI,15.15230574371391,8.08893636726763,7.058045190557689,8.482154575492997e-05,1.004133025894639,False,0.4892502861756972,0.8964301641048629,False,False,
binary_early,noisy,M6.A[3.90],M6,0.9090753093609832,Normal|MCI,0.8329538996688756,4.460381447434294,0.2281581128014949,0.24978956247557557,1.8203504315289762,False,0.8701882936371057,0.8511596574458411,False,False,
binary_early,noisy,M6.N[3.90],M6,0.908978096314402,Normal|MCI,0.832868871949133,4.460272310998692,0.22813395718379434,0.24980095833530822,1.820241516103644,False,0.8701425276546952,0.851174974918771,False,False,
binary_early,noisy,M6.A[3.95],M6,0.01690517916345455,Normal|MCI,0.016573032500807217,1.2988557796564453,0.004543104551973619,0.46270169704674846,4.8342309852002066,False,2.3463862221199023,0.8045497752028725,False,False,
binary_early,noisy,M6.N[3.95],M6,0.0169128464616159,Normal|MCI,0.016580560672426307,1.299173259110262,0.0045449700653848015,0.462693664671523,4.833241236175161,False,2.345907519623202,0.8045884168389833,False,False,
binary_early,noisy,M6.A[4.00],M6,0.007413893015712152,Normal|MCI,0.007365970037504203,1.509667234466081,0.0020714740103444096,0.4750387450387189,9.15935734627506,False,4.47439240007881,0.7257548322834348,False,False,
binary_early,noisy,M6.N[4.00],M6,0.007410123756543632,Normal|MCI,0.0073622271056871975,1.5093145550173612,0.0020705453214584215,0.4750447064528699,9.164048737459655,False,4.476684541923851,0.7255971935603268,False,False,
binary_early,noisy,M6.A[4.05],M6,0.013170083363356696,Normal|MCI,0.013127371123055863,2.8452600489112534,0.005528280035797766,0.4622798299745036,2.1749334876002084,False,1.0681142901353373,0.9569151510586678,False,False,
binary_early,noisy,M6.N[4.05],M6,0.013165544012823709,Normal|MCI,0.013122848221142408,2.8448273851960235,0.005527225363714182,0.46228410362785854,2.1752251237411655,False,1.0682576059538789,0.9569054977548085,False,False,
binary_early,noisy,M6.A[4.10],M6,0.016226111794431442,Normal|MCI,0.016195663358004715,4.1546945693184,0.004071588409639606,0.4640813595541438,1.269934470598504,False,0.6257073894012548,0.991675351557545,False,False,
binary_early,noisy,M6.N[4.10],M6,0.016222498066858576,Normal|MCI,0.016192057350988377,4.154296113694023,0.004070682699468609,0.4640853464103669,1.270040589641216,False,0.625759736159531,0.9916722812799502,False,False,
binary_early,noisy,M6.A[4.15],M6,0.021203020468241286,Normal|MCI,0.021178569320555923,6.0605571250901145,0.005337772573009507,0.4589240108069068,1.0027237300676322,False,0.4951667935274267,0.9946086882999947,False,False,
binary_early,noisy,M6.N[4.15],M6,0.021199694558032164,Normal|MCI,0.0211752481306157,6.060191576551716,0.005336927251049353,0.45892723679979863,1.0027892954192312,False,0.49519922332442873,0.994609431382967,False,False,
binary_early,noisy,M7.D,M7,128.78184258952876,Normal|MCI,95.66541973068124,27.277093733747492,32.19902016818067,4.532915810985807e-16,0.9195259156837683,False,0.11182272126375002,1.0995793503867421,False,False,
binary_early,noisy,M7.D_pow,M7,4.8396923496739435,Normal|MCI,4.660656821538866,15.87368754308306,1.2107827143203502,0.05979105614392548,1.514354882430859,False,0.11283348017623067,1.1102483040381677,False,False,
binary_early,noisy,M7.D0,M7,125.04924124933743,Normal|MCI,93.47858104803034,27.212582084808393,31.265866879012993,1.173082064739515e-15,0.9104404784535575,False,0.11179893071499777,1.0994101222015544,False,False,
binary_early,noisy,M7.D1,M7,3722.1268963889356,Normal|MCI,134.29122576042337,16.692374999771616,930.9385176530355,0.0,1.53330216675235,False,0.11335284685490547,1.1110563450395592,False,False,
binary_early,noisy,M7.D2,M7,77.23583551078929,Normal|MCI,54.5140744751728,19.251197515592064,19.31316239254528,2.3664253170384883e-10,1.4301538956592101,False,0.15573302151823146,1.110193341894701,False,False,
binary_early,noisy,M7.D3,M7,133.53963454404615,Normal|MCI,50.312562507227135,12.706501733114605,33.439669940312015,2.3273997193430895e-17,1.9178406331580544,False,0.21610785946635525,1.1104803304957438,False,False,
binary_early,noisy,M7.D3[k3],M7,66.40316099645368,Normal|MCI,37.086660174942374,12.961706133600718,16.683653394193712,9.71398403824369e-10,3.15008036387729,False,0.5427237187758578,0.722977231791994,False,False,
binary_early,noisy,M8.s1^2,M8,0.03776655078538162,Normal|MCI,,,0.010045788541468098,0.44448581766025613,0.654311271174926,False,62.70350697913534,0.6789886089402271,False,False,matrix-level: no per-antenna port-noise estimate
binary_early,noisy,M8.s2^2,M8,0.0853644566860407,Normal|MCI,,,0.021901308658812454,0.41761561986965656,0.42172867660727165,False,41.48976438656367,0.8858418624182667,False,False,matrix-level: no per-antenna port-noise estimate
binary_early,noisy,M8.s3^2,M8,0.1232899944150971,Normal|MCI,,,0.03141178204036558,0.4014733459647869,0.4178286110062504,False,40.28469108252961,0.8178399403022314,False,False,matrix-level: no per-antenna port-noise estimate
binary_early,noisy,M8.s4^2,M8,0.14780103985620177,Normal|MCI,,,0.036962429097735595,0.39286078023251947,0.6036810464753118,False,58.77099733247814,0.6740762265716944,False,False,matrix-level: no per-antenna port-noise estimate
binary_early,noisy,M8.s5^2,M8,0.13193044015436514,Normal|MCI,,,0.033782642157690314,0.39801714500126795,0.3628055385075798,False,35.27449727762473,0.8876643224296697,False,False,matrix-level: no per-antenna port-noise estimate
binary_early,noisy,M8.s6^2,M8,0.1412357706735732,Normal|MCI,,,0.035315971565599985,0.3952141756464407,0.28432211009606295,False,27.694071732595667,0.8969129904378379,False,False,matrix-level: no per-antenna port-noise estimate
binary_early,noisy,M8.lam0^2,M8,0.19437952638112402,Normal|MCI,0.1843356035589983,2.6711186941244085,0.049010706514516826,0.37733703054141987,0.4206957555804502,False,40.37606268938144,0.8068400372637164,False,False,
binary_early,noisy,M8.lam1^2,M8,0.1714312859340395,Normal|MCI,0.16283450258758458,2.548386315035958,0.04332823749977235,0.384516051334546,0.445696948734703,False,43.13330349136056,0.8060011141137259,False,False,
binary_early,noisy,M8.lam2^2,M8,0.22069066789926925,Normal|MCI,0.20934299066796302,2.8535317376570024,0.05572541361400353,0.3695281968066805,0.37742533187638005,False,37.54665549292347,0.8772453638745281,False,False,
binary_early,noisy,M8.lam3^2,M8,0.15820751193603805,Normal|MCI,0.1497123214784311,2.3614065335314587,0.03999105666416896,0.3889360689626421,0.4749115926877461,False,44.81655557311951,0.7981573013647955,False,False,
binary_early,noisy,M8.lam0^2[k3],M8,7.978167085749214,Normal|MCI,3.2307317405262377,3.2952432672107053,1.9948223227076887,0.0228789630658351,3.2153696397226486,False,8.51983731250749,0.4665290812008292,False,False,
binary_early,noisy,M8.lam1^2[k3],M8,9.532742862313972,Normal|MCI,3.824271244290911,3.5738667661251386,2.383270114452136,0.01450635873100964,2.750102143289238,False,7.345760009050705,0.48055023806513103,False,False,
binary_early,noisy,M8.lam2^2[k3],M8,8.569395872725202,Normal|MCI,3.3760304694563135,3.337865551371561,2.142579969930775,0.01921466014772275,2.4972625145052025,False,6.7117049950601775,0.3887727886671685,False,False,
binary_early,noisy,M8.lam3^2[k3],M8,15.971946041609177,Normal|MCI,6.559459515142355,4.718193622144223,3.99299998539442,0.0023568992133101417,1.6530386230158687,False,4.477509421113937,0.5145426190458934,False,False,
binary_early,very_noisy,M0.old_score,M0,0.11687737822085738,Normal|MCI,0.11479549723358234,3.5901674539597908,0.029645859127792145,0.4041306093731747,0.35195118205575077,False,26.773603129769786,1.1717586875482784,False,False,baseline only; not a physical quantity
binary_early,very_noisy,M1.Sii_dBavg,M1,13.196138397472708,Normal|MCI,11.465392790685078,13.222582292141693,3.2990366852691206,0.005104430213302749,0.03478708175143703,True,3.5907513699014797,1.0995670951290166,False,False,dB averaging; shown for fragility
binary_early,very_noisy,M2.R,M2,0.060324625248225745,Normal|MCI,0.05966366421908804,3.3001170823933443,0.015082249867177074,0.43105994966561206,0.4261857835304995,False,41.406562851315336,0.8273760782986128,False,False,
binary_early,very_noisy,M2.R[k3],M2,2.5325437519592806,Normal|MCI,1.849233977699955,3.7023765967389735,0.6333855327464254,0.13018039012792482,2.555361641586738,False,6.837379981769804,0.44397976967478175,False,False,
binary_early,very_noisy,M3.A,M3,0.06032462524823048,Normal|MCI,0.05966366421909302,3.3001170823942028,0.015082249867178257,0.43105994966560934,0.42618578353061254,False,41.40656285132648,0.8273760782987262,False,False,affine copy of M2.R (identical separability)
binary_early,very_noisy,M3.ML_of_powavg,M3,0.0603330182295882,Normal|MCI,0.05971804571393477,3.4230832697817877,0.015090473917888137,0.43104806560199693,0.4166275204810561,False,38.84635388149433,0.7648041181334635,False,False,
binary_early,very_noisy,M3.ML_dBavg,M3,0.016689465767067528,Normal|MCI,0.01668859720539226,25.32478695049506,0.0042341582231524965,0.4634726962762534,1.003618427132238,False,28.537684604637764,0.7240537106399014,False,False,dB averaging; comparison only
binary_early,very_noisy,M4.N,M4,0.06143828897970063,Normal|MCI,0.060769107090541966,3.3404416671286072,0.015360667600410263,0.43043295391473135,0.42123738573842134,False,40.896389203830395,0.8306974451952025,False,False,
binary_early,very_noisy,M4.N[k3],M4,2.6061822265348793,Normal|MCI,1.907543128671842,3.7724902582571915,0.6517916570357206,0.12677306159134538,2.507904512488225,False,6.714704266474718,0.45681563673572484,False,False,
binary_early,very_noisy,M5.C,M5,8.31862924351989,Normal|MCI,1.6140961450698876,2.0013420143972693,2.0806328140971644,0.02064164965087959,0.0003872165136608791,True,2.764982798828031,1.1112555672997046,False,False,
binary_early,very_noisy,M5.C1,M5,7.994991049304066,Normal|MCI,1.562779801273669,1.9710277279802768,1.999757602003601,0.022715838511214177,0.0002729020905598264,True,2.784038569455302,1.1112149006706031,False,False,
binary_early,very_noisy,M5.C2,M5,0.03194070972592024,Normal|MCI,0.03126009434491429,1.7128981541095785,0.008701299618219246,0.448614380955101,0.005520519298318178,True,3.518792198934712,1.114173627529432,False,False,
binary_early,very_noisy,M5.C3,M5,0.3405543435397027,Normal|MCI,0.22948815447629697,1.1863078690616722,0.08563485439110813,0.3396755311556271,0.0030903497757468136,True,2.117520481440139,1.1117280934443072,False,False,
binary_early,very_noisy,M5.C[k3],M5,22.87766325567732,Normal|MCI,4.411430470521415,3.3061411854125478,5.720680880979543,0.00035659248630415756,0.9218825521759474,False,2.482987745416203,0.6705742243694923,False,False,
binary_early,very_noisy,M5.C1[k3],M5,24.702216873600868,Normal|MCI,4.638175709107808,3.3794603581860128,6.176261131156045,0.00021925104967531763,0.9050359504305793,False,2.4394441938797597,0.6785709466720938,False,False,
binary_early,very_noisy,M5.C2[k3],M5,0.06960586231297997,Normal|MCI,0.06610030003213056,1.6201707175574362,0.017401560333986703,0.42600449846105126,0.512489354152954,False,1.3105290165335322,0.9199346820036197,False,False,
binary_early,very_noisy,M5.C3[k3],M5,0.1783150646228354,Normal|MCI,0.1315717009595047,1.0019136179962762,0.04467396355576853,0.38255927204047846,0.25386979640373025,False,0.816881714166841,0.8934433107540687,False,False,
binary_early,very_noisy,M5.C3_dBavg[k3],M5,0.13638968886589295,Normal|MCI,0.09284226663461702,0.7626010666561618,0.03420615364062857,0.396906076704615,0.5086126304336565,False,1.6816295014535083,0.8926918533196122,False,False,dB averaging; comparison only
binary_early,very_noisy,M6.fc_A,M6,0.1615336917025134,Normal|MCI,0.15764444990129658,3.618707057300753,0.04040598578606735,0.3881140052777018,3.774478139880211,False,6.994634293639172,0.9694149256160948,False,False,
binary_early,very_noisy,M6.spread_A,M6,0.011519166009506126,Normal|MCI,0.01150826489897997,4.931682055357395,0.0030034277858234783,0.4694317209878773,0.9199683146071693,False,30.554070854682568,0.0704872997105713,False,False,
binary_early,very_noisy,M6.fc_N,M6,0.16026690737161878,Normal|MCI,0.15641156431305142,3.6061172345221175,0.04008929185229809,0.38854182414260796,3.7889730823829884,False,7.026730119669926,0.9693360502297671,False,False,
binary_early,very_noisy,M6.spread_N,M6,0.011506613754483811,Normal|MCI,0.011495651043819593,4.912432268725214,0.00300051901579086,0.46944741629507514,0.9217825287153278,False,30.607588347892253,0.0709285362153725,False,False,
binary_early,very_noisy,M6.A[2.80],M6,0.0003121579721305741,Normal|MCI,0.0003121548426682647,7.8913696812896434,0.003927003475074624,0.46967248771383463,2.8412354947085388,False,1.4022648255416614,0.9901830613356518,False,False,
binary_early,very_noisy,M6.N[2.80],M6,0.0003121109920910567,Normal|MCI,0.00031210786311539204,7.890795573632249,0.003927153772789326,0.46967190766995626,2.841219710796349,False,1.402257265881442,0.9901816120896524,False,False,
binary_early,very_noisy,M6.A[2.85],M6,2.1576222298342363e-05,Normal|MCI,2.1575905055507453e-05,1.7131338716521807,0.00021654886094552722,0.4928781368207886,3.469652032032391,False,1.7112051953778724,0.9784967736833164,False,False,
binary_early,very_noisy,M6.N[2.85],M6,2.151133798870235e-05,Normal|MCI,2.1511021699907094e-05,1.7105561137397827,0.00021640175340325273,0.4928805578106158,3.4696666862084506,False,1.7112128201742907,0.9784978474670558,False,False,
binary_early,very_noisy,M6.A[2.90],M6,0.003119765116432458,Normal|MCI,0.003119683400258274,15.433953767214533,0.002249827832573974,0.4767434657931665,3.3005305117833457,False,1.6265155531207074,0.9617721954145376,False,False,
binary_early,very_noisy,M6.N[2.90],M6,0.003119962301213864,Normal|MCI,0.0031198805808128846,15.434530099811946,0.0022500620077498205,0.4767422842188142,3.3005450486669776,False,1.6265232559815637,0.9617723585350275,False,False,
binary_early,very_noisy,M6.A[2.95],M6,0.019194649163784272,Normal|MCI,0.01919376736777522,28.906874439445183,0.004858887539634137,0.4608570324391743,2.9522590024088373,False,1.4536267763840092,0.9598887492704528,False,False,
binary_early,very_noisy,M6.N[2.95],M6,0.019196352382595414,Normal|MCI,0.019195470516202854,28.908285786279567,0.004859410856799426,0.460855114518494,2.952244338936571,False,1.4536202562224203,0.9598884209519702,False,False,
binary_early,very_noisy,M6.A[3.00],M6,0.002745596374812583,Normal|MCI,0.0027453429748654,7.713089812985606,0.0007622839171371707,0.48482879124548817,2.717899695389571,False,1.3370043725932397,0.9622735131011247,False,False,
binary_early,very_noisy,M6.N[3.00],M6,0.0027457144533690986,Normal|MCI,0.0027454610500482527,7.713370190587908,0.0007622808873855038,0.48482864422297245,2.717841773608763,False,1.3369768354503693,0.9622729876793664,False,False,
binary_early,very_noisy,M6.A[3.05],M6,0.015423043741994213,Normal|MCI,0.015420440979605009,13.518583208264245,0.003903373443262019,0.4649036798489522,2.6116617636260977,False,1.283591758707123,0.9642828575840187,False,False,
binary_early,very_noisy,M6.N[3.05],M6,0.015423047305513344,Normal|MCI,0.015420444659649054,13.518889004845875,0.0039033736148517263,0.4649036774549493,2.6115465985761803,False,1.2835365536612307,0.9642824116102227,False,False,
binary_early,very_noisy,M6.A[3.10],M6,0.02357482106408316,Normal|MCI,0.023564709323365775,10.482316809741409,0.006019968690509954,0.45654034424732637,2.577882259167306,False,1.2661097116349327,0.9644274340742188,False,False,
binary_early,very_noisy,M6.N[3.10],M6,0.02357102149903295,Normal|MCI,0.023560912043441927,10.481811961389509,0.0060190381037535995,0.4565437612148805,2.5776959595044953,False,1.2660203601080064,0.9644277242906154,False,False,
binary_early,very_noisy,M6.A[3.15],M6,0.027749900792611294,Normal|MCI,0.027718983449223782,7.053964668351466,0.00696267760039523,0.4530733302364074,2.550016231195131,False,1.2507137453101647,0.9627031138479845,False,False,
binary_early,very_noisy,M6.N[3.15],M6,0.02774742584955153,Normal|MCI,0.027716514531762115,7.054023385186069,0.0069619776724033815,0.4530755477962102,2.5497566739539246,False,1.2505900740734928,0.9627056619876685,False,False,
binary_early,very_noisy,M6.A[3.20],M6,0.1528220644092811,Normal|MCI,0.1522526427084298,9.040104308052532,0.03821439336775634,0.3911040149434505,2.5068584305136747,False,1.2306416273404688,0.9611055645365795,False,False,
binary_early,very_noisy,M6.N[3.20],M6,0.1528001453647555,Normal|MCI,0.15223089212462063,9.040147617113652,0.038208879981545346,0.3911116528572365,2.5065639122500993,False,1.2305027887333764,0.9611130694322649,False,False,
binary_early,very_noisy,M6.A[3.25],M6,0.2690405913133937,Normal|MCI,0.2661349485627053,7.02026891970801,0.0674299286724841,0.3567974163719383,2.4036378127133764,False,1.1819150968946095,0.9656074524108852,False,False,
binary_early,very_noisy,M6.N[3.25],M6,0.2689026168148355,Normal|MCI,0.26599901561893136,7.019142243788323,0.06739550925323946,0.35683243429404454,2.4034235320017188,False,1.1818189581912169,0.9656229302366162,False,False,
binary_early,very_noisy,M6.A[3.30],M6,1.013716918164545,Normal|MCI,0.9739577461517566,7.047332092904052,0.2542374100057779,0.23798653064620573,2.3922087946411925,False,1.190441255207667,0.9906990441992503,False,False,
binary_early,very_noisy,M6.N[3.30],M6,1.0130222213585331,Normal|MCI,0.9732957999393658,7.045424833205119,0.25406355698959965,0.23806207089960732,2.3920157174388166,False,1.1903611989442342,0.9907252011847094,False,False,
binary_early,very_noisy,M6.A[3.35],M6,1.8003199165397563,Normal|MCI,1.5686869235211638,4.9380759982250435,0.4501473378630721,0.17135226004173626,3.2953447932050137,False,1.6295451364232694,0.8895264147434879,False,False,
binary_early,very_noisy,M6.N[3.35],M6,1.7967033136428532,Normal|MCI,1.565529811432132,4.933042158165841,0.44924308943649494,0.17159490161376706,3.296234868502866,False,1.6299540464636328,0.8893664292658588,False,False,
binary_early,very_noisy,M6.A[3.40],M6,4.633304889184059,Normal|MCI,3.3324422181758075,4.8722103013435785,1.1584561522398582,0.06397986637452496,2.8558779848744305,False,1.3330700751423548,0.6736361337501129,False,False,
binary_early,very_noisy,M6.N[3.40],M6,4.660484677585842,Normal|MCI,3.347925329926941,4.8759466711886095,1.165248285224404,0.06342380440064145,2.8431085960494,False,1.3270059253137803,0.6746316371234391,False,False,
binary_early,very_noisy,M6.A[3.45],M6,82.81654943301386,Normal|MCI,64.14990282702657,23.858240508163988,20.744583245220056,2.5704209084273964e-11,0.3379165286451654,False,0.16164879259136747,0.968653344776102,False,False,
binary_early,very_noisy,M6.N[3.45],M6,83.0532935480512,Normal|MCI,64.3384803452948,23.89659804867859,20.803883119138117,2.407655001118841e-11,0.3386547387412948,False,0.16201393123200672,0.9685969903167877,False,False,
binary_early,very_noisy,M6.A[3.50],M6,13.695175336360407,Normal|MCI,10.709121831403706,9.91121582243375,3.433906488837995,0.004245305150185596,0.6199215468031948,False,0.30099319511376127,0.8543972353515115,False,False,
binary_early,very_noisy,M6.N[3.50],M6,13.806980594684827,Normal|MCI,10.822294757870592,10.006327705102091,3.46188442169321,0.004112927038421744,0.6195714935851002,False,0.30089322448666045,0.855325325428074,False,False,
binary_early,very_noisy,M6.A[3.55],M6,11.435996545895541,Normal|MCI,6.547900266934598,5.535197963646772,2.8592201771694814,0.00838883145463631,0.8874456832791164,False,0.4172845900084057,0.7634769635402145,False,False,
binary_early,very_noisy,M6.N[3.55],M6,11.20634529699456,Normal|MCI,6.4618320561164095,5.524958237774952,2.8018021585082638,0.008956706267168978,0.8884507108486498,False,0.4176685319968984,0.7619059341392891,False,False,
binary_early,very_noisy,M6.A[3.60],M6,279.82416038065907,Normal|MCI,91.31627918608436,16.46519771404578,70.08537984925712,1.5170166861132698e-36,0.6023168191859178,False,0.29702126861067574,0.877653638798797,False,False,
binary_early,very_noisy,M6.N[3.60],M6,278.0519791660141,Normal|MCI,92.416172084632,16.638765686160927,69.64259958508433,2.463232945080781e-36,0.5994524319089253,False,0.2955876669507431,0.8783268552397419,False,False,
binary_early,very_noisy,M6.A[3.65],M6,112.18316074834107,Normal|MCI,22.82374904636437,7.570109737168773,28.117910275211237,4.278601357954031e-15,1.0183826329329038,False,0.4977098064289497,0.835943845305868,False,False,
binary_early,very_noisy,M6.N[3.65],M6,110.24270782955803,Normal|MCI,22.53670489610999,7.526975167258009,27.632981944569725,7.220111128748993e-15,1.023396420245805,False,0.5001838615091447,0.8354158945095677,False,False,
binary_early,very_noisy,M6.A[3.70],M6,0.654267177642832,Normal|MCI,0.4162744608339986,1.5128665299943165,0.16356750235840656,0.2836756522313535,4.768877801411632,False,2.3043417542100064,-0.2719683467086233,False,False,
binary_early,very_noisy,M6.N[3.70],M6,0.6158516616655485,Normal|MCI,0.392590327916967,1.4716891806743888,0.1539637910174606,0.2894775334647509,4.888776054005471,False,2.3621959352058983,-0.30583417293439924,False,False,
binary_early,very_noisy,M6.A[3.75],M6,96.12056592831665,Normal|MCI,60.158081296986076,17.93268421590874,24.06750474845136,8.11940394151143e-13,0.23737229106779745,True,0.1181722659189778,0.9388427949177026,True,False,
binary_early,very_noisy,M6.N[3.75],M6,96.1789835201589,Normal|MCI,60.16612119448665,17.926779471182897,24.082072306701853,8.002379877756367e-13,0.2376997784317923,True,0.11834499109879246,0.9388653894723215,True,False,
binary_early,very_noisy,M6.A[3.80],M6,5.739487708969549,Normal|MCI,2.4460565323669194,2.91984980207371,1.4403309214666644,0.044541455341044166,2.4311089749330264,False,1.182251192049277,0.2594650752632981,False,False,
binary_early,very_noisy,M6.N[3.80],M6,5.680701545618156,Normal|MCI,2.421794394384846,2.9056856286581785,1.4256268922561304,0.04536746781702905,2.4406147659501483,False,1.186763268458153,0.2557667230601685,False,False,
binary_early,very_noisy,M6.A[3.85],M6,6.5510905739367065,Normal|MCI,5.451779660339643,8.060846990824775,1.639126807690503,0.035035953864148005,1.004259518059863,False,0.4892903177486584,0.8963725395027661,False,False,
binary_early,very_noisy,M6.N[3.85],M6,6.545712593817094,Normal|MCI,5.447496373064079,8.058384990193012,1.6377819408176373,0.03509351288874938,1.004133025894639,False,0.4892502861756972,0.8964301641048629,False,False,
binary_early,very_noisy,M6.A[3.90],M6,0.21950233623221585,Normal|MCI,0.21477335873843373,4.465202427754046,0.056027078961484594,0.3694910375794649,1.8203504315289762,False,0.8701882936371057,0.8511596574458411,False,False,
binary_early,very_noisy,M6.N[3.90],M6,0.2194727572394121,Normal|MCI,0.21474462275958578,4.4650008549685625,0.05602025455714241,0.3694990680945043,1.820241516103644,False,0.8701425276546952,0.851174974918771,False,False,
binary_early,very_noisy,M6.A[3.95],M6,0.004481015508450646,Normal|MCI,0.0044610742166270815,1.4159447286210545,0.0013058841164375467,0.4803821352485957,4.8342309852002066,False,2.3463862221199023,0.8045497752028725,False,False,
binary_early,very_noisy,M6.N[3.95],M6,0.004481528112536195,Normal|MCI,0.004461585386526607,1.4160559187531399,0.0013061690710196605,0.48038049439747826,4.833241236175161,False,2.345907519623202,0.8045884168389833,False,False,
binary_early,very_noisy,M6.A[4.00],M6,1.2711848517446185e-05,Normal|MCI,1.2689621256594161e-05,0.1204760469784079,0.00048677477258836046,0.4893227755222006,9.15935734627506,False,4.47439240007881,0.7257548322834348,False,False,
binary_early,very_noisy,M6.N[4.00],M6,1.2840769516934856e-05,Normal|MCI,1.281831767536601e-05,0.12108770666159939,0.0004868917666956351,0.4893214912000792,9.164048737459655,False,4.476684541923851,0.7255971935603268,False,False,
binary_early,very_noisy,M6.A[4.05],M6,0.008331869915238462,Normal|MCI,0.008325580568493264,4.696677419333762,0.0022731067860323733,0.4736984523922983,2.1749334876002084,False,1.0681142901353373,0.9569151510586678,False,False,
binary_early,very_noisy,M6.N[4.05],M6,0.008330259362374862,Normal|MCI,0.008323971501880816,4.69632455938057,0.0022729435181469975,0.4737001883352506,2.1752251237411655,False,1.0682576059538789,0.9569054977548085,False,False,
binary_early,very_noisy,M6.A[4.10],M6,0.001166119892807224,Normal|MCI,0.0011656000457380457,2.286775748547805,0.0008132127721998971,0.4860025813721597,1.269934470598504,False,0.6257073894012548,0.991675351557545,False,False,
binary_early,very_noisy,M6.N[4.10],M6,0.0011651924654258582,Normal|MCI,0.0011646730502976087,2.2859069473525944,0.0008128338560029575,0.4860059933855184,1.270040589641216,False,0.625759736159531,0.9916722812799502,False,False,
binary_early,very_noisy,M6.A[4.15],M6,0.003809763185687974,Normal|MCI,0.0038087220967579784,5.279705722363305,0.002856923386556486,0.4738225522477801,1.0027237300676322,False,0.4951667935274267,0.9946086882999947,False,False,
binary_early,very_noisy,M6.N[4.15],M6,0.0038085910204748966,Normal|MCI,0.0038075502893252324,5.27898848576532,0.0028562228256766957,0.4738258059590312,1.0027892954192312,False,0.49519922332442873,0.994609431382967,False,False,
binary_early,very_noisy,M7.D,M7,9.03536013778419,Normal|MCI,8.82770532120902,27.716643821453424,2.2589418298321213,0.01676764871320797,0.9195259156837683,False,0.11182272126375002,1.0995793503867421,False,False,
binary_early,very_noisy,M7.D_pow,M7,0.2547883683951314,Normal|MCI,0.25437698846816964,17.75097282132894,0.06406738450774611,0.3603561992834048,1.514354882430859,False,0.11283348017623067,1.1102483040381677,False,False,
binary_early,very_noisy,M7.D0,M7,8.778299886265765,Normal|MCI,8.581337043017792,27.657029434442236,2.1946778171024963,0.018078287752169128,0.9104404784535575,False,0.11179893071499777,1.0994101222015544,False,False,
binary_early,very_noisy,M7.D1,M7,583.5448745739252,Normal|MCI,112.7078152978613,16.71451671197805,146.06430858385752,5.878701321381436e-77,1.53330216675235,False,0.11335284685490547,1.1110563450395592,False,False,
binary_early,very_noisy,M7.D2,M7,0.8612885739546033,Normal|MCI,0.8569283577805208,18.39956634698193,0.21687488468368632,0.2552936652485248,1.4301538956592101,False,0.15573302151823146,1.110193341894701,False,False,
binary_early,very_noisy,M7.D3,M7,2.2962091777523055,Normal|MCI,2.2377900285656938,13.263336111698589,0.5740891853138232,0.14196481961787158,1.9178406331580544,False,0.21610785946635525,1.1104803304957438,False,False,
binary_early,very_noisy,M7.D3[k3],M7,1.8183483107218639,Normal|MCI,1.7827451338766644,13.49440656585909,0.46381988975071803,0.16785194810999252,3.15008036387729,False,0.5427237187758578,0.722977231791994,False,False,
binary_early,very_noisy,M8.s1^2,M8,0.02591275323315732,Normal|MCI,,,0.006623024163343022,0.45443448648676654,0.654311271174926,False,62.70350697913534,0.6789886089402271,False,False,matrix-level: no per-antenna port-noise estimate
binary_early,very_noisy,M8.s2^2,M8,0.041816620476955925,Normal|MCI,,,0.010719533900390588,0.4421480891203613,0.42172867660727165,False,41.48976438656367,0.8858418624182667,False,False,matrix-level: no per-antenna port-noise estimate
binary_early,very_noisy,M8.s3^2,M8,0.04752264261097699,Normal|MCI,,,0.011895045655201202,0.43872806033978173,0.4178286110062504,False,40.28469108252961,0.8178399403022314,False,False,matrix-level: no per-antenna port-noise estimate
binary_early,very_noisy,M8.s4^2,M8,0.04638940682031197,Normal|MCI,,,0.011651357690070016,0.4394045088266653,0.6036810464753118,False,58.77099733247814,0.6740762265716944,False,False,matrix-level: no per-antenna port-noise estimate
binary_early,very_noisy,M8.s5^2,M8,0.03344362330974286,Normal|MCI,,,0.008553099870857976,0.44825865971020684,0.3628055385075798,False,35.27449727762473,0.8876643224296697,False,False,matrix-level: no per-antenna port-noise estimate
binary_early,very_noisy,M8.s6^2,M8,0.022978306328113863,Normal|MCI,,,0.006533342282997361,0.45591166759141827,0.28432211009606295,False,27.694071732595667,0.8969129904378379,False,False,matrix-level: no per-antenna port-noise estimate
binary_early,very_noisy,M8.lam0^2,M8,0.06419871265928434,Normal|MCI,0.06347896791597224,3.365145411462175,0.01605038831954783,0.42890408157938037,0.4206957555804502,False,40.37606268938144,0.8068400372637164,False,False,
binary_early,very_noisy,M8.lam1^2,M8,0.05733109641369876,Normal|MCI,0.05671122303458238,3.238867154880142,0.014332988498897841,0.4327765338415448,0.445696948734703,False,43.13330349136056,0.8060011141137259,False,False,
binary_early,very_noisy,M8.lam2^2,M8,0.06857972355821552,Normal|MCI,0.06781590704736264,3.4896681474629507,0.01715089637637343,0.4265392669340774,0.37742533187638005,False,37.54665549292347,0.8772453638745281,False,False,
binary_early,very_noisy,M8.lam3^2,M8,0.05297077529753676,Normal|MCI,0.05235316643025194,2.996731811794446,0.013242778982943359,0.4353601647583258,0.4749115926877461,False,44.81655557311951,0.7981573013647955,False,False,
binary_early,very_noisy,M8.lam0^2[k3],M8,2.0203499899313355,Normal|MCI,1.49786921725635,3.403534005227978,0.5054944435616051,0.15733252318336433,3.2153696397226486,False,8.51983731250749,0.4665290812008292,False,False,
binary_early,very_noisy,M8.lam1^2[k3],M8,2.5094141255154923,Normal|MCI,1.8377239789438298,3.7055853380821717,0.6275540023744111,0.13128470288690053,2.750102143289238,False,7.345760009050705,0.48055023806513103,False,False,
binary_early,very_noisy,M8.lam2^2[k3],M8,2.2773891304314375,Normal|MCI,1.6479143957794453,3.453120960783333,0.5695725139089853,0.142913218420223,2.4972625145052025,False,6.7117049950601775,0.3887727886671685,False,False,
binary_early,very_noisy,M8.lam3^2[k3],M8,4.0587723084369,Normal|MCI,3.010128589797712,4.8271510248061675,1.0150077205163435,0.07709307850244512,1.6530386230158687,False,4.477509421113937,0.5145426190458934,False,False,
binary_early,typical_jitter,M0.old_score,M0,0.9033970436768279,Normal|MCI,0.7773670857669296,3.3383395597143193,0.22585101007651198,0.25076411786019503,0.35195118205575077,False,26.773603129769786,1.1717586875482784,False,False,baseline only; not a physical quantity
binary_early,typical_jitter,M1.Sii_dBavg,M1,181.3732126991986,Normal|MCI,56.31181534010671,12.78026021066444,45.34657979083178,7.230773548138158e-22,0.03478708175143703,True,3.5907513699014797,1.0995670951290166,False,False,dB averaging; shown for fragility
binary_early,typical_jitter,M2.R,M2,0.6570409379521773,Normal|MCI,0.5546731256517818,2.6683823780858877,0.16429290158554868,0.28325297731094745,0.4261857835304995,False,41.406562851315336,0.8273760782986128,False,False,
binary_early,typical_jitter,M2.R[k3],M2,0.9962871766719232,Normal|MCI,0.8674074262373045,3.662068746448487,0.2518933579945988,0.23923158490473362,2.555361641586738,False,6.837379981769804,0.44397976967478175,False,False,
binary_early,typical_jitter,M3.A,M3,0.6570409379521732,Normal|MCI,0.554673125651817,2.668382378086476,0.16429290158554777,0.2832529773109481,0.42618578353061254,False,41.40656285132648,0.8273760782987262,False,False,affine copy of M2.R (identical separability)
binary_early,typical_jitter,M3.ML_of_powavg,M3,0.6572533607624724,Normal|MCI,0.5551344151626446,2.6731745672028815,0.16433302014477735,0.2832267290731452,0.4166275204810561,False,38.84635388149433,0.7648041181334635,False,False,
binary_early,typical_jitter,M3.ML_dBavg,M3,0.10243815991579738,Normal|MCI,0.10241290424233582,28.823302941933754,0.026036367535659268,0.4100945935252692,1.003618427132238,False,28.537684604637764,0.7240537106399014,False,False,dB averaging; comparison only
binary_early,typical_jitter,M4.N,M4,0.671483269427508,Normal|MCI,0.5674010309643525,2.705760449462231,0.16790334364371645,0.2811361550380712,0.42123738573842134,False,40.896389203830395,0.8306974451952025,False,False,
binary_early,typical_jitter,M4.N[k3],M4,1.034701689175147,Normal|MCI,0.9007943991831195,3.731069209252814,0.2614629786973084,0.23508544115556237,2.507904512488225,False,6.714704266474718,0.45681563673572484,False,False,
binary_early,typical_jitter,M5.C,M5,211.7151873826451,Normal|MCI,1.85226285556152,1.9331896127755708,52.930459050838614,3.6218107320236127e-25,0.0003872165136608791,True,2.764982798828031,1.1112555672997046,False,False,
binary_early,typical_jitter,M5.C1,M5,198.4194491588982,Normal|MCI,1.791776591288966,1.9016330974094582,49.60666349440389,1.0367112586576143e-23,0.0002729020905598264,True,2.784038569455302,1.1112149006706031,False,False,
binary_early,typical_jitter,M5.C2,M5,22.111693108354253,Normal|MCI,2.097390617261297,2.152759069841928,5.528969484784277,0.0004390431445075602,0.005520519298318178,True,3.518792198934712,1.114173627529432,False,False,
binary_early,typical_jitter,M5.C3,M5,45.49474666163562,Normal|MCI,0.5851329798351811,1.088812886307381,11.373960720384499,9.206594957488022e-07,0.0030903497757468136,True,2.117520481440139,1.1117280934443072,False,False,
binary_early,typical_jitter,M5.C[k3],M5,8.766837144631866,Normal|MCI,3.2939381306178492,3.2485194312444183,2.2058123505476446,0.017355375266452023,0.9218825521759474,False,2.482987745416203,0.6705742243694923,False,False,
binary_early,typical_jitter,M5.C1[k3],M5,9.101745306001343,Normal|MCI,3.4374165259521683,3.323679899059036,2.289256492235936,0.015730843174610175,0.9050359504305793,False,2.4394441938797597,0.6785709466720938,False,False,
binary_early,typical_jitter,M5.C2[k3],M5,10.881626232608523,Normal|MCI,1.407048541539563,1.797779854744777,2.7213909226375876,0.009800121832305136,0.512489354152954,False,1.3105290165335322,0.9199346820036197,False,False,
binary_early,typical_jitter,M5.C3[k3],M5,15.54525680812817,Normal|MCI,0.4698879997095173,0.9844125742080994,3.886647642695294,0.0026478977235493088,0.25386979640373025,False,0.816881714166841,0.8934433107540687,False,False,
binary_early,typical_jitter,M5.C3_dBavg[k3],M5,17.223342474304648,Normal|MCI,0.4771074874588911,0.9906568390807113,4.305982025984624,0.0016687887584385063,0.5086126304336565,False,1.6816295014535083,0.8926918533196122,False,False,dB averaging; comparison only
binary_early,typical_jitter,M6.fc_A,M6,0.3056226524449405,Normal|MCI,0.28233475236335576,2.7222297306088237,0.07707176180337436,0.34756971594724306,3.774478139880211,False,6.994634293639172,0.9694149256160948,False,False,
binary_early,typical_jitter,M6.spread_A,M6,0.1023874467669512,Normal|MCI,0.10029506703813192,3.1329819223052384,0.026185994065128605,0.4099717900098755,0.9199683146071693,False,30.554070854682568,0.0704872997105713,False,False,
binary_early,typical_jitter,M6.fc_N,M6,0.3030016362009069,Normal|MCI,0.27989640219224754,2.709448852219661,0.07641667889008129,0.34818929999711756,3.7889730823829884,False,7.026730119669926,0.9693360502297671,False,False,
binary_early,typical_jitter,M6.spread_N,M6,0.10210306309902348,Normal|MCI,0.10000110147336255,3.116910870938042,0.026115085842055328,0.4100932078251435,0.9217825287153278,False,30.607588347892253,0.0709285362153725,False,False,
binary_early,typical_jitter,M6.A[2.80],M6,0.010379039957451142,Normal|MCI,0.010377394720227383,11.442567799177441,0.002721057810616271,0.47094124031020457,2.8412354947085388,False,1.4022648255416614,0.9901830613356518,False,False,
binary_early,typical_jitter,M6.N[2.80],M6,0.010378891137582977,Normal|MCI,0.010377245926939312,11.442496163167826,0.002721016181331008,0.4709414552990735,2.841219710796349,False,1.402257265881442,0.9901816120896524,False,False,
binary_early,typical_jitter,M6.A[2.85],M6,0.0003057614054536758,Normal|MCI,0.00030567426978158013,1.4646632333934155,0.00029969455352110307,0.4915667168071219,3.469652032032391,False,1.7112051953778724,0.9784967736833164,False,False,
binary_early,typical_jitter,M6.N[2.85],M6,0.0003057078715973228,Normal|MCI,0.0003056207512625976,1.4645356921960555,0.00029968265950673265,0.49156690077303,3.4696666862084506,False,1.7112128201742907,0.9784978474670558,False,False,
binary_early,typical_jitter,M6.A[2.90],M6,0.008575830303381313,Normal|MCI,0.008572198011050877,6.3622215375803615,0.0024414743883156118,0.47302893807482005,3.3005305117833457,False,1.6265155531207074,0.9617721954145376,False,False,
binary_early,typical_jitter,M6.N[2.90],M6,0.008575299033272914,Normal|MCI,0.008571666982418754,6.362038884959335,0.0024413466693869726,0.473029706762768,3.3005450486669776,False,1.6265232559815637,0.9617723585350275,False,False,
binary_early,typical_jitter,M6.A[2.95],M6,0.005377328780720153,Normal|MCI,0.00537338715230695,3.828992535014121,0.0017596293526108814,0.47783041000146814,2.9522590024088373,False,1.4536267763840092,0.9598887492704528,False,False,
binary_early,typical_jitter,M6.N[2.95],M6,0.005376749164414399,Normal|MCI,0.005372808001035423,3.8288056948180347,0.0017594892086808072,0.47783142415712165,2.952244338936571,False,1.4536202562224203,0.9598884209519702,False,False,
binary_early,typical_jitter,M6.A[3.00],M6,0.03170144369525637,Normal|MCI,0.031654802090571844,6.559754370729628,0.007999514032198273,0.44978768679263936,2.717899695389571,False,1.3370043725932397,0.9622735131011247,False,False,
binary_early,typical_jitter,M6.N[3.00],M6,0.03169936214577741,Normal|MCI,0.03165272445137338,6.559598711809803,0.00799900590355789,0.44978929953190727,2.717841773608763,False,1.3369768354503693,0.9622729876793664,False,False,
binary_early,typical_jitter,M6.A[3.05],M6,0.12479379384913565,Normal|MCI,0.12444433604087551,9.427611659672474,0.031473244502880214,0.40114820628362524,2.6116617636260977,False,1.283591758707123,0.9642828575840187,False,False,
binary_early,typical_jitter,M6.N[3.05],M6,0.12479066746613378,Normal|MCI,0.12444122935621389,9.42764160376137,0.03147247930336348,0.4011494001429372,2.6115465985761803,False,1.2835365536612307,0.9642824116102227,False,False,
binary_early,typical_jitter,M6.A[3.10],M6,0.17781799367691398,Normal|MCI,0.1767930906764813,7.832386542354633,0.04448880283275635,0.38276047381832945,2.577882259167306,False,1.2661097116349327,0.9644274340742188,False,False,
binary_early,typical_jitter,M6.N[3.10],M6,0.17781477720163125,Normal|MCI,0.17678993814536662,7.832490211512192,0.044487979430817184,0.38276151613869003,2.5776959595044953,False,1.2660203601080064,0.9644277242906154,False,False,
binary_early,typical_jitter,M6.A[3.15],M6,0.40771771220026914,Normal|MCI,0.4021278767792583,7.659093422090527,0.10215854898984213,0.32570201478864474,2.550016231195131,False,1.2507137453101647,0.9627031138479845,False,False,
binary_early,typical_jitter,M6.N[3.15],M6,0.40771975273550354,Normal|MCI,0.4021300877858085,7.659250435652041,0.10215894754278403,0.32570166239129145,2.5497566739539246,False,1.2505900740734928,0.9627056619876685,False,False,
binary_early,typical_jitter,M6.A[3.20],M6,0.6520205530233658,Normal|MCI,0.6355761800098044,7.099385957785229,0.16301406344611485,0.28400543802456935,2.5068584305136747,False,1.2306416273404688,0.9611055645365795,False,False,
binary_early,typical_jitter,M6.N[3.20],M6,0.6520411979427739,Normal|MCI,0.6355955792912081,7.099337819350625,0.16301926874483344,0.2840023630692402,2.5065639122500993,False,1.2305027887333764,0.9611130694322649,False,False,
binary_early,typical_jitter,M6.A[3.25],M6,0.8317174745754086,Normal|MCI,0.8028242165959549,6.798527919170582,0.20839119118535582,0.25934121400345334,2.4036378127133764,False,1.1819150968946095,0.9656074524108852,False,False,
binary_early,typical_jitter,M6.N[3.25],M6,0.8317324487120755,Normal|MCI,0.8028318001731006,6.797751891529031,0.20839443951499098,0.2593395076870511,2.4034235320017188,False,1.1818189581912169,0.9656229302366162,False,False,
binary_early,typical_jitter,M6.A[3.30],M6,0.9358803965536412,Normal|MCI,0.8972168871129813,6.590574241964004,0.23459218597229325,0.24675764165282715,2.3922087946411925,False,1.190441255207667,0.9906990441992503,False,False,
binary_early,typical_jitter,M6.N[3.30],M6,0.9358952941550139,Normal|MCI,0.8972067875408698,6.588460123971227,0.2345953581714092,0.24675611517453155,2.3920157174388166,False,1.1903611989442342,0.9907252011847094,False,False,
binary_early,typical_jitter,M6.A[3.35],M6,0.5746478364428552,Normal|MCI,0.5446972339343181,4.571836483621631,0.14397456301037884,0.2958406621039812,3.2953447932050137,False,1.6295451364232694,0.8895264147434879,False,False,
binary_early,typical_jitter,M6.N[3.35],M6,0.5744163483244774,Normal|MCI,0.5444315686645999,4.567195610880434,0.14391856527505784,0.29587719938252505,3.296234868502866,False,1.6299540464636328,0.8893664292658588,False,False,
binary_early,typical_jitter,M6.A[3.40],M6,1.2540532783675717,Normal|MCI,1.1320562155962381,4.824277723037884,0.33189389809221886,0.20885816688195696,2.8558779848744305,False,1.3330700751423548,0.6736361337501129,False,False,
binary_early,typical_jitter,M6.N[3.40],M6,1.2660702567039026,Normal|MCI,1.1420031253703073,4.827798960058874,0.3349771148119228,0.20775499619886972,2.8431085960494,False,1.3270059253137803,0.6746316371234391,False,False,
binary_early,typical_jitter,M6.A[3.45],M6,70.2442334439783,Normal|MCI,55.95169758951533,23.451591747698465,17.57545528148619,1.1854972846588882e-09,0.3379165286451654,False,0.16164879259136747,0.968653344776102,False,False,
binary_early,typical_jitter,M6.N[3.45],M6,69.92987987607484,Normal|MCI,55.789025823272006,23.489996816539247,17.496864153546333,1.2866809224060212e-09,0.3386547387412948,False,0.16201393123200672,0.9685969903167877,False,False,
binary_early,typical_jitter,M6.A[3.50],M6,23.679230711747184,Normal|MCI,15.460307344952833,9.43844367364042,5.980718857469741,0.0001906972026628808,0.6199215468031948,False,0.30099319511376127,0.8543972353515115,False,False,
binary_early,typical_jitter,M6.N[3.50],M6,23.651195769167032,Normal|MCI,15.551876799038656,9.530346733362759,5.972882359892455,0.0001933130689777341,0.6195714935851002,False,0.30089322448666045,0.855325325428074,False,False,
binary_early,typical_jitter,M6.A[3.55],M6,14.540362716206177,Normal|MCI,7.404040391184334,5.49287579539127,3.7992975771950555,0.0016631707057861989,0.8874456832791164,False,0.4172845900084057,0.7634769635402145,False,False,
binary_early,typical_jitter,M6.N[3.55],M6,14.528137356695003,Normal|MCI,7.388191048001777,5.483294249938704,3.7977487608171163,0.0016585445040254061,0.8884507108486498,False,0.4176685319968984,0.7619059341392891,False,False,
binary_early,typical_jitter,M6.A[3.60],M6,26.206513557694194,Normal|MCI,21.68295633018097,15.850348835878348,6.591227372935574,0.00010943972615387471,0.6023168191859178,False,0.29702126861067574,0.877653638798797,False,False,
binary_early,typical_jitter,M6.N[3.60],M6,26.521274775542988,Normal|MCI,21.97811664615933,16.018745658163468,6.669846142689669,0.00010036497356798119,0.5994524319089253,False,0.2955876669507431,0.8783268552397419,False,False,
binary_early,typical_jitter,M6.A[3.65],M6,8.148531722464892,Normal|MCI,6.280056700670782,7.40104103794099,2.075072374441563,0.01943246274573664,1.0183826329329038,False,0.4977098064289497,0.835943845305868,False,False,
binary_early,typical_jitter,M6.N[3.65],M6,8.062821794662929,Normal|MCI,6.21290815726647,7.359194278781019,2.0535195058770817,0.019955683668137093,1.023396420245805,False,0.5001838615091447,0.8354158945095677,False,False,
binary_early,typical_jitter,M6.A[3.70],M6,0.3961105728034061,Normal|MCI,0.2771968450386354,1.3589433716931973,0.21346603836233063,0.274596690201299,4.768877801411632,False,2.3043417542100064,-0.2719683467086233,False,False,
binary_early,typical_jitter,M6.N[3.70],M6,0.3749051355468459,Normal|MCI,0.26200027743262955,1.3190773209862756,0.2084604616700299,0.27739008004847227,4.888776054005471,False,2.3621959352058983,-0.30583417293439924,False,False,
binary_early,typical_jitter,M6.A[3.75],M6,145.93889337947664,Normal|MCI,74.37587809321029,17.416956200850418,36.52655181381632,1.3744982455435431e-18,0.23737229106779745,True,0.1181722659189778,0.9388427949177026,True,False,
binary_early,typical_jitter,M6.N[3.75],M6,145.45268692618404,Normal|MCI,74.22690486062916,17.411570053057236,36.40494723096011,1.5657148784832076e-18,0.2376997784317923,True,0.11834499109879246,0.9388653894723215,True,False,
binary_early,typical_jitter,M6.A[3.80],M6,1.8655057523442182,Normal|MCI,1.2939350509743452,2.9062605946166378,0.6635199260625247,0.12551179190492948,2.4311089749330264,False,1.182251192049277,0.2594650752632981,False,False,
binary_early,typical_jitter,M6.N[3.80],M6,1.852897388329085,Normal|MCI,1.284181064391715,2.892717122852186,0.6610704715941501,0.12604186390842062,2.4406147659501483,False,1.186763268458153,0.2557667230601685,False,False,
binary_early,typical_jitter,M6.A[3.85],M6,7.598898075669621,Normal|MCI,6.130214660591545,7.964601538862453,1.9069521895186363,0.02510939623501522,1.004259518059863,False,0.4892903177486584,0.8963725395027661,False,False,
binary_early,typical_jitter,M6.N[3.85],M6,7.5981686041568155,Normal|MCI,6.12903586091496,7.96223558283441,1.9067543914783507,0.025116000888437864,1.004133025894639,False,0.4892502861756972,0.8964301641048629,False,False,
binary_early,typical_jitter,M6.A[3.90],M6,1.451086838659632,Normal|MCI,1.2488715222154925,4.233636404601092,0.3666881178560702,0.19607040431751188,1.8203504315289762,False,0.8701882936371057,0.8511596574458411,False,False,
binary_early,typical_jitter,M6.N[3.90],M6,1.4510888029988847,Normal|MCI,1.2488634331201247,4.233520322650912,0.36668780049650157,0.19607046572622877,1.820241516103644,False,0.8701425276546952,0.851174974918771,False,False,
binary_early,typical_jitter,M6.A[3.95],M6,0.06344238453698206,Normal|MCI,0.05943935553903981,1.3726108412468554,0.01610293269531238,0.42904641240210223,4.8342309852002066,False,2.3463862221199023,0.8045497752028725,False,False,
binary_early,typical_jitter,M6.N[3.95],M6,0.06346960413470215,Normal|MCI,0.05946493343181713,1.3729191281154176,0.016109709803252017,0.42903149896495196,4.833241236175161,False,2.345907519623202,0.8045884168389833,False,False,
binary_early,typical_jitter,M6.A[4.00],M6,0.047725248105623376,Normal|MCI,0.04645800857542986,1.870639214269731,0.01193133619327099,0.43861745120514145,9.15935734627506,False,4.47439240007881,0.7257548322834348,False,False,
binary_early,typical_jitter,M6.N[4.00],M6,0.047704036017374676,Normal|MCI,0.04643741065466224,1.8702620764422742,0.011926033304488087,0.4386309855268329,9.164048737459655,False,4.476684541923851,0.7255971935603268,False,False,
binary_early,typical_jitter,M6.A[4.05],M6,0.08804999816988068,Normal|MCI,0.0870624025815526,3.9400835097580567,0.02219985317730201,0.4167222209181056,2.1749334876002084,False,1.0681142901353373,0.9569151510586678,False,False,
binary_early,typical_jitter,M6.N[4.05],M6,0.08802792497642586,Normal|MCI,0.08704061415348811,3.9396646409163156,0.022194324870771855,0.4167324735199325,2.1752251237411655,False,1.0682576059538789,0.9569054977548085,False,False,
binary_early,typical_jitter,M6.A[4.10],M6,0.10322218237982524,Normal|MCI,0.10243509025534266,5.183380732430361,0.026992079797857896,0.4090915380641541,1.269934470598504,False,0.6257073894012548,0.991675351557545,False,False,
binary_early,typical_jitter,M6.N[4.10],M6,0.10320097959979281,Normal|MCI,0.10241407100916723,5.1829208826981645,0.026986735594932067,0.4091005495198341,1.270040589641216,False,0.625759736159531,0.9916722812799502,False,False,
binary_early,typical_jitter,M6.A[4.15],M6,0.10354976314059205,Normal|MCI,0.1030690040216014,6.663307062015902,0.0261077895169658,0.40980421956565083,1.0027237300676322,False,0.4951667935274267,0.9946086882999947,False,False,
binary_early,typical_jitter,M6.N[4.15],M6,0.10353463033770054,Normal|MCI,0.10305395857997655,6.6629392429204755,0.02610399995763987,0.40981067508124847,1.0027892954192312,False,0.49519922332442873,0.994609431382967,False,False,
binary_early,typical_jitter,M7.D,M7,26.520979488396215,Normal|MCI,24.69809559013434,26.807851361326342,7.038075133728468,7.261958517108859e-06,0.9195259156837683,False,0.11182272126375002,1.0995793503867421,False,False,
binary_early,typical_jitter,M7.D_pow,M7,8.794416234879806,Normal|MCI,8.199947872658342,15.576134146779001,2.4931210248746747,0.007356830822621619,1.514354882430859,False,0.11283348017623067,1.1102483040381677,False,False,
binary_early,typical_jitter,M7.D0,M7,27.194363639218057,Normal|MCI,25.273304761142494,26.74946666961019,7.200961913075908,5.893589346314675e-06,0.9104404784535575,False,0.11179893071499777,1.0994101222015544,False,False,
binary_early,typical_jitter,M7.D1,M7,7.543773592172622,Normal|MCI,7.133626468102751,16.199241047398317,2.5533466085777703,0.004880278024765143,1.53330216675235,False,0.11335284685490547,1.1110563450395592,False,False,
binary_early,typical_jitter,M7.D2,M7,10.43095182999183,Normal|MCI,9.834887484737106,18.55304053444502,3.2104973816807023,0.0016564252574676507,1.4301538956592101,False,0.15573302151823146,1.110193341894701,False,False,
binary_early,typical_jitter,M7.D3,M7,5.49681460279355,Normal|MCI,5.1225463384932395,12.266537441105966,1.8860442478607389,0.016140387119577805,1.9178406331580544,False,0.21610785946635525,1.1104803304957438,False,False,
binary_early,typical_jitter,M7.D3[k3],M7,3.3780716465348934,Normal|MCI,3.2335773197225053,12.296050922233796,1.2570704106176547,0.04712132263142231,3.15008036387729,False,0.5427237187758578,0.722977231791994,False,False,
binary_early,typical_jitter,M8.s1^2,M8,0.2555053483328395,Normal|MCI,,,0.06387904955244349,0.3603852181330237,0.654311271174926,False,62.70350697913534,0.6789886089402271,False,False,matrix-level: no per-antenna port-noise estimate
binary_early,typical_jitter,M8.s2^2,M8,0.33959390829901653,Normal|MCI,,,0.08499449250712701,0.34009624000724564,0.42172867660727165,False,41.48976438656367,0.8858418624182667,False,False,matrix-level: no per-antenna port-noise estimate
binary_early,typical_jitter,M8.s3^2,M8,0.5450499322743468,Normal|MCI,,,0.13628060375064527,0.3008138192842421,0.4178286110062504,False,40.28469108252961,0.8178399403022314,False,False,matrix-level: no per-antenna port-noise estimate
binary_early,typical_jitter,M8.s4^2,M8,0.3497492873862241,Normal|MCI,,,0.08802293837078191,0.33760773379625153,0.6036810464753118,False,58.77099733247814,0.6740762265716944,False,False,matrix-level: no per-antenna port-noise estimate
binary_early,typical_jitter,M8.s5^2,M8,0.44336561782366024,Normal|MCI,,,0.11158656476643536,0.31853600172337143,0.3628055385075798,False,35.27449727762473,0.8876643224296697,False,False,matrix-level: no per-antenna port-noise estimate
binary_early,typical_jitter,M8.s6^2,M8,0.4761616478905039,Normal|MCI,,,0.11991780035274532,0.3124046908241688,0.28432211009606295,False,27.694071732595667,0.8969129904378379,False,False,matrix-level: no per-antenna port-noise estimate
binary_early,typical_jitter,M8.lam0^2,M8,0.6931664866952206,Normal|MCI,0.5829658770002514,2.7080915693876673,0.17333033208388024,0.2780119853836392,0.4206957555804502,False,40.37606268938144,0.8068400372637164,False,False,
binary_early,typical_jitter,M8.lam1^2,M8,0.6125432408493502,Normal|MCI,0.5177497204205218,2.5867471792439214,0.15317103538184831,0.28997433799506644,0.445696948734703,False,43.13330349136056,0.8060011141137259,False,False,
binary_early,typical_jitter,M8.lam2^2,M8,0.7790710831281504,Normal|MCI,0.6560512193002507,2.8826027246088666,0.1947971018279706,0.2662611193084782,0.37742533187638005,False,37.54665549292347,0.8772453638745281,False,False,
binary_early,typical_jitter,M8.lam3^2,M8,0.5663364714768531,Normal|MCI,0.47365964045792847,2.406023506760667,0.14161173255989976,0.2973045352064359,0.4749115926877461,False,44.81655557311951,0.7981573013647955,False,False,
binary_early,typical_jitter,M8.lam0^2[k3],M8,0.625616262836476,Normal|MCI,0.5637402964165658,3.3763507356921765,0.15863280691903023,0.28709347686600745,3.2153696397226486,False,8.51983731250749,0.4665290812008292,False,False,
binary_early,typical_jitter,M8.lam1^2[k3],M8,0.8613667311888789,Normal|MCI,0.7631923229356113,3.6595433426461557,0.21780979457598473,0.2549655473145712,2.750102143289238,False,7.345760009050705,0.48055023806513103,False,False,
binary_early,typical_jitter,M8.lam2^2[k3],M8,1.043659061633752,Normal|MCI,0.8846440649927005,3.4076859516368514,0.2640394227540644,0.23402473230647225,2.4972625145052025,False,6.7117049950601775,0.3887727886671685,False,False,
binary_early,typical_jitter,M8.lam3^2[k3],M8,2.3995685296793696,Normal|MCI,1.9845451619098533,4.790444298781033,0.6036565442746724,0.1358581643341649,1.6530386230158687,False,4.477509421113937,0.5145426190458934,False,False,
