scheme,profile,metric,method_id,min_J_meas,weakest_pair,min_J_eff,min_gap_over_port,min_bhatt,max_bayes_err,shift_move_over_min_gap,shift_robust,band_move_over_min_gap,band_gap_retention,freq_robust,any_ad_pair,note
three_merged,ideal,M0.old_score,M0,6.909563797879414,Mild+Moderate|Severe,0.6256012139255506,1.1729305811336717,1.9881854718244962,0.016025750118729077,1.4229814287699936,False,26.060299762407094,0.6453445998718763,False,True,baseline only; not a physical quantity
three_merged,ideal,M1.Sii_dBavg,M1,0.4758270321928875,Mild+Moderate|Severe,0.0023437421399859723,0.06850374532193564,0.5209085319563886,0.1536994851541153,7.389414768231441,False,187.39907787577496,0.13785984368021326,False,True,dB averaging; shown for fragility
three_merged,ideal,M2.R,M2,3.3687803868373,Mild+Moderate|Severe,0.10370691777891362,0.4626033061807552,1.036921270027355,0.06896153851515043,2.2917171988514333,False,55.44444739293458,0.3434465309855271,False,True,
three_merged,ideal,M2.R[k3],M2,268.4997327980614,Mild+Moderate|Severe,2.0924353130459297,2.0537136453911295,67.70277940751652,9.428302715263148e-47,0.9339004402833573,False,2.4514168754073387,0.8549538570161865,False,True,
three_merged,ideal,M3.A,M3,3.3687803868380493,Mild+Moderate|Severe,0.10370691777895247,0.46260330618084294,1.036921270027524,0.06896153851513265,2.2917171988512743,False,55.44444739292782,0.3434465309854849,False,True,affine copy of M2.R (identical separability)
three_merged,ideal,M3.ML_of_powavg,M3,3.328751414476719,Mild+Moderate|Severe,0.10290031602666101,0.4608312008939739,1.0275540860365386,0.06996046576463366,2.306262352682542,False,53.777820513321956,0.3280389581349639,False,True,
three_merged,ideal,M3.ML_dBavg,M3,17.733085767008372,Mild+Moderate|Severe,0.864758677324478,1.3483995923254215,4.445972008355975,0.001355920165203684,1.5147852857510011,False,20.939397963645575,0.7559826366715442,False,True,dB averaging; comparison only
three_merged,ideal,M4.N,M4,3.6715992795843317,Mild+Moderate|Severe,0.11049012593359965,0.4773223028916621,1.1076515759935905,0.06193972616945778,2.2204898356354947,False,53.683251544562594,0.3601341454205289,False,True,
three_merged,ideal,M4.N[k3],M4,269.2636605347545,Mild+Moderate|Severe,2.075983317300295,2.0455381703351523,67.89026885599463,8.378681983294532e-47,0.9345021929582658,False,2.4542014612649203,0.8529970507615612,False,True,
three_merged,ideal,M5.C,M5,4.216163046520573,Normal|Mild+Moderate,0.7407972024311485,1.3406737283364205,2.6195922881356983,0.0039361665102843,0.017273210314685653,True,3.0326748378732944,1.1105382687671301,False,True,
three_merged,ideal,M5.C1,M5,2.973035285145594,Normal|Mild+Moderate,0.5416482870827977,1.1509240669727816,2.325384627822921,0.0067735524402173335,0.016131677488873893,True,3.410107984267819,1.1064956115556999,False,True,
three_merged,ideal,M5.C2,M5,17.041381502678828,Normal|Mild+Moderate,1.594152356089111,1.8754565868821986,5.904253861580683,7.839790579741213e-06,0.040090923155378926,True,0.9044297918656925,0.992134239933252,False,True,
three_merged,ideal,M5.C3,M5,3.8942599115599013,Mild+Moderate|Severe,0.04046805526672983,0.28598253050807176,2.1472141285272572,0.009427069798865005,0.1495660932966157,True,4.92487692287122,0.7289951640343687,False,True,
three_merged,ideal,M5.C[k3],M5,35.47831859131538,Normal|Mild+Moderate,0.3179958340368679,0.8010890605851017,9.820120700389218,8.826133611799748e-09,1.8755488782749365,False,4.849635272319069,0.6552133367286909,False,True,
three_merged,ideal,M5.C1[k3],M5,16.411545405949244,Normal|Mild+Moderate,0.18637684767863008,0.6140321480490799,5.111178397840021,4.152324852121291e-05,2.467646228967026,False,6.392981018066093,0.5467304155068882,False,True,
three_merged,ideal,M5.C2[k3],M5,9.16049789525232,Normal|Mild+Moderate,1.0081316941096123,1.5051900259469342,3.829377401148389,0.0004095394061250228,0.1278203154911501,True,0.3458547809778242,0.6069453794319363,False,True,
three_merged,ideal,M5.C3[k3],M5,1.2504934766726858,Mild+Moderate|Severe,0.01752949235745896,0.18856678103088498,1.4968194732490558,0.03045179800639159,0.9888712013068489,False,2.8511119676359757,0.42731297084182185,False,True,
three_merged,ideal,M5.C3_dBavg[k3],M5,0.10921980266147466,Mild+Moderate|Severe,0.0016135620421041316,0.0572321151427029,1.3272644947319736,0.04112904799901401,3.554890143542125,False,10.427588038974449,-1.6974614859449726,False,True,dB averaging; comparison only
three_merged,ideal,M6.fc_A,M6,67.16317536983905,Normal|Mild+Moderate,0.4981073191981786,1.0018274022650457,16.791030643528007,3.402473205033399e-09,4.462465741219756,False,17.48140695250304,0.7922547630058414,False,True,
three_merged,ideal,M6.spread_A,M6,16.26297675357959,Mild+Moderate|Severe,2.582831394988946,2.478093512842059,4.0679674627749725,0.0021509323454184763,0.2734342321641155,False,23.65445388605162,0.27024243122743735,False,True,
three_merged,ideal,M6.fc_N,M6,67.32552978309226,Normal|Mild+Moderate,0.4997319576724204,1.0034630216150497,16.83161992610897,3.263318003522397e-09,4.452860357714409,False,17.45756395034398,0.7927494924024778,False,True,
three_merged,ideal,M6.spread_N,M6,16.016160583063396,Mild+Moderate|Severe,2.555326590864653,2.465933883269655,4.006393339107303,0.002301358326476028,0.27491902463682066,False,23.799904597826337,0.2661256700129564,False,True,
three_merged,ideal,M6.A[3.20],M6,46.803536752498246,Mild+Moderate|Severe,3.09701793004213,2.5754497776759617,11.70094171431674,6.568087254012787e-07,2.582602930092636,False,1.268828715171393,0.9603295566459766,False,True,
three_merged,ideal,M6.N[3.20],M6,46.79446251686917,Mild+Moderate|Severe,3.096798752574282,2.575369878358967,11.698672499341326,6.583641197452867e-07,2.5823429903564583,False,1.2687084612486053,0.9603297353442124,False,True,
three_merged,ideal,M6.A[3.25],M6,6.197360972484273,Mild+Moderate|Severe,0.1835146060142416,0.6150034435920885,1.5725761085739556,0.036956615372759315,10.418920223714625,False,5.132563986845585,0.7052244949257446,False,True,
three_merged,ideal,M6.N[3.25],M6,6.205162481904559,Mild+Moderate|Severe,0.18365378421065656,0.6152319181939498,1.5744288483835784,0.03687554210326221,10.413186648562036,False,5.129788859897276,0.7054282537397147,False,True,
three_merged,ideal,M6.A[3.30],M6,39.05277359814423,Mild+Moderate|Severe,0.948780703291331,1.3945645382573708,9.926806680824484,8.715609807714606e-07,4.64676552468236,False,2.3258730196289727,0.6236397404251927,False,True,
three_merged,ideal,M6.N[3.30],M6,39.07753184519117,Mild+Moderate|Severe,0.9473878510207113,1.393504076730725,9.932442254826274,8.70079991121031e-07,4.648816011481434,False,2.326942576823193,0.623587264898235,False,True,
three_merged,ideal,M6.A[3.35],M6,62.1932696088102,Normal|Mild+Moderate,1.2417956127358298,1.5919141629373688,15.964880248187145,1.8441135445061112e-11,3.1877850506565544,False,1.5471377904823416,0.7010817478441521,False,True,
three_merged,ideal,M6.N[3.35],M6,62.63525182312447,Normal|Mild+Moderate,1.2424946014512452,1.592256746560415,16.073735998853973,1.6122035032552598e-11,3.184232736206392,False,1.545360868721818,0.7013055827249792,False,True,
three_merged,ideal,M6.A[3.40],M6,237.6896173390453,Mild+Moderate|Severe,4.1526080747577865,2.907386158478189,59.932886385497234,2.631990839316934e-40,0.3596510011029415,False,0.14521676583431692,0.9610406182503062,False,True,
three_merged,ideal,M6.N[3.40],M6,238.8628150342191,Mild+Moderate|Severe,4.1354865946421455,2.9011537924633237,60.22404621456784,1.887512955624954e-40,0.3590298141835982,False,0.14484682402437943,0.9609008251172457,False,True,
three_merged,ideal,M6.A[3.45],M6,73.94769475772328,Mild+Moderate|Severe,0.7972755727587573,1.2696181937870301,18.945383220799357,1.4362744999335323e-13,0.8432627594204237,False,0.4253627343026711,0.9149126747328431,False,True,
three_merged,ideal,M6.N[3.45],M6,73.88195546079504,Mild+Moderate|Severe,0.7874558265612498,1.2616966218472276,18.926551508823184,1.5280171865583681e-13,0.8510811992888079,False,0.42934410193939027,0.9142365557600218,False,True,
three_merged,ideal,M6.A[3.50],M6,52.16124742534457,Mild+Moderate|Severe,0.1671917754608322,0.5791880460395112,13.177132228121792,2.4376029227047035e-08,1.62445085595099,False,0.7157055639770676,0.9402259037824374,False,True,
three_merged,ideal,M6.N[3.50],M6,50.50318418664791,Mild+Moderate|Severe,0.1616548929253168,0.5695155717872473,12.761778093342212,4.007637643447338e-08,1.6421345014138224,False,0.7229312397008997,0.938471075138407,False,True,
three_merged,ideal,M6.A[3.55],M6,18.3626480796292,Mild+Moderate|Severe,0.04042496142899366,0.28465471165849926,5.037954909388263,0.00012042982900669091,7.293278708418572,False,3.600727237804105,0.9575744419497796,False,True,
three_merged,ideal,M6.N[3.55],M6,16.69942194970983,Mild+Moderate|Severe,0.037718254528234046,0.274967779776615,4.62633969087462,0.00022245093286909871,7.5464996831000875,False,3.725359686484804,0.9574417142844294,False,True,
three_merged,ideal,M6.A[3.60],M6,0.006323963206045565,Normal|Mild+Moderate,0.0010582974384248437,0.05041814847742609,1.2319144954997208,0.04864356160271158,161.4434335305764,False,54.50676225767838,-35.198157546582294,False,True,
three_merged,ideal,M6.N[3.60],M6,0.0001771038673573638,Normal|Mild+Moderate,2.5324407931007296e-05,0.007687624633073908,1.1883148797993655,0.05250541143186978,1524.2458199603277,False,515.4488324760721,-336.68213082645696,False,True,
three_merged,ideal,M6.A[3.65],M6,156.1393649528014,Normal|Mild+Moderate,0.3126980277426539,0.7916129359602029,39.3999312419791,4.197763191668305e-25,3.3732284456466672,False,1.6956546340141594,0.90675893950649,False,True,
three_merged,ideal,M6.N[3.65],M6,176.98804616889774,Normal|Mild+Moderate,0.3151413190771947,0.7946111680986367,44.58411140656359,1.0664038956601488e-27,3.351238998921669,False,1.6845427857091064,0.9078182598747095,False,True,
three_merged,ideal,M6.A[3.70],M6,0.4830793719586267,Normal|Mild+Moderate,0.022627690684396285,0.21789754114630858,1.2063065967373703,0.05087744366074219,4.694539373581968,False,2.060655895620477,0.57017517163267,False,True,
three_merged,ideal,M6.N[3.70],M6,0.4729442249884971,Normal|Mild+Moderate,0.022257750957999207,0.2161341231416412,1.204547309867883,0.05103415538436744,4.750179884351081,False,2.086134788838411,0.5670381618964031,False,True,
three_merged,ideal,M6.A[3.75],M6,5.081216070624794,Normal|Mild+Moderate,0.021230400278100546,0.2064920220488045,1.694379889483519,0.022823875849150077,14.304807415570437,False,5.766226028373121,-0.40888117329483475,False,True,
three_merged,ideal,M6.N[3.75],M6,5.2349311603986886,Normal|Mild+Moderate,0.02209887623589904,0.21067776577086497,1.7354424089961367,0.02132148672073267,13.975789430989376,False,5.629735615713237,-0.37982951829540723,False,True,
three_merged,ideal,M6.A[3.80],M6,0.5015135998768283,Mild+Moderate|Severe,0.012275499930825435,0.15864113698000193,0.9359111109013201,0.08131232563637664,16.988092716853835,False,8.396672384106854,0.8242139811904161,False,True,
three_merged,ideal,M6.N[3.80],M6,0.5031711698739988,Mild+Moderate|Severe,0.012318313023661572,0.15891790420236165,0.9363177378539335,0.08125577654778739,16.950596864443977,False,8.37852406609985,0.8246577789303361,False,True,
three_merged,ideal,M6.A[3.85],M6,11.39399672491738,Mild+Moderate|Severe,0.26890315999688935,0.7421627619160355,3.0209326563464405,0.004448390772151313,4.610990856699519,False,2.211322178818446,0.9767793134181431,False,True,
three_merged,ideal,M6.N[3.85],M6,11.396444012068622,Mild+Moderate|Severe,0.2690361629828483,0.7423487908335241,3.0215901816035142,0.004444079549289421,4.6093847976478415,False,2.2105687182547853,0.9767553375637557,False,True,
three_merged,ideal,M6.A[3.90],M6,19.17672186151515,Mild+Moderate|Severe,0.9351698610583168,1.4022212379016092,4.804449435037842,0.0009227944506077211,2.4491779898931534,False,1.186217393257803,0.9779699631869366,False,True,
three_merged,ideal,M6.N[3.90],M6,19.178100443906608,Mild+Moderate|Severe,0.9353628322898461,1.4023707369151546,4.804803624511997,0.0009223946451662639,2.44882596835508,False,1.1860487556479036,0.977963343092881,False,True,
three_merged,ideal,M6.A[3.95],M6,10.498359007140467,Mild+Moderate|Severe,1.396954869863864,1.7951994076559394,2.6245993693460457,0.010978186173360618,1.837422724392,False,0.8964548704667629,0.9702878207872615,False,True,
three_merged,ideal,M6.N[3.95],M6,10.499613924204823,Mild+Moderate|Severe,1.3971611207165286,1.7953357996080737,2.6249131344127994,0.01097422914885613,1.837245294984,False,0.8963687693139191,0.9702859952188878,False,True,
three_merged,ideal,M6.A[4.00],M6,5.383570695156149,Mild+Moderate|Severe,1.4125292394769047,1.9570265648675014,1.3460868478926318,0.050410702040487275,1.6080229627079088,False,0.7885443154877075,0.9697467525242777,False,True,
three_merged,ideal,M6.N[4.00],M6,5.384094323459452,Mild+Moderate|Severe,1.4126907090810614,1.957144351557641,1.3462177683974952,0.05040241727723563,1.6079038954847307,False,0.7884861125059989,0.9697457028506958,False,True,
three_merged,ideal,M6.A[4.05],M6,2.743433271454326,Mild+Moderate|Severe,1.0498163228357564,1.8442137827868725,0.6860384887880511,0.12072195343591727,1.581319420183454,False,0.7781772741950546,0.9634487879025027,False,True,
three_merged,ideal,M6.N[4.05],M6,2.7436773866076067,Mild+Moderate|Severe,1.0499222150261456,1.844313584374923,0.6860994816512456,0.12071149161542011,1.5812168293598894,False,0.7781269009188453,0.9634489109469052,False,True,
three_merged,ideal,M6.A[4.10],M6,1.188277526746195,Mild+Moderate|Severe,0.5797259837834142,1.5046539820012932,0.2970761505594047,0.22040949997655346,1.8217299281047143,False,0.898599042221512,0.9481012396544043,False,True,
three_merged,ideal,M6.N[4.10],M6,1.1884037496012263,Mild+Moderate|Severe,0.5797917193380339,1.504744423043614,0.2971076912848521,0.22039736801813964,1.8216003563417857,False,0.8985352279788351,0.948103196346259,False,True,
three_merged,ideal,M6.A[4.15],M6,0.2590862660363719,Mild+Moderate|Severe,0.15664902385465743,0.8901682526762812,0.06563131100566504,0.3589511171580294,2.86532952289969,False,1.4157236513481057,0.9498099203987218,False,True,
three_merged,ideal,M6.N[4.15],M6,0.25913553226666286,Mild+Moderate|Severe,0.15667964867694284,0.8902589004234477,0.0656435401423117,0.35893841565100665,2.8650024913863628,False,1.4155622030915678,0.949814616132641,False,True,
three_merged,ideal,M7.D,M7,22.990104126658824,Mild+Moderate|Severe,1.6199705134052613,1.8669616757481144,6.696464577941142,2.4439999728364384e-06,3.8709383113890503,False,0.31601586267841186,0.92335806150246,False,True,
three_merged,ideal,M7.D_pow,M7,170.6315427860344,Mild+Moderate|Severe,5.034276296086312,3.220969396059234,42.870539221954246,1.3644768606272122e-24,3.467697310707812,False,0.27512980404464016,0.7902344457595,False,True,
three_merged,ideal,M7.D0,M7,23.296509562219512,Mild+Moderate|Severe,1.6127481062458466,1.8615572036833938,6.766241529233042,2.1753346374512326e-06,3.8962163935485687,False,0.31539178466715234,0.9223445905628421,False,True,
three_merged,ideal,M7.D1,M7,3.9557488585580187,Mild+Moderate|Severe,0.1674142674879012,0.591291209105686,2.5835089897460577,0.004207058157040929,13.542879658711154,False,0.43541455924552486,1.0599719824990568,False,True,
three_merged,ideal,M7.D2,M7,255.28067327810578,Mild+Moderate|Severe,2.106651424490887,2.061155399778664,64.84755677007442,1.2069137292381942e-51,1.3648731437269364,False,0.2678914098965336,1.0529634815228666,False,True,
three_merged,ideal,M7.D3,M7,253.87574960575176,Mild+Moderate|Severe,2.9078619828825687,2.4255119818541013,64.44727717344843,8.472845117107711e-51,2.3645328190478496,False,0.23821972090293306,1.1024599381261841,False,True,
three_merged,ideal,M7.D3[k3],M7,244.06236051765507,Mild+Moderate|Severe,4.264456693107469,2.9462837095119183,61.952007764697996,2.0383722454833943e-48,2.32917278098552,False,0.20815508732664148,0.882450105853005,False,True,
three_merged,ideal,M8.s1^2,M8,0.6530315606438141,Mild+Moderate|Severe,,,0.9492929646863517,0.07945752266686908,1.1645185337796156,False,27.7752532863605,-0.6880861737723809,False,True,matrix-level: no per-antenna port-noise estimate
three_merged,ideal,M8.s2^2,M8,0.7151547861473164,Mild+Moderate|Severe,,,0.3390922792235691,0.2189988305042029,10.311526964796991,False,248.22378885838518,-2.3672715440811762,False,True,matrix-level: no per-antenna port-noise estimate
three_merged,ideal,M8.s3^2,M8,0.00022755018292878662,Mild+Moderate|Severe,,,0.22401696203534474,0.2726958358499811,4.154502814985231,False,99.59476488480865,0.3478316369738155,False,True,matrix-level: no per-antenna port-noise estimate
three_merged,ideal,M8.s4^2,M8,1.7971105202637607,Mild+Moderate|Severe,,,0.4500893829981835,0.17137795195555394,3.125681635756094,False,76.14907328115868,-0.02920444571134435,False,True,matrix-level: no per-antenna port-noise estimate
three_merged,ideal,M8.s5^2,M8,8.679085488207686,Mild+Moderate|Severe,,,2.1932850998312317,0.017296998176934128,1.7245743248561662,False,42.31395807065364,0.5517603613633966,False,True,matrix-level: no per-antenna port-noise estimate
three_merged,ideal,M8.s6^2,M8,1.1004175698886767,Mild+Moderate|Severe,,,0.6904458393000146,0.12280173787301264,1.5715741915566739,False,38.472600083358195,0.4696036374486692,False,True,matrix-level: no per-antenna port-noise estimate
three_merged,ideal,M8.lam0^2,M8,2.8480042479292007,Mild+Moderate|Severe,0.08790732697276966,0.42592750388595096,0.9170998429861298,0.08311671152710856,2.4477635456110924,False,58.85088462972216,0.43744795528262786,False,True,
three_merged,ideal,M8.lam1^2,M8,2.3054419283346705,Mild+Moderate|Severe,0.07912286512374445,0.40480828417708414,0.8031313836176971,0.09998069669108818,2.558595473094338,False,62.3273060812494,0.37184258460900443,False,True,
three_merged,ideal,M8.lam2^2,M8,4.273575536543762,Mild+Moderate|Severe,0.11596918254882987,0.488270295557859,1.2319905123851504,0.05193183324909553,2.177875899051696,False,52.93015507764725,0.32841429556430246,False,True,
three_merged,ideal,M8.lam3^2,M8,7.8649867471228045,Mild+Moderate|Severe,0.19871668906215742,0.6385414728732023,2.1171667971720294,0.0153222281174162,1.691976304647003,False,40.09989517423285,0.28337137548436236,False,True,
three_merged,ideal,M8.lam0^2[k3],M8,372.10407601434196,Mild+Moderate|Severe,2.317731079166706,2.1597490850371934,93.5254748712741,1.6542207581494993e-61,1.0645246870539087,False,2.7899992015243864,0.8540233526265847,False,True,
three_merged,ideal,M8.lam1^2[k3],M8,295.6011069301849,Mild+Moderate|Severe,2.2299479702061786,2.1198575714309813,74.4598764744279,8.20566831727533e-51,0.9790334764597685,False,2.575812890796188,0.8587265862757384,False,True,
three_merged,ideal,M8.lam2^2[k3],M8,217.27068125479695,Mild+Moderate|Severe,1.8852524098148173,1.9502583838726777,54.9317744128755,7.215680614539578e-39,0.8982159344062748,False,2.358579311477291,0.8471382184786924,False,True,
three_merged,ideal,M8.lam3^2[k3],M8,257.04960023279364,Mild+Moderate|Severe,1.8981651111788111,1.9556514299109187,64.8424086842037,6.763630281633434e-45,0.7849276147377311,False,2.058310106298293,0.8518142301137201,False,True,
three_merged,good,M0.old_score,M0,4.394068701025223,Mild+Moderate|Severe,0.6046637856005922,1.184185915971756,1.173729896072587,0.05925753462518756,1.4229814287699936,False,26.060299762407094,0.6453445998718763,False,True,baseline only; not a physical quantity
three_merged,good,M1.Sii_dBavg,M1,0.39573249862131193,Mild+Moderate|Severe,0.0024624441279531024,0.07033967724504062,0.1351889661791766,0.301907601509331,7.389414768231441,False,187.39907787577496,0.13785984368021326,False,True,dB averaging; shown for fragility
three_merged,good,M2.R,M2,1.92270949100772,Mild+Moderate|Severe,0.10516639276243284,0.4717022663347005,0.5257830183047125,0.15285172792783433,2.2917171988514333,False,55.44444739293458,0.3434465309855271,False,True,
three_merged,good,M2.R[k3],M2,231.31073383321407,Mild+Moderate|Severe,2.0907155295080306,2.054159167885762,58.066885448043,2.866982293395375e-33,0.9339004402833573,False,2.4514168754073387,0.8549538570161865,False,True,
three_merged,good,M3.A,M3,1.922709491007715,Mild+Moderate|Severe,0.10516639276244624,0.4717022663347324,0.5257830183047046,0.15285172792783613,2.2917171988512743,False,55.44444739292782,0.3434465309854849,False,True,affine copy of M2.R (identical separability)
three_merged,good,M3.ML_of_powavg,M3,1.9019899272597192,Mild+Moderate|Severe,0.10440974157734684,0.47005153842460734,0.5210108544276328,0.15401600161828405,2.306262352682542,False,53.777820513321956,0.3280389581349639,False,True,
three_merged,good,M3.ML_dBavg,M3,5.0661747076878365,Mild+Moderate|Severe,0.7883835028241871,1.3665138929591385,1.2676745052068124,0.05560005014550054,1.5147852857510011,False,20.939397963645575,0.7559826366715442,False,True,dB averaging; comparison only
three_merged,good,M4.N,M4,2.0712146999914367,Mild+Moderate|Severe,0.11191641414886616,0.4864342787200381,0.5610488262105484,0.14462885148315818,2.2204898356354947,False,53.683251544562594,0.3601341454205289,False,True,
three_merged,good,M4.N[k3],M4,231.51566849325795,Mild+Moderate|Severe,2.0742405177081036,2.045967969301147,58.11555412740111,3.1025337955444476e-33,0.9345021929582658,False,2.4542014612649203,0.8529970507615612,False,True,
three_merged,good,M5.C,M5,4.188954087196138,Normal|Mild+Moderate,0.74029855678431,1.3410542316353697,2.2796674412570743,0.007393115840128767,0.017273210314685653,True,3.0326748378732944,1.1105382687671301,False,True,
three_merged,good,M5.C1,M5,2.956289765706571,Normal|Mild+Moderate,0.5413986965779422,1.1513260417163613,1.9877476402823229,0.012584617209043716,0.016131677488873893,True,3.410107984267819,1.1064956115556999,False,True,
three_merged,good,M5.C2,M5,17.134878562254087,Normal|Mild+Moderate,1.5972843608049991,1.8769588252839133,5.381179348717491,2.3948654870277673e-05,0.040090923155378926,True,0.9044297918656925,0.992134239933252,False,True,
three_merged,good,M5.C3,M5,3.8452889577249096,Mild+Moderate|Severe,0.040282120336119644,0.2853368935181254,1.6756529877348982,0.02240241745684878,0.1495660932966157,True,4.92487692287122,0.7289951640343687,False,True,
three_merged,good,M5.C[k3],M5,34.229696061437124,Normal|Mild+Moderate,0.3189894101994077,0.8024837227193593,9.173653762251432,9.612330488788116e-08,1.8755488782749365,False,4.849635272319069,0.6552133367286909,False,True,
three_merged,good,M5.C1[k3],M5,15.980239724449579,Normal|Mild+Moderate,0.18713839157964457,0.6153955877227624,4.6664000042606615,0.00013096553193702622,2.467646228967026,False,6.392981018066093,0.5467304155068882,False,True,
three_merged,good,M5.C2[k3],M5,9.142185110516905,Normal|Mild+Moderate,1.005650780991437,1.5032938133563258,3.2814868248442197,0.001199949303373837,0.1278203154911501,True,0.3458547809778242,0.6069453794319363,False,True,
three_merged,good,M5.C3[k3],M5,1.2211683373719486,Mild+Moderate|Severe,0.017340194081715193,0.18756314077567912,1.0207530783668142,0.07023154202915756,0.9888712013068489,False,2.8511119676359757,0.42731297084182185,False,True,
three_merged,good,M5.C3_dBavg[k3],M5,0.11259945344510702,Mild+Moderate|Severe,0.0016712631162398809,0.05824847899503698,0.8468165601337112,0.09471171456458435,3.554890143542125,False,10.427588038974449,-1.6974614859449726,False,True,dB averaging; comparison only
three_merged,good,M6.fc_A,M6,16.87201457973572,Normal|Mild+Moderate,0.4903521966385758,1.0050173190977871,4.218858717258797,0.0018311715456783104,4.462465741219756,False,17.48140695250304,0.7922547630058414,False,True,
three_merged,good,M6.spread_A,M6,4.1859821356320985,Mild+Moderate|Severe,1.7693372199962363,2.4757829534913935,1.04655205328128,0.07397958058154483,0.2734342321641155,False,23.65445388605162,0.27024243122743735,False,True,
three_merged,good,M6.fc_N,M6,16.91372268901026,Normal|Mild+Moderate,0.4919389934332519,1.0066536234496215,4.229287000874651,0.0018102669648268094,4.452860357714409,False,17.45756395034398,0.7927494924024778,False,True,
three_merged,good,M6.spread_N,M6,4.131021008385672,Mild+Moderate|Severe,1.749489107699572,2.463605241714104,1.032818340711213,0.07532266801881538,0.27491902463682066,False,23.799904597826337,0.2661256700129564,False,True,
three_merged,good,M6.A[3.20],M6,12.33817607227246,Mild+Moderate|Severe,2.5885251908416644,2.559600257516399,3.0847663158512084,0.006494226100065758,2.582602930092636,False,1.268828715171393,0.9603295566459766,False,True,
three_merged,good,M6.N[3.20],M6,12.334998520485188,Mild+Moderate|Severe,2.588255007815877,2.559518726312137,3.083971595710664,0.006500073032511964,2.5823429903564583,False,1.2687084612486053,0.9603297353442124,False,True,
three_merged,good,M6.A[3.25],M6,1.9981705151843385,Mild+Moderate|Severe,0.1843331110516401,0.6372851088999009,0.5000438374991449,0.15864470059322527,10.418920223714625,False,5.132563986845585,0.7052244949257446,False,True,
three_merged,good,M6.N[3.25],M6,1.9994323724251184,Mild+Moderate|Severe,0.18446552790728213,0.6375167783642324,0.5003544176516316,0.15856954072043936,10.413186648562036,False,5.129788859897276,0.7054282537397147,False,True,
three_merged,good,M6.A[3.30],M6,20.216202863698292,Mild+Moderate|Severe,0.9127344223385954,1.382672518765963,5.081477442159614,0.000625733268547932,4.64676552468236,False,2.3258730196289727,0.6236397404251927,False,True,
three_merged,good,M6.N[3.30],M6,20.202499451661946,Mild+Moderate|Severe,0.911363159265783,1.3816065369041073,5.0778769186687605,0.0006287823762835453,4.648816011481434,False,2.326942576823193,0.623587264898235,False,True,
three_merged,good,M6.A[3.35],M6,47.38646101865357,Normal|Mild+Moderate,1.2266844249374484,1.5869992150295273,12.006795480905973,7.385596414209843e-08,3.1877850506565544,False,1.5471377904823416,0.7010817478441521,False,True,
three_merged,good,M6.N[3.35],M6,47.646810343600116,Normal|Mild+Moderate,1.227378199239626,1.5873445491932725,12.070807081124702,6.924280776604101e-08,3.184232736206392,False,1.545360868721818,0.7013055827249792,False,True,
three_merged,good,M6.A[3.40],M6,204.88814970111181,Mild+Moderate|Severe,4.137391983013457,2.9060839491155637,51.42916024238173,5.215805940876985e-29,0.3596510011029415,False,0.14521676583431692,0.9610406182503062,False,True,
three_merged,good,M6.N[3.40],M6,205.60937989185828,Mild+Moderate|Severe,4.120262902316999,2.899833927228332,51.60781980561432,4.552262801221142e-29,0.3590298141835982,False,0.14484682402437943,0.9609008251172457,False,True,
three_merged,good,M6.A[3.45],M6,58.12590977711964,Mild+Moderate|Severe,0.7941287640510604,1.2689591052305746,14.697203137285085,2.749320273234103e-09,0.8432627594204237,False,0.4253627343026711,0.9149126747328431,False,True,
three_merged,good,M6.N[3.45],M6,57.94606875837247,Mild+Moderate|Severe,0.7843592728314559,1.2610488196102811,14.650604635756382,2.973615679879026e-09,0.8510811992888079,False,0.42934410193939027,0.9142365557600218,False,True,
three_merged,good,M6.A[3.50],M6,25.28407158483389,Mild+Moderate|Severe,0.16918871828183313,0.583658245282399,6.347092622146329,0.00015593222130102068,1.62445085595099,False,0.7157055639770676,0.9402259037824374,False,True,
three_merged,good,M6.N[3.50],M6,24.443297896409504,Mild+Moderate|Severe,0.16362589591974122,0.5739836335366798,6.136667413200869,0.0001966933057923536,1.6421345014138224,False,0.7229312397008997,0.938471075138407,False,True,
three_merged,good,M6.A[3.55],M6,14.54427250293327,Mild+Moderate|Severe,0.0410126902521965,0.2868053939174715,3.809735052541258,0.0015928438722051547,7.293278708418572,False,3.600727237804105,0.9575744419497796,False,True,
three_merged,good,M6.N[3.55],M6,13.278158622914376,Mild+Moderate|Severe,0.03828070005789389,0.27709702900910166,3.4960992337688097,0.002368217196893661,7.5464996831000875,False,3.725359686484804,0.9574417142844294,False,True,
three_merged,good,M6.A[3.60],M6,0.005489842101242177,Normal|Mild+Moderate,0.000932806571701461,0.047407768758716204,0.925949632856567,0.08272446699234326,161.4434335305764,False,54.50676225767838,-35.198157546582294,False,True,
three_merged,good,M6.N[3.60],M6,0.00033074523452378794,Normal|Mild+Moderate,4.812381721709362e-05,0.010613027629774858,0.8819929065386358,0.08919204356457369,1524.2458199603277,False,515.4488324760721,-336.68213082645696,False,True,
three_merged,good,M6.A[3.65],M6,115.57657718095321,Normal|Mild+Moderate,0.31228857499792007,0.7913718047349986,29.01847661008274,3.627676983556344e-16,3.3732284456466672,False,1.6956546340141594,0.90675893950649,False,True,
three_merged,good,M6.N[3.65],M6,126.79450396294719,Normal|Mild+Moderate,0.3147240866440914,0.7943641805405374,31.806256829664544,2.5421540058405112e-17,3.351238998921669,False,1.6845427857091064,0.9078182598747095,False,True,
three_merged,good,M6.A[3.70],M6,0.4863088942525023,Normal|Mild+Moderate,0.023046845939133143,0.21997001880730482,0.8927246203336424,0.08755548681485306,4.694539373581968,False,2.060655895620477,0.57017517163267,False,True,
three_merged,good,M6.N[3.70],M6,0.47619315569412823,Normal|Mild+Moderate,0.02267326316553331,0.21820536092046958,0.8909871995263874,0.08781672467988585,4.750179884351081,False,2.086134788838411,0.5670381618964031,False,True,
three_merged,good,M6.A[3.75],M6,4.080644337695833,Normal|Mild+Moderate,0.02075950874291792,0.20428244588559585,1.1836893697709892,0.055753389143431815,14.304807415570437,False,5.766226028373121,-0.40888117329483475,False,True,
three_merged,good,M6.N[3.75],M6,4.214184122960227,Normal|Mild+Moderate,0.02161575289563773,0.20845717974466188,1.2187486386855397,0.052911686642709274,13.975789430989376,False,5.629735615713237,-0.37982951829540723,False,True,
three_merged,good,M6.A[3.80],M6,0.4924261796491267,Mild+Moderate|Severe,0.01262465907020312,0.16097727973576764,0.595508641238966,0.1446448504197541,16.988092716853835,False,8.396672384106854,0.8242139811904161,False,True,
three_merged,good,M6.N[3.80],M6,0.4940256257767532,Mild+Moderate|Severe,0.012667960410914805,0.16125349600241018,0.5958898752902753,0.1445514434661184,16.950596864443977,False,8.37852406609985,0.8246577789303361,False,True,
three_merged,good,M6.A[3.85],M6,6.111082587197221,Mild+Moderate|Severe,0.26998389198827544,0.7516155022212686,1.5573757633490464,0.037373331127554234,4.610990856699519,False,2.211322178818446,0.9767793134181431,False,True,
three_merged,good,M6.N[3.85],M6,6.112990643116828,Mild+Moderate|Severe,0.27011580887267755,0.7518021669192344,1.5578660334424386,0.037349642435033734,4.6093847976478415,False,2.2105687182547853,0.9767553375637557,False,True,
three_merged,good,M6.A[3.90],M6,5.0694723402875,Mild+Moderate|Severe,0.8271839029782151,1.406038838885456,1.2681266644373812,0.05558823541035965,2.4491779898931534,False,1.186217393257803,0.9779699631869366,False,True,
three_merged,good,M6.N[3.90],M6,5.070242892225549,Mild+Moderate|Severe,0.8273514882686818,1.4061881972864594,1.2683201054878537,0.0555745635955785,2.44882596835508,False,1.1860487556479036,0.977963343092881,False,True,
three_merged,good,M6.A[3.95],M6,2.8243118180601026,Mild+Moderate|Severe,1.0626562857097615,1.8458960105710336,0.7070011222584418,0.11716513156200971,1.837422724392,False,0.8964548704667629,0.9702878207872615,False,True,
three_merged,good,M6.N[3.95],M6,2.824651272603766,Mild+Moderate|Severe,1.0628025774920826,1.8460327939466703,0.7070861405800906,0.11715105015921082,1.837245294984,False,0.8963687693139191,0.9702859952188878,False,True,
three_merged,good,M6.A[4.00],M6,1.38975999023984,Mild+Moderate|Severe,0.8094744805893386,1.9690902333273392,0.3477736367075473,0.20215916234376813,1.6080229627079088,False,0.7885443154877075,0.9697467525242777,False,True,
three_merged,good,M6.N[4.00],M6,1.3898950976827043,Mild+Moderate|Severe,0.8095608707069653,1.969208361742726,0.34780744554798004,0.20214773715980583,1.6079038954847307,False,0.7884861125059989,0.9697457028506958,False,True,
three_merged,good,M6.A[4.05],M6,0.7223283490663576,Mild+Moderate|Severe,0.5117159601977851,1.8735049807470454,0.18058642655292678,0.2739285508306071,1.581319420183454,False,0.7781772741950546,0.9634487879025027,False,True,
three_merged,good,M6.N[4.05],M6,0.7223901316632413,Mild+Moderate|Severe,0.5117628794408902,1.8736048835021935,0.18060186918731153,0.2739199928994279,1.5812168293598894,False,0.7781269009188453,0.9634489109469052,False,True,
three_merged,good,M6.A[4.10],M6,0.25257354718275116,Mild+Moderate|Severe,0.20010529356813164,1.388001430954945,0.0632093950150078,0.3611176106373509,1.8217299281047143,False,0.898599042221512,0.9481012396544043,False,True,
three_merged,good,M6.N[4.10],M6,0.25260198793200755,Mild+Moderate|Severe,0.200128546689426,1.3880916042234783,0.06321651226919618,0.3611101148896418,1.8216003563417857,False,0.8985352279788351,0.948103196346259,False,True,
three_merged,good,M6.A[4.15],M6,0.06112175728668008,Mild+Moderate|Severe,0.052276561982481366,0.8499878337377191,0.015327528133178872,0.43055736581862947,2.86532952289969,False,1.4157236513481057,0.9498099203987218,False,True,
three_merged,good,M6.N[4.15],M6,0.06113382817501736,Mild+Moderate|Severe,0.05228700732610434,0.8500785742784865,0.015330545067616264,0.43055058998988593,2.8650024913863628,False,1.4155622030915678,0.949814616132641,False,True,
three_merged,good,M7.D,M7,22.319647366822124,Mild+Moderate|Severe,1.6168048326769817,1.8671210365471518,6.147478123449172,1.4734160822244495e-05,3.8709383113890503,False,0.31601586267841186,0.92335806150246,False,True,
three_merged,good,M7.D_pow,M7,87.5107703191555,Mild+Moderate|Severe,4.895560189554588,3.2204528308594464,21.904647972226922,1.0046781872736216e-11,3.467697310707812,False,0.27512980404464016,0.7902344457595,False,True,
three_merged,good,M7.D0,M7,22.59635702702731,Mild+Moderate|Severe,1.6096101645363388,1.861752744476283,6.210234072901191,1.3615535446323787e-05,3.8962163935485687,False,0.31539178466715234,0.9223445905628421,False,True,
three_merged,good,M7.D1,M7,3.9267107318931767,Mild+Moderate|Severe,0.16625948497344728,0.5892541999376324,2.227136442299951,0.008136455788015015,13.542879658711154,False,0.43541455924552486,1.0599719824990568,False,True,
three_merged,good,M7.D2,M7,240.8594719416428,Mild+Moderate|Severe,2.11164086809742,2.0641306118065796,60.711698062453664,1.569284840538865e-40,1.3648731437269364,False,0.2678914098965336,1.0529634815228666,False,True,
three_merged,good,M7.D3,M7,248.7788202173669,Mild+Moderate|Severe,2.9112992096916495,2.4272501680853424,62.730395508635254,1.2832113606851395e-42,2.3645328190478496,False,0.23821972090293306,1.1024599381261841,False,True,
three_merged,good,M7.D3[k3],M7,236.98397651478098,Mild+Moderate|Severe,4.26932772730504,2.9487800191771125,59.74107318199947,7.070458525726727e-40,2.32917278098552,False,0.20815508732664148,0.882450105853005,False,True,
three_merged,good,M8.s1^2,M8,0.6048229343405915,Mild+Moderate|Severe,,,0.5698512155732959,0.15082792670545678,1.1645185337796156,False,27.7752532863605,-0.6880861737723809,False,True,matrix-level: no per-antenna port-noise estimate
three_merged,good,M8.s2^2,M8,0.494127807222593,Mild+Moderate|Severe,,,0.18221392469718622,0.28542745575928374,10.311526964796991,False,248.22378885838518,-2.3672715440811762,False,True,matrix-level: no per-antenna port-noise estimate
three_merged,good,M8.s3^2,M8,0.1333233413113668,Mild+Moderate|Severe,,,0.10033952523349679,0.3455223632188095,4.154502814985231,False,99.59476488480865,0.3478316369738155,False,True,matrix-level: no per-antenna port-noise estimate
three_merged,good,M8.s4^2,M8,0.5696200090733303,Mild+Moderate|Severe,,,0.1424290429987458,0.2967728637684518,3.125681635756094,False,76.14907328115868,-0.02920444571134435,False,True,matrix-level: no per-antenna port-noise estimate
three_merged,good,M8.s5^2,M8,2.3629696836062726,Mild+Moderate|Severe,,,0.5972631131836404,0.13709151622547655,1.7245743248561662,False,42.31395807065364,0.5517603613633966,False,True,matrix-level: no per-antenna port-noise estimate
three_merged,good,M8.s6^2,M8,0.8590727076838783,Mild+Moderate|Severe,,,0.3416251175690801,0.21563937039849113,1.5715741915566739,False,38.472600083358195,0.4696036374486692,False,True,matrix-level: no per-antenna port-noise estimate
three_merged,good,M8.lam0^2,M8,1.6716421329784512,Mild+Moderate|Severe,0.0896609108908053,0.43529889377319086,0.46710347593310886,0.168058373576976,2.4477635456110924,False,58.85088462972216,0.43744795528262786,False,True,
three_merged,good,M8.lam1^2,M8,1.410888528592718,Mild+Moderate|Severe,0.08081150113578545,0.4140564362245073,0.41060700567552094,0.18514602086567775,2.558595473094338,False,62.3273060812494,0.37184258460900443,False,True,
three_merged,good,M8.lam2^2,M8,2.2687892084750105,Mild+Moderate|Severe,0.11721514174771737,0.4971938863157151,0.6011824782269864,0.1360009810389061,2.177875899051696,False,52.93015507764725,0.32841429556430246,False,True,
three_merged,good,M8.lam3^2,M8,4.008402430098758,Mild+Moderate|Severe,0.19899638685138094,0.6471345968573339,1.0321533374674579,0.0739201271101264,1.691976304647003,False,40.09989517423285,0.28337137548436236,False,True,
three_merged,good,M8.lam0^2[k3],M8,305.2724907591904,Mild+Moderate|Severe,2.314734418920782,2.1598240844335037,76.49986257647771,2.125997722836416e-41,1.0645246870539087,False,2.7899992015243864,0.8540233526265847,False,True,
three_merged,good,M8.lam1^2[k3],M8,252.3689653765924,Mild+Moderate|Severe,2.227717546816879,2.1201685024716115,63.317307094077954,9.736660579222154e-36,0.9790334764597685,False,2.575812890796188,0.8587265862757384,False,True,
three_merged,good,M8.lam2^2[k3],M8,190.70759303413507,Mild+Moderate|Severe,1.8841509503233393,1.9508724783696205,47.945593225424055,2.2785952604998767e-28,0.8982159344062748,False,2.358579311477291,0.8471382184786924,False,True,
three_merged,good,M8.lam3^2[k3],M8,220.9364868660612,Mild+Moderate|Severe,1.897042826782594,1.9562579656741446,55.47519084114192,6.531283200376571e-32,0.7849276147377311,False,2.058310106298293,0.8518142301137201,False,True,
three_merged,typical,M0.old_score,M0,1.1804706233778552,Mild+Moderate|Severe,0.4204620633732724,1.1428697993326116,0.30035446423995243,0.21956689449388694,1.4229814287699936,False,26.060299762407094,0.6453445998718763,False,True,baseline only; not a physical quantity
three_merged,typical,M1.Sii_dBavg,M1,0.0917877431889732,Normal|Severe,0.0023433739323985526,0.06935082600339058,0.023312440253948588,0.4148385784104094,7.389414768231441,False,187.39907787577496,0.13785984368021326,False,True,dB averaging; shown for fragility
three_merged,typical,M2.R,M2,0.4443219547119742,Mild+Moderate|Severe,0.08022718934236127,0.44250425952628136,0.11370058976735979,0.31749700480433496,2.2917171988514333,False,55.44444739293458,0.3434465309855271,False,True,
three_merged,typical,M2.R[k3],M2,125.58063755044216,Mild+Moderate|Severe,2.0832905176520464,2.0583652628682607,31.43724261215256,2.9450000885009437e-16,0.9339004402833573,False,2.4514168754073387,0.8549538570161865,False,True,
three_merged,typical,M3.A,M3,0.44432195471196745,Mild+Moderate|Severe,0.08022718934236991,0.4425042595263113,0.11370058976735777,0.3174970048043363,2.2917171988512743,False,55.44444739292782,0.3434465309854849,False,True,affine copy of M2.R (identical separability)
three_merged,typical,M3.ML_of_powavg,M3,0.4394586668348091,Mild+Moderate|Severe,0.07969669369476386,0.44125184958554325,0.11259221682153403,0.3183663196168611,2.306262352682542,False,53.777820513321956,0.3280389581349639,False,True,
three_merged,typical,M3.ML_dBavg,M3,0.03804521765462842,Mild+Moderate|Severe,0.037128331639565366,1.7553352624816332,0.009809509524988547,0.4447204931812364,1.5147852857510011,False,20.939397963645575,0.7559826366715442,False,True,dB averaging; comparison only
three_merged,typical,M4.N,M4,0.4761370338636241,Mild+Moderate|Severe,0.08572211184729517,0.45726104609540474,0.12148770713638524,0.3117083240573815,2.2204898356354947,False,53.683251544562594,0.3601341454205289,False,True,
three_merged,typical,M4.N[k3],M4,125.02486564464,Mild+Moderate|Severe,2.0668792753236915,2.05018183014291,31.297402251226075,3.5110689549263276e-16,0.9345021929582658,False,2.4542014612649203,0.8529970507615612,False,True,
three_merged,typical,M5.C,M5,4.111868046115667,Normal|Mild+Moderate,0.7361575348925444,1.3391750988414892,1.7917746874536702,0.018190334132383013,0.017273210314685653,True,3.0326748378732944,1.1105382687671301,False,True,
three_merged,typical,M5.C1,M5,2.9006504117373058,Normal|Mild+Moderate,0.5378139037677924,1.1491107026738163,1.5037032620771695,0.030218698334214,0.016131677488873893,True,3.410107984267819,1.1064956115556999,False,True,
three_merged,typical,M5.C2,M5,16.290418975213647,Normal|Mild+Moderate,1.6000281611842766,1.883771678902351,4.638460497203144,0.00016647942059461364,0.040090923155378926,True,0.9044297918656925,0.992134239933252,False,True,
three_merged,typical,M5.C3,M5,3.088643039279065,Mild+Moderate|Severe,0.042067274809431225,0.29205527525823355,0.9980039161900915,0.07301473586575101,0.1495660932966157,True,4.92487692287122,0.7289951640343687,False,True,
three_merged,typical,M5.C[k3],M5,27.145097018372706,Normal|Mild+Moderate,0.31665499754750276,0.8004904289965293,7.017526410664207,1.9789437310117863e-05,1.8755488782749365,False,4.849635272319069,0.6552133367286909,False,True,
three_merged,typical,M5.C1[k3],M5,13.13488218756672,Normal|Mild+Moderate,0.18531748092348488,0.6131386562218064,3.5578097708587584,0.0016808592469332996,2.467646228967026,False,6.392981018066093,0.5467304155068882,False,True,
three_merged,typical,M5.C2[k3],M5,8.56729466994845,Normal|Mild+Moderate,1.0090433890352022,1.5124502835160423,2.645108136369881,0.004615801150800801,0.1278203154911501,True,0.3458547809778242,0.6069453794319363,False,True,
three_merged,typical,M5.C3[k3],M5,1.031986643606815,Mild+Moderate|Severe,0.018726720236870418,0.19530909358176926,0.4868337862610726,0.17085824181847972,0.9888712013068489,False,2.8511119676359757,0.42731297084182185,False,True,
three_merged,typical,M5.C3_dBavg[k3],M5,0.07458845277940605,Mild+Moderate|Severe,0.0013101328038753665,0.05164409907239437,0.320903651296618,0.2300387676856121,3.554890143542125,False,10.427588038974449,-1.6974614859449726,False,True,dB averaging; comparison only
three_merged,typical,M6.fc_A,M6,2.918618173156255,Normal|Mild+Moderate,0.44897762798472773,1.0301467964824047,0.7301400699446093,0.11342505690613514,4.462465741219756,False,17.48140695250304,0.7922547630058414,False,True,
three_merged,typical,M6.spread_A,M6,0.6370994668306107,Mild+Moderate|Severe,0.5219123526155945,2.4027880179005128,0.1593075163991752,0.2862272719603649,0.2734342321641155,False,23.65445388605162,0.27024243122743735,False,True,
three_merged,typical,M6.fc_N,M6,2.9257482980917575,Normal|Mild+Moderate,0.4503727737310295,1.03180825065607,0.7319234182535895,0.11314166823081384,4.452860357714409,False,17.45756395034398,0.7927494924024778,False,True,
three_merged,typical,M6.spread_N,M6,0.6289117094837138,Mild+Moderate|Severe,0.5154560438982616,2.3905209954942066,0.15725942403051948,0.28746675004999467,0.27491902463682066,False,23.799904597826337,0.2661256700129564,False,True,
three_merged,typical,M6.A[3.20],M6,1.9582699907701373,Mild+Moderate|Severe,1.2230547154418756,2.5525071337515635,0.49013434723851623,0.16106771198339,2.582602930092636,False,1.268828715171393,0.9603295566459766,False,True,
three_merged,typical,M6.N[3.20],M6,1.9577401387534081,Mild+Moderate|Severe,1.2228179228421117,2.5524234749709973,0.4900019506935116,0.16110041240637574,2.5823429903564583,False,1.2687084612486053,0.9603297353442124,False,True,
three_merged,typical,M6.A[3.25],M6,0.3193075942039691,Mild+Moderate|Severe,0.11165385809435623,0.5859851551760552,0.07984078490351376,0.3447303035459186,10.418920223714625,False,5.132563986845585,0.7052244949257446,False,True,
three_merged,typical,M6.N[3.25],M6,0.3194646649603776,Mild+Moderate|Severe,0.11172958301419463,0.586213179951612,0.07987986886140684,0.34469421898108255,10.413186648562036,False,5.129788859897276,0.7054282537397147,False,True,
three_merged,typical,M6.A[3.30],M6,4.659409346573935,Mild+Moderate|Severe,0.797361783490382,1.3870730393759858,1.1659521346250175,0.06331387764382357,4.64676552468236,False,2.3258730196289727,0.6236397404251927,False,True,
three_merged,typical,M6.N[3.30],M6,4.651317856453219,Mild+Moderate|Severe,0.7961000878572484,1.3859973046516731,1.1639169822629507,0.06348048995075295,4.648816011481434,False,2.326942576823193,0.623587264898235,False,True,
three_merged,typical,M6.A[3.35],M6,17.37892838788934,Normal|Mild+Moderate,1.1883881038961521,1.5972576312768374,4.3629785542176895,0.0014524324342040477,3.1877850506565544,False,1.5471377904823416,0.7010817478441521,False,True,
three_merged,typical,M6.N[3.35],M6,17.41516060106567,Normal|Mild+Moderate,1.189003440321063,1.5975794163293346,4.371825298404362,0.0014394461568916677,3.184232736206392,False,1.545360868721818,0.7013055827249792,False,True,
three_merged,typical,M6.A[3.40],M6,95.09297842764926,Mild+Moderate|Severe,4.041424284296961,2.9054457098812354,23.800539735757837,1.366559860967295e-12,0.3596510011029415,False,0.14521676583431692,0.9610406182503062,False,True,
three_merged,typical,M6.N[3.40],M6,95.0612551518568,Mild+Moderate|Severe,4.024764124693793,2.899207047772039,23.79220207444146,1.3919134103495364e-12,0.3590298141835982,False,0.14484682402437943,0.9609008251172457,False,True,
three_merged,typical,M6.A[3.45],M6,26.39416016150921,Mild+Moderate|Severe,0.8070017002785386,1.2903131317489125,6.6194459945508495,0.00011967015135378684,0.8432627594204237,False,0.4253627343026711,0.9149126747328431,False,True,
three_merged,typical,M6.N[3.45],M6,26.200852617381972,Mild+Moderate|Severe,0.797193527979762,1.2823496394840308,6.570722535359511,0.00012650951945224634,0.8510811992888079,False,0.42934410193939027,0.9142365557600218,False,True,
three_merged,typical,M6.A[3.50],M6,5.768990975137563,Mild+Moderate|Severe,0.16299987472996738,0.5792050782595878,1.4427434668114383,0.04466457039428752,1.62445085595099,False,0.7157055639770676,0.9402259037824374,False,True,
three_merged,typical,M6.N[3.50],M6,5.568229371440882,Mild+Moderate|Severe,0.15758697435192617,0.569520418692882,1.392549718797925,0.04754630663336808,1.6421345014138224,False,0.7229312397008997,0.938471075138407,False,True,
three_merged,typical,M6.A[3.55],M6,6.063902212410644,Mild+Moderate|Severe,0.03944017761122445,0.2817743051529125,1.5361763257966048,0.038825565280403526,7.293278708418572,False,3.600727237804105,0.9575744419497796,False,True,
three_merged,typical,M6.N[3.55],M6,5.573392974663192,Mild+Moderate|Severe,0.036765397596985404,0.27206445700502,1.4142235241107688,0.04524233431702576,7.5464996831000875,False,3.725359686484804,0.9574417142844294,False,True,
three_merged,typical,M6.A[3.60],M6,0.006343000758315944,Normal|Mild+Moderate,0.0011404006677959552,0.052732806899706455,0.4859089694130167,0.1740454768522933,161.4434335305764,False,54.50676225767838,-35.198157546582294,False,True,
three_merged,typical,M6.N[3.60],M6,6.342687811498769e-05,Normal|Mild+Moderate,9.892699344508957e-06,0.00484165119456745,0.4493124178438309,0.18507255201853123,1524.2458199603277,False,515.4488324760721,-336.68213082645696,False,True,
three_merged,typical,M6.A[3.65],M6,41.71233401061896,Normal|Mild+Moderate,0.3118598471041232,0.7927282164417363,10.439098669026432,2.1831493927081614e-06,3.3732284456466672,False,1.6956546340141594,0.90675893950649,False,True,
three_merged,typical,M6.N[3.65],M6,43.17873115641504,Normal|Mild+Moderate,0.3143024050212902,0.7957474724255107,10.803307379531986,1.5255158106856349e-06,3.351238998921669,False,1.6845427857091064,0.9078182598747095,False,True,
three_merged,typical,M6.A[3.70],M6,0.415474448303041,Normal|Mild+Moderate,0.0225938102653853,0.2186007175744301,0.45322208284096527,0.18347360980793784,4.694539373581968,False,2.060655895620477,0.57017517163267,False,True,
three_merged,typical,M6.N[3.70],M6,0.4069646403843493,Normal|Mild+Moderate,0.02222519076987503,0.21683666803615195,0.4517246722127327,0.1839503834793971,4.750179884351081,False,2.086134788838411,0.5670381618964031,False,True,
three_merged,typical,M6.A[3.75],M6,1.5913777205956032,Normal|Mild+Moderate,0.021978402803963966,0.2111217461360078,0.4133987344349923,0.182077704328041,14.304807415570437,False,5.766226028373121,-0.40888117329483475,False,True,
three_merged,typical,M6.N[3.75],M6,1.6513915559640933,Normal|Mild+Moderate,0.02286079382387227,0.21532164932365336,0.4287585537591754,0.17762200746014042,13.975789430989376,False,5.629735615713237,-0.37982951829540723,False,True,
three_merged,typical,M6.A[3.80],M6,0.32319501858150024,Mild+Moderate|Severe,0.011854178741317443,0.15687907372055335,0.22502744238219874,0.270419389557691,16.988092716853835,False,8.396672384106854,0.8242139811904161,False,True,
three_merged,typical,M6.N[3.80],M6,0.3242742438133932,Mild+Moderate|Severe,0.01189613300304966,0.15715703766830574,0.22529329073114643,0.2702801830882635,16.950596864443977,False,8.37852406609985,0.8246577789303361,False,True,
three_merged,typical,M6.A[3.85],M6,1.6055911243818062,Mild+Moderate|Severe,0.2437581117608988,0.75814117984358,0.40961564369325765,0.18294425862218627,4.610990856699519,False,2.211322178818446,0.9767793134181431,False,True,
three_merged,typical,M6.N[3.85],M6,1.606219483570129,Mild+Moderate|Severe,0.24387462741089225,0.7583282305845074,0.4097750912975997,0.18289722812120782,4.6093847976478415,False,2.2105687182547853,0.9767553375637557,False,True,
three_merged,typical,M6.A[3.90],M6,0.7595525021142862,Mild+Moderate|Severe,0.4177530816177362,1.3625990043722196,0.18988904139837426,0.26886117348502425,2.4491779898931534,False,1.186217393257803,0.9779699631869366,False,True,
three_merged,typical,M6.N[3.90],M6,0.7596938899680425,Mild+Moderate|Severe,0.4178373381143221,1.362749350589891,0.18992438206086346,0.2688422548605501,2.44882596835508,False,1.1860487556479036,0.977963343092881,False,True,
three_merged,typical,M6.A[3.95],M6,0.469959032340945,Mild+Moderate|Severe,0.3713632645179291,1.881548129710388,0.11796694005681112,0.313712666242601,1.837422724392,False,0.8964548704667629,0.9702878207872615,False,True,
three_merged,typical,M6.N[3.95],M6,0.4700173527963319,Mild+Moderate|Severe,0.37141097495859104,1.8816844991440607,0.11798155996802884,0.313701991078982,1.837245294984,False,0.8963687693139191,0.9702859952188878,False,True,
three_merged,typical,M6.A[4.00],M6,0.19952393506669425,Mild+Moderate|Severe,0.17974541807273522,1.9043402662612074,0.050027991700462446,0.37596071117459373,1.6080229627079088,False,0.7885443154877075,0.9697467525242777,False,True,
three_merged,typical,M6.N[4.00],M6,0.19954399292400304,Mild+Moderate|Severe,0.17976390434446912,1.9044582524997122,0.0500330035813134,0.375954692007348,1.6079038954847307,False,0.7884861125059989,0.9697457028506958,False,True,
three_merged,typical,M6.A[4.05],M6,0.08922873738804339,Mild+Moderate|Severe,0.08406905020935265,1.705193843884346,0.022480228531253255,0.41619089542939536,1.581319420183454,False,0.7781772741950546,0.9634487879025027,False,True,
three_merged,typical,M6.N[4.05],M6,0.08923680955427664,Mild+Moderate|Severe,0.08407676235312908,1.7052896954636103,0.022482244957059878,0.41618717683383044,1.5812168293598894,False,0.7781269009188453,0.9634489109469052,False,True,
three_merged,typical,M6.A[4.10],M6,0.03089325445106138,Mild+Moderate|Severe,0.02968559188460523,1.2323863585751964,0.009714405939413103,0.4475386504256501,1.8217299281047143,False,0.898599042221512,0.9481012396544043,False,True,
three_merged,typical,M6.N[4.10],M6,0.030896929584757735,Mild+Moderate|Severe,0.029689145884256127,1.232471624141268,0.009715335322554497,0.447535878867522,1.8216003563417857,False,0.8985352279788351,0.948103196346259,False,True,
three_merged,typical,M6.A[4.15],M6,0.01109376530907074,Mild+Moderate|Severe,0.010806931441971097,0.9143036825346511,0.0027791194537689703,0.4703000261083662,2.86532952289969,False,1.4157236513481057,0.9498099203987218,False,True,
three_merged,typical,M6.N[4.15],M6,0.011095766520487327,Mild+Moderate|Severe,0.010808885468173714,0.9143935996835425,0.002779619066086004,0.47029735692831554,2.8650024913863628,False,1.4155622030915678,0.949814616132641,False,True,
three_merged,typical,M7.D,M7,16.790840368747478,Mild+Moderate|Severe,1.566971630630167,1.8591706972135271,4.380260947740843,0.0007430018354512445,3.8709383113890503,False,0.31601586267841186,0.92335806150246,False,True,
three_merged,typical,M7.D_pow,M7,8.220080558521722,Mild+Moderate|Severe,3.033683540070682,3.101025181169752,2.056043854271588,0.021248854218403224,3.467697310707812,False,0.27512980404464016,0.7902344457595,False,True,
three_merged,typical,M7.D0,M7,16.89471371940418,Mild+Moderate|Severe,1.5597834535017612,1.8538802087688306,4.401968989684865,0.0007341209485467085,3.8962163935485687,False,0.31539178466715234,0.9223445905628421,False,True,
three_merged,typical,M7.D1,M7,3.8525176660197045,Mild+Moderate|Severe,0.16277651736830298,0.5830224037859171,1.796346191967026,0.017961488463498567,13.542879658711154,False,0.43541455924552486,1.0599719824990568,False,True,
three_merged,typical,M7.D2,M7,154.00780804272418,Mild+Moderate|Severe,2.1252759177659,2.07606101781225,38.586168254079624,3.092523896597169e-20,1.3648731437269364,False,0.2678914098965336,1.0529634815228666,False,True,
three_merged,typical,M7.D3,M7,174.82343473946045,Mild+Moderate|Severe,2.8888810930749815,2.4238072077719455,43.81765952799858,3.043999181686264e-23,2.3645328190478496,False,0.23821972090293306,1.1024599381261841,False,True,
three_merged,typical,M7.D3[k3],M7,164.60308840206218,Mild+Moderate|Severe,4.219583173818552,2.942990858294549,41.25726723913865,6.688823133846715e-22,2.32917278098552,False,0.20815508732664148,0.882450105853005,False,True,
three_merged,typical,M8.s1^2,M8,0.3413206531116488,Mild+Moderate|Severe,,,0.15391446496694905,0.3055308314473672,1.1645185337796156,False,27.7752532863605,-0.6880861737723809,False,True,matrix-level: no per-antenna port-noise estimate
three_merged,typical,M8.s2^2,M8,0.14103278533433605,Mild+Moderate|Severe,,,0.0438196539083243,0.3890815532932684,10.311526964796991,False,248.22378885838518,-2.3672715440811762,False,True,matrix-level: no per-antenna port-noise estimate
three_merged,typical,M8.s3^2,M8,0.15230207243957564,Mild+Moderate|Severe,,,0.042865554023082016,0.3878560173778376,4.154502814985231,False,99.59476488480865,0.3478316369738155,False,True,matrix-level: no per-antenna port-noise estimate
three_merged,typical,M8.s4^2,M8,0.10936118509927742,Mild+Moderate|Severe,,,0.027401344080302942,0.4075016550277249,3.125681635756094,False,76.14907328115868,-0.02920444571134435,False,True,matrix-level: no per-antenna port-noise estimate
three_merged,typical,M8.s5^2,M8,0.22788705411963966,Mild+Moderate|Severe,,,0.057637020476296916,0.3674373038452508,1.7245743248561662,False,42.31395807065364,0.5517603613633966,False,True,matrix-level: no per-antenna port-noise estimate
three_merged,typical,M8.s6^2,M8,0.2808825791880239,Mild+Moderate|Severe,,,0.07481380861320308,0.3513822764188471,1.5715741915566739,False,38.472600083358195,0.4696036374486692,False,True,matrix-level: no per-antenna port-noise estimate
three_merged,typical,M8.lam0^2,M8,0.39274935741819833,Mild+Moderate|Severe,0.06851358865732815,0.4074090159870056,0.10121805737868525,0.32736877351853705,2.4477635456110924,False,58.85088462972216,0.43744795528262786,False,True,
three_merged,typical,M8.lam1^2,M8,0.3411832531771439,Mild+Moderate|Severe,0.06104977334189999,0.38562783187018285,0.08904992124422781,0.3378753290032457,2.558595473094338,False,62.3273060812494,0.37184258460900443,False,True,
three_merged,typical,M8.lam2^2,M8,0.4975128608442905,Mild+Moderate|Severe,0.08963748241919225,0.46762555221398056,0.1261224742805464,0.30821082397498,2.177875899051696,False,52.93015507764725,0.32841429556430246,False,True,
three_merged,typical,M8.lam3^2,M8,0.8803188790457528,Mild+Moderate|Severe,0.1565131696703179,0.6170202918133799,0.22149603387401604,0.2530319160307803,1.691976304647003,False,40.09989517423285,0.28337137548436236,False,True,
three_merged,typical,M8.lam0^2[k3],M8,145.79317880066057,Mild+Moderate|Severe,2.3054217675214597,2.164469007831251,36.47299447497471,2.710086768216386e-18,1.0645246870539087,False,2.7899992015243864,0.8540233526265847,False,True,
three_merged,typical,M8.lam1^2[k3],M8,133.20089136576894,Mild+Moderate|Severe,2.2191942572958174,2.124520454319006,33.33808049257363,4.542654201524874e-17,0.9790334764597685,False,2.575812890796188,0.8587265862757384,False,True,
three_merged,typical,M8.lam2^2[k3],M8,109.49811625953296,Mild+Moderate|Severe,1.8778265377754941,1.9547849175165362,27.426633809503677,1.564501163031861e-14,0.8982159344062748,False,2.358579311477291,0.8471382184786924,False,True,
three_merged,typical,M8.lam3^2[k3],M8,120.43250017238455,Mild+Moderate|Severe,1.8912948374178955,1.9603417897966315,30.15098865912231,1.1216175999355602e-15,0.7849276147377311,False,2.058310106298293,0.8518142301137201,False,True,
three_merged,noisy,M0.old_score,M0,0.3691444000833951,Mild+Moderate|Severe,0.23758727640958605,1.154695690086134,0.09333972104384772,0.33321035380978126,1.4229814287699936,False,26.060299762407094,0.6453445998718763,False,True,baseline only; not a physical quantity
three_merged,noisy,M1.Sii_dBavg,M1,0.023066250676613047,Normal|Severe,0.0022832774077481137,0.07119164068384268,0.006314919042895934,0.45624837753347725,7.389414768231441,False,187.39907787577496,0.13785984368021326,False,True,dB averaging; shown for fragility
three_merged,noisy,M2.R,M2,0.13870883830495284,Mild+Moderate|Severe,0.0647647141690818,0.49292909963994475,0.03508974166434263,0.3958181976720899,2.2917171988514333,False,55.44444739293458,0.3434465309855271,False,True,
three_merged,noisy,M2.R[k3],M2,44.132318188393874,Mild+Moderate|Severe,2.031843790844656,2.0639303218981193,11.034545009838668,1.2940732284925447e-06,0.9339004402833573,False,2.4514168754073387,0.8549538570161865,False,True,
three_merged,noisy,M3.A,M3,0.13870883830495218,Mild+Moderate|Severe,0.06476471416908632,0.49292909963997805,0.035089741664342686,0.3958181976720899,2.2917171988512743,False,55.44444739292782,0.3434465309854849,False,True,affine copy of M2.R (identical separability)
three_merged,noisy,M3.ML_of_powavg,M3,0.1376077726103252,Mild+Moderate|Severe,0.06470281420764647,0.49421910785786305,0.03484901894703278,0.396193760775168,2.306262352682542,False,53.777820513321956,0.3280389581349639,False,True,
three_merged,noisy,M3.ML_dBavg,M3,0.031951464987976935,Mild+Moderate|Severe,0.03186861662679595,4.957925886481392,0.008105562358585798,0.44952338147114845,1.5147852857510011,False,20.939397963645575,0.7559826366715442,False,True,dB averaging; comparison only
three_merged,noisy,M4.N,M4,0.14729499585453323,Mild+Moderate|Severe,0.06874174684208206,0.507735114575194,0.03721614099351443,0.39275181567388817,2.2204898356354947,False,53.683251544562594,0.3601341454205289,False,True,
three_merged,noisy,M4.N[k3],M4,43.739711421936775,Mild+Moderate|Severe,2.01551934027584,2.055665614574285,10.936309285388734,1.4350844564580794e-06,0.9345021929582658,False,2.4542014612649203,0.8529970507615612,False,True,
three_merged,noisy,M5.C,M5,3.817744674126313,Normal|Mild+Moderate,0.729226766803557,1.342686667871382,1.359381888725777,0.03978920834687276,0.017273210314685653,True,3.0326748378732944,1.1105382687671301,False,True,
three_merged,noisy,M5.C1,M5,2.7206386880708573,Normal|Mild+Moderate,0.5340967650466565,1.1528730898020771,1.100355533631521,0.061260678099362684,0.016131677488873893,True,3.410107984267819,1.1064956115556999,False,True,
three_merged,noisy,M5.C2,M5,11.015267806219759,Normal|Mild+Moderate,1.5843767912587061,1.9238242773876277,2.8536745020881464,0.006547584862327269,0.040090923155378926,True,0.9044297918656925,0.992134239933252,False,True,
three_merged,noisy,M5.C3,M5,0.9628290164516659,Mild+Moderate|Severe,0.04111354052327123,0.29307824487430767,0.2530929434425817,0.23983010102477742,0.1495660932966157,True,4.92487692287122,0.7289951640343687,False,True,
three_merged,noisy,M5.C[k3],M5,15.617677674037983,Normal|Mild+Moderate,0.31414403006114305,0.8007404534479038,3.937173179923531,0.002216474645523156,1.8755488782749365,False,4.849635272319069,0.6552133367286909,False,True,
three_merged,noisy,M5.C1[k3],M5,8.296016009357924,Normal|Mild+Moderate,0.18400996874011946,0.613488366466253,2.1210329005579442,0.018074581449201,2.467646228967026,False,6.392981018066093,0.5467304155068882,False,True,
three_merged,noisy,M5.C2[k3],M5,5.374349222117778,Normal|Mild+Moderate,0.9998024210596154,1.5673590572562879,1.4324476678449807,0.04127455310240406,0.1278203154911501,True,0.3458547809778242,0.6069453794319363,False,True,
three_merged,noisy,M5.C3[k3],M5,0.3664491036975744,Mild+Moderate|Severe,0.017985004605726086,0.19449036254460936,0.104914135760509,0.32793757910333565,0.9888712013068489,False,2.8511119676359757,0.42731297084182185,False,True,
three_merged,noisy,M5.C3_dBavg[k3],M5,0.022825728616852652,Mild+Moderate|Severe,0.0009056379561584579,0.04342936281173102,0.032089937106286756,0.4130811834953893,3.554890143542125,False,10.427588038974449,-1.6974614859449726,False,True,dB averaging; comparison only
three_merged,noisy,M6.fc_A,M6,0.7224326055484089,Normal|Mild+Moderate,0.3135436107673963,1.0525916827680541,0.18067084670409767,0.2738921106305328,4.462465741219756,False,17.48140695250304,0.7922547630058414,False,True,
three_merged,noisy,M6.spread_A,M6,0.1654398562883192,Mild+Moderate|Severe,0.15738460768862067,2.5425922786232458,0.041564637234625126,0.38667517427748666,0.2734342321641155,False,23.65445388605162,0.27024243122743735,False,True,
three_merged,noisy,M6.fc_N,M6,0.7242021836746907,Normal|Mild+Moderate,0.31445417163069783,1.0543023280825787,0.18111363822686546,0.2736470766554743,4.452860357714409,False,17.45756395034398,0.7927494924024778,False,True,
three_merged,noisy,M6.spread_N,M6,0.16344656737325675,Mild+Moderate|Severe,0.15550846036685878,2.530587953109174,0.04106798677699208,0.38733853084002334,0.27491902463682066,False,23.799904597826337,0.2661256700129564,False,True,
three_merged,noisy,M6.A[3.20],M6,0.5043038050964338,Mild+Moderate|Severe,0.4389306723273854,2.6023124336447547,0.12655085684592962,0.3075740125242641,2.582602930092636,False,1.268828715171393,0.9603295566459766,False,True,
three_merged,noisy,M6.N[3.20],M6,0.504158981843417,Mild+Moderate|Severe,0.4388172096866143,2.602226669475915,0.1265149499210736,0.3075992183061004,2.5823429903564583,False,1.2687084612486053,0.9603297353442124,False,True,
three_merged,noisy,M6.A[3.25],M6,0.08845172392948024,Mild+Moderate|Severe,0.06180810263276015,0.6406107594429724,0.022160984828533875,0.41667046658205986,10.418920223714625,False,5.132563986845585,0.7052244949257446,False,True,
three_merged,noisy,M6.N[3.25],M6,0.0884862752616036,Mild+Moderate|Severe,0.06183824349061542,0.6408390364413162,0.02216983751896165,0.4166542384424974,10.413186648562036,False,5.129788859897276,0.7054282537397147,False,True,
three_merged,noisy,M6.A[3.30],M6,1.2484362448878734,Mild+Moderate|Severe,0.5487004468633516,1.3992612032173626,0.3121108630083586,0.21474151968676886,4.64676552468236,False,2.3258730196289727,0.6236397404251927,False,True,
three_merged,noisy,M6.N[3.30],M6,1.245894390701466,Mild+Moderate|Severe,0.5477377516424518,1.3981878193796466,0.31147551376559984,0.21497652082719176,4.648816011481434,False,2.326942576823193,0.623587264898235,False,True,
three_merged,noisy,M6.A[3.35],M6,6.000819967480199,Normal|Mild+Moderate,1.0824183106178686,1.625196452693478,1.5065485084950943,0.04097528574699983,3.1877850506565544,False,1.5471377904823416,0.7010817478441521,False,True,
three_merged,noisy,M6.N[3.35],M6,6.005914308851037,Normal|Mild+Moderate,1.083007868224391,1.6255846078989402,1.507787302369251,0.04091410334974464,3.184232736206392,False,1.545360868721818,0.7013055827249792,False,True,
three_merged,noisy,M6.A[3.40],M6,34.532918281935444,Mild+Moderate|Severe,3.7945076276861767,2.9199045122435274,8.634094940011932,1.6108987323848033e-05,0.3596510011029415,False,0.14521676583431692,0.9610406182503062,False,True,
three_merged,noisy,M6.N[3.40],M6,34.426935002193495,Mild+Moderate|Severe,3.7787242681087814,2.9136287675144676,8.607554175395974,1.657210395285154e-05,0.3590298141835982,False,0.14484682402437943,0.9609008251172457,False,True,
three_merged,noisy,M6.A[3.45],M6,7.873952964351311,Mild+Moderate|Severe,0.7245515069695049,1.2633136703988184,1.969203541133663,0.023568271517850525,0.8432627594204237,False,0.4253627343026711,0.9149126747328431,False,True,
three_merged,noisy,M6.N[3.45],M6,7.796227344582778,Mild+Moderate|Severe,0.7156929910301828,1.2554158581230843,1.949746414292654,0.024121626047350277,0.8510811992888079,False,0.42934410193939027,0.9142365557600218,False,True,
three_merged,noisy,M6.A[3.50],M6,1.6503046101809062,Mild+Moderate|Severe,0.1635835328575303,0.6026318716521508,0.4129161819342517,0.18174885420196046,1.62445085595099,False,0.7157055639770676,0.9402259037824374,False,True,
three_merged,noisy,M6.N[3.50],M6,1.5938526487989522,Mild+Moderate|Severe,0.15831347560451497,0.5929123544543049,0.3988074640618366,0.18591418956971362,1.6421345014138224,False,0.7229312397008997,0.938471075138407,False,True,
three_merged,noisy,M6.A[3.55],M6,1.6673033539907982,Mild+Moderate|Severe,0.03792901256693639,0.2786106038393433,0.41690743272590125,0.18058781823062542,7.293278708418572,False,3.600727237804105,0.9575744419497796,False,True,
three_merged,noisy,M6.N[3.55],M6,1.5362113867130482,Mild+Moderate|Severe,0.035277008373495164,0.26872341458684146,0.38412125984261625,0.19038312407404523,7.5464996831000875,False,3.725359686484804,0.9574417142844294,False,True,
three_merged,noisy,M6.A[3.60],M6,0.004356797297577113,Normal|Mild+Moderate,0.0009370253231860273,0.04886250913656371,0.2374513064437885,0.26619674865127274,161.4434335305764,False,54.50676225767838,-35.198157546582294,False,True,
three_merged,noisy,M6.N[3.60],M6,0.00022279202212275096,Normal|Mild+Moderate,4.281680261969087e-05,0.010295929875053626,0.2096058508878762,0.27992168005410856,1524.2458199603277,False,515.4488324760721,-336.68213082645696,False,True,
three_merged,noisy,M6.A[3.65],M6,11.18565506746255,Normal|Mild+Moderate,0.3136202763347796,0.8033269909995167,2.7969248807554474,0.008999750093152327,3.3732284456466672,False,1.6956546340141594,0.90675893950649,False,True,
three_merged,noisy,M6.N[3.65],M6,11.337618820077454,Normal|Mild+Moderate,0.3159935683174751,0.8062917664735956,2.834738245681642,0.008623641383920579,3.351238998921669,False,1.6845427857091064,0.9078182598747095,False,True,
three_merged,noisy,M6.A[3.70],M6,0.2927738936533015,Normal|Mild+Moderate,0.022123046001896896,0.21877562715637786,0.18780370416833297,0.2891940137902562,4.694539373581968,False,2.060655895620477,0.57017517163267,False,True,
three_merged,noisy,M6.N[3.70],M6,0.2870791968412011,Normal|Mild+Moderate,0.02176738981251404,0.21704048321936736,0.18672755912330302,0.28985215534075687,4.750179884351081,False,2.086134788838411,0.5670381618964031,False,True,
three_merged,noisy,M6.A[3.75],M6,0.5843679516848302,Normal|Mild+Moderate,0.024977536659718417,0.22844175348114837,0.14634576275230213,0.294307686777618,14.304807415570437,False,5.766226028373121,-0.40888117329483475,False,True,
three_merged,noisy,M6.N[3.75],M6,0.6058618332902311,Normal|Mild+Moderate,0.025908023635491256,0.2326602736933167,0.15173429859612514,0.290916371544584,13.975789430989376,False,5.629735615713237,-0.37982951829540723,False,True,
three_merged,noisy,M6.A[3.80],M6,0.23267646087309857,Mild+Moderate|Severe,0.01640336330739129,0.1878695625919528,0.08646608759132612,0.3500827594007282,16.988092716853835,False,8.396672384106854,0.8242139811904161,False,True,
three_merged,noisy,M6.N[3.80],M6,0.23332517859310653,Mild+Moderate|Severe,0.016452288378692382,0.18815091050786875,0.08662915659047705,0.34992696123076317,16.950596864443977,False,8.37852406609985,0.8246577789303361,False,True,
three_merged,noisy,M6.A[3.85],M6,0.3088049513553484,Mild+Moderate|Severe,0.13433814643141356,0.6896049931750458,0.07823781359209266,0.34662205835301385,4.610990856699519,False,2.211322178818446,0.9767793134181431,False,True,
three_merged,noisy,M6.N[3.85],M6,0.3089481586007669,Mild+Moderate|Severe,0.1344059427997829,0.6897898453454303,0.07827406688752846,0.3465882892553676,4.6093847976478415,False,2.2105687182547853,0.9767553375637557,False,True,
three_merged,noisy,M6.A[3.90],M6,0.19204975593135346,Mild+Moderate|Severe,0.15733312958543108,1.3193596891126596,0.04802308701485184,0.37831939357597827,2.4491779898931534,False,1.186217393257803,0.9779699631869366,False,True,
three_merged,noisy,M6.N[3.90],M6,0.19209032419205066,Mild+Moderate|Severe,0.15736722451732946,1.3195189806140775,0.048033211974128395,0.37830696173482825,2.44882596835508,False,1.1860487556479036,0.977963343092881,False,True,
three_merged,noisy,M6.A[3.95],M6,0.18288985355297638,Mild+Moderate|Severe,0.1716315094195517,2.361408135181434,0.045739734480135526,0.3811622251397344,1.837422724392,False,0.8964548704667629,0.9702878207872615,False,True,
three_merged,noisy,M6.N[3.95],M6,0.18290857271918826,Mild+Moderate|Severe,0.1716493112734746,2.361555241036141,0.04574442179590235,0.38115632253021436,1.837245294984,False,0.8963687693139191,0.9702859952188878,False,True,
three_merged,noisy,M6.A[4.00],M6,0.06748671047837754,Mild+Moderate|Severe,0.06556768729939068,2.1474791219204366,0.0178396220406481,0.4260803710615676,1.6080229627079088,False,0.7885443154877075,0.9697467525242777,False,True,
three_merged,noisy,M6.N[4.00],M6,0.06749153452550503,Mild+Moderate|Severe,0.06557241390839336,2.1475787567333655,0.017840937627837235,0.4260777142547848,1.6079038954847307,False,0.7884861125059989,0.9697457028506958,False,True,
three_merged,noisy,M6.A[4.05],M6,0.03754938403009917,Mild+Moderate|Severe,0.03700369987641399,2.256671323501021,0.00949549138300902,0.4453489710805151,1.581319420183454,False,0.7781772741950546,0.9634487879025027,False,True,
three_merged,noisy,M6.N[4.05],M6,0.03755253119247677,Mild+Moderate|Severe,0.03700681502626864,2.2567946861301436,0.009496278141592289,0.4453467082663174,1.5812168293598894,False,0.7781269009188453,0.9634489109469052,False,True,
three_merged,noisy,M6.A[4.10],M6,0.0036499696180000915,Mild+Moderate|Severe,0.0036148252679091154,0.8665138705432609,0.0009228242416343207,0.4829143479022494,1.8217299281047143,False,0.898599042221512,0.9481012396544043,False,True,
three_merged,noisy,M6.N[4.10],M6,0.0036507330558162637,Mild+Moderate|Severe,0.0036155819462377415,0.866611848006617,0.0009230192510749885,0.48291255301088426,1.8216003563417857,False,0.8985352279788351,0.948103196346259,False,True,
three_merged,noisy,M6.A[4.15],M6,0.0003567808060369889,Mild+Moderate|Severe,0.00035432692469116025,0.3209896556310505,0.00020344460693811337,0.4929389196233097,2.86532952289969,False,1.4157236513481057,0.9498099203987218,False,True,
three_merged,noisy,M6.N[4.15],M6,0.00035695694179253834,Mild+Moderate|Severe,0.0003545018936408654,0.3210718174164653,0.00020349131940523713,0.49293800888544687,2.8650024913863628,False,1.4155622030915678,0.949814616132641,False,True,
three_merged,noisy,M7.D,M7,3.4913003457508167,Mild+Moderate|Severe,1.151140861991972,1.8533187125531219,0.8801914858998827,0.09194706233868631,3.8709383113890503,False,0.31601586267841186,0.92335806150246,False,True,
three_merged,noisy,M7.D_pow,M7,0.12101277750895528,Normal|Mild+Moderate,0.11398010463308454,1.9805459813950432,0.031964413289816807,0.40144960711955585,3.467697310707812,False,0.27512980404464016,0.7902344457595,False,True,
three_merged,noisy,M7.D0,M7,3.4586163962214522,Mild+Moderate|Severe,1.1438980978255537,1.848888802862218,0.8717322081311821,0.09302512773665944,3.8962163935485687,False,0.31539178466715234,0.9223445905628421,False,True,
three_merged,noisy,M7.D1,M7,3.0583689133059946,Mild+Moderate|Severe,0.13712428019027406,0.535837556585234,1.1376317805129195,0.057648603680306484,13.542879658711154,False,0.43541455924552486,1.0599719824990568,False,True,
three_merged,noisy,M7.D2,M7,17.614029538600086,Mild+Moderate|Severe,1.9295800530659621,2.0818101352856875,4.403507601798284,0.0015003702344834199,1.3648731437269364,False,0.2678914098965336,1.0529634815228666,False,True,
three_merged,noisy,M7.D3,M7,32.7255677394497,Mild+Moderate|Severe,2.6636047287369875,2.408157087879464,8.181453388898143,2.6136438985751445e-05,2.3645328190478496,False,0.23821972090293306,1.1024599381261841,False,True,
three_merged,noisy,M7.D3[k3],M7,37.79617599810591,Mild+Moderate|Severe,3.8383212990083155,2.923071706447442,9.451644667403695,6.710039296436072e-06,2.32917278098552,False,0.20815508732664148,0.882450105853005,False,True,
three_merged,noisy,M8.s1^2,M8,0.09021417048917461,Mild+Moderate|Severe,,,0.02659998703587331,0.41223787146423885,1.1645185337796156,False,27.7752532863605,-0.6880861737723809,False,True,matrix-level: no per-antenna port-noise estimate
three_merged,noisy,M8.s2^2,M8,0.07549860597524055,Mild+Moderate|Severe,,,0.02135340578076656,0.4204962067299257,10.311526964796991,False,248.22378885838518,-2.3672715440811762,False,True,matrix-level: no per-antenna port-noise estimate
three_merged,noisy,M8.s3^2,M8,0.07624100082840331,Mild+Moderate|Severe,,,0.02098366589689577,0.42066883048277437,4.154502814985231,False,99.59476488480865,0.3478316369738155,False,True,matrix-level: no per-antenna port-noise estimate
three_merged,noisy,M8.s4^2,M8,0.0598923300101509,Mild+Moderate|Severe,,,0.01592234695294441,0.43022098401040587,3.125681635756094,False,76.14907328115868,-0.02920444571134435,False,True,matrix-level: no per-antenna port-noise estimate
three_merged,noisy,M8.s5^2,M8,0.09347550529652822,Mild+Moderate|Severe,,,0.024357162006068505,0.41350190654724517,1.7245743248561662,False,42.31395807065364,0.5517603613633966,False,True,matrix-level: no per-antenna port-noise estimate
three_merged,noisy,M8.s6^2,M8,0.07749249967171512,Mild+Moderate|Severe,,,0.019429461318908766,0.4219180093282903,1.5715741915566739,False,38.472600083358195,0.4696036374486692,False,True,matrix-level: no per-antenna port-noise estimate
three_merged,noisy,M8.lam0^2,M8,0.12268875950945655,Mild+Moderate|Severe,0.05593639434586128,0.45345196749572503,0.031082678559346787,0.40185318313247703,2.4477635456110924,False,58.85088462972216,0.43744795528262786,False,True,
three_merged,noisy,M8.lam1^2,M8,0.11038065823348688,Mild+Moderate|Severe,0.05072776956945009,0.43327998915949306,0.028091015053276644,0.40670368849038707,2.558595473094338,False,62.3273060812494,0.37184258460900443,False,True,
three_merged,noisy,M8.lam2^2,M8,0.152982844888269,Mild+Moderate|Severe,0.07194674081447146,0.5211978914759686,0.03857712982340611,0.39080796511857874,2.177875899051696,False,52.93015507764725,0.32841429556430246,False,True,
three_merged,noisy,M8.lam3^2,M8,0.255223465408749,Mild+Moderate|Severe,0.11937236560430999,0.6697236250226817,0.06413908492785347,0.3602641569749988,1.691976304647003,False,40.09989517423285,0.28337137548436236,False,True,
three_merged,noisy,M8.lam0^2[k3],M8,47.357148850868285,Mild+Moderate|Severe,2.2457604675298755,2.1714327878928392,11.839753221111687,5.658242954560435e-07,1.0645246870539087,False,2.7899992015243864,0.8540233526265847,False,True,
three_merged,noisy,M8.lam1^2[k3],M8,46.058971051050975,Mild+Moderate|Severe,2.162415339996484,2.130229761081592,11.515930759596932,7.859226259067734e-07,0.9790334764597685,False,2.575812890796188,0.8587265862757384,False,True,
three_merged,noisy,M8.lam2^2[k3],M8,39.89413144991814,Mild+Moderate|Severe,1.832266716103808,1.959831891635093,9.97591197727832,3.8783857072828175e-06,0.8982159344062748,False,2.358579311477291,0.8471382184786924,False,True,
three_merged,noisy,M8.lam3^2[k3],M8,41.70868738881361,Mild+Moderate|Severe,1.8448848842271357,1.9648234557539308,10.42844575630765,2.4420763458338433e-06,0.7849276147377311,False,2.058310106298293,0.8518142301137201,False,True,
three_merged,very_noisy,M0.old_score,M0,0.13703485923745526,Mild+Moderate|Severe,0.1158204764613538,1.223229651877081,0.03429857741886466,0.3967225238846276,1.4229814287699936,False,26.060299762407094,0.6453445998718763,False,True,baseline only; not a physical quantity
three_merged,very_noisy,M1.Sii_dBavg,M1,0.002363406984548116,Normal|Severe,0.0007642272856097898,0.04752771016404164,0.0006502712216828391,0.48595574270356207,7.389414768231441,False,187.39907787577496,0.13785984368021326,False,True,dB averaging; shown for fragility
three_merged,very_noisy,M2.R,M2,0.059467147967112825,Mild+Moderate|Severe,0.04709796162123556,0.6729519292876731,0.015007756388992644,0.43138320475935443,2.2917171988514333,False,55.44444739293458,0.3434465309855271,False,True,
three_merged,very_noisy,M2.R[k3],M2,12.689492261286844,Mild+Moderate|Severe,1.9012990541308439,2.1148909494333554,3.1724459924018373,0.005884694126554176,0.9339004402833573,False,2.4514168754073387,0.8549538570161865,False,True,
three_merged,very_noisy,M3.A,M3,0.05946714796711787,Mild+Moderate|Severe,0.047097961621240865,0.6729519292877468,0.015007756388993905,0.43138320475935155,2.2917171988512743,False,55.44444739292782,0.3434465309854849,False,True,affine copy of M2.R (identical separability)
three_merged,very_noisy,M3.ML_of_powavg,M3,0.05879472047815417,Mild+Moderate|Severe,0.04701084159538367,0.6849187269882817,0.014820398097421488,0.43178918000526845,2.306262352682542,False,53.777820513321956,0.3280389581349639,False,True,
three_merged,very_noisy,M3.ML_dBavg,M3,0.07240029351418938,Mild+Moderate|Severe,0.07232799291851147,12.035591263731227,0.018113079150486766,0.4245375063822979,1.5147852857510011,False,20.939397963645575,0.7559826366715442,False,True,dB averaging; comparison only
three_merged,very_noisy,M4.N,M4,0.06217259618812269,Mild+Moderate|Severe,0.049237894149235524,0.6879961691582043,0.015688615877956013,0.42985750286335056,2.2204898356354947,False,53.683251544562594,0.3601341454205289,False,True,
three_merged,very_noisy,M4.N[k3],M4,12.557232750720772,Mild+Moderate|Severe,1.8854708442945192,2.1064629108970703,3.1393854204775367,0.006108239056940801,0.9345021929582658,False,2.4542014612649203,0.8529970507615612,False,True,
three_merged,very_noisy,M5.C,M5,2.518938592196413,Normal|Mild+Moderate,0.6792576681738121,1.3638600564506833,0.7332480407132407,0.111031304123185,0.017273210314685653,True,3.0326748378732944,1.1105382687671301,False,True,
three_merged,very_noisy,M5.C1,M5,1.8423615659384311,Normal|Mild+Moderate,0.5003933804183195,1.172160543427003,0.5749956617542386,0.14300394383821222,0.016131677488873893,True,3.410107984267819,1.1064956115556999,False,True,
three_merged,very_noisy,M5.C2,M5,0.8421160314976683,Normal|Mild+Moderate,0.5959676205001203,2.0193601400508934,0.2110844650135435,0.2580084144239529,0.040090923155378926,True,0.9044297918656925,0.992134239933252,False,True,
three_merged,very_noisy,M5.C3,M5,0.07878515209037772,Mild+Moderate|Severe,0.03085854483076749,0.31851989571740075,0.019812758991475686,0.4212174422852572,0.1495660932966157,True,4.92487692287122,0.7289951640343687,False,True,
three_merged,very_noisy,M5.C[k3],M5,3.614203154662617,Normal|Mild+Moderate,0.2925164009665461,0.7978422880952932,0.9037685270664093,0.08939143254658066,1.8755488782749365,False,4.849635272319069,0.6552133367286909,False,True,
three_merged,very_noisy,M5.C1[k3],M5,2.0838588389969015,Normal|Mild+Moderate,0.17017416586544315,0.6087805547069961,0.5218677821898456,0.1534727818965932,2.467646228967026,False,6.392981018066093,0.5467304155068882,False,True,
three_merged,very_noisy,M5.C2[k3],M5,0.5184492171553081,Normal|Mild+Moderate,0.36674984946997874,1.5832926519096515,0.1353845144179159,0.3028660358644053,0.1278203154911501,True,0.3458547809778242,0.6069453794319363,False,True,
three_merged,very_noisy,M5.C3[k3],M5,0.040550671667191104,Mild+Moderate|Severe,0.014172500831415238,0.20874444695631594,0.010167038108222951,0.4433438822211496,0.9888712013068489,False,2.8511119676359757,0.42731297084182185,False,True,
three_merged,very_noisy,M5.C3_dBavg[k3],M5,0.010616397718076225,Mild+Moderate|Severe,0.0014442982894090175,0.05782260577699565,0.002703257032632849,0.4708257822617965,3.554890143542125,False,10.427588038974449,-1.6974614859449726,False,True,dB averaging; comparison only
three_merged,very_noisy,M6.fc_A,M6,0.14896419438475672,Normal|Mild+Moderate,0.11575323466256592,1.0190178674476464,0.03737667658805971,0.39235715811368416,4.462465741219756,False,17.48140695250304,0.7922547630058414,False,True,
three_merged,very_noisy,M6.spread_A,M6,0.06343639581728067,Mild+Moderate|Severe,0.0627653621442389,3.444864233315567,0.015886944736126098,0.429292125814403,0.2734342321641155,False,23.65445388605162,0.27024243122743735,False,True,
three_merged,very_noisy,M6.fc_N,M6,0.14938969297165314,Normal|Mild+Moderate,0.11611145874534172,1.0210164018059469,0.03748373892669105,0.39220706787429327,4.452860357714409,False,17.45756395034398,0.7927494924024778,False,True,
three_merged,very_noisy,M6.spread_N,M6,0.06287727929595309,Mild+Moderate|Severe,0.06221418125205198,3.434928411784536,0.015747385014165515,0.42960062709136204,0.27491902463682066,False,23.799904597826337,0.2661256700129564,False,True,
three_merged,very_noisy,M6.A[3.20],M6,0.127161375060872,Mild+Moderate|Severe,0.12308850401524771,2.772368925935495,0.03254301833333,0.3998535734758334,2.582602930092636,False,1.268828715171393,0.9603295566459766,False,True,
three_merged,very_noisy,M6.N[3.20],M6,0.12712233640646137,Mild+Moderate|Severe,0.1230515193679502,2.772225981227038,0.03253264231667041,0.39986893984343436,2.5823429903564583,False,1.2687084612486053,0.9603297353442124,False,True,
three_merged,very_noisy,M6.A[3.25],M6,0.011387037945476663,Mild+Moderate|Severe,0.010340916344134326,0.47447005608017806,0.002885233268247814,0.46982470374466967,10.418920223714625,False,5.132563986845585,0.7052244949257446,False,True,
three_merged,very_noisy,M6.N[3.25],M6,0.011398511754841637,Mild+Moderate|Severe,0.010351654857869309,0.4747886254169034,0.0028880840469297383,0.46980968121124395,10.413186648562036,False,5.129788859897276,0.7054282537397147,False,True,
three_merged,very_noisy,M6.A[3.30],M6,0.32442336716545994,Mild+Moderate|Severe,0.2479461086733994,1.4503858507290626,0.08170317400177406,0.34324800980502573,4.64676552468236,False,2.3258730196289727,0.6236397404251927,False,True,
three_merged,very_noisy,M6.N[3.30],M6,0.32381837961002263,Mild+Moderate|Severe,0.2475145397487682,1.449415517314102,0.08155069815394438,0.34338663072258435,4.648816011481434,False,2.326942576823193,0.623587264898235,False,True,
three_merged,very_noisy,M6.A[3.35],M6,1.3306535165781508,Normal|Mild+Moderate,0.6505136597724486,1.5954257170895136,0.3335232038918447,0.2070920785953776,3.1877850506565544,False,1.5471377904823416,0.7010817478441521,False,True,
three_merged,very_noisy,M6.N[3.35],M6,1.3311499549872645,Normal|Mild+Moderate,0.6507788413971353,1.5957772438936477,0.3336433359055698,0.20704973524507186,3.184232736206392,False,1.545360868721818,0.7013055827249792,False,True,
three_merged,very_noisy,M6.A[3.40],M6,8.234878996633535,Mild+Moderate|Severe,2.786397157524118,2.9022001768123413,2.0592516951163478,0.02118751438558343,0.3596510011029415,False,0.14521676583431692,0.9610406182503062,False,True,
three_merged,very_noisy,M6.N[3.40],M6,8.2034087222103,Mild+Moderate|Severe,2.774643064750385,2.8957774825282936,2.0513954047673586,0.021384918486704926,0.3590298141835982,False,0.14484682402437943,0.9609008251172457,False,True,
three_merged,very_noisy,M6.A[3.45],M6,2.1596149744251236,Mild+Moderate|Severe,0.6118585062366355,1.3067043899316,0.5403614668479647,0.1492638603339268,0.8432627594204237,False,0.4253627343026711,0.9149126747328431,False,True,
three_merged,very_noisy,M6.N[3.45],M6,2.137072800969516,Mild+Moderate|Severe,0.6047124442931087,1.2987293502367239,0.5347318991309411,0.15052970035949675,0.8510811992888079,False,0.42934410193939027,0.9142365557600218,False,True,
three_merged,very_noisy,M6.A[3.50],M6,0.4928480399145832,Mild+Moderate|Severe,0.1529235918460333,0.6659131010345536,0.12329278421614986,0.3097664203038224,1.62445085595099,False,0.7157055639770676,0.9402259037824374,False,True,
three_merged,very_noisy,M6.N[3.50],M6,0.4769942952112071,Mild+Moderate|Severe,0.1482383416011081,0.6558658991776252,0.11932827573211009,0.31261106056731786,1.6421345014138224,False,0.7229312397008997,0.938471075138407,False,True,
three_merged,very_noisy,M6.A[3.55],M6,0.5096206150744989,Mild+Moderate|Severe,0.04230859061906495,0.30377308577475476,0.12754665778572735,0.3067923339474614,7.293278708418572,False,3.600727237804105,0.9575744419497796,False,True,
three_merged,very_noisy,M6.N[3.55],M6,0.47273711995253254,Mild+Moderate|Severe,0.0395472693012243,0.29379470515900585,0.11832559776739622,0.3133569885282119,7.5464996831000875,False,3.725359686484804,0.9574417142844294,False,True,
three_merged,very_noisy,M6.A[3.60],M6,0.005585771997509602,Normal|Mild+Moderate,0.0018586556125388192,0.07463964868081727,0.060615051134865615,0.3809163604829082,161.4434335305764,False,54.50676225767838,-35.198157546582294,False,True,
three_merged,very_noisy,M6.N[3.60],M6,0.00019576245821406705,Normal|Mild+Moderate,6.148897654454154e-05,0.013390081176808734,0.04771209392413938,0.39432953056082753,1524.2458199603277,False,515.4488324760721,-336.68213082645696,False,True,
three_merged,very_noisy,M6.A[3.65],M6,2.9735412598623934,Normal|Mild+Moderate,0.2867889374654176,0.7967450304588763,0.7437511338005446,0.11128835472606034,3.3732284456466672,False,1.6956546340141594,0.90675893950649,False,True,
three_merged,very_noisy,M6.N[3.65],M6,2.9949162068440294,Normal|Mild+Moderate,0.2890293722510969,0.7998775557879477,0.7491625878202753,0.11044802439859155,3.351238998921669,False,1.6845427857091064,0.9078182598747095,False,True,
three_merged,very_noisy,M6.A[3.70],M6,0.12364389669764532,Normal|Mild+Moderate,0.019471083086747096,0.21499046425540205,0.05308795512894921,0.38399303993224726,4.694539373581968,False,2.060655895620477,0.57017517163267,False,True,
three_merged,very_noisy,M6.N[3.70],M6,0.12131390194557824,Normal|Mild+Moderate,0.019146279958867873,0.21323370039078843,0.05262415075818916,0.38461184759545375,4.750179884351081,False,2.086134788838411,0.5670381618964031,False,True,
three_merged,very_noisy,M6.A[3.75],M6,0.11688843300327147,Normal|Mild+Moderate,0.017645630629825725,0.20387775773679423,0.02953331942518474,0.40422308707443044,14.304807415570437,False,5.766226028373121,-0.40888117329483475,False,True,
three_merged,very_noisy,M6.N[3.75],M6,0.12188101506363205,Normal|Mild+Moderate,0.01839848561886708,0.20818074100958098,0.030776932219009068,0.40225370716492237,13.975789430989376,False,5.629735615713237,-0.37982951829540723,False,True,
three_merged,very_noisy,M6.A[3.80],M6,0.07825371782254639,Mild+Moderate|Severe,0.01484727365440165,0.19143623532457257,0.02369470831885634,0.4176153829546412,16.988092716853835,False,8.396672384106854,0.8242139811904161,False,True,
three_merged,very_noisy,M6.N[3.80],M6,0.07845047697488583,Mild+Moderate|Severe,0.0148876905226453,0.19170127195804304,0.023743527861693536,0.41752298089374185,16.950596864443977,False,8.37852406609985,0.8246577789303361,False,True,
three_merged,very_noisy,M6.A[3.85],M6,0.15547409065923928,Mild+Moderate|Severe,0.11954093022350797,1.0170788370876485,0.039395613125684466,0.38980495969932094,4.610990856699519,False,2.211322178818446,0.9767793134181431,False,True,
three_merged,very_noisy,M6.N[3.85],M6,0.15551606940909718,Mild+Moderate|Severe,0.1195752184525161,1.0172531588523888,0.03940621233458715,0.3897904873106946,4.6093847976478415,False,2.2105687182547853,0.9767553375637557,False,True,
three_merged,very_noisy,M6.A[3.90],M6,0.06169317305162442,Mild+Moderate|Severe,0.058554102282763164,1.5170911044488746,0.015464222074331459,0.4302444063350593,2.4491779898931534,False,1.186217393257803,0.9779699631869366,False,True,
three_merged,very_noisy,M6.N[3.90],M6,0.061701469566219524,Mild+Moderate|Severe,0.05856205502857533,1.5172130636425554,0.01546633222253299,0.4302397286345373,2.44882596835508,False,1.1860487556479036,0.977963343092881,False,True,
three_merged,very_noisy,M6.A[3.95],M6,0.05407353616564205,Mild+Moderate|Severe,0.05326423100545667,2.6678970047858086,0.013668470537588946,0.43451314172278355,1.837422724392,False,0.8964548704667629,0.9702878207872615,False,True,
three_merged,very_noisy,M6.N[3.95],M6,0.05407851387947055,Mild+Moderate|Severe,0.05326915364968402,2.6680523104270994,0.013669692269768425,0.43451019889446585,1.837245294984,False,0.8963687693139191,0.9702859952188878,False,True,
three_merged,very_noisy,M6.A[4.00],M6,0.018454368980549307,Mild+Moderate|Severe,0.018336401324672187,2.395191135561267,0.004614164248300823,0.4617359673521351,1.6080229627079088,False,0.7885443154877075,0.9697467525242777,False,True,
three_merged,very_noisy,M6.N[4.00],M6,0.01845531283543962,Mild+Moderate|Severe,0.01833734249591494,2.3952866121555907,0.004614401749376994,0.46173498871010105,1.6079038954847307,False,0.7884861125059989,0.9697457028506958,False,True,
three_merged,very_noisy,M6.A[4.05],M6,0.020281476094098715,Normal|Mild+Moderate,0.02023024864118156,3.559055673973753,0.005844383498319389,0.45843002437628505,1.581319420183454,False,0.7781772741950546,0.9634487879025027,False,True,
three_merged,very_noisy,M6.N[4.05],M6,0.020282566505491897,Normal|Mild+Moderate,0.020231338833604062,3.559148523909225,0.0058448986171139704,0.45842854645181114,1.5812168293598894,False,0.7781269009188453,0.9634489109469052,False,True,
three_merged,very_noisy,M6.A[4.10],M6,0.0008914811920386909,Mild+Moderate|Severe,0.0008894448448135748,0.8824796208104762,0.000224554896192589,0.491562054467013,1.8217299281047143,False,0.898599042221512,0.9481012396544043,False,True,
three_merged,very_noisy,M6.N[4.10],M6,0.0008920004353101111,Mild+Moderate|Severe,0.0008899629353214363,0.8827438150853881,0.00022468240042740283,0.4915596288987806,1.8216003563417857,False,0.8985352279788351,0.948103196346259,False,True,
three_merged,very_noisy,M6.A[4.15],M6,0.00021084638558559296,Mild+Moderate|Severe,0.0002104931698193996,0.5012992350765751,0.00019582010105471167,0.49317740671596894,2.86532952289969,False,1.4157236513481057,0.9498099203987218,False,True,
three_merged,very_noisy,M6.N[4.15],M6,0.0002107567957509997,Mild+Moderate|Severe,0.00021040373910831544,0.5011991486190324,0.00019586599163676203,0.4931766818962521,2.8650024913863628,False,1.4155622030915678,0.949814616132641,False,True,
three_merged,very_noisy,M7.D,M7,0.2278838120337055,Mild+Moderate|Severe,0.19710937029466616,1.708560175430758,0.057015609076261166,0.3678223378891168,3.8709383113890503,False,0.31601586267841186,0.92335806150246,False,True,
three_merged,very_noisy,M7.D_pow,M7,0.002705048835786102,Mild+Moderate|Severe,0.0026922279397141764,1.0658578215225087,0.0009595733642699614,0.4838828382498943,3.467697310707812,False,0.27512980404464016,0.7902344457595,False,True,
three_merged,very_noisy,M7.D0,M7,0.22526718406650384,Mild+Moderate|Severe,0.19506378213525818,1.705785240120014,0.05635920410174524,0.36855625518945734,3.8962163935485687,False,0.31539178466715234,0.9223445905628421,False,True,
three_merged,very_noisy,M7.D1,M7,1.0417231818923935,Mild+Moderate|Severe,0.07637277480218622,0.4059924479241259,0.30841230839938394,0.2207370344037488,13.542879658711154,False,0.43541455924552486,1.0599719824990568,False,True,
three_merged,very_noisy,M7.D2,M7,0.3190559929491099,Normal|Mild+Moderate,0.29252013706268637,2.338794058843999,0.07978515055648396,0.3447844241894259,1.3648731437269364,False,0.2678914098965336,1.0529634815228666,False,True,
three_merged,very_noisy,M7.D3,M7,0.6697938928595384,Normal|Mild+Moderate,0.6010471756162946,2.42937488969389,0.16787933648662903,0.28122733939393835,2.3645328190478496,False,0.23821972090293306,1.1024599381261841,False,True,
three_merged,very_noisy,M7.D3[k3],M7,1.6823342267979804,Mild+Moderate|Severe,1.193862366130848,2.8676655169891294,0.4208790290294797,0.17945392434472818,2.32917278098552,False,0.20815508732664148,0.882450105853005,False,True,
three_merged,very_noisy,M8.s1^2,M8,0.026171003399200414,Mild+Moderate|Severe,,,0.006542755715127998,0.4544635695055264,1.1645185337796156,False,27.7752532863605,-0.6880861737723809,False,True,matrix-level: no per-antenna port-noise estimate
three_merged,very_noisy,M8.s2^2,M8,0.05040962596281851,Mild+Moderate|Severe,,,0.01263060280464328,0.4368930537429264,10.311526964796991,False,248.22378885838518,-2.3672715440811762,False,True,matrix-level: no per-antenna port-noise estimate
three_merged,very_noisy,M8.s3^2,M8,0.057890255407615124,Mild+Moderate|Severe,,,0.014507169582097936,0.43241178851335105,4.154502814985231,False,99.59476488480865,0.3478316369738155,False,True,matrix-level: no per-antenna port-noise estimate
three_merged,very_noisy,M8.s4^2,M8,0.048010281205074404,Mild+Moderate|Severe,,,0.012084778931326362,0.4383291012866036,3.125681635756094,False,76.14907328115868,-0.02920444571134435,False,True,matrix-level: no per-antenna port-noise estimate
three_merged,very_noisy,M8.s5^2,M8,0.022110677244516173,Mild+Moderate|Severe,,,0.005709045684238717,0.45778878629004294,1.7245743248561662,False,42.31395807065364,0.5517603613633966,False,True,matrix-level: no per-antenna port-noise estimate
three_merged,very_noisy,M8.s6^2,M8,0.016083366278149627,Mild+Moderate|Severe,,,0.005048331558123114,0.4621299285995144,1.5715741915566739,False,38.472600083358195,0.4696036374486692,False,True,matrix-level: no per-antenna port-noise estimate
three_merged,very_noisy,M8.lam0^2,M8,0.053518707809702755,Mild+Moderate|Severe,0.041997354477419604,0.6246360229221106,0.013573349551235877,0.43479178851180317,2.4477635456110924,False,58.85088462972216,0.43744795528262786,False,True,
three_merged,very_noisy,M8.lam1^2,M8,0.051230403450358154,Mild+Moderate|Severe,0.04029677922998423,0.6145142838321997,0.012954525230410277,0.43623720190982285,2.558595473094338,False,62.3273060812494,0.37184258460900443,False,True,
three_merged,very_noisy,M8.lam2^2,M8,0.06375356945999694,Mild+Moderate|Severe,0.05069693490026224,0.703626969859382,0.01609430307664679,0.42897291513382896,2.177875899051696,False,52.93015507764725,0.32841429556430246,False,True,
three_merged,very_noisy,M8.lam3^2,M8,0.09358351331467575,Mild+Moderate|Severe,0.07418795554560338,0.8461166386314352,0.02347540228306359,0.4142965990305978,1.691976304647003,False,40.09989517423285,0.28337137548436236,False,True,
three_merged,very_noisy,M8.lam0^2[k3],M8,12.945072633962441,Mild+Moderate|Severe,2.073075813063099,2.221877840345696,3.2366263890426175,0.005469457667901387,1.0645246870539087,False,2.7899992015243864,0.8540233526265847,False,True,
three_merged,very_noisy,M8.lam1^2[k3],M8,13.0072794125882,Mild+Moderate|Severe,2.0158696333602357,2.1843023563361603,3.25200034931762,0.005378597252411038,0.9790334764597685,False,2.575812890796188,0.8587265862757384,False,True,
three_merged,very_noisy,M8.lam2^2[k3],M8,11.742832978045852,Mild+Moderate|Severe,1.7215886115149495,2.008654786780481,2.9357095233361035,0.007694298102528306,0.8982159344062748,False,2.358579311477291,0.8471382184786924,False,True,
three_merged,very_noisy,M8.lam3^2[k3],M8,12.02346898355861,Mild+Moderate|Severe,1.73369982112783,2.0128621233933073,3.0058968347586847,0.007104687947263492,0.7849276147377311,False,2.058310106298293,0.8518142301137201,False,True,
three_merged,typical_jitter,M0.old_score,M0,0.8809990570791796,Mild+Moderate|Severe,0.3959612052351595,1.1993369735880546,0.22102062497883437,0.25317333869469205,1.4229814287699936,False,26.060299762407094,0.6453445998718763,False,True,baseline only; not a physical quantity
three_merged,typical_jitter,M1.Sii_dBavg,M1,0.00930719997781905,Normal|Severe,0.0003315828674646569,0.026223363986282205,0.009022750608417262,0.4519448451232917,7.389414768231441,False,187.39907787577496,0.13785984368021326,False,True,dB averaging; shown for fragility
three_merged,typical_jitter,M2.R,M2,0.3462309062415464,Mild+Moderate|Severe,0.08710451474591376,0.4824612339811356,0.08672180199765575,0.33859428659869095,2.2917171988514333,False,55.44444739293458,0.3434465309855271,False,True,
three_merged,typical_jitter,M2.R[k3],M2,7.055121503311534,Mild+Moderate|Severe,1.6366895966738908,2.0644938695600863,1.765775734002518,0.030014284652068655,0.9339004402833573,False,2.4514168754073387,0.8549538570161865,False,True,
three_merged,typical_jitter,M3.A,M3,0.34623090624158753,Mild+Moderate|Severe,0.0871045147459328,0.48246123398119645,0.08672180199766603,0.33859428659868196,2.2917171988512743,False,55.44444739292782,0.3434465309854849,False,True,affine copy of M2.R (identical separability)
three_merged,typical_jitter,M3.ML_of_powavg,M3,0.34308749525706544,Mild+Moderate|Severe,0.08665051280349197,0.48151817267704905,0.08596073537933854,0.3392740024223684,2.306262352682542,False,53.777820513321956,0.3280389581349639,False,True,
three_merged,typical_jitter,M3.ML_dBavg,M3,0.05623143760771709,Mild+Moderate|Severe,0.054948571022324,2.19478531616301,0.014178894571348855,0.43327302703514103,1.5147852857510011,False,20.939397963645575,0.7559826366715442,False,True,dB averaging; comparison only
three_merged,typical_jitter,M4.N,M4,0.3684709118328318,Mild+Moderate|Severe,0.0925568126797193,0.49720312662527993,0.09225698407654301,0.3338093119932707,2.2204898356354947,False,53.683251544562594,0.3601341454205289,False,True,
three_merged,typical_jitter,M4.N[k3],M4,7.04333581432061,Mild+Moderate|Severe,1.6260590277216413,2.056278033346419,1.7628641818079396,0.03011847892314658,0.9345021929582658,False,2.4542014612649203,0.8529970507615612,False,True,
three_merged,typical_jitter,M5.C,M5,4.17476364657998,Normal|Mild+Moderate,0.7478535322415613,1.3498573086222205,1.7818966363518602,0.018549013374322968,0.017273210314685653,True,3.0326748378732944,1.1105382687671301,False,True,
three_merged,typical_jitter,M5.C1,M5,2.9521780512225275,Normal|Mild+Moderate,0.5477256934947293,1.1597376065249976,1.4921204288991028,0.030863897749955,0.016131677488873893,True,3.410107984267819,1.1064956115556999,False,True,
three_merged,typical_jitter,M5.C2,M5,16.152626671081645,Normal|Mild+Moderate,1.5949653286062477,1.881336116952461,4.60477472061982,0.00017552461860108055,0.040090923155378926,True,0.9044297918656925,0.992134239933252,False,True,
three_merged,typical_jitter,M5.C3,M5,3.0239704044695936,Mild+Moderate|Severe,0.04209202744381349,0.29218554425431653,0.9784688885416908,0.07533229056001557,0.1495660932966157,True,4.92487692287122,0.7289951640343687,False,True,
three_merged,typical_jitter,M5.C[k3],M5,1.827860483931224,Normal|Mild+Moderate,0.2857849070114808,0.8231013895084747,0.458112527284285,0.16924712377927273,1.8755488782749365,False,4.849635272319069,0.6552133367286909,False,True,
three_merged,typical_jitter,M5.C1[k3],M5,1.0647803534337974,Normal|Mild+Moderate,0.16987981648451242,0.6358117063093717,0.2670174943401878,0.23253819496982214,2.467646228967026,False,6.392981018066093,0.5467304155068882,False,True,
three_merged,typical_jitter,M5.C2[k3],M5,8.35508651861384,Normal|Mild+Moderate,1.006148389348065,1.5125481062517057,2.5033152803432346,0.0062823752152118256,0.1278203154911501,True,0.3458547809778242,0.6069453794319363,False,True,
three_merged,typical_jitter,M5.C3[k3],M5,0.9165902220910268,Mild+Moderate|Severe,0.018230709232235808,0.1928764946557005,0.3807164218392462,0.2024631832263571,0.9888712013068489,False,2.8511119676359757,0.42731297084182185,False,True,
three_merged,typical_jitter,M5.C3_dBavg[k3],M5,0.07453697030684961,Mild+Moderate|Severe,0.0014420977186130849,0.054231891754174436,0.19275341365110438,0.2886369823102504,3.554890143542125,False,10.427588038974449,-1.6974614859449726,False,True,dB averaging; comparison only
three_merged,typical_jitter,M6.fc_A,M6,0.29750041977767744,Normal|Mild+Moderate,0.19296809319875274,1.048036079061752,0.07503780035663953,0.34950198072271677,4.462465741219756,False,17.48140695250304,0.7922547630058414,False,True,
three_merged,typical_jitter,M6.spread_A,M6,0.749026779085356,Mild+Moderate|Severe,0.6135902834314982,2.605163909209522,0.18767302111898307,0.2701226121748854,0.2734342321641155,False,23.65445388605162,0.27024243122743735,False,True,
three_merged,typical_jitter,M6.fc_N,M6,0.29869732651311415,Normal|Mild+Moderate,0.1936824077954421,1.0496638801913343,0.07533697697831673,0.3492156559366245,4.452860357714409,False,17.45756395034398,0.7927494924024778,False,True,
three_merged,typical_jitter,M6.spread_N,M6,0.7402795769882206,Mild+Moderate|Severe,0.6067012503633581,2.5931779946119806,0.18548737721188846,0.271308318142671,0.27491902463682066,False,23.799904597826337,0.2661256700129564,False,True,
three_merged,typical_jitter,M6.A[3.20],M6,0.6342272554575661,Mild+Moderate|Severe,0.5293035632658072,2.529607120694052,0.15897863064965373,0.2865059571556201,2.582602930092636,False,1.268828715171393,0.9603295566459766,False,True,
three_merged,typical_jitter,M6.N[3.20],M6,0.6342426476762942,Mild+Moderate|Severe,0.5293089787363022,2.529530498767743,0.15898246096352234,0.28650363924348876,2.5823429903564583,False,1.2687084612486053,0.9603297353442124,False,True,
three_merged,typical_jitter,M6.A[3.25],M6,0.046116640490527744,Mild+Moderate|Severe,0.03637363791053604,0.5868009250165364,0.011544567332258952,0.43963229746550225,10.418920223714625,False,5.132563986845585,0.7052244949257446,False,True,
three_merged,typical_jitter,M6.N[3.25],M6,0.04616891048923594,Mild+Moderate|Severe,0.03641253440239152,0.5870444659076052,0.011557660526911397,0.43959834740705184,10.413186648562036,False,5.129788859897276,0.7054282537397147,False,True,
three_merged,typical_jitter,M6.A[3.30],M6,0.33193800508415167,Normal|Severe,0.2623827265514086,1.4372148903899167,0.08800413103744195,0.33875230724241595,4.64676552468236,False,2.3258730196289727,0.6236397404251927,False,True,
three_merged,typical_jitter,M6.N[3.30],M6,0.3318970337330699,Normal|Severe,0.26209868382940954,1.4361323109172868,0.08792131723738872,0.3387611508815884,4.648816011481434,False,2.326942576823193,0.623587264898235,False,True,
three_merged,typical_jitter,M6.A[3.35],M6,0.8005326769347236,Normal|Mild+Moderate,0.5046430327262,1.6524631666816516,0.21439272397385095,0.25846153152065376,3.1877850506565544,False,1.5471377904823416,0.7010817478441521,False,True,
three_merged,typical_jitter,M6.N[3.35],M6,0.8024209983178219,Normal|Mild+Moderate,0.505463693478866,1.6527764541140577,0.214880537867233,0.2582172951148252,3.184232736206392,False,1.545360868721818,0.7013055827249792,False,True,
three_merged,typical_jitter,M6.A[3.40],M6,57.16901112069219,Mild+Moderate|Severe,3.966007427898828,2.9194700444445605,14.29225292022595,4.48483669489918e-08,0.3596510011029415,False,0.14521676583431692,0.9610406182503062,False,True,
three_merged,typical_jitter,M6.N[3.40],M6,57.30280470346053,Mild+Moderate|Severe,3.950780434456578,2.9131908257501293,14.325701879115647,4.3325087168799985e-08,0.3590298141835982,False,0.14484682402437943,0.9609008251172457,False,True,
three_merged,typical_jitter,M6.A[3.45],M6,10.450985184318931,Mild+Moderate|Severe,0.7335442827144978,1.2561191252818427,2.6321749731894917,0.010382199567481168,0.8432627594204237,False,0.4253627343026711,0.9149126747328431,False,True,
three_merged,typical_jitter,M6.N[3.45],M6,10.283809926473632,Mild+Moderate|Severe,0.7241492710053782,1.2482018708890124,2.5901394038181893,0.010912002501052611,0.8510811992888079,False,0.42934410193939027,0.9142365557600218,False,True,
three_merged,typical_jitter,M6.A[3.50],M6,2.3407329449479892,Mild+Moderate|Severe,0.16376105435496885,0.5934304594286319,0.5866684464452535,0.13933246738182847,1.62445085595099,False,0.7157055639770676,0.9402259037824374,False,True,
three_merged,typical_jitter,M6.N[3.50],M6,2.2857898486992347,Mild+Moderate|Severe,0.1585294402349511,0.5836839913094424,0.5729332428915597,0.14218583616775318,1.6421345014138224,False,0.7229312397008997,0.938471075138407,False,True,
three_merged,typical_jitter,M6.A[3.55],M6,0.11800866425023573,Mild+Moderate|Severe,0.031426702865837375,0.29268983840176194,0.03031654853939052,0.4033575767689783,7.293278708418572,False,3.600727237804105,0.9575744419497796,False,True,
three_merged,typical_jitter,M6.N[3.55],M6,0.11043877016200251,Mild+Moderate|Severe,0.02938903511897941,0.2830040449444634,0.028432143211566674,0.4064001191522073,7.5464996831000875,False,3.725359686484804,0.9574417142844294,False,True,
three_merged,typical_jitter,M6.A[3.60],M6,0.00045985139997403707,Normal|Mild+Moderate,0.00023941728427952872,0.03160545884649725,0.007286200879910118,0.45869061006940537,161.4434335305764,False,54.50676225767838,-35.198157546582294,False,True,
three_merged,typical_jitter,M6.N[3.60],M6,0.003808042558950962,Normal|Mild+Moderate,0.001932810611567462,0.08859986264081117,0.011848262226345028,0.4472950803195974,1524.2458199603277,False,515.4488324760721,-336.68213082645696,False,True,
three_merged,typical_jitter,M6.A[3.65],M6,0.5525447578839854,Normal|Mild+Moderate,0.2043431225810328,0.8053104578433826,0.13816039477644573,0.2995672377644222,3.3732284456466672,False,1.6956546340141594,0.90675893950649,False,True,
three_merged,typical_jitter,M6.N[3.65],M6,0.5600142646577899,Normal|Mild+Moderate,0.20630917250415318,0.808263849673654,0.14002969582270006,0.2983373226109246,3.351238998921669,False,1.6845427857091064,0.9078182598747095,False,True,
three_merged,typical_jitter,M6.A[3.70],M6,0.2579862266667311,Normal|Mild+Moderate,0.023672422379562564,0.22831564456206024,0.11040887646339562,0.3337505777041532,4.694539373581968,False,2.060655895620477,0.57017517163267,False,True,
three_merged,typical_jitter,M6.N[3.70],M6,0.2522518300149013,Normal|Mild+Moderate,0.023299924002385435,0.22658819570619138,0.10875091401885102,0.33507785237022936,4.750179884351081,False,2.086134788838411,0.5670381618964031,False,True,
three_merged,typical_jitter,M6.A[3.75],M6,0.10906438797575285,Normal|Mild+Moderate,0.02189487674918758,0.23406982375476645,0.05585436314115441,0.3827019141337318,14.304807415570437,False,5.766226028373121,-0.40888117329483475,False,True,
three_merged,typical_jitter,M6.N[3.75],M6,0.11397173863400901,Normal|Mild+Moderate,0.022711240489290845,0.23817303732215844,0.057155095089726035,0.38119623247884693,13.975789430989376,False,5.629735615713237,-0.37982951829540723,False,True,
three_merged,typical_jitter,M6.A[3.80],M6,0.02252812276637253,Mild+Moderate|Severe,0.008890090247362445,0.1713778633348204,0.0056321080775025975,0.45773855308009515,16.988092716853835,False,8.396672384106854,0.8242139811904161,False,True,
three_merged,typical_jitter,M6.N[3.80],M6,0.022612483761592535,Mild+Moderate|Severe,0.008920068518004112,0.17164580600868504,0.0056531928932757195,0.457659806888733,16.950596864443977,False,8.37852406609985,0.8246577789303361,False,True,
three_merged,typical_jitter,M6.A[3.85],M6,0.2379277437320531,Mild+Moderate|Severe,0.12398914592846047,0.7196046150287325,0.059694383261254466,0.3649511320913382,4.610990856699519,False,2.211322178818446,0.9767793134181431,False,True,
three_merged,typical_jitter,M6.N[3.85],M6,0.23807310895968067,Mild+Moderate|Severe,0.1240589967620048,0.7197886546420542,0.059730701662404816,0.36491158211823094,4.6093847976478415,False,2.2105687182547853,0.9767553375637557,False,True,
three_merged,typical_jitter,M6.A[3.90],M6,0.48650357798964067,Mild+Moderate|Severe,0.3313101370948074,1.4412479352060634,0.12173279558293543,0.31088606389127893,2.4491779898931534,False,1.186217393257803,0.9779699631869366,False,True,
three_merged,typical_jitter,M6.N[3.90],M6,0.4866092893590434,Mild+Moderate|Severe,0.3313807869205888,1.441395374744803,0.12175921214768072,0.31086714585112585,2.44882596835508,False,1.1860487556479036,0.977963343092881,False,True,
three_merged,typical_jitter,M6.A[3.95],M6,0.45216509219264256,Mild+Moderate|Severe,0.37058038888443834,2.026750834488426,0.11358989132167453,0.31697037792094274,1.837422724392,False,0.8964548704667629,0.9702878207872615,False,True,
three_merged,typical_jitter,M6.N[3.95],M6,0.45222390065821644,Mild+Moderate|Severe,0.3706291882872323,2.026891750002951,0.1136046407393772,0.316959353367842,1.837245294984,False,0.8963687693139191,0.9702859952188878,False,True,
three_merged,typical_jitter,M6.A[4.00],M6,0.19308305560858444,Mild+Moderate|Severe,0.17470252769773403,1.9158331486124942,0.048272057141317166,0.37800917712581794,1.6080229627079088,False,0.7885443154877075,0.9697467525242777,False,True,
three_merged,typical_jitter,M6.N[4.00],M6,0.19310352141543186,Mild+Moderate|Severe,0.1747213192486018,1.9159504607226314,0.04827717136461078,0.3780029188157911,1.6079038954847307,False,0.7884861125059989,0.9697457028506958,False,True,
three_merged,typical_jitter,M6.A[4.05],M6,0.09976664604074924,Mild+Moderate|Severe,0.09438456801342973,1.8706097143454983,0.025917809511396453,0.41075306351743224,1.581319420183454,False,0.7781772741950546,0.9634487879025027,False,True,
three_merged,typical_jitter,M6.N[4.05],M6,0.09977518138064272,Mild+Moderate|Severe,0.09439274203694661,1.8707079407945613,0.025919932841327726,0.41074939027702995,1.5812168293598894,False,0.7781269009188453,0.9634489109469052,False,True,
three_merged,typical_jitter,M6.A[4.10],M6,0.04045055593457365,Mild+Moderate|Severe,0.039026001709008364,1.48872603072873,0.010125677187439027,0.4434363953279521,1.8217299281047143,False,0.898599042221512,0.9481012396544043,False,True,
three_merged,typical_jitter,M6.N[4.10],M6,0.04045482261305613,Mild+Moderate|Severe,0.03903014376792031,1.4888184296438074,0.010126744651439255,0.4434334330898215,1.8216003563417857,False,0.8985352279788351,0.948103196346259,False,True,
three_merged,typical_jitter,M6.A[4.15],M6,0.02712273744356769,Mild+Moderate|Severe,0.026319401051940156,1.333125507410318,0.007019556171231517,0.45324002628355053,2.86532952289969,False,1.4157236513481057,0.9498099203987218,False,True,
three_merged,typical_jitter,M6.N[4.15],M6,0.027126233936530686,Mild+Moderate|Severe,0.026322806116186984,1.3332218071816067,0.007020420981763841,0.45323709251761946,2.8650024913863628,False,1.4155622030915678,0.949814616132641,False,True,
three_merged,typical_jitter,M7.D,M7,2.353473297122363,Mild+Moderate|Severe,1.0238911722335973,1.9038772781982,0.5909802702878245,0.13843190014086937,3.8709383113890503,False,0.31601586267841186,0.92335806150246,False,True,
three_merged,typical_jitter,M7.D_pow,M7,2.2556434687260225,Mild+Moderate|Severe,1.5641961215330744,3.1945984048926515,0.5763449306724062,0.14133197555418617,3.467697310707812,False,0.27512980404464016,0.7902344457595,False,True,
three_merged,typical_jitter,M7.D0,M7,2.3240260110083706,Mild+Moderate|Severe,1.0152205292122645,1.8987952342303835,0.584625111735722,0.13971776220422347,3.8962163935485687,False,0.31539178466715234,0.9223445905628421,False,True,
three_merged,typical_jitter,M7.D1,M7,0.11547388229491355,Mild+Moderate|Severe,0.06854230563379993,0.5807693169898356,0.055230989504810174,0.38280395616693563,13.542879658711154,False,0.43541455924552486,1.0599719824990568,False,True,
three_merged,typical_jitter,M7.D2,M7,18.530239275826858,Mild+Moderate|Severe,1.9598707697209536,2.093645490132383,4.632900185297465,0.0011655708517599574,1.3648731437269364,False,0.2678914098965336,1.0529634815228666,False,True,
three_merged,typical_jitter,M7.D3,M7,3.7819794639376005,Mild+Moderate|Severe,1.6764880180145592,2.454132841374874,1.116211492996201,0.06147569368409995,2.3645328190478496,False,0.23821972090293306,1.1024599381261841,False,True,
three_merged,typical_jitter,M7.D3[k3],M7,3.1100058267010815,Mild+Moderate|Severe,1.8242867453605816,2.9707705218454117,0.9350590105439068,0.08111976100519663,2.32917278098552,False,0.20815508732664148,0.882450105853005,False,True,
three_merged,typical_jitter,M8.s1^2,M8,0.3528460850502807,Mild+Moderate|Severe,,,0.13350881322622657,0.3154500996940036,1.1645185337796156,False,27.7752532863605,-0.6880861737723809,False,True,matrix-level: no per-antenna port-noise estimate
three_merged,typical_jitter,M8.s2^2,M8,0.148411411378924,Mild+Moderate|Severe,,,0.041109913828119904,0.38972930918815585,10.311526964796991,False,248.22378885838518,-2.3672715440811762,False,True,matrix-level: no per-antenna port-noise estimate
three_merged,typical_jitter,M8.s3^2,M8,0.15242056330533219,Mild+Moderate|Severe,,,0.03855456643401922,0.3909152251109478,4.154502814985231,False,99.59476488480865,0.3478316369738155,False,True,matrix-level: no per-antenna port-noise estimate
three_merged,typical_jitter,M8.s4^2,M8,0.10402602188888907,Mild+Moderate|Severe,,,0.026609872797319606,0.4092620543190276,3.125681635756094,False,76.14907328115868,-0.02920444571134435,False,True,matrix-level: no per-antenna port-noise estimate
three_merged,typical_jitter,M8.s5^2,M8,0.2057706176054048,Mild+Moderate|Severe,,,0.05160558925483009,0.3740911028504055,1.7245743248561662,False,42.31395807065364,0.5517603613633966,False,True,matrix-level: no per-antenna port-noise estimate
three_merged,typical_jitter,M8.s6^2,M8,0.2275783275256085,Mild+Moderate|Severe,,,0.05774788473307277,0.3674074046998098,1.5715741915566739,False,38.472600083358195,0.4696036374486692,False,True,matrix-level: no per-antenna port-noise estimate
three_merged,typical_jitter,M8.lam0^2,M8,0.3059734392650693,Mild+Moderate|Severe,0.07476949900955375,0.444858078515183,0.07668775612802539,0.3477428776119016,2.4477635456110924,False,58.85088462972216,0.43744795528262786,False,True,
three_merged,typical_jitter,M8.lam1^2,M8,0.27519057222355253,Mild+Moderate|Severe,0.06791358342072318,0.42465334681519257,0.06919464083337873,0.3551154778945774,2.558595473094338,False,62.3273060812494,0.37184258460900443,False,True,
three_merged,typical_jitter,M8.lam2^2,M8,0.38204955418882336,Mild+Moderate|Severe,0.09641948153748538,0.5078731779111324,0.09556532433089285,0.331006388282857,2.177875899051696,False,52.93015507764725,0.32841429556430246,False,True,
three_merged,typical_jitter,M8.lam3^2,M8,0.6463708665905286,Mild+Moderate|Severe,0.16263638007892253,0.6592668052297949,0.16160912244225306,0.28484330622272036,1.691976304647003,False,40.09989517423285,0.28337137548436236,False,True,
three_merged,typical_jitter,M8.lam0^2[k3],M8,5.439073481826056,Mild+Moderate|Severe,1.645679810269328,2.1723818907395414,1.361952213478327,0.04931187013486017,1.0645246870539087,False,2.7899992015243864,0.8540233526265847,False,True,
three_merged,typical_jitter,M8.lam1^2[k3],M8,6.4068292603417465,Mild+Moderate|Severe,1.6769837680936606,2.13146166176679,1.6037699902793265,0.03654813824368411,0.9790334764597685,False,2.575812890796188,0.8587265862757384,False,True,
three_merged,typical_jitter,M8.lam2^2[k3],M8,7.653685333021846,Mild+Moderate|Severe,1.5357629991036779,1.9602452928739789,1.9152469653809823,0.025086703941474955,0.8982159344062748,False,2.358579311477291,0.8471382184786924,False,True,
three_merged,typical_jitter,M8.lam3^2[k3],M8,9.806535381572514,Mild+Moderate|Severe,1.6121682462086702,1.964356327456593,2.453515888777682,0.013317026283048239,0.7849276147377311,False,2.058310106298293,0.8518142301137201,False,True,
