scheme,profile,metric,method_id,min_J_meas,weakest_pair,min_J_eff,min_gap_over_port,min_bhatt,max_bayes_err,shift_move_over_min_gap,shift_robust,band_move_over_min_gap,band_gap_retention,freq_robust,any_ad_pair,note
binary,ideal,M0.old_score,M0,131.85024153949297,Normal|AD,22.23667378117694,7.314054941366695,33.38368485255807,3.2266765366496455e-22,0.2146883991701005,True,3.9317758649318697,0.7600868092549571,False,False,baseline only; not a physical quantity
binary,ideal,M1.Sii_dBavg,M1,0.9639431115912683,Normal|AD,0.01824768561951796,0.19287189641928718,0.6472453681802581,0.13212053196853954,3.5319222697974735,False,89.57123090917965,1.5365814635997486,False,False,dB averaging; shown for fragility
binary,ideal,M2.R,M2,59.32838849385607,Normal|AD,5.576386530087502,3.5085315529951093,15.098228169444653,4.2341615805146453e-10,0.4410636999164611,False,10.6708336958886,0.35661931918409057,False,False,
binary,ideal,M2.R[k3],M2,17.604402056289487,Normal|AD,7.5847893609337245,5.162641071826678,6.088346959204463,5.489263760455187e-06,0.46937406879643684,False,1.2320708541234588,0.9057213889957718,False,False,
binary,ideal,M3.A,M3,59.328388493856366,Normal|AD,5.5763865300876185,3.508531552995149,15.09822816944474,4.234161580513524e-10,0.44106369991648475,False,10.67083369588861,0.3566193191841142,False,False,affine copy of M2.R (identical separability)
binary,ideal,M3.ML_of_powavg,M3,59.98254060195277,Normal|AD,5.612565683649561,3.519075448251884,15.257294532094464,3.663558088811496e-10,0.439748158398998,False,10.25412286938564,0.34503684213830804,False,False,
binary,ideal,M3.ML_dBavg,M3,46.88418533926885,Normal|AD,13.595653268276536,6.188435983919294,11.986022001175337,2.4167051142449518e-08,0.41619098405739297,False,5.753151107312479,0.7646540089752496,False,False,dB averaging; comparison only
binary,ideal,M4.N,M4,58.65134841270189,Normal|AD,5.6109972934662,3.522660850371952,14.933749125430676,4.915705684785725e-10,0.43882003670271735,False,10.609049424612282,0.36060349045259277,False,False,
binary,ideal,M4.N[k3],M4,17.722218503151865,Normal|AD,7.593579725761114,5.154918201498714,6.114898478808127,5.218361412747725e-06,0.4681188235848122,False,1.22937956651619,0.906138325175102,False,False,
binary,ideal,M5.C,M5,2.554744633047187,Normal|AD,1.2027846236730726,2.1320665499711375,2.593178639644921,0.0041300928603166445,0.01018609916894703,True,1.7883836347134703,1.110625926993955,False,False,
binary,ideal,M5.C1,M5,2.0819620234619,Normal|AD,1.0173693961040944,1.9947983810115928,2.4947213256382343,0.004951892340451169,0.008791999413306488,True,1.858558566997943,1.1108599337730694,False,False,
binary,ideal,M5.C2,M5,3.639439261354598,Normal|AD,2.087140873827754,3.1283873001923146,3.162431574908649,0.0014281754211252565,0.02567234230626578,True,0.5791543167707164,1.0276044433241445,False,False,
binary,ideal,M5.C3,M5,697.0745085416443,Normal|AD,12.96596702549191,5.140371989406437,175.40199389603615,6.808723349393305e-140,0.009009542957432035,True,0.29666409825038836,1.1102318892902114,False,False,
binary,ideal,M5.C[k3],M5,2.848784680466978,Normal|AD,0.6511841661878711,1.299338635874451,2.5598900019394994,0.0043915866670500864,1.0969704524830026,False,2.8364531901436982,0.7199313331179424,False,False,
binary,ideal,M5.C1[k3],M5,2.0059007937338618,Normal|AD,0.49991971956223996,1.1540114023044,2.374614687701654,0.006182049727005576,1.2483973530873782,False,3.23424828389297,0.6842215627358766,False,False,
binary,ideal,M5.C2[k3],M5,2.194080989288648,Normal|AD,1.4070679139269069,2.8009662835232576,2.7588287306404213,0.0030345045377149884,0.06821965309647027,True,0.18458797484110773,0.816198230343164,True,False,
binary,ideal,M5.C3[k3],M5,1127.9077513552993,Normal|AD,17.966596616442846,6.042751290312818,282.9777241989288,1.3653990326674746e-218,0.03373235927586708,True,0.09725708777940013,0.9441804291373029,True,False,
binary,ideal,M5.C3_dBavg[k3],M5,571.4507350595323,Normal|AD,12.161994060579666,4.985270761689004,144.19064138713696,1.1331001821881318e-118,0.05931878941003261,True,0.17400028523024047,0.9118813055002862,True,False,dB averaging; comparison only
binary,ideal,M6.fc_A,M6,5.450993081773401,Normal|AD,0.9270385286589302,1.4946606075822526,2.0059865951655795,0.012702917153824048,3.1447457559214813,False,12.31932826141846,0.8417769961525938,False,False,
binary,ideal,M6.spread_A,M6,76.75164027837529,Normal|AD,33.040783354184505,10.771826210252712,19.409816595784605,3.5837237831236105e-12,0.057901179289980655,True,5.008958697756639,0.6172886062722515,False,False,
binary,ideal,M6.fc_N,M6,5.464833062574952,Normal|AD,0.9289285030481653,1.4961069424712494,2.0091611386242105,0.012633908021653314,3.1396727188204223,False,12.309174972666698,0.8421419624676764,False,False,
binary,ideal,M6.spread_N,M6,77.26771278585444,Normal|AD,33.15022934008148,10.775859721750086,19.53684858777614,3.171951561953942e-12,0.057924769634671774,True,5.014581995471026,0.6168793066182716,False,False,
binary,ideal,M6.A[3.20],M6,48.90204555541913,Normal|AD,23.393111345375907,9.470575003952572,12.67659639568621,1.453845869922915e-09,0.7437388450143012,False,0.3653977125739196,0.9955048305352462,False,False,
binary,ideal,M6.N[3.20],M6,48.89198500777952,Normal|AD,23.38750535312395,9.46929287527231,12.674021218182626,1.4601489124447562e-09,0.7437326352087658,False,0.3653968085261341,0.9955109906942364,False,False,
binary,ideal,M6.A[3.25],M6,270.475174675683,Normal|AD,19.272502706745595,6.442221207799072,67.7584673850173,1.0754702968698526e-35,1.053222359116641,False,0.5188379442851067,0.9748010566576728,False,False,
binary,ideal,M6.N[3.25],M6,270.2638335658758,Normal|AD,19.262119788538325,6.440545615682995,67.70563501796812,1.142369799663013e-35,1.0532684470133653,False,0.5188656391477028,0.974778563494153,False,False,
binary,ideal,M6.A[3.30],M6,13.352216815060142,Normal|AD,2.5273383892549726,2.496961632086604,4.012679327789075,0.000395188967189111,2.5851843603237197,False,1.2939776114170818,0.8207012833672401,False,False,
binary,ideal,M6.N[3.30],M6,13.359595341209248,Normal|AD,2.5250614720454507,2.495413450197762,4.014003255663381,0.0003945398100425239,2.585637838291302,False,1.2942286292478582,0.8206199830647369,False,False,
binary,ideal,M6.A[3.35],M6,3.2048740966666562,Normal|AD,1.8528862595900308,2.9638653695840524,2.1956092428721874,0.008603976569148852,1.9373960791493277,False,0.9402825603209652,0.8044468761105208,False,False,
binary,ideal,M6.N[3.35],M6,3.210267230143902,Normal|AD,1.8540828775953004,2.9627212852214373,2.1963151284018156,0.008592992920106433,1.9362557148698167,False,0.9396969573158923,0.804516783893286,False,False,
binary,ideal,M6.A[3.40],M6,16.39684396943111,Normal|AD,9.33021049397198,6.5801314195930445,5.78200583501691,9.88508821437641e-06,0.1872082024212093,True,0.07558930632722714,0.9849319955717079,True,False,
binary,ideal,M6.N[3.40],M6,16.441788253343542,Normal|AD,9.333029456237453,6.570583702718652,5.792277019380888,9.694113620172863e-06,0.1866353212463989,True,0.07529606864204999,0.9849446463251504,True,False,
binary,ideal,M6.A[3.45],M6,35.26631495546404,Normal|AD,7.242182821774586,4.2693690231469015,10.07719801820821,3.1192403482717626e-09,0.2951595073240753,False,0.14888580538892604,0.9482385847432226,False,False,
binary,ideal,M6.N[3.45],M6,35.58921567525809,Normal|AD,7.234795185740909,4.261641755593623,10.155189364993852,2.6997234296895852e-09,0.2965356686930279,False,0.1495930593630714,0.9481730296541718,False,False,
binary,ideal,M6.A[3.50],M6,61.920063590008276,Normal|AD,3.6479300166402484,2.7843478046805643,16.259016843235642,2.924547597191251e-13,0.42569494916153555,False,0.18755399251120095,0.9651803076861392,False,False,
binary,ideal,M6.N[3.50],M6,63.59314777875661,Normal|AD,3.6333634184367085,2.776160352617135,16.668783835501337,1.571920546596388e-13,0.4242315641953985,False,0.18676317339412893,0.9645364246425966,False,False,
binary,ideal,M6.A[3.55],M6,73.32807964745224,Normal|AD,1.3355543879293525,1.6494427228119615,19.181253870889535,1.1509558712408183e-15,1.6686723979628668,False,0.8238316941571558,0.9600068144143564,False,False,
binary,ideal,M6.N[3.55],M6,76.60327939517619,Normal|AD,1.3210777121459896,1.6396709631665418,19.984168948647888,3.3435019163422433e-16,1.6771808025165775,False,0.8279469967558233,0.9596535614229507,False,False,
binary,ideal,M6.A[3.60],M6,0.08158688422642345,Normal|AD,0.010808089508343775,0.15785126139690292,1.2291280451171656,0.04888168828875271,49.09643054888436,False,16.57600689669316,-11.657980461185488,False,False,
binary,ideal,M6.N[3.60],M6,0.20859993147853922,Normal|AD,0.02832214474970477,0.2560141907829071,1.2649140113438802,0.045903861516747024,30.27611975618929,False,10.238368625238998,-6.803420636980911,False,False,
binary,ideal,M6.A[3.65],M6,5.2388954389880125,Normal|AD,0.7333683513736082,1.3059397546369758,2.691176280933929,0.0034555722193718723,2.3386488219931154,False,1.1755921000435428,0.9839160414680547,False,False,
binary,ideal,M6.N[3.65],M6,5.219559306739488,Normal|AD,0.739652797388603,1.3128387675162136,2.68904740572523,0.0034688694207002406,2.320805393988772,False,1.166582265465557,0.9837282854444515,False,False,
binary,ideal,M6.A[3.70],M6,0.04508995623792349,Normal|AD,0.005648089794091724,0.11363888710982502,1.362796148920481,0.03862647884989368,9.092356541946964,False,3.9910663479962576,0.12036328732316129,False,False,
binary,ideal,M6.N[3.70],M6,0.047011065892302834,Normal|AD,0.005919446538682283,0.11638016537601018,1.3642004131887169,0.0385295800652096,8.911381024117581,False,3.9136079945624553,0.14101132605028607,False,False,
binary,ideal,M6.A[3.75],M6,2.4320160254682315,Normal|AD,0.07650878915344654,0.397476683082811,1.484940658116055,0.031169468686080015,8.17269012655187,False,3.2943874853048603,0.3134007657531982,False,False,
binary,ideal,M6.N[3.75],M6,2.4793201166426377,Normal|AD,0.07848141427494827,0.40260875855919487,1.4985108147482467,0.03042914674514049,8.043443018525767,False,3.2400643883448135,0.3227518985176898,False,False,
binary,ideal,M6.A[3.80],M6,21.649317915949865,Normal|AD,0.48870360912407496,0.9999902009541581,6.133797511889984,9.908428572009052e-06,2.9526146015566717,False,1.4593832220614948,0.9733553107522553,False,False,
binary,ideal,M6.N[3.80],M6,21.674502066490927,Normal|AD,0.4895427756268326,1.0008547817752969,6.1401896225927475,9.799185543780742e-06,2.9485022224811703,False,1.4574175191333438,0.9734759420454684,False,False,
binary,ideal,M6.A[3.85],M6,24.472994070471263,Normal|AD,2.3178741345311145,2.2629055218986025,6.54568153531145,1.3627688491846503e-05,1.7084111911321838,False,0.8193136084846557,0.9792718745595772,False,False,
binary,ideal,M6.N[3.85],M6,24.474760518070543,Normal|AD,2.3189582484776348,2.263481492252254,6.54621138245129,1.3611719391398262e-05,1.707807998831401,False,0.8190305441473423,0.9792477805372471,False,False,
binary,ideal,M6.A[3.90],M6,21.18845038196079,Normal|AD,5.974749835573666,4.0795008393778005,5.5794810708774945,0.0001019444013642444,1.0072377548586735,False,0.48783834775986273,0.9785419665300964,False,False,
binary,ideal,M6.N[3.90],M6,21.18823195285896,Normal|AD,5.975584974007884,4.07990618425632,5.5794635744808065,0.00010193024378470833,1.0071092716991235,False,0.4877768832640098,0.9785356523327936,False,False,
binary,ideal,M6.A[3.95],M6,20.097345086366747,Normal|AD,8.708476508464077,5.543896889983451,5.189020250296069,0.00028745708338018104,0.7361472453691876,False,0.35915675512844586,0.9760913262358425,False,False,
binary,ideal,M6.N[3.95],M6,20.09705257774754,Normal|AD,8.709044041272833,5.544246532852116,5.188966224227646,0.0002874515040488815,0.7360946842549793,False,0.35913129728814996,0.9760895360327371,False,False,
binary,ideal,M6.A[4.00],M6,17.15770991526681,Normal|AD,9.06211749118787,6.197766138935947,4.387719232980705,0.0010170536092343862,0.612202618269203,False,0.300212687106111,0.9743312781955995,False,False,
binary,ideal,M6.N[4.00],M6,17.15768817367755,Normal|AD,9.062533237714376,6.198071854218981,4.387723422843305,0.0010170094644436317,0.6121709069507595,False,0.3001972070385221,0.9743304953841254,False,False,
binary,ideal,M6.A[4.05],M6,11.993369085039248,Normal|AD,7.155261705798827,5.956081162356769,3.022274303642889,0.0065182616835981165,0.568446879406791,False,0.27973629963397445,0.9710567272599382,False,False,
binary,ideal,M6.N[4.05],M6,11.993519948063266,Normal|AD,7.155540766089667,5.956313681855547,3.022315449082185,0.006517891567590129,0.5684226899030426,False,0.27972443620225246,0.971056425607684,False,False,
binary,ideal,M6.A[4.10],M6,8.462598041416808,Normal|AD,5.357713128209298,5.404230061492044,2.1215766995252827,0.01948348545060205,0.5829960008878405,False,0.28757261981298043,0.9656443677893822,False,False,
binary,ideal,M6.N[4.10],M6,8.462777571166717,Normal|AD,5.357909910261274,5.404401645424964,2.1216227470973688,0.019482376280262646,0.5829733508743302,False,0.28756147906416385,0.9656444722378816,False,False,
binary,ideal,M6.A[4.15],M6,4.559520394153579,Normal|AD,3.092090768250287,4.383510536619185,1.144408771469755,0.06491181357706148,0.6686774092310359,False,0.3303851846026209,0.9774556457534911,False,False,
binary,ideal,M6.N[4.15],M6,4.559686227877538,Normal|AD,3.0922338569620518,4.383657704658172,1.144450743539451,0.06490826135834825,0.6686504709306522,False,0.33037190598420496,0.9774559630746747,False,False,
binary,ideal,M7.D,M7,18.677549570573305,Normal|AD,7.717761580696563,5.128844702895177,6.606236120903985,2.0024229121429798e-06,1.7863288326639897,False,0.14583240591066474,1.0170346158818262,False,False,
binary,ideal,M7.D_pow,M7,9.554669705693216,Normal|AD,6.075086040381511,5.776109423625248,3.9534362969595365,0.0003237457441518913,2.350979763193859,False,0.1865285645212251,0.8252459699327711,False,False,
binary,ideal,M7.D0,M7,18.664531947850406,Normal|AD,7.670926541526481,5.103608935796721,6.5992646192580064,2.030292069613253e-06,1.799980960762199,False,0.14570525613559168,1.0164528260806667,False,False,
binary,ideal,M7.D1,M7,19.197373475130544,Normal|AD,1.8795145721677444,2.0413226525405803,6.980579637200915,9.66818272929046e-07,4.947100346973363,False,0.15905328640613386,1.0856753068074134,False,False,
binary,ideal,M7.D2,M7,8.277367296928272,Normal|AD,3.736031103081224,3.6904092141244145,4.537264969650886,0.00010615036660966718,1.0002284941701873,False,0.19632053187761028,1.0826761800591245,False,False,
binary,ideal,M7.D3,M7,9.090349119890638,Normal|AD,5.770504714690159,5.621514232558804,5.182712612448704,3.156628216643552e-05,1.652878260564992,False,0.1665226190757092,1.1080516226296593,False,False,
binary,ideal,M7.D3[k3],M7,8.850915805839934,Normal|AD,6.421049668777096,6.839446282631868,5.153337729936911,3.2066816152403914e-05,1.6498372667093728,False,0.14744377193920677,0.912684902515858,False,False,
binary,ideal,M8.s1^2,M8,1.4316722653071905,Normal|AD,,,1.092437011502372,0.06204482187558233,0.7714450913592763,False,18.399950011511347,-0.19200485728400446,False,False,matrix-level: no per-antenna port-noise estimate
binary,ideal,M8.s2^2,M8,44.737146797839955,Normal|AD,,,11.318225243999791,2.2318359873021214e-07,0.5293190177397517,False,12.742009262713175,0.2084143778739585,False,False,matrix-level: no per-antenna port-noise estimate
binary,ideal,M8.s3^2,M8,86.75707612213205,Normal|AD,,,21.848053446755316,6.364154731342065e-13,0.3910615024900618,False,9.374810929364159,0.4819328361793294,False,False,matrix-level: no per-antenna port-noise estimate
binary,ideal,M8.s4^2,M8,112.15406636434017,Normal|AD,,,28.0537835451586,2.2369867556680425e-14,0.5543950144838915,False,13.506387247411007,0.18844031663096347,False,False,matrix-level: no per-antenna port-noise estimate
binary,ideal,M8.s5^2,M8,75.80263613016349,Normal|AD,,,19.164458961043927,5.6140482305642175e-12,0.31508527846672724,False,7.730896296877948,0.5628907930714828,False,False,matrix-level: no per-antenna port-noise estimate
binary,ideal,M8.s6^2,M8,28.492897855752584,Normal|AD,,,7.50288747419418,4.312875916630199e-06,0.34146890800729324,False,8.35925965776581,0.47880502144819803,False,False,matrix-level: no per-antenna port-noise estimate
binary,ideal,M8.lam0^2,M8,67.75172010628309,Normal|AD,5.571871957035916,3.4845836615063566,17.196383760812765,3.182076167148093e-11,0.42244172698631366,False,10.156646618186924,0.44901960958596193,False,False,
binary,ideal,M8.lam1^2,M8,57.530628893096946,Normal|AD,4.935156772190037,3.285797964564862,14.641582778264222,8.391079716884047e-10,0.452392726039869,False,11.020272724362039,0.37204849712724225,False,False,
binary,ideal,M8.lam2^2,M8,62.27540622247668,Normal|AD,6.0350475885512935,3.655860294407669,15.831684883965293,1.7205975797256826e-10,0.43098680733829403,False,10.474517192999384,0.33852464155465145,False,False,
binary,ideal,M8.lam3^2,M8,44.30307073529313,Normal|AD,5.53989744000423,3.558550336115124,11.411138628989635,2.5803817964127575e-08,0.44564410982984765,False,10.56178035124403,0.2907851096280924,False,False,
binary,ideal,M8.lam0^2[k3],M8,15.010193143767665,Normal|AD,6.718532002351792,4.932016950860855,5.44419808742978,1.887689478184883e-05,0.5803028302710425,False,1.5209083009425404,0.913316215249344,False,False,
binary,ideal,M8.lam1^2[k3],M8,16.604063770900247,Normal|AD,7.359602437086596,5.141721699013992,5.847000190961,8.720508627265107e-06,0.5069269917543995,False,1.333712392323055,0.9113055307455726,False,False,
binary,ideal,M8.lam2^2[k3],M8,18.87748479376113,Normal|AD,7.729486520832046,5.116393494864333,6.386371349961621,3.1002158833683667e-06,0.43538913569861626,False,1.1432660773041405,0.8971463315580015,False,False,
binary,ideal,M8.lam3^2[k3],M8,20.731870804466165,Normal|AD,8.48625770216333,5.360460321797118,6.857612211950528,1.2511100303326865e-06,0.3634228244102203,False,0.9530010899068303,0.9074151333353014,False,False,
binary,good,M0.old_score,M0,103.10535134106999,Normal|AD,21.18213215006235,7.301917685209047,25.960189579361025,2.6948031084828893e-15,0.2146883991701005,True,3.9317758649318697,0.7600868092549571,False,False,baseline only; not a physical quantity
binary,good,M1.Sii_dBavg,M1,0.767645187489724,Normal|AD,0.019246241035740273,0.19870172626271818,0.36134967398503637,0.21078204688031288,3.5319222697974735,False,89.57123090917965,1.5365814635997486,False,False,dB averaging; shown for fragility
binary,good,M2.R,M2,38.110905900194126,Normal|AD,5.2639355599437625,3.4950006171549504,9.617020981099646,2.4929157354120518e-06,0.4410636999164611,False,10.6708336958886,0.35661931918409057,False,False,
binary,good,M2.R[k3],M2,17.55380064978337,Normal|AD,7.574698583066738,5.162232068767226,5.693407296724381,1.2323367529884812e-05,0.46937406879643684,False,1.2320708541234588,0.9057213889957718,False,False,
binary,good,M3.A,M3,38.11090590019643,Normal|AD,5.263935559944018,3.4950006171550307,9.61702098110023,2.4929157354101934e-06,0.44106369991648475,False,10.67083369588861,0.3566193191841142,False,False,affine copy of M2.R (identical separability)
binary,good,M3.ML_of_powavg,M3,38.3796981897256,Normal|AD,5.297929579401927,3.5061016752032117,9.681345411072037,2.3800823782241856e-06,0.439748158398998,False,10.25412286938564,0.34503684213830804,False,False,
binary,good,M3.ML_dBavg,M3,30.702133186191478,Normal|AD,11.985540047800901,6.270680556100093,7.752738606360995,2.2932558274937306e-05,0.41619098405739297,False,5.753151107312479,0.7646540089752496,False,False,dB averaging; comparison only
binary,good,M4.N,M4,37.9473591916162,Normal|AD,5.297533306796099,3.5091520793832687,9.578644052602247,2.544562514044027e-06,0.43882003670271735,False,10.609049424612282,0.36060349045259277,False,False,
binary,good,M4.N[k3],M4,17.670935639321403,Normal|AD,7.583430033730089,5.154490196568428,5.719996517892071,1.1725834302514641e-05,0.4681188235848122,False,1.22937956651619,0.906138325175102,False,False,
binary,good,M5.C,M5,2.5506345726997703,Normal|AD,1.2025314246434766,2.1331715090067753,2.2576666333364375,0.007670412932678105,0.01018609916894703,True,1.7883836347134703,1.110625926993955,False,False,
binary,good,M5.C1,M5,2.0791934647603028,Normal|AD,1.0172888123263328,1.9959139838898843,2.159356727792016,0.009185332532627955,0.008791999413306488,True,1.858558566997943,1.1108599337730694,False,False,
binary,good,M5.C2,M5,3.6433678810432246,Normal|AD,2.0893312412809637,3.129965370689136,2.617283515666765,0.003950065933354879,0.02567234230626578,True,0.5791543167707164,1.0276044433241445,False,False,
binary,good,M5.C3,M5,688.0180038023695,Normal|AD,12.966250580285406,5.14107062102797,172.6725227240997,6.116731499082457e-121,0.009009542957432035,True,0.29666409825038836,1.1102318892902114,False,False,
binary,good,M5.C[k3],M5,2.847130849259891,Normal|AD,0.652720840886858,1.3014382402229985,2.2123227274417183,0.00833891573780788,1.0969704524830026,False,2.8364531901436982,0.7199313331179424,False,False,
binary,good,M5.C1[k3],M5,2.0059417771571555,Normal|AD,0.5012781616950579,1.1560958502023642,2.027647142212837,0.011685146248278764,1.2483973530873782,False,3.23424828389297,0.6842215627358766,False,False,
binary,good,M5.C2[k3],M5,2.1890272645086863,Normal|AD,1.4046721231530535,2.8000880696726087,2.2138340452790373,0.008312075445355591,0.06821965309647027,True,0.18458797484110773,0.816198230343164,True,False,
binary,good,M5.C3[k3],M5,1096.5644349713561,Normal|AD,17.96009534645891,6.0430378340040125,274.67352985380353,9.150904177502298e-180,0.03373235927586708,True,0.09725708777940013,0.9441804291373029,True,False,
binary,good,M5.C3_dBavg[k3],M5,566.0336318420744,Normal|AD,12.155069435345647,4.9843388567335385,142.35644290942523,1.6629915981744859e-106,0.05931878941003261,True,0.17400028523024047,0.9118813055002862,True,False,dB averaging; comparison only
binary,good,M6.fc_A,M6,4.888041804656595,Normal|AD,0.9126719112417048,1.4981352534831798,1.539535436452133,0.030441012614123,3.1447457559214813,False,12.31932826141846,0.8417769961525938,False,False,
binary,good,M6.spread_A,M6,47.40151586322176,Normal|AD,26.09488744968367,10.775351871802812,11.911828426708492,2.5610847655274375e-07,0.057901179289980655,True,5.008958697756639,0.6172886062722515,False,False,
binary,good,M6.fc_N,M6,4.8998508098370195,Normal|AD,0.9145174007933653,1.4995815310827265,1.5422424016827128,0.03031495523130856,3.1396727188204223,False,12.309174972666698,0.8421419624676764,False,False,
binary,good,M6.spread_N,M6,47.551877188428385,Normal|AD,26.149223567720266,10.779395794105985,11.948525447662327,2.4855652185866374e-07,0.057924769634671774,True,5.014581995471026,0.6168793066182716,False,False,
binary,good,M6.A[3.20],M6,39.07771841339366,Normal|AD,20.869551725585737,9.464617068930435,9.943639090397006,7.74651904205031e-07,0.7437388450143012,False,0.3653977125739196,0.9955048305352462,False,False,
binary,good,M6.N[3.20],M6,39.06760557333614,Normal|AD,20.86403519201491,9.463335989669526,9.941068607503874,7.773879308000577e-07,0.7437326352087658,False,0.3653968085261341,0.9955109906942364,False,False,
binary,good,M6.A[3.25],M6,127.22520636024727,Normal|AD,17.658114962327495,6.403739891676034,31.829002960304738,3.597294675477101e-16,1.053222359116641,False,0.5188379442851067,0.9748010566576728,False,False,
binary,good,M6.N[3.25],M6,127.12417536511272,Normal|AD,17.648197075821177,6.402061285536251,31.8037481026236,3.692496787120452e-16,1.0532684470133653,False,0.5188656391477028,0.974778563494153,False,False,
binary,good,M6.A[3.30],M6,12.33050790606403,Normal|AD,2.4859816549034486,2.495496872216271,3.443105735197857,0.0016287916166592231,2.5851843603237197,False,1.2939776114170818,0.8207012833672401,False,False,
binary,good,M6.N[3.30],M6,12.335177648707836,Normal|AD,2.48370708977236,2.493947797270686,3.4438188278093245,0.0016285802109712716,2.585637838291302,False,1.2942286292478582,0.8206199830647369,False,False,
binary,good,M6.A[3.35],M6,3.179284560251597,Normal|AD,1.8404484134816859,2.956499488478737,1.8382076403510053,0.01654208171033865,1.9373960791493277,False,0.9402825603209652,0.8044468761105208,False,False,
binary,good,M6.N[3.35],M6,3.184606414645305,Normal|AD,1.841630132631417,2.955356763425365,1.8389076028668825,0.016521622479071386,1.9362557148698167,False,0.9396969573158923,0.804516783893286,False,False,
binary,good,M6.A[3.40],M6,16.40219698672247,Normal|AD,9.338800605263433,6.585742889449733,5.421135713828062,2.056368594841115e-05,0.1872082024212093,True,0.07558930632722714,0.9849319955717079,True,False,
binary,good,M6.N[3.40],M6,16.44711476470536,Normal|AD,9.34160969106668,6.576173173784714,5.431203945851772,2.0180070917568963e-05,0.1866353212463989,True,0.07529606864204999,0.9849446463251504,True,False,
binary,good,M6.A[3.45],M6,34.84075765391087,Normal|AD,7.223617408371317,4.269203024786202,9.603358722643957,1.5297790503586172e-08,0.2951595073240753,False,0.14888580538892604,0.9482385847432226,False,False,
binary,good,M6.N[3.45],M6,35.154258538952426,Normal|AD,7.2161969664567,4.261475768781087,9.679043224742447,1.3496277221583145e-08,0.2965356686930279,False,0.1495930593630714,0.9481730296541718,False,False,
binary,good,M6.A[3.50],M6,56.637291187488316,Normal|AD,3.627970755158481,2.7843383250278677,14.618377880884712,7.84717346805684e-11,0.42569494916153555,False,0.18755399251120095,0.9651803076861392,False,False,
binary,good,M6.N[3.50],M6,58.01310103258781,Normal|AD,3.6134571024880744,2.77614062455858,14.954876352293452,5.213825242176751e-11,0.4242315641953985,False,0.18676317339412893,0.9645364246425966,False,False,
binary,good,M6.A[3.55],M6,68.99899103754898,Normal|AD,1.3346109650663616,1.6498089627235715,17.807127481709554,2.1349212978471276e-13,1.6686723979628668,False,0.8238316941571558,0.9600068144143564,False,False,
binary,good,M6.N[3.55],M6,71.84537959787231,Normal|AD,1.3201020590575527,1.6400072652108877,18.50432771480475,8.793137711613232e-14,1.6771808025165775,False,0.8279469967558233,0.9596535614229507,False,False,
binary,good,M6.A[3.60],M6,0.08382890078334579,Normal|AD,0.011289303954221312,0.16153174991302038,0.9241993096697331,0.08297272021033116,49.09643054888436,False,16.57600689669316,-11.657980461185488,False,False,
binary,good,M6.N[3.60],M6,0.21074579700175095,Normal|AD,0.02907807644929609,0.25973974652526305,0.9585521738467114,0.0782179071011039,30.27611975618929,False,10.238368625238998,-6.803420636980911,False,False,
binary,good,M6.A[3.65],M6,5.21799397832706,Normal|AD,0.7321188521070351,1.3050705504621098,2.3357810509261485,0.006723871725911058,2.3386488219931154,False,1.1755921000435428,0.9839160414680547,False,False,
binary,good,M6.N[3.65],M6,5.198997324697307,Normal|AD,0.7383884185015842,1.311958686471546,2.33358698956516,0.006749707928009177,2.320805393988772,False,1.166582265465557,0.9837282854444515,False,False,
binary,good,M6.A[3.70],M6,0.04339746072499149,Normal|AD,0.005463689805619232,0.1118091037038438,1.0449955013695058,0.06737927294228992,9.092356541946964,False,3.9910663479962576,0.12036328732316129,False,False,
binary,good,M6.N[3.70],M6,0.04528180462645022,Normal|AD,0.0057304877064817145,0.11454923137698154,1.0464142594483996,0.06721416078122043,8.911381024117581,False,3.9136079945624553,0.14101132605028607,False,False,
binary,good,M6.A[3.75],M6,2.2993393299399147,Normal|AD,0.0760134417604699,0.3965154991944286,1.130425995177107,0.058113912296378,8.17269012655187,False,3.2943874853048603,0.3134007657531982,False,False,
binary,good,M6.N[3.75],M6,2.3447446163004764,Normal|AD,0.07797365508684573,0.4016362445717881,1.1432096980086137,0.05685061711630803,8.043443018525767,False,3.2400643883448135,0.3227518985176898,False,False,
binary,good,M6.A[3.80],M6,19.981108600414444,Normal|AD,0.4832032276111516,0.9951664404294477,5.404407338064842,7.894602813576489e-05,2.9526146015566717,False,1.4593832220614948,0.9733553107522553,False,False,
binary,good,M6.N[3.80],M6,20.005057369168064,Normal|AD,0.4840362526868254,0.9960303633558002,5.410493032383009,7.821299838161102e-05,2.9485022224811703,False,1.4574175191333438,0.9734759420454684,False,False,
binary,good,M6.A[3.85],M6,18.399275548795767,Normal|AD,2.2157580331557556,2.244605716969017,4.762175450040484,0.0004954305231251241,1.7084111911321838,False,0.8193136084846557,0.9792718745595772,False,False,
binary,good,M6.N[3.85],M6,18.4022093342536,Normal|AD,2.216799479443345,2.2451808842996055,4.762967020687188,0.0004948203041510372,1.707807998831401,False,0.8190305441473423,0.9792477805372471,False,False,
binary,good,M6.A[3.90],M6,13.685282147390403,Normal|AD,5.175208758320293,4.079802685732216,3.502588817850329,0.0031206502290554838,1.0072377548586735,False,0.48783834775986273,0.9785419665300964,False,False,
binary,good,M6.N[3.90],M6,13.685929419653696,Normal|AD,5.175942178139587,4.080208904945677,3.50276896348652,0.0031197967080416845,1.0071092716991235,False,0.4877768832640098,0.9785356523327936,False,False,
binary,good,M6.A[3.95],M6,10.355822209345252,Normal|AD,6.211393981924048,5.571466424979575,2.6244131720794655,0.010085878809086556,0.7361472453691876,False,0.35915675512844586,0.9760913262358425,False,False,
binary,good,M6.N[3.95],M6,10.356105489912622,Normal|AD,6.211808133319934,5.571816341417299,2.6244905094643984,0.010084801765381138,0.7360946842549793,False,0.35913129728814996,0.9760895360327371,False,False,
binary,good,M6.A[4.00],M6,7.172595001693987,Normal|AD,5.213234843889782,6.178024990708088,1.8080556572041193,0.02795617797660308,0.612202618269203,False,0.300212687106111,0.9743312781955995,False,False,
binary,good,M6.N[4.00],M6,7.172811320669542,Normal|AD,5.213489536700126,6.178329567316889,1.808112010481044,0.02795416799250037,0.6121709069507595,False,0.3001972070385221,0.9743304953841254,False,False,
binary,good,M6.A[4.05],M6,4.713098853879149,Normal|AD,3.7812475900859184,6.184613022899236,1.1809701979728726,0.062018262245112685,0.568446879406791,False,0.27973629963397445,0.9710567272599382,False,False,
binary,good,M6.N[4.05],M6,4.713239658528073,Normal|AD,3.781395429380832,6.184849654185202,1.181005899333886,0.062015386938373725,0.5684226899030426,False,0.27972443620225246,0.971056425607684,False,False,
binary,good,M6.A[4.10],M6,2.5947709708507465,Normal|AD,2.197300878360961,5.356203264507757,0.6491372322945461,0.12725223897318458,0.5829960008878405,False,0.28757261981298043,0.9656443677893822,False,False,
binary,good,M6.N[4.10],M6,2.5948591558490843,Normal|AD,2.1973854856721324,5.35637329543627,0.6491593828129764,0.12724818088977385,0.5829733508743302,False,0.28756147906416385,0.9656444722378816,False,False,
binary,good,M6.A[4.15],M6,1.112661594279129,Normal|AD,0.9911046596222399,4.2595766316458015,0.27838696041895167,0.22780139971266497,0.6686774092310359,False,0.3303851846026209,0.9774556457534911,False,False,
binary,good,M6.N[4.15],M6,1.1127096399000214,Normal|AD,0.9911501015102672,4.259720626774093,0.27839900588722655,0.22779652535300915,0.6686504709306522,False,0.33037190598420496,0.9774559630746747,False,False,
binary,good,M7.D,M7,18.573664573695368,Normal|AD,7.689049554265199,5.122637098777181,6.055746382073161,6.038914785473309e-06,1.7863288326639897,False,0.14583240591066474,1.0170346158818262,False,False,
binary,good,M7.D_pow,M7,9.07908048267521,Normal|AD,5.808339306130478,5.678568001840728,3.1989618089886758,0.0014173601611081957,2.350979763193859,False,0.1865285645212251,0.8252459699327711,False,False,
binary,good,M7.D0,M7,18.558734075372005,Normal|AD,7.64207277356476,5.0974131937793725,6.048044614449381,6.1325160925757805e-06,1.799980960762199,False,0.14570525613559168,1.0164528260806667,False,False,
binary,good,M7.D1,M7,19.241485453414825,Normal|AD,1.8772535144533835,2.039707863276862,6.644626485766645,1.8670864380181286e-06,4.947100346973363,False,0.15905328640613386,1.0856753068074134,False,False,
binary,good,M7.D2,M7,8.256630183576195,Normal|AD,3.7338132981616434,3.6922254448086353,3.9733192209339023,0.00030994822265621556,1.0002284941701873,False,0.19632053187761028,1.0826761800591245,False,False,
binary,good,M7.D3,M7,9.05085260949464,Normal|AD,5.748658897790695,5.6136035888206335,4.629750833261742,8.900615172434589e-05,1.652878260564992,False,0.1665226190757092,1.1080516226296593,False,False,
binary,good,M7.D3[k3],M7,8.810339645954372,Normal|AD,6.394912156493645,6.830171564479268,4.641718532914228,8.670374348102952e-05,1.6498372667093728,False,0.14744377193920677,0.912684902515858,False,False,
binary,good,M8.s1^2,M8,1.7323969875349732,Normal|AD,,,0.7904665648922272,0.10320489564437449,0.7714450913592763,False,18.399950011511347,-0.19200485728400446,False,False,matrix-level: no per-antenna port-noise estimate
binary,good,M8.s2^2,M8,19.36206671973383,Normal|AD,,,4.887717793223254,0.000707907503593951,0.5293190177397517,False,12.742009262713175,0.2084143778739585,False,False,matrix-level: no per-antenna port-noise estimate
binary,good,M8.s3^2,M8,42.17734875485689,Normal|AD,,,10.590591035605854,1.2873614811667362e-06,0.3910615024900618,False,9.374810929364159,0.4819328361793294,False,False,matrix-level: no per-antenna port-noise estimate
binary,good,M8.s4^2,M8,40.03771354084753,Normal|AD,,,10.012560107544685,3.7043950899226585e-06,0.5543950144838915,False,13.506387247411007,0.18844031663096347,False,False,matrix-level: no per-antenna port-noise estimate
binary,good,M8.s5^2,M8,46.12396952600581,Normal|AD,,,11.571347666876346,4.7355933273797547e-07,0.31508527846672724,False,7.730896296877948,0.5628907930714828,False,False,matrix-level: no per-antenna port-noise estimate
binary,good,M8.s6^2,M8,22.494182688815837,Normal|AD,,,5.7587955214089455,0.00016464869190021305,0.34146890800729324,False,8.35925965776581,0.47880502144819803,False,False,matrix-level: no per-antenna port-noise estimate
binary,good,M8.lam0^2,M8,43.058771172226486,Normal|AD,5.286091031640918,3.4715564534497805,10.850206419699886,6.402235249117533e-07,0.42244172698631366,False,10.156646618186924,0.44901960958596193,False,False,
binary,good,M8.lam1^2,M8,36.5683043592897,Normal|AD,4.671320425685658,3.272746964253043,9.227905677472517,4.003219000932045e-06,0.452392726039869,False,11.020272724362039,0.37204849712724225,False,False,
binary,good,M8.lam2^2,M8,39.79340026659427,Normal|AD,5.685067433718859,3.642152172910582,10.035815565723981,1.5766665329534703e-06,0.43098680733829403,False,10.474517192999384,0.33852464155465145,False,False,
binary,good,M8.lam3^2,M8,31.236313451487916,Normal|AD,5.2308878087743915,3.5448723703335565,7.93653647096599,1.2747559677252814e-05,0.44564410982984765,False,10.56178035124403,0.2907851096280924,False,False,
binary,good,M8.lam0^2[k3],M8,14.970826020021896,Normal|AD,6.709578653289176,4.931314379652975,5.047433580915364,4.1839734518442174e-05,0.5803028302710425,False,1.5209083009425404,0.913316215249344,False,False,
binary,good,M8.lam1^2[k3],M8,16.55884495680574,Normal|AD,7.349857148059609,5.141188386279435,5.449603182813397,1.9529904676171784e-05,0.5069269917543995,False,1.333712392323055,0.9113055307455726,False,False,
binary,good,M8.lam2^2[k3],M8,18.817940838855602,Normal|AD,7.719069972702114,5.116160223850163,5.993620444006613,7.010172468871469e-06,0.43538913569861626,False,1.1432660773041405,0.8971463315580015,False,False,
binary,good,M8.lam3^2[k3],M8,20.666782854986803,Normal|AD,8.474685176145226,5.360113749417201,6.465108792744344,2.859243804268388e-06,0.3634228244102203,False,0.9530010899068303,0.9074151333353014,False,False,
binary,typical,M0.old_score,M0,45.30660026746663,Normal|AD,16.85905035586865,7.328074148411586,11.352063767896777,7.096347811312412e-07,0.2146883991701005,True,3.9317758649318697,0.7600868092549571,False,False,baseline only; not a physical quantity
binary,typical,M1.Sii_dBavg,M1,0.27294346248526125,Normal|AD,0.016641278169805523,0.18826454216818003,0.08396228152328739,0.34747608225938487,3.5319222697974735,False,89.57123090917965,1.5365814635997486,False,False,dB averaging; shown for fragility
binary,typical,M2.R,M2,12.446860075173975,Normal|AD,4.169385616820744,3.541049589755407,3.118218867480406,0.0061385263930239945,0.4410636999164611,False,10.6708336958886,0.35661931918409057,False,False,
binary,typical,M2.R[k3],M2,17.28889866170901,Normal|AD,7.537024274619764,5.169571779949331,5.203193615113948,3.9024797592450735e-05,0.46937406879643684,False,1.2320708541234588,0.9057213889957718,False,False,
binary,typical,M3.A,M3,12.446860075174733,Normal|AD,4.169385616821021,3.5410495897555294,3.118218867480595,0.006138526393022675,0.44106369991648475,False,10.67083369588861,0.3566193191841142,False,False,affine copy of M2.R (identical separability)
binary,typical,M3.ML_of_powavg,M3,12.46693718830705,Normal|AD,4.1955992981414685,3.5563459763715857,3.1225159129241313,0.006121646922303422,0.439748158398998,False,10.25412286938564,0.34503684213830804,False,False,
binary,typical,M3.ML_dBavg,M3,0.7485480460014929,Normal|AD,0.7381262426989851,10.297189977639725,0.18789887151589324,0.2700591960534884,0.41619098405739297,False,5.753151107312479,0.7646540089752496,False,False,dB averaging; comparison only
binary,typical,M4.N,M4,12.519625771633036,Normal|AD,4.199679948749265,3.5551548332163163,3.136685339980061,0.006006227268788522,0.43882003670271735,False,10.609049424612282,0.36060349045259277,False,False,
binary,typical,M4.N[k3],M4,17.401410798183097,Normal|AD,7.545554127445639,5.161852702962964,5.2285603671662875,3.7399395127267194e-05,0.4681188235848122,False,1.22937956651619,0.906138325175102,False,False,
binary,typical,M5.C,M5,2.5334253615925793,Normal|AD,1.1985706777939846,2.132965762084057,1.780442257619928,0.01832711689198314,0.01018609916894703,True,1.7883836347134703,1.110625926993955,False,False,
binary,typical,M5.C1,M5,2.064703506803872,Normal|AD,1.0136439510635613,1.9955972628108372,1.6815868432580863,0.021888314979475684,0.008791999413306488,True,1.858558566997943,1.1108599337730694,False,False,
binary,typical,M5.C2,M5,3.6239280525933797,Normal|AD,2.0895595143914845,3.1417188040589563,2.064137259158926,0.010968551562751973,0.02567234230626578,True,0.5791543167707164,1.0276044433241445,False,False,
binary,typical,M5.C3,M5,548.1583611399031,Normal|AD,12.954113531256619,5.151243659429095,137.25817129223313,9.301429248127497e-75,0.009009542957432035,True,0.29666409825038836,1.1102318892902114,False,False,
binary,typical,M5.C[k3],M5,2.819725419286979,Normal|AD,0.6497723576027985,1.2994927281866802,1.742183392350531,0.019659078134251134,1.0969704524830026,False,2.8364531901436982,0.7199313331179424,False,False,
binary,typical,M5.C1[k3],M5,1.9856447940325004,Normal|AD,0.49867837544818916,1.1540522346501878,1.5607993167432008,0.027185114517911176,1.2483973530873782,False,3.23424828389297,0.6842215627358766,False,False,
binary,typical,M5.C2[k3],M5,2.185387377501806,Normal|AD,1.4075391689139174,2.8123024789394475,1.6965093263090036,0.021311788052787266,0.06821965309647027,True,0.18458797484110773,0.816198230343164,True,False,
binary,typical,M5.C3[k3],M5,774.9000356559404,Normal|AD,17.893513144348166,6.0525144625110805,193.84219013157949,2.033045236652276e-96,0.03373235927586708,True,0.09725708777940013,0.9441804291373029,True,False,
binary,typical,M5.C3_dBavg[k3],M5,472.2340620854288,Normal|AD,12.10012681062164,4.983637916904383,118.41480779433685,2.9195619046169882e-71,0.05931878941003261,True,0.17400028523024047,0.9118813055002862,True,False,dB averaging; comparison only
binary,typical,M6.fc_A,M6,2.9235694600238866,Normal|AD,0.8293755018556885,1.5217343935427394,0.7939922545723858,0.10179967557149801,3.1447457559214813,False,12.31932826141846,0.8417769961525938,False,False,
binary,typical,M6.spread_A,M6,12.839038436469961,Normal|AD,10.548305245810543,10.87390007024266,3.211259163454208,0.005608393881474697,0.057901179289980655,True,5.008958697756639,0.6172886062722515,False,False,
binary,typical,M6.fc_N,M6,2.929365912475138,Normal|AD,0.8309922305457326,1.5232068214519174,0.7953410180456331,0.10160144362839794,3.1396727188204223,False,12.309174972666698,0.8421419624676764,False,False,
binary,typical,M6.spread_N,M6,12.826283910835123,Normal|AD,10.541162714589273,10.87815046143147,3.2080192720389475,0.0056297970682192685,0.057924769634671774,True,5.014581995471026,0.6168793066182716,False,False,
binary,typical,M6.A[3.20],M6,15.491302404644074,Normal|AD,11.530413706129186,9.49697050644718,3.8856488947902266,0.0025300834072194524,0.7437388450143012,False,0.3653977125739196,0.9955048305352462,False,False,
binary,typical,M6.N[3.20],M6,15.485382343209281,Normal|AD,11.526336647238953,9.495686257968677,3.884161244491021,0.0025343743263469957,0.7437326352087658,False,0.3653968085261341,0.9955109906942364,False,False,
binary,typical,M6.A[3.25],M6,31.179310219959003,Normal|AD,12.476879884893316,6.449888746252143,7.794834725548301,3.933944982269335e-05,1.053222359116641,False,0.5188379442851067,0.9748010566576728,False,False,
binary,typical,M6.N[3.25],M6,31.154914628655973,Normal|AD,12.469080503326062,6.448211152307031,7.788735821813968,3.95940664117935e-05,1.0532684470133653,False,0.5188656391477028,0.974778563494153,False,False,
binary,typical,M6.A[3.30],M6,7.150276273192046,Normal|AD,2.1300457936919717,2.463253174713985,1.8568201419221917,0.02426322345348606,2.5851843603237197,False,1.2939776114170818,0.8207012833672401,False,False,
binary,typical,M6.N[3.30],M6,7.147485023157798,Normal|AD,2.1279151905958433,2.461702303341001,1.8559290129743458,0.024297550642120698,2.585637838291302,False,1.2942286292478582,0.8206199830647369,False,False,
binary,typical,M6.A[3.35],M6,3.0597132566549994,Normal|AD,1.806695137959158,2.9704286452088042,1.3573851604231366,0.03927710907935065,1.9373960791493277,False,0.9402825603209652,0.8044468761105208,False,False,
binary,typical,M6.N[3.35],M6,3.0644253191080257,Normal|AD,1.8077550961790463,2.9692629127274643,1.3579508261698314,0.03923985181847186,1.9362557148698167,False,0.9396969573158923,0.804516783893286,False,False,
binary,typical,M6.A[3.40],M6,16.14217982479035,Normal|AD,9.262877207965941,6.593208877275593,4.906924438717972,6.697937384497201e-05,0.1872082024212093,True,0.07558930632722714,0.9849319955717079,True,False,
binary,typical,M6.N[3.40],M6,16.185270965511183,Normal|AD,9.265573223540635,6.583662646633301,4.916648632843009,6.588954642177399e-05,0.1866353212463989,True,0.07529606864204999,0.9849446463251504,True,False,
binary,typical,M6.A[3.45],M6,31.340209174882002,Normal|AD,7.062902552052738,4.2702893034878455,8.32298602764074,7.10704499048244e-07,0.2951595073240753,False,0.14888580538892604,0.9482385847432226,False,False,
binary,typical,M6.N[3.45],M6,31.595376510352153,Normal|AD,7.0560513305279216,4.262617104328922,8.384411056291691,6.562363280111593e-07,0.2965356686930279,False,0.1495930593630714,0.9481730296541718,False,False,
binary,typical,M6.A[3.50],M6,39.26852686749675,Normal|AD,3.542784975575861,2.79073803533296,9.957365550990515,1.0441520212168457e-06,0.42569494916153555,False,0.18755399251120095,0.9651803076861392,False,False,
binary,typical,M6.N[3.50],M6,39.82361580844437,Normal|AD,3.5282630865582685,2.7825329283922544,10.091904622556841,9.267450769562621e-07,0.4242315641953985,False,0.18676317339412893,0.9645364246425966,False,False,
binary,typical,M6.A[3.55],M6,53.85598010061899,Normal|AD,1.3260104558607542,1.6489286508119427,13.654482034079416,6.989436893374781e-09,1.6686723979628668,False,0.8238316941571558,0.9600068144143564,False,False,
binary,typical,M6.N[3.55],M6,55.27816072422052,Normal|AD,1.3115003450745815,1.6391293352168224,14.000508444769556,5.1834179367182786e-09,1.6771808025165775,False,0.8279469967558233,0.9596535614229507,False,False,
binary,typical,M6.A[3.60],M6,0.07490197251232023,Normal|AD,0.01079366470412408,0.15881405326193024,0.48489127176395763,0.17433539768239092,49.09643054888436,False,16.57600689669316,-11.657980461185488,False,False,
binary,typical,M6.N[3.60],M6,0.19013279055228077,Normal|AD,0.028094234565755764,0.2567692005437902,0.5194659755039768,0.16448374706331992,30.27611975618929,False,10.238368625238998,-6.803420636980911,False,False,
binary,typical,M6.A[3.65],M6,5.022793156659226,Normal|AD,0.7305096024359545,1.3075442858542308,1.8589155674395774,0.01651527876520425,2.3386488219931154,False,1.1755921000435428,0.9839160414680547,False,False,
binary,typical,M6.N[3.65],M6,5.006364949230614,Normal|AD,0.7367811479140176,1.3144762143530484,1.8574631456264847,0.016548024709058876,2.320805393988772,False,1.166582265465557,0.9837282854444515,False,False,
binary,typical,M6.A[3.70],M6,0.042215687467614615,Normal|AD,0.005540029347958753,0.11293251648540482,0.5897608000981311,0.14623258856431992,9.092356541946964,False,3.9910663479962576,0.12036328732316129,False,False,
binary,typical,M6.N[3.70],M6,0.044034516964842924,Normal|AD,0.005807585612193991,0.11567105807019938,0.5910812449235144,0.14590880101444503,8.911381024117581,False,3.9136079945624553,0.14101132605028607,False,False,
binary,typical,M6.A[3.75],M6,1.8374690000570586,Normal|AD,0.07704563430751502,0.4010425597825421,0.6326564697518565,0.1315851871426886,8.17269012655187,False,3.2943874853048603,0.3134007657531982,False,False,
binary,typical,M6.N[3.75],M6,1.876491113725674,Normal|AD,0.07902078587594277,0.40618890936089874,0.6435691741187788,0.12924143982897499,8.043443018525767,False,3.2400643883448135,0.3227518985176898,False,False,
binary,typical,M6.A[3.80],M6,12.940100545233292,Normal|AD,0.47439018164552793,0.9924146192313535,3.34586306548451,0.0034556095463931466,2.9526146015566717,False,1.4593832220614948,0.9733553107522553,False,False,
binary,typical,M6.N[3.80],M6,12.957395340340447,Normal|AD,0.47520859447505676,0.9932776377349953,3.350234160077193,0.0034365174578313215,2.9485022224811703,False,1.4574175191333438,0.9734759420454684,False,False,
binary,typical,M6.A[3.85],M6,7.885175886518683,Normal|AD,1.9896166811005578,2.306975033749626,1.9849592966552416,0.022613783647241523,1.7084111911321838,False,0.8193136084846557,0.9792718745595772,False,False,
binary,typical,M6.N[3.85],M6,7.887701734646678,Normal|AD,1.9905240611515687,2.307553863624503,1.9856021068390919,0.02259586243515626,1.707807998831401,False,0.8190305441473423,0.9792477805372471,False,False,
binary,typical,M6.A[3.90],M6,4.317745441982409,Normal|AD,2.872892009380818,4.143728273845882,1.08917773034467,0.06947098983653041,1.0072377548586735,False,0.48783834775986273,0.9785419665300964,False,False,
binary,typical,M6.N[3.90],M6,4.318264944342071,Normal|AD,2.873310946316258,4.144135465143571,1.0893104768367001,0.06945874925643397,1.0071092716991235,False,0.4877768832640098,0.9785356523327936,False,False,
binary,typical,M6.A[3.95],M6,2.67224607331652,Normal|AD,2.297530185379741,5.724437009055173,0.6715940999955812,0.12313211486214357,0.7361472453691876,False,0.35915675512844586,0.9760913262358425,False,False,
binary,typical,M6.N[3.95],M6,2.6724162122679274,Normal|AD,2.297695776251938,5.724790791232403,0.671637212287196,0.12312449919967167,0.7360946842549793,False,0.35913129728814996,0.9760895360327371,False,False,
binary,typical,M6.A[4.00],M6,1.479360460425819,Normal|AD,1.3741309160073343,6.215802568383782,0.371935833885038,0.19429911567796054,0.612202618269203,False,0.300212687106111,0.9743312781955995,False,False,
binary,typical,M6.N[4.00],M6,1.4794279507861805,Normal|AD,1.374198693657738,6.216106134444927,0.37195282972475024,0.19429368478105324,0.6121709069507595,False,0.3001972070385221,0.9743304953841254,False,False,
binary,typical,M6.A[4.05],M6,0.7946536653728019,Normal|AD,0.7613630861367858,6.028915206723414,0.1990782409820508,0.26408625444755407,0.568446879406791,False,0.27973629963397445,0.9710567272599382,False,False,
binary,typical,M6.N[4.05],M6,0.7946869436281814,Normal|AD,0.7613961457730911,6.0291525412528895,0.19908660854470847,0.26408192255118185,0.5684226899030426,False,0.27972443620225246,0.971056425607684,False,False,
binary,typical,M6.A[4.10],M6,0.48072460866327493,Normal|AD,0.4670240187970292,5.724837327296522,0.12043228616461941,0.3118599807391762,0.5829960008878405,False,0.28757261981298043,0.9656443677893822,False,False,
binary,typical,M6.N[4.10],M6,0.48074129209261574,Normal|AD,0.4670405594051024,5.725008205241436,0.12043643023339061,0.31185698456721045,0.5829733508743302,False,0.28756147906416385,0.9656444722378816,False,False,
binary,typical,M6.A[4.15],M6,0.15443476289025962,Normal|AD,0.15148388898789159,3.9819465663046176,0.038681962431198515,0.39049770120929905,0.6686774092310359,False,0.3303851846026209,0.9774556457534911,False,False,
binary,typical,M6.N[4.15],M6,0.1544421918684831,Normal|AD,0.15149124274413323,3.982088237892965,0.038683815263782464,0.390495140331022,0.6686504709306522,False,0.33037190598420496,0.9774559630746747,False,False,
binary,typical,M7.D,M7,17.699743083408634,Normal|AD,7.474500015590083,5.086894520176249,5.142719261906438,5.401521247857104e-05,1.7863288326639897,False,0.14583240591066474,1.0170346158818262,False,False,
binary,typical,M7.D_pow,M7,5.435791973052526,Normal|AD,3.8329850533647765,5.098875059442779,1.5185068095392675,0.03449937044967406,2.350979763193859,False,0.1865285645212251,0.8252459699327711,False,False,
binary,typical,M7.D0,M7,17.673016383863875,Normal|AD,7.426924849711641,5.061692253836188,5.132328607782682,5.532690670634084e-05,1.799980960762199,False,0.14570525613559168,1.0164528260806667,False,False,
binary,typical,M7.D1,M7,19.370350726039945,Normal|AD,1.8666343598191368,2.032582743857879,6.210420166913876,4.542060388933773e-06,4.947100346973363,False,0.15905328640613386,1.0856753068074134,False,False,
binary,typical,M7.D2,M7,8.173552016272357,Normal|AD,3.7326056407289427,3.706710793962859,3.301085135109945,0.0011184271761196197,1.0002284941701873,False,0.19632053187761028,1.0826761800591245,False,False,
binary,typical,M7.D3,M7,8.923758810212115,Normal|AD,5.670200404724759,5.577104863479919,3.818303852278924,0.0004175786828960596,1.652878260564992,False,0.1665226190757092,1.1080516226296593,False,False,
binary,typical,M7.D3[k3],M7,8.694129938532969,Normal|AD,6.310822611128702,6.785487011304198,3.9148450197468296,0.00034694097020697553,1.6498372667093728,False,0.14744377193920677,0.912684902515858,False,False,
binary,typical,M8.s1^2,M8,1.699460079733732,Normal|AD,,,0.4956150353484602,0.16123994324215285,0.7714450913592763,False,18.399950011511347,-0.19200485728400446,False,False,matrix-level: no per-antenna port-noise estimate
binary,typical,M8.s2^2,M8,5.4989099249541225,Normal|AD,,,1.381172231361945,0.047914652113891926,0.5293190177397517,False,12.742009262713175,0.2084143778739585,False,False,matrix-level: no per-antenna port-noise estimate
binary,typical,M8.s3^2,M8,9.411709908176574,Normal|AD,,,2.3536374305464967,0.014994642757790395,0.3910615024900618,False,9.374810929364159,0.4819328361793294,False,False,matrix-level: no per-antenna port-noise estimate
binary,typical,M8.s4^2,M8,8.706428703411119,Normal|AD,,,2.176608706922843,0.01846949792103036,0.5543950144838915,False,13.506387247411007,0.18844031663096347,False,False,matrix-level: no per-antenna port-noise estimate
binary,typical,M8.s5^2,M8,10.868707812961217,Normal|AD,,,2.717811173560949,0.009849161342463759,0.31508527846672724,False,7.730896296877948,0.5628907930714828,False,False,matrix-level: no per-antenna port-noise estimate
binary,typical,M8.s6^2,M8,8.108684200124555,Normal|AD,,,2.030535744798758,0.021808216594986593,0.34146890800729324,False,8.35925965776581,0.47880502144819803,False,False,matrix-level: no per-antenna port-noise estimate
binary,typical,M8.lam0^2,M8,13.809250996949327,Normal|AD,4.268601234249589,3.5152310503682744,3.458221786219681,0.004187829831054006,0.42244172698631366,False,10.156646618186924,0.44901960958596193,False,False,
binary,typical,M8.lam1^2,M8,11.73624218623199,Normal|AD,3.7468205232095015,3.317823684743123,2.940160512278643,0.007527503461251367,0.452392726039869,False,11.020272724362039,0.37204849712724225,False,False,
binary,typical,M8.lam2^2,M8,12.940978082358802,Normal|AD,4.459383312612153,3.6889026239962988,3.2415859996286582,0.005339801407943396,0.43098680733829403,False,10.474517192999384,0.33852464155465145,False,False,
binary,typical,M8.lam3^2,M8,11.778072139113918,Normal|AD,4.166277430947632,3.5907292750430004,2.956295250226676,0.0072749086507570004,0.44564410982984765,False,10.56178035124403,0.2907851096280924,False,False,
binary,typical,M8.lam0^2[k3],M8,14.753348142024427,Normal|AD,6.677963593082621,4.939701552664057,4.573481254212864,0.0001204225694059255,0.5803028302710425,False,1.5209083009425404,0.913316215249344,False,False,
binary,typical,M8.lam1^2[k3],M8,16.31865718285462,Normal|AD,7.314439510672084,5.149021924316846,4.968780229227594,5.896399243443933e-05,0.5069269917543995,False,1.333712392323055,0.9113055307455726,False,False,
binary,typical,M8.lam2^2[k3],M8,18.51278673359223,Normal|AD,7.678903281426763,5.122811974632783,5.490863217417752,2.3831159841198338e-05,0.43538913569861626,False,1.1432660773041405,0.8971463315580015,False,False,
binary,typical,M8.lam3^2[k3],M8,20.333685769437775,Normal|AD,8.430589681926863,5.366882143916261,5.951854382490605,1.0408647317228319e-05,0.3634228244102203,False,0.9530010899068303,0.9074151333353014,False,False,
binary,noisy,M0.old_score,M0,15.112317323043705,Normal|AD,9.424490597631882,7.076789764768556,3.7840499512377392,0.0029067087801758545,0.2146883991701005,True,3.9317758649318697,0.7600868092549571,False,False,baseline only; not a physical quantity
binary,noisy,M1.Sii_dBavg,M1,0.10534707004155223,Normal|AD,0.01854795062575181,0.21218590649455837,0.029905626892216305,0.40620053745039725,3.5319222697974735,False,89.57123090917965,1.5365814635997486,False,False,dB averaging; shown for fragility
binary,noisy,M2.R,M2,3.2210110487732457,Normal|AD,2.0932847642185397,3.457987427174778,0.8073990000072513,0.1018177123631283,0.4410636999164611,False,10.6708336958886,0.35661931918409057,False,False,
binary,noisy,M2.R[k3],M2,16.604663871446036,Normal|AD,7.4724463299112545,5.212827096848799,4.706888007770866,0.00015235074678968588,0.46937406879643684,False,1.2320708541234588,0.9057213889957718,False,False,
binary,noisy,M3.A,M3,3.221011048773152,Normal|AD,2.0932847642184815,3.4579874271747344,0.807399000007228,0.10181771236313159,0.44106369991648475,False,10.67083369588861,0.3566193191841142,False,False,affine copy of M2.R (identical separability)
binary,noisy,M3.ML_of_powavg,M3,3.2214242264552193,Normal|AD,2.1054504747724097,3.486458364715941,0.8071170410753309,0.10187354493344414,0.439748158398998,False,10.25412286938564,0.34503684213830804,False,False,
binary,noisy,M3.ML_dBavg,M3,0.43639887345733513,Normal|AD,0.43573048791241936,23.85350803892784,0.10934860490293438,0.32009165030714215,0.41619098405739297,False,5.753151107312479,0.7646540089752496,False,False,dB averaging; comparison only
binary,noisy,M4.N,M4,3.2498983868282263,Normal|AD,2.111531696187181,3.4722229376100953,0.8146744867837756,0.10080151904516987,0.43882003670271735,False,10.609049424612282,0.36060349045259277,False,False,
binary,noisy,M4.N[k3],M4,16.704528505019425,Normal|AD,7.480347725462284,5.205100258953622,4.729243281338635,0.0001478229303108341,0.4681188235848122,False,1.22937956651619,0.906138325175102,False,False,
binary,noisy,M5.C,M5,2.490185807729151,Normal|AD,1.192340665865429,2.139043491636599,1.388558099010722,0.03700772956318218,0.01018609916894703,True,1.7883836347134703,1.110625926993955,False,False,
binary,noisy,M5.C1,M5,2.035431954301494,Normal|AD,1.00967598311985,2.0017612503958615,1.295795448939766,0.04352866666671272,0.008791999413306488,True,1.858558566997943,1.1108599337730694,False,False,
binary,noisy,M5.C2,M5,3.5580830200616584,Normal|AD,2.087181583661813,3.1776888304022197,1.4371664960049675,0.03433916299046973,0.02567234230626578,True,0.5791543167707164,1.0276044433241445,False,False,
binary,noisy,M5.C3,M5,195.99673556262377,Normal|AD,12.520035670335524,5.171919301674036,49.00510663082214,1.5570619852905773e-23,0.009009542957432035,True,0.29666409825038836,1.1102318892902114,False,False,
binary,noisy,M5.C[k3],M5,2.723469008704609,Normal|AD,0.6479246049124838,1.3039845279519005,1.3269338429308313,0.041323902569409744,1.0969704524830026,False,2.8364531901436982,0.7199313331179424,False,False,
binary,noisy,M5.C1[k3],M5,1.9283222295987326,Normal|AD,0.4978388896176258,1.1585314005625724,1.1544371340821036,0.05572414585794192,1.2483973530873782,False,3.23424828389297,0.6842215627358766,False,False,
binary,noisy,M5.C2[k3],M5,2.1612739106286507,Normal|AD,1.414226889352434,2.860589099148164,1.1037237284952108,0.06084073451681656,0.06821965309647027,True,0.18458797484110773,0.816198230343164,True,False,
binary,noisy,M5.C3[k3],M5,224.31964852856734,Normal|AD,17.081448125141417,6.081015253099543,56.08110303875757,1.539845928719236e-26,0.03373235927586708,True,0.09725708777940013,0.9441804291373029,True,False,
binary,noisy,M5.C3_dBavg[k3],M5,191.86903106348225,Normal|AD,11.650733545180989,4.980748727280344,48.03760898363075,1.907321207283216e-24,0.05931878941003261,True,0.17400028523024047,0.9118813055002862,True,False,dB averaging; comparison only
binary,noisy,M6.fc_A,M6,1.1533709660149998,Normal|AD,0.590385364416317,1.5553160461974997,0.2967754390239238,0.2212225323872277,3.1447457559214813,False,12.31932826141846,0.8417769961525938,False,False,
binary,noisy,M6.spread_A,M6,3.4393640972728297,Normal|AD,3.253803517727635,10.982643249880747,0.8601066169663499,0.09482052318631397,0.057901179289980655,True,5.008958697756639,0.6172886062722515,False,False,
binary,noisy,M6.fc_N,M6,1.1552638054214228,Normal|AD,0.5914519108027003,1.556855065397567,0.2972276252311877,0.2210444506814177,3.1396727188204223,False,12.309174972666698,0.8421419624676764,False,False,
binary,noisy,M6.spread_N,M6,3.4324061322471393,Normal|AD,3.2477268305910907,10.987400803471264,0.8583608146594371,0.09504581865719855,0.057924769634671774,True,5.014581995471026,0.6168793066182716,False,False,
binary,noisy,M6.A[3.20],M6,5.064482137737721,Normal|AD,4.549787360871668,9.462441098519552,1.266573921727639,0.05571427648434791,0.7437388450143012,False,0.3653977125739196,0.9955048305352462,False,False,
binary,noisy,M6.N[3.20],M6,5.062246772797059,Normal|AD,4.547856191116687,9.461140926461866,1.2660145408995327,0.055753836098803175,0.7437326352087658,False,0.3653968085261341,0.9955109906942364,False,False,
binary,noisy,M6.A[3.25],M6,7.343777088571857,Normal|AD,5.331722209724651,6.238620770542949,1.8360804362675742,0.027658160178580825,1.053222359116641,False,0.5188379442851067,0.9748010566576728,False,False,
binary,noisy,M6.N[3.25],M6,7.337843994513032,Normal|AD,5.327794392201052,6.236911416954972,1.8345971804822419,0.027707435315355647,1.0532684470133653,False,0.5188656391477028,0.974778563494153,False,False,
binary,noisy,M6.A[3.30],M6,3.1064922914872444,Normal|AD,1.5368905024151593,2.466475800714405,0.790588928787214,0.10374357314706069,2.5851843603237197,False,1.2939776114170818,0.8207012833672401,False,False,
binary,noisy,M6.N[3.30],M6,3.1032468179343593,Normal|AD,1.535127773407923,2.4649374722052535,0.7897332783968013,0.10386939170962843,2.585637838291302,False,1.2942286292478582,0.8206199830647369,False,False,
binary,noisy,M6.A[3.35],M6,2.737906190548257,Normal|AD,1.7063047426456635,3.0095156573508257,1.0152884366343313,0.07071214842549305,1.9373960791493277,False,0.9402825603209652,0.8044468761105208,False,False,
binary,noisy,M6.N[3.35],M6,2.741521053831668,Normal|AD,1.7072313905027194,3.0084021618075996,1.015720372342691,0.07066187176381548,1.9362557148698167,False,0.9396969573158923,0.804516783893286,False,False,
binary,noisy,M6.A[3.40],M6,15.234798855383314,Normal|AD,9.005501188173843,6.636938020897559,4.346154898640446,0.00028236547666245004,0.1872082024212093,True,0.07558930632722714,0.9849319955717079,True,False,
binary,noisy,M6.N[3.40],M6,15.271817436309451,Normal|AD,9.007710176909297,6.6273204290900205,4.354591792096467,0.0002790341724244742,0.1866353212463989,True,0.07529606864204999,0.9849446463251504,True,False,
binary,noisy,M6.A[3.45],M6,26.037935160306827,Normal|AD,6.8861919816715815,4.327167204545179,6.728254608804219,3.093082899039664e-05,0.2951595073240753,False,0.14888580538892604,0.9482385847432226,False,False,
binary,noisy,M6.N[3.45],M6,26.195750435087835,Normal|AD,6.878962166188977,4.319409912880527,6.766092362184115,2.974424269651353e-05,0.2965356686930279,False,0.1495930593630714,0.9481730296541718,False,False,
binary,noisy,M6.A[3.50],M6,18.053655781659533,Normal|AD,3.221728075611072,2.8005492700456363,4.551241371589596,0.00108132286146588,0.42569494916153555,False,0.18755399251120095,0.9651803076861392,False,False,
binary,noisy,M6.N[3.50],M6,18.105133583644044,Normal|AD,3.2076717023154044,2.792252442974143,4.562764689664678,0.001073574267356293,0.4242315641953985,False,0.18676317339412893,0.9645364246425966,False,False,
binary,noisy,M6.A[3.55],M6,27.4419295112123,Normal|AD,1.301715179072268,1.6532012786892334,6.911029997941718,7.140237538692999e-05,1.6686723979628668,False,0.8238316941571558,0.9600068144143564,False,False,
binary,noisy,M6.N[3.55],M6,27.532786184383895,Normal|AD,1.28725256465435,1.643403691496369,6.930239646356373,7.155212042866949e-05,1.6771808025165775,False,0.8279469967558233,0.9596535614229507,False,False,
binary,noisy,M6.A[3.60],M6,0.06097481840357837,Normal|AD,0.0105712678658012,0.15992752980414549,0.23434850590795495,0.2676362532653698,49.09643054888436,False,16.57600689669316,-11.657980461185488,False,False,
binary,noisy,M6.N[3.60],M6,0.15662129000238575,Normal|AD,0.02765915528434084,0.25919626896597664,0.26051478015197477,0.25528734207055037,30.27611975618929,False,10.238368625238998,-6.803420636980911,False,False,
binary,noisy,M6.A[3.65],M6,4.360538445159906,Normal|AD,0.7316788112617978,1.3260509532858662,1.3710062291560385,0.04017651186532878,2.3386488219931154,False,1.1755921000435428,0.9839160414680547,False,False,
binary,noisy,M6.N[3.65],M6,4.352379341439039,Normal|AD,0.7377617388858103,1.332923585281086,1.370895442401281,0.04015796661305294,2.320805393988772,False,1.166582265465557,0.9837282854444515,False,False,
binary,noisy,M6.A[3.70],M6,0.037240029739319794,Normal|AD,0.005568210684757697,0.11443037819222829,0.2838157970498199,0.24529640949845272,9.092356541946964,False,3.9910663479962576,0.12036328732316129,False,False,
binary,noisy,M6.N[3.70],M6,0.03882578479568316,Normal|AD,0.005831530760904928,0.11715133657647542,0.284890563890408,0.24483688955741523,8.911381024117581,False,3.9136079945624553,0.14101132605028607,False,False,
binary,noisy,M6.A[3.75],M6,1.0960419117850606,Normal|AD,0.08078763500715946,0.4176510832241749,0.3048871083277022,0.2202109564485858,8.17269012655187,False,3.2943874853048603,0.3134007657531982,False,False,
binary,noisy,M6.N[3.75],M6,1.1207263069382871,Normal|AD,0.08278572805188525,0.4228207299053935,0.31140146396326096,0.2176871397837284,8.043443018525767,False,3.2400643883448135,0.3227518985176898,False,False,
binary,noisy,M6.A[3.80],M6,5.798731173738191,Normal|AD,0.47178476026173516,1.013477883111172,1.4615954163291398,0.043050131470197345,2.9526146015566717,False,1.4593832220614948,0.9733553107522553,False,False,
binary,noisy,M6.N[3.80],M6,5.807199657602623,Normal|AD,0.4725893668014876,1.0143527254477316,1.463725071661295,0.042934835485949535,2.9485022224811703,False,1.4574175191333438,0.9734759420454684,False,False,
binary,noisy,M6.A[3.85],M6,2.4715686609106884,Normal|AD,1.2728707352299218,2.291071335188884,0.6203427342908423,0.13261400724262762,1.7084111911321838,False,0.8193136084846557,0.9792718745595772,False,False,
binary,noisy,M6.N[3.85],M6,2.4725991551722504,Normal|AD,1.2734587138496867,2.2916551533063094,0.6206020786751341,0.13256392026493452,1.707807998831401,False,0.8190305441473423,0.9792477805372471,False,False,
binary,noisy,M6.A[3.90],M6,1.188185062019885,Normal|AD,1.0401610964927064,4.086404254941814,0.29714715073139497,0.2203895290562879,1.0072377548586735,False,0.48783834775986273,0.9785419665300964,False,False,
binary,noisy,M6.N[3.90],M6,1.188357533414827,Normal|AD,1.0403189971169973,4.086809864821254,0.2971903554880758,0.22037292199365133,1.0071092716991235,False,0.4877768832640098,0.9785356523327936,False,False,
binary,noisy,M6.A[3.95],M6,0.6707117646803902,Normal|AD,0.6441052208041387,5.698586401263967,0.16770596977289157,0.2812502141968045,0.7361472453691876,False,0.35915675512844586,0.9760913262358425,False,False,
binary,noisy,M6.N[3.95],M6,0.6707596528029415,Normal|AD,0.6441525401923798,5.698938252875815,0.16771795936224368,0.2812432329205147,0.7360946842549793,False,0.35913129728814996,0.9760895360327371,False,False,
binary,noisy,M6.A[4.00],M6,0.30291917172290395,Normal|AD,0.29720222365226784,5.612059692172989,0.07573093054821865,0.34857159337214405,0.612202618269203,False,0.300212687106111,0.9743312781955995,False,False,
binary,noisy,M6.N[4.00],M6,0.30293602179304024,Normal|AD,0.29721900154005715,5.612338756840547,0.07573514674320135,0.3485675872314321,0.6121709069507595,False,0.3001972070385221,0.9743304953841254,False,False,
binary,noisy,M6.A[4.05],M6,0.23559012021141268,Normal|AD,0.23296297203940647,6.463901054646879,0.06033982572425235,0.36484364363591054,0.568446879406791,False,0.27973629963397445,0.9710567272599382,False,False,
binary,noisy,M6.N[4.05],M6,0.23559772772370033,Normal|AD,0.23297059589665445,6.464131294645654,0.06034179857621639,0.36484152914201273,0.5684226899030426,False,0.27972443620225246,0.971056425607684,False,False,
binary,noisy,M6.A[4.10],M6,0.08136022706876604,Normal|AD,0.08080197156002664,4.853058696287512,0.020517083566046354,0.4199003640649831,0.5829960008878405,False,0.28757261981298043,0.9656443677893822,False,False,
binary,noisy,M6.N[4.10],M6,0.08136325480600405,Normal|AD,0.08080499114330579,4.853204233729575,0.02051783101419558,0.41989890969478905,0.5829733508743302,False,0.28756147906416385,0.9656444722378816,False,False,
binary,noisy,M6.A[4.15],M6,0.05961880349671993,Normal|AD,0.05932047745427236,4.8692644445837425,0.014917386785453556,0.43144683659573546,0.6686774092310359,False,0.3303851846026209,0.9774556457534911,False,False,
binary,noisy,M6.N[4.15],M6,0.05962172174333088,Normal|AD,0.05932338780075364,4.8694385878361315,0.014918121142802335,0.43144517049673076,0.6686504709306522,False,0.33037190598420496,0.9774559630746747,False,False,
binary,noisy,M7.D,M7,9.074469425565027,Normal|AD,5.269760149917741,5.013722634884107,2.3371853337594306,0.013299645363665602,1.7863288326639897,False,0.14583240591066474,1.0170346158818262,False,False,
binary,noisy,M7.D_pow,M7,0.303981419286947,Normal|AD,0.2842026348338953,2.9556483897569326,0.07615775018606538,0.34823145772661457,2.350979763193859,False,0.1865285645212251,0.8252459699327711,False,False,
binary,noisy,M7.D0,M7,8.991467878146684,Normal|AD,5.220088123479554,4.989064067702128,2.315210329858016,0.013698828952174193,1.799980960762199,False,0.14570525613559168,1.0164528260806667,False,False,
binary,noisy,M7.D1,M7,19.81988859868827,Normal|AD,1.8048517337170342,1.9928232907292602,5.704164578884535,1.9508258883166e-05,4.947100346973363,False,0.15905328640613386,1.0856753068074134,False,False,
binary,noisy,M7.D2,M7,7.02056596222677,Normal|AD,3.531842436546775,3.7702351949288966,2.0722278362300925,0.013403203182809253,1.0002284941701873,False,0.19632053187761028,1.0826761800591245,False,False,
binary,noisy,M7.D3,M7,7.8550311874293905,Normal|AD,5.10509963734497,5.400452171855876,2.54099494532215,0.005209894182456329,1.652878260564992,False,0.1665226190757092,1.1080516226296593,False,False,
binary,noisy,M7.D3[k3],M7,7.855934843585316,Normal|AD,5.76178270390371,6.574886453280301,2.7176123501224154,0.0035438336523627772,1.6498372667093728,False,0.14744377193920677,0.912684902515858,False,False,
binary,noisy,M8.s1^2,M8,0.7226265207906747,Normal|AD,,,0.18238046496539245,0.27324127443541235,0.7714450913592763,False,18.399950011511347,-0.19200485728400446,False,False,matrix-level: no per-antenna port-noise estimate
binary,noisy,M8.s2^2,M8,1.5868159565521727,Normal|AD,,,0.39854479474602966,0.18603978653012274,0.5293190177397517,False,12.742009262713175,0.2084143778739585,False,False,matrix-level: no per-antenna port-noise estimate
binary,noisy,M8.s3^2,M8,2.4300723271603286,Normal|AD,,,0.6084412486184122,0.1349671705195948,0.3910615024900618,False,9.374810929364159,0.4819328361793294,False,False,matrix-level: no per-antenna port-noise estimate
binary,noisy,M8.s4^2,M8,2.263897927757427,Normal|AD,,,0.5664714937467112,0.14356728651857714,0.5543950144838915,False,13.506387247411007,0.18844031663096347,False,False,matrix-level: no per-antenna port-noise estimate
binary,noisy,M8.s5^2,M8,2.464766455231364,Normal|AD,,,0.6161964733487781,0.13347097243427217,0.31508527846672724,False,7.730896296877948,0.5628907930714828,False,False,matrix-level: no per-antenna port-noise estimate
binary,noisy,M8.s6^2,M8,2.0754384968940047,Normal|AD,,,0.5196225925012745,0.1539952068788828,0.34146890800729324,False,8.35925965776581,0.47880502144819803,False,False,matrix-level: no per-antenna port-noise estimate
binary,noisy,M8.lam0^2,M8,3.5714218892082976,Normal|AD,2.2247281717145784,3.4351019897361432,0.894966445394997,0.09036621597992306,0.42244172698631366,False,10.156646618186924,0.44901960958596193,False,False,
binary,noisy,M8.lam1^2,M8,3.029001929206306,Normal|AD,1.9194823182817717,3.237347647739516,0.7592938830628775,0.10883709826954964,0.452392726039869,False,11.020272724362039,0.37204849712724225,False,False,
binary,noisy,M8.lam2^2,M8,3.3318309245757125,Normal|AD,2.201191028188057,3.601829818579025,0.8351165238349321,0.09801750845676895,0.43098680733829403,False,10.474517192999384,0.33852464155465145,False,False,
binary,noisy,M8.lam3^2,M8,3.1863862787448385,Normal|AD,2.101475043618592,3.5134131668949067,0.7995333545466801,0.10289442940196998,0.44564410982984765,False,10.56178035124403,0.2907851096280924,False,False,
binary,noisy,M8.lam0^2[k3],M8,14.18429480079023,Normal|AD,6.62157731534482,4.983800632922829,4.105133697490134,0.0004001254794840576,0.5803028302710425,False,1.5209083009425404,0.913316215249344,False,False,
binary,noisy,M8.lam1^2[k3],M8,15.706414742268878,Normal|AD,7.25607373371334,5.1935851282073955,4.489418357890546,0.00021316610043242896,0.5069269917543995,False,1.333712392323055,0.9113055307455726,False,False,
binary,noisy,M8.lam2^2[k3],M8,17.711145580193605,Normal|AD,7.609706574008877,5.165717556768691,4.965044381188954,0.00010528992039979761,0.43538913569861626,False,1.1432660773041405,0.8971463315580015,False,False,
binary,noisy,M8.lam3^2[k3],M8,19.450645933237098,Normal|AD,8.34518164466359,5.406690992108539,5.4065692128981535,5.1343931429881106e-05,0.3634228244102203,False,0.9530010899068303,0.9074151333353014,False,False,
binary,very_noisy,M0.old_score,M0,4.434646295275577,Normal|AD,3.680544757610754,6.579389987646981,1.1094195399974676,0.06812704095854018,0.2146883991701005,True,3.9317758649318697,0.7600868092549571,False,False,baseline only; not a physical quantity
binary,very_noisy,M1.Sii_dBavg,M1,0.025365854022888736,Normal|AD,0.011853142200140606,0.21095276982278993,0.006661351124564607,0.45460669937237175,3.5319222697974735,False,89.57123090917965,1.5365814635997486,False,False,dB averaging; shown for fragility
binary,very_noisy,M2.R,M2,0.7751394396919978,Normal|AD,0.6914426969793306,3.578728351331116,0.19381398676624942,0.2667791509440174,0.4410636999164611,False,10.6708336958886,0.35661931918409057,False,False,
binary,very_noisy,M2.R[k3],M2,13.493130436429363,Normal|AD,6.861647785938814,5.28421219600424,3.6337075724945445,0.0015672025968350189,0.46937406879643684,False,1.2320708541234588,0.9057213889957718,False,False,
binary,very_noisy,M3.A,M3,0.7751394396919793,Normal|AD,0.691442696979314,3.5787283513310726,0.1938139867662449,0.2667791509440198,0.44106369991648475,False,10.67083369588861,0.3566193191841142,False,False,affine copy of M2.R (identical separability)
binary,very_noisy,M3.ML_of_powavg,M3,0.7744350350800676,Normal|AD,0.6945792116660168,3.670414300157131,0.1936090919487956,0.26688270203067566,0.439748158398998,False,10.25412286938564,0.34503684213830804,False,False,
binary,very_noisy,M3.ML_dBavg,M3,0.44716576166529415,Normal|AD,0.4469046569559474,39.12455015378706,0.11206141652513397,0.31803719975859523,0.41619098405739297,False,5.753151107312479,0.7646540089752496,False,False,dB averaging; comparison only
binary,very_noisy,M4.N,M4,0.7826328858082741,Normal|AD,0.6980069001328693,3.5931225682831536,0.1956892772949714,0.265792781328708,0.43882003670271735,False,10.609049424612282,0.36060349045259277,False,False,
binary,very_noisy,M4.N[k3],M4,13.55059064126753,Normal|AD,6.866531795206139,5.276460556161387,3.646215776522084,0.0015480394137105536,0.4681188235848122,False,1.22937956651619,0.906138325175102,False,False,
binary,very_noisy,M5.C,M5,2.2363529310619428,Normal|AD,1.1482593560783756,2.1725613181637806,0.9150293243196905,0.08362568068818449,0.01018609916894703,True,1.7883836347134703,1.110625926993955,False,False,
binary,very_noisy,M5.C1,M5,1.8475857378255123,Normal|AD,0.9759998573867742,2.0341692383788934,0.8395982755212491,0.09507781011519573,0.008791999413306488,True,1.858558566997943,1.1108599337730694,False,False,
binary,very_noisy,M5.C2,M5,1.327774601664775,Normal|AD,1.06568592911558,3.2860008127770604,0.36509898135248114,0.19832350016037525,0.02567234230626578,True,0.5791543167707164,1.0276044433241445,False,False,
binary,very_noisy,M5.C3,M5,16.126856602483002,Normal|AD,7.455112990472457,5.265792728568157,4.0334515562447235,0.0022388394752703945,0.009009542957432035,True,0.29666409825038836,1.1102318892902114,False,False,
binary,very_noisy,M5.C[k3],M5,2.244211587164765,Normal|AD,0.6226043663352047,1.3127443091763298,0.8159625620628448,0.09810367972930772,1.0969704524830026,False,2.8364531901436982,0.7199313331179424,False,False,
binary,very_noisy,M5.C1[k3],M5,1.6165537905437743,Normal|AD,0.47902215528196546,1.1668261039302745,0.6836102190850072,0.1228053053579432,1.2483973530873782,False,3.23424828389297,0.6842215627358766,False,False,
binary,very_noisy,M5.C2[k3],M5,1.0041474116557432,Normal|AD,0.8136613738998626,2.928896399188718,0.33199644548955043,0.21508493874280812,0.06821965309647027,True,0.18458797484110773,0.816198230343164,True,False,
binary,very_noisy,M5.C3[k3],M5,22.249376162621378,Normal|AD,10.195092744283283,6.134777391471798,5.575531235794432,0.0003907658703013421,0.03373235927586708,True,0.09725708777940013,0.9441804291373029,True,False,
binary,very_noisy,M5.C3_dBavg[k3],M5,20.210408776967576,Normal|AD,4.670206146933573,3.4853165904288863,5.055592654396413,0.0007260551210122721,0.05931878941003261,True,0.17400028523024047,0.9118813055002862,True,False,dB averaging; comparison only
binary,very_noisy,M6.fc_A,M6,0.30889678418823263,Normal|AD,0.2486963077534564,1.5975571231582877,0.07783535615435228,0.3468295097750169,3.1447457559214813,False,12.31932826141846,0.8417769961525938,False,False,
binary,very_noisy,M6.spread_A,M6,0.7939943580219754,Normal|AD,0.7849679713865503,11.751483858958188,0.19913871333650843,0.2640902216876318,0.057901179289980655,True,5.008958697756639,0.6172886062722515,False,False,
binary,very_noisy,M6.fc_N,M6,0.3094211966782702,Normal|AD,0.2491547202826154,1.5995090000078176,0.07796319249668877,0.34670836472705147,3.1396727188204223,False,12.309174972666698,0.8421419624676764,False,False,
binary,very_noisy,M6.spread_N,M6,0.7922782279716154,Normal|AD,0.7833036742321132,11.760140469660971,0.19871322899267296,0.2643116514948961,0.057924769634671774,True,5.014581995471026,0.6168793066182716,False,False,
binary,very_noisy,M6.A[3.20],M6,1.2443319864876021,Normal|AD,1.210903805231664,9.494707239225106,0.311158584372756,0.2150990433276614,0.7437388450143012,False,0.3653977125739196,0.9955048305352462,False,False,
binary,very_noisy,M6.N[3.20],M6,1.2437649238034685,Normal|AD,1.2103578233144408,9.49339714301576,0.31101663374280325,0.21515163187155165,0.7437326352087658,False,0.3653968085261341,0.9955109906942364,False,False,
binary,very_noisy,M6.A[3.25],M6,1.8601942033447145,Normal|AD,1.7099609224536765,6.5073498814344255,0.46580612264209625,0.1672290603102447,1.053222359116641,False,0.5188379442851067,0.9748010566576728,False,False,
binary,very_noisy,M6.N[3.25],M6,1.8586778684260115,Normal|AD,1.7086037084862509,6.50556130115593,0.4654268973913215,0.16732755716273803,1.0532684470133653,False,0.5188656391477028,0.974778563494153,False,False,
binary,very_noisy,M6.A[3.30],M6,1.0314626108625178,Normal|AD,0.7929959003521365,2.6191678634368727,0.25986408499397906,0.23568614458147505,2.5851843603237197,False,1.2939776114170818,0.8207012833672401,False,False,
binary,very_noisy,M6.N[3.30],M6,1.0300119979026896,Normal|AD,0.791916283977511,2.6175801433971313,0.25949448418229315,0.235843761051785,2.585637838291302,False,1.2942286292478582,0.8206199830647369,False,False,
binary,very_noisy,M6.A[3.35],M6,1.6742020654502097,Normal|AD,1.220400035128668,3.0007984233384732,0.5172982219568444,0.1567277251897587,1.9373960791493277,False,0.9402825603209652,0.8044468761105208,False,False,
binary,very_noisy,M6.N[3.35],M6,1.6750448639508142,Normal|AD,1.2205907891110053,2.99963396746078,0.51726578899683,0.15672565752540776,1.9362557148698167,False,0.9396969573158923,0.804516783893286,False,False,
binary,very_noisy,M6.A[3.40],M6,12.83670020494348,Normal|AD,8.2730197614557,6.822069108934363,3.486102208242335,0.0018447760268675384,0.1872082024212093,True,0.07558930632722714,0.9849319955717079,True,False,
binary,very_noisy,M6.N[3.40],M6,12.859479521976452,Normal|AD,8.273925409468777,6.812187337797505,3.4911888078782276,0.0018344154626351026,0.1866353212463989,True,0.07529606864204999,0.9849446463251504,True,False,
binary,very_noisy,M6.A[3.45],M6,12.571932236444757,Normal|AD,5.31364023563907,4.2903712036174015,3.2008847081523824,0.004799922691328871,0.2951595073240753,False,0.14888580538892604,0.9482385847432226,False,False,
binary,very_noisy,M6.N[3.45],M6,12.597635010472018,Normal|AD,5.306994810013425,4.282535848149497,3.206675282161184,0.004775844422729091,0.2965356686930279,False,0.1495930593630714,0.9481730296541718,False,False,
binary,very_noisy,M6.A[3.50],M6,5.673486039443055,Normal|AD,2.375329231475046,2.858684650729221,1.4280022271894919,0.04501905588943154,0.42569494916153555,False,0.18755399251120095,0.9651803076861392,False,False,
binary,very_noisy,M6.N[3.50],M6,5.652016715613702,Normal|AD,2.3637525751743746,2.850587496943365,1.4223355240683224,0.04535554431195393,0.4242315641953985,False,0.18676317339412893,0.9645364246425966,False,False,
binary,very_noisy,M6.A[3.55],M6,9.697923601056889,Normal|AD,1.2711529376482862,1.7104984795233056,2.4459965750276504,0.012859457625999611,1.6686723979628668,False,0.8238316941571558,0.9600068144143564,False,False,
binary,very_noisy,M6.N[3.55],M6,9.601142847410769,Normal|AD,1.257013535441467,1.700810497171757,2.420913501866033,0.013271957858096768,1.6771808025165775,False,0.8279469967558233,0.9596535614229507,False,False,
binary,very_noisy,M6.A[3.60],M6,0.03232035257236928,Normal|AD,0.009301123207481108,0.16161264986883345,0.0638263734286291,0.37766336601496786,49.09643054888436,False,16.57600689669316,-11.657980461185488,False,False,
binary,very_noisy,M6.N[3.60],M6,0.083777491126214,Normal|AD,0.02450880259571062,0.2632249556830061,0.07711583093875903,0.3648961925773676,30.27611975618929,False,10.238368625238998,-6.803420636980911,False,False,
binary,very_noisy,M6.A[3.65],M6,2.8763662926751405,Normal|AD,0.6715182714951726,1.3236607180478999,0.7995254898301221,0.10064352950740338,2.3386488219931154,False,1.1755921000435428,0.9839160414680547,False,False,
binary,very_noisy,M6.N[3.65],M6,2.879506482189013,Normal|AD,0.6772141042259657,1.3307593844866037,0.8011589365703333,0.10038589293590254,2.320805393988772,False,1.166582265465557,0.9837282854444515,False,False,
binary,very_noisy,M6.A[3.70],M6,0.026939254490495813,Normal|AD,0.005870994054009373,0.12253192755387668,0.08664219401733003,0.3576572284390653,9.092356541946964,False,3.9910663479962576,0.12036328732316129,False,False,
binary,very_noisy,M6.N[3.70],M6,0.02805173167742863,Normal|AD,0.0061334433491418245,0.12529787258132913,0.08730005200884883,0.3571162733618327,8.911381024117581,False,3.9136079945624553,0.14101132605028607,False,False,
binary,very_noisy,M6.A[3.75],M6,0.3233564054027239,Normal|AD,0.06414111461814376,0.4000310251173461,0.08322270894934773,0.3425546687163303,8.17269012655187,False,3.2943874853048603,0.3134007657531982,False,False,
binary,very_noisy,M6.N[3.75],M6,0.3316679795235789,Normal|AD,0.06582784195792199,0.4052857208220021,0.08534064749805874,0.3406601937019611,8.043443018525767,False,3.2400643883448135,0.3227518985176898,False,False,
binary,very_noisy,M6.A[3.80],M6,1.815760845886719,Normal|AD,0.4007240982246994,1.014105626410828,0.45440239684574885,0.17022152621124242,2.9526146015566717,False,1.4593832220614948,0.9733553107522553,False,False,
binary,very_noisy,M6.N[3.80],M6,1.8185781120575122,Normal|AD,0.40141043224213924,1.0149968295543381,0.4551075710375823,0.170034242403245,2.9485022224811703,False,1.4574175191333438,0.9734759420454684,False,False,
binary,very_noisy,M6.A[3.85],M6,0.6101798429837054,Normal|AD,0.5029219631677658,2.3921016099518857,0.15255418359793146,0.29035074813043155,1.7084111911321838,False,0.8193136084846557,0.9792718745595772,False,False,
binary,very_noisy,M6.N[3.85],M6,0.6104325008286332,Normal|AD,0.5031361742066556,2.392677505803377,0.1526173990723768,0.29031156195556507,1.707807998831401,False,0.8190305441473423,0.9792477805372471,False,False,
binary,very_noisy,M6.A[3.90],M6,0.386069077748178,Normal|AD,0.37287564663350126,4.671438543419973,0.09659772770584465,0.33016189888058944,1.0072377548586735,False,0.48783834775986273,0.9785419665300964,False,False,
binary,very_noisy,M6.N[3.90],M6,0.38612489044782733,Normal|AD,0.372930282163542,4.671910032839537,0.09661179199484428,0.33015034045704117,1.0071092716991235,False,0.4877768832640098,0.9785356523327936,False,False,
binary,very_noisy,M6.A[3.95],M6,0.17298244460965478,Normal|AD,0.17124830424269114,5.845033827469655,0.043259106580141905,0.38433354844925427,0.7361472453691876,False,0.35915675512844586,0.9760913262358425,False,False,
binary,very_noisy,M6.N[3.95],M6,0.17299828724887453,Normal|AD,0.17126409312297983,5.845480334089247,0.04326303739229531,0.3843284244579886,0.7360946842549793,False,0.35913129728814996,0.9760895360327371,False,False,
binary,very_noisy,M6.A[4.00],M6,0.09067503804111611,Normal|AD,0.09026144613060168,6.291062457053623,0.023099041953863843,0.41528325559555457,0.612202618269203,False,0.300212687106111,0.9743312781955995,False,False,
binary,very_noisy,M6.N[4.00],M6,0.0906798923205033,Normal|AD,0.09026630031789909,6.291399316462483,0.023100202743047204,0.41528109280764397,0.6121709069507595,False,0.3001972070385221,0.9743304953841254,False,False,
binary,very_noisy,M6.A[4.05],M6,0.03640937277662324,Normal|AD,0.03631699849434481,5.350582096314666,0.009369262512236702,0.44594179435185377,0.568446879406791,False,0.27973629963397445,0.9710567272599382,False,False,
binary,very_noisy,M6.N[4.05],M6,0.03641108939183605,Normal|AD,0.03631871417220324,5.35080746709964,0.00936982861756144,0.4459403458904571,0.5684226899030426,False,0.27972443620225246,0.971056425607684,False,False,
binary,very_noisy,M6.A[4.10],M6,0.015001583035248182,Normal|AD,0.014975789642855999,4.173728318014432,0.003944910611828821,0.46505061991647845,0.5829960008878405,False,0.28757261981298043,0.9656443677893822,False,False,
binary,very_noisy,M6.N[4.10],M6,0.015002347091182266,Normal|AD,0.014976552910703548,4.1738772028345466,0.003945120992022079,0.4650497109447964,0.5829733508743302,False,0.28756147906416385,0.9656444722378816,False,False,
binary,very_noisy,M6.A[4.15],M6,0.012796707332679636,Normal|AD,0.012780958111186574,4.557390858970381,0.003201573692254579,0.468116725046382,0.6686774092310359,False,0.3303851846026209,0.9774556457534911,False,False,
binary,very_noisy,M6.N[4.15],M6,0.012796244400222048,Normal|AD,0.012780496219614657,4.557376679074814,0.003201456694931508,0.4681173034665601,0.6686504709306522,False,0.33037190598420496,0.9774559630746747,False,False,
binary,very_noisy,M7.D,M7,0.9138438613202151,Normal|AD,0.8352802479733062,4.408150143000412,0.22970540204248335,0.2491082337018648,1.7863288326639897,False,0.14583240591066474,1.0170346158818262,False,False,
binary,very_noisy,M7.D_pow,M7,0.06665355332486168,Normal|AD,0.06645285579936527,6.643737533970916,0.017761974520329283,0.4263817077200537,2.350979763193859,False,0.1865285645212251,0.8252459699327711,False,False,
binary,very_noisy,M7.D0,M7,0.8985827992938176,Normal|AD,0.8217501239418854,4.384206075762715,0.2258654535211543,0.25091652158808364,1.799980960762199,False,0.14570525613559168,1.0164528260806667,False,False,
binary,very_noisy,M7.D1,M7,13.789934649072462,Normal|AD,1.527308716520879,1.853394102637601,3.567018358938478,0.002561138814280331,4.947100346973363,False,0.15905328640613386,1.0856753068074134,False,False,
binary,very_noisy,M7.D2,M7,0.5377219122690767,Normal|AD,0.5028544966383495,3.938266984966994,0.13623936244039025,0.3012804699226196,1.0002284941701873,False,0.19632053187761028,1.0826761800591245,False,False,
binary,very_noisy,M7.D3,M7,1.049175388392204,Normal|AD,0.9641201378073297,4.877014624339325,0.2722818941342862,0.23127028728751003,1.652878260564992,False,0.1665226190757092,1.1080516226296593,False,False,
binary,very_noisy,M7.D3[k3],M7,2.1798634425053103,Normal|AD,1.9390194490640484,5.9245151539650145,0.5949080572797717,0.1373015625778891,1.6498372667093728,False,0.14744377193920677,0.912684902515858,False,False,
binary,very_noisy,M8.s1^2,M8,0.24814439609979227,Normal|AD,,,0.06213960122416191,0.36226769649773116,0.7714450913592763,False,18.399950011511347,-0.19200485728400446,False,False,matrix-level: no per-antenna port-noise estimate
binary,very_noisy,M8.s2^2,M8,0.42009425216712154,Normal|AD,,,0.10574054901430852,0.32302614840220334,0.5293190177397517,False,12.742009262713175,0.2084143778739585,False,False,matrix-level: no per-antenna port-noise estimate
binary,very_noisy,M8.s3^2,M8,0.5491877904110489,Normal|AD,,,0.13780231659075268,0.299919894607602,0.3910615024900618,False,9.374810929364159,0.4819328361793294,False,False,matrix-level: no per-antenna port-noise estimate
binary,very_noisy,M8.s4^2,M8,0.5610811396251674,Normal|AD,,,0.14086368179175618,0.2979252616918663,0.5543950144838915,False,13.506387247411007,0.18844031663096347,False,False,matrix-level: no per-antenna port-noise estimate
binary,very_noisy,M8.s5^2,M8,0.5828502370634325,Normal|AD,,,0.1457423829988563,0.29464207749647575,0.31508527846672724,False,7.730896296877948,0.5628907930714828,False,False,matrix-level: no per-antenna port-noise estimate
binary,very_noisy,M8.s6^2,M8,0.47677285488218124,Normal|AD,,,0.11932287743011619,0.3126287670126224,0.34146890800729324,False,8.35925965776581,0.47880502144819803,False,False,matrix-level: no per-antenna port-noise estimate
binary,very_noisy,M8.lam0^2,M8,0.8447420745164018,Normal|AD,0.744065834811361,3.5336151599829724,0.21120246443060767,0.25787216404822855,0.42244172698631366,False,10.156646618186924,0.44901960958596193,False,False,
binary,very_noisy,M8.lam1^2,M8,0.7316231100131814,Normal|AD,0.6476987268567591,3.3604787091264874,0.18293145706953265,0.2726384802394368,0.452392726039869,False,11.020272724362039,0.37204849712724225,False,False,
binary,very_noisy,M8.lam2^2,M8,0.7997813487816053,Normal|AD,0.7172809886574445,3.729214564905692,0.19997280554362767,0.2635629224823042,0.43098680733829403,False,10.474517192999384,0.33852464155465145,False,False,
binary,very_noisy,M8.lam3^2,M8,0.7814795402168647,Normal|AD,0.6987225644771546,3.632652728647946,0.19545137561356063,0.2659256540209687,0.44564410982984765,False,10.56178035124403,0.2907851096280924,False,False,
binary,very_noisy,M8.lam0^2[k3],M8,11.607479094348784,Normal|AD,6.093662675883585,5.065204762431434,3.160772849477509,0.0030269810268575108,0.5803028302710425,False,1.5209083009425404,0.913316215249344,False,False,
binary,very_noisy,M8.lam1^2[k3],M8,12.769791597417885,Normal|AD,6.644629605086986,5.263607554830439,3.45527134112795,0.001992942659300535,0.5069269917543995,False,1.333712392323055,0.9113055307455726,False,False,
binary,very_noisy,M8.lam2^2[k3],M8,14.221185614435008,Normal|AD,6.978950420171973,5.235300858811687,3.803420107512392,0.0012849930707095629,0.43538913569861626,False,1.1432660773041405,0.8971463315580015,False,False,
binary,very_noisy,M8.lam3^2[k3],M8,15.654560972793705,Normal|AD,7.654582495929797,5.473331955765372,4.167954511346747,0.000768759051001527,0.3634228244102203,False,0.9530010899068303,0.9074151333353014,False,False,
binary,typical_jitter,M0.old_score,M0,33.45738093071285,Normal|AD,14.82547073373673,7.296868557356391,8.38656539542666,1.7521125716889485e-05,0.2146883991701005,True,3.9317758649318697,0.7600868092549571,False,False,baseline only; not a physical quantity
binary,typical_jitter,M1.Sii_dBavg,M1,0.03892285438706606,Normal|AD,0.0026828987282430656,0.07591465970183665,0.027074474382345746,0.41930788806199315,3.5319222697974735,False,89.57123090917965,1.5365814635997486,False,False,dB averaging; shown for fragility
binary,typical_jitter,M2.R,M2,8.624361153588994,Normal|AD,3.5861197436305567,3.5038973298204232,2.1645320857943835,0.01842827537416927,0.4410636999164611,False,10.6708336958886,0.35661931918409057,False,False,
binary,typical_jitter,M2.R[k3],M2,10.88459141664789,Normal|AD,6.032768680942551,5.202677876236968,2.8293103881448154,0.006617411093964709,0.46937406879643684,False,1.2320708541234588,0.9057213889957718,False,False,
binary,typical_jitter,M3.A,M3,8.624361153589001,Normal|AD,3.586119743630556,3.503897329820421,2.1645320857943853,0.01842827537416923,0.44106369991648475,False,10.67083369588861,0.3566193191841142,False,False,affine copy of M2.R (identical separability)
binary,typical_jitter,M3.ML_of_powavg,M3,8.638092304756901,Normal|AD,3.606468741783028,3.5189324745959727,2.167165108292629,0.018399426244528245,0.439748158398998,False,10.25412286938564,0.34503684213830804,False,False,
binary,typical_jitter,M3.ML_dBavg,M3,0.7865424056001616,Normal|AD,0.7762027749869362,10.867037170346926,0.19776004079532677,0.2648840213646241,0.41619098405739297,False,5.753151107312479,0.7646540089752496,False,False,dB averaging; comparison only
binary,typical_jitter,M4.N,M4,8.681599428289775,Normal|AD,3.6130473657868594,3.518112647979413,2.179103526165369,0.01810393755392264,0.43882003670271735,False,10.609049424612282,0.36060349045259277,False,False,
binary,typical_jitter,M4.N[k3],M4,10.952001711417946,Normal|AD,6.045186091471016,5.194774703362762,2.846100726314209,0.006480625519999132,0.4681188235848122,False,1.22937956651619,0.906138325175102,False,False,
binary,typical_jitter,M5.C,M5,2.5592996609608174,Normal|AD,1.2097151674621647,2.1419882814290316,1.7604433454873556,0.019003563041898184,0.01018609916894703,True,1.7883836347134703,1.110625926993955,False,False,
binary,typical_jitter,M5.C1,M5,2.087036704288735,Normal|AD,1.0236798426682043,2.0045763315021072,1.6618274670062783,0.022681256080861252,0.008791999413306488,True,1.858558566997943,1.1108599337730694,False,False,
binary,typical_jitter,M5.C2,M5,3.6264193418533828,Normal|AD,2.087462607409238,3.1365351305321947,2.0630738039358953,0.010990247948178256,0.02567234230626578,True,0.5791543167707164,1.0276044433241445,False,False,
binary,typical_jitter,M5.C3,M5,530.1614334518538,Normal|AD,12.930069673998288,5.148456770008626,132.72725227086042,1.298669444105025e-70,0.009009542957432035,True,0.29666409825038836,1.1102318892902114,False,False,
binary,typical_jitter,M5.C[k3],M5,1.91618743760779,Normal|AD,0.6007373116286148,1.3229368143433193,0.5953072240918217,0.1383729337441727,1.0969704524830026,False,2.8364531901436982,0.7199313331179424,False,False,
binary,typical_jitter,M5.C1[k3],M5,1.399327417692521,Normal|AD,0.4636154360433368,1.1775585713263488,0.4780510048934431,0.16906979696472535,1.2483973530873782,False,3.23424828389297,0.6842215627358766,False,False,
binary,typical_jitter,M5.C2[k3],M5,2.1848346329247175,Normal|AD,1.4067996475890583,2.8108705538331575,1.597385430967935,0.025470243605721022,0.06821965309647027,True,0.18458797484110773,0.816198230343164,True,False,
binary,typical_jitter,M5.C3[k3],M5,736.4795427486058,Normal|AD,17.878872219324027,6.053709728432802,184.23067820819256,3.049041546754926e-91,0.03373235927586708,True,0.09725708777940013,0.9441804291373029,True,False,
binary,typical_jitter,M5.C3_dBavg[k3],M5,440.60557667290453,Normal|AD,12.079443756204244,4.983962945346649,110.49322766355537,5.099847820703231e-66,0.05931878941003261,True,0.17400028523024047,0.9118813055002862,True,False,dB averaging; comparison only
binary,typical_jitter,M6.fc_A,M6,0.532173702024654,Normal|AD,0.37016536390972565,1.559448040344268,0.1340903138333833,0.3025370920447444,3.1447457559214813,False,12.31932826141846,0.8417769961525938,False,False,
binary,typical_jitter,M6.spread_A,M6,12.202555639247914,Normal|AD,10.091368540171162,10.800704095100803,3.052775728964784,0.0066964647816694055,0.057901179289980655,True,5.008958697756639,0.6172886062722515,False,False,
binary,typical_jitter,M6.fc_N,M6,0.533736924681115,Normal|AD,0.3711284977471327,1.560879043959646,0.13448274369120192,0.302272595831313,3.1396727188204223,False,12.309174972666698,0.8421419624676764,False,False,
binary,typical_jitter,M6.spread_N,M6,12.191867624939025,Normal|AD,10.08537722040144,10.804792921711481,3.0500357971697305,0.006718620939849016,0.057924769634671774,True,5.014581995471026,0.6168793066182716,False,False,
binary,typical_jitter,M6.A[3.20],M6,6.364858592388318,Normal|AD,5.548511519554116,9.30165449054502,1.5923789988987438,0.037106280097917055,0.7437388450143012,False,0.3653977125739196,0.9955048305352462,False,False,
binary,typical_jitter,M6.N[3.20],M6,6.363582489482467,Normal|AD,5.54734569719969,9.300373047283994,1.5920590199957352,0.03712086757261725,0.7437326352087658,False,0.3653968085261341,0.9955109906942364,False,False,
binary,typical_jitter,M6.A[3.25],M6,4.671384466181583,Normal|AD,3.7924779992565703,6.3493315980852785,1.1684835856526417,0.06313313287200804,1.053222359116641,False,0.5188379442851067,0.9748010566576728,False,False,
binary,typical_jitter,M6.N[3.25],M6,4.670478469072447,Normal|AD,3.79150812628835,6.347673345417434,1.1682576154160693,0.06315143104414378,1.0532684470133653,False,0.5188656391477028,0.974778563494153,False,False,
binary,typical_jitter,M6.A[3.30],M6,0.8255449460379242,Normal|AD,0.6478169623398446,2.4532036944364597,0.20771926295306817,0.259808403295445,2.5851843603237197,False,1.2939776114170818,0.8207012833672401,False,False,
binary,typical_jitter,M6.N[3.30],M6,0.8252344099291948,Normal|AD,0.6474537886718071,2.451691608670957,0.20764503210034121,0.2598463205767517,2.585637838291302,False,1.2942286292478582,0.8206199830647369,False,False,
binary,typical_jitter,M6.A[3.35],M6,1.3009496446595308,Normal|AD,1.0151315767236921,3.0399159093031782,0.34010131720410086,0.20567767276940377,1.9373960791493277,False,0.9402825603209652,0.8044468761105208,False,False,
binary,typical_jitter,M6.N[3.35],M6,1.3028110138843187,Normal|AD,1.0160889288934454,3.038722175468269,0.34054850957835225,0.2055191844327027,1.9362557148698167,False,0.9396969573158923,0.804516783893286,False,False,
binary,typical_jitter,M6.A[3.40],M6,15.524094782057965,Normal|AD,9.063951574136262,6.600181161251115,4.451472665282962,0.00022333025507055552,0.1872082024212093,True,0.07558930632722714,0.9849319955717079,True,False,
binary,typical_jitter,M6.N[3.40],M6,15.568879007863924,Normal|AD,9.068148137894108,6.590553341352673,4.46362278418362,0.00021856492548015982,0.1866353212463989,True,0.07529606864204999,0.9849446463251504,True,False,
binary,typical_jitter,M6.A[3.45],M6,23.759642887964077,Normal|AD,6.581722139120538,4.266968401102691,6.036238199451494,0.00014624274434460433,0.2951595073240753,False,0.14888580538892604,0.9482385847432226,False,False,
binary,typical_jitter,M6.N[3.45],M6,23.82958197078484,Normal|AD,6.569537975508358,4.259118017523857,6.051598715436203,0.00014537999339802002,0.2965356686930279,False,0.1495930593630714,0.9481730296541718,False,False,
binary,typical_jitter,M6.A[3.50],M6,25.061919479076575,Normal|AD,3.3907651967945185,2.800464033802898,6.346981787952803,0.00011116871750259957,0.42569494916153555,False,0.18755399251120095,0.9651803076861392,False,False,
binary,typical_jitter,M6.N[3.50],M6,25.438798907537993,Normal|AD,3.3799652098656034,2.7920818193497023,6.440351308435827,0.00010035775285648466,0.4242315641953985,False,0.18676317339412893,0.9645364246425966,False,False,
binary,typical_jitter,M6.A[3.55],M6,2.2518633746275567,Normal|AD,0.8671952642630849,1.6794675622118804,0.5636931560547124,0.14415698550571812,1.6686723979628668,False,0.8238316941571558,0.9600068144143564,False,False,
binary,typical_jitter,M6.N[3.55],M6,2.2340867831208153,Normal|AD,0.8582994914920457,1.6695860152396593,0.5592191109295327,0.14511869845171257,1.6771808025165775,False,0.8279469967558233,0.9596535614229507,False,False,
binary,typical_jitter,M6.A[3.60],M6,0.026687253258668196,Normal|AD,0.013109207699950646,0.22700557744765093,0.008648893363200683,0.4508128251122618,49.09643054888436,False,16.57600689669316,-11.657980461185488,False,False,
binary,typical_jitter,M6.N[3.60],M6,0.05446463621140252,Normal|AD,0.026856130990895163,0.3255161781143896,0.015702217089912863,0.43203592586606987,30.27611975618929,False,10.238368625238998,-6.803420636980911,False,False,
binary,typical_jitter,M6.A[3.65],M6,0.9513465899796689,Normal|AD,0.4576004680089047,1.3279317720420083,0.2446882003634517,0.24291606502228094,2.3386488219931154,False,1.1755921000435428,0.9839160414680547,False,False,
binary,typical_jitter,M6.N[3.65],M6,0.9625899561711683,Normal|AD,0.46265473708933486,1.3347726555837152,0.2477490467951121,0.24156900148940974,2.320805393988772,False,1.166582265465557,0.9837282854444515,False,False,
binary,typical_jitter,M6.A[3.70],M6,0.027717256560787423,Normal|AD,0.0044910916514891005,0.10353264876876365,0.16885079916222362,0.301993046068639,9.092356541946964,False,3.9910663479962576,0.12036328732316129,False,False,
binary,typical_jitter,M6.N[3.70],M6,0.028978393628623395,Normal|AD,0.004722855808597708,0.1062304547063664,0.16869913807542558,0.3020787827736706,8.911381024117581,False,3.9136079945624553,0.14101132605028607,False,False,
binary,typical_jitter,M6.A[3.75],M6,0.2653902517478272,Normal|AD,0.06850349134734054,0.4297398002636853,0.0731490361731856,0.3540179383064751,8.17269012655187,False,3.2943874853048603,0.3134007657531982,False,False,
binary,typical_jitter,M6.N[3.75],M6,0.2737862004946194,Normal|AD,0.07025718446007444,0.4347634031002523,0.07515745325405357,0.3519832218427831,8.043443018525767,False,3.2400643883448135,0.3227518985176898,False,False,
binary,typical_jitter,M6.A[3.80],M6,0.7016580855479752,Normal|AD,0.3048222835949259,1.0382350774862708,0.1754170185355543,0.2768211446473822,2.9526146015566717,False,1.4593832220614948,0.9733553107522553,False,False,
binary,typical_jitter,M6.N[3.80],M6,0.7033490920065253,Normal|AD,0.3054253459674927,1.0390897779256707,0.1758399332269733,0.27658235009593335,2.9485022224811703,False,1.4574175191333438,0.9734759420454684,False,False,
binary,typical_jitter,M6.A[3.85],M6,1.8644706188713198,Normal|AD,1.0885733428522295,2.2872809017902354,0.46925530459421727,0.16635842617341381,1.7084111911321838,False,0.8193136084846557,0.9792718745595772,False,False,
binary,typical_jitter,M6.N[3.85],M6,1.8656183852420105,Normal|AD,1.0891915804583243,2.2878538713819685,0.469546480237887,0.166283270756918,1.707807998831401,False,0.8190305441473423,0.9792477805372471,False,False,
binary,typical_jitter,M6.A[3.90],M6,2.647625500860855,Normal|AD,2.036219278514587,4.199432653578928,0.666008962997421,0.12410571925836547,1.0072377548586735,False,0.48783834775986273,0.9785419665300964,False,False,
binary,typical_jitter,M6.N[3.90],M6,2.6480919745842137,Normal|AD,2.0365866629632494,4.1998411186651,0.666127393290482,0.12408456279306063,1.0071092716991235,False,0.4877768832640098,0.9785356523327936,False,False,
binary,typical_jitter,M6.A[3.95],M6,2.0861644354288127,Normal|AD,1.8420249765132677,5.610712751717294,0.5235722633583856,0.15307286977804027,0.7361472453691876,False,0.35915675512844586,0.9760913262358425,False,False,
binary,typical_jitter,M6.N[3.95],M6,2.086330753185324,Normal|AD,1.8421817117932036,5.611064994117346,0.5236143957973878,0.1530631241654555,0.7360946842549793,False,0.35913129728814996,0.9760895360327371,False,False,
binary,typical_jitter,M6.A[4.00],M6,1.282776624339952,Normal|AD,1.198849520666545,6.053711715733092,0.32126537185855847,0.21143492989099733,0.612202618269203,False,0.300212687106111,0.9743312781955995,False,False,
binary,typical_jitter,M6.N[4.00],M6,1.282847346206195,Normal|AD,1.1989190955611322,6.054012886870677,0.3212831500416906,0.21142851373358057,0.6121709069507595,False,0.3001972070385221,0.9743304953841254,False,False,
binary,typical_jitter,M6.A[4.05],M6,0.7458633480514453,Normal|AD,0.7161632918263842,5.997524401613464,0.18681091574936665,0.270576961710174,0.568446879406791,False,0.27973629963397445,0.9710567272599382,False,False,
binary,typical_jitter,M6.N[4.05],M6,0.7458951533178345,Normal|AD,0.716194856897281,5.997760193631906,0.1868188877452983,0.27057264515494694,0.5684226899030426,False,0.27972443620225246,0.971056425607684,False,False,
binary,typical_jitter,M6.A[4.10],M6,0.3919911914383168,Normal|AD,0.3812565183394294,5.276760449524008,0.09919087086561193,0.32840607237632075,0.5829960008878405,False,0.28757261981298043,0.9656443677893822,False,False,
binary,typical_jitter,M6.N[4.10],M6,0.39200669174496444,Normal|AD,0.38127185296152777,5.276930173357715,0.09919479802421319,0.3284028907605548,0.5829733508743302,False,0.28756147906416385,0.9656444722378816,False,False,
binary,typical_jitter,M6.A[4.15],M6,0.20438105022837164,Normal|AD,0.2004064026763764,4.5398530480746775,0.052921728762941,0.373430092990794,0.6686774092310359,False,0.3303851846026209,0.9774556457534911,False,False,
binary,typical_jitter,M6.N[4.15],M6,0.2043901339322154,Normal|AD,0.20041539423970142,4.540003155810251,0.0529239739668672,0.3734274394831989,0.6686504709306522,False,0.33037190598420496,0.9774559630746747,False,False,
binary,typical_jitter,M7.D,M7,7.923592317771288,Normal|AD,4.89179492832252,5.0566173778062495,2.068623986063765,0.018007542986692125,1.7863288326639897,False,0.14583240591066474,1.0170346158818262,False,False,
binary,typical_jitter,M7.D_pow,M7,2.8804874129530202,Normal|AD,2.3431116897908293,5.011935378994983,0.7886125121623382,0.10249505280513244,2.350979763193859,False,0.1865285645212251,0.8252459699327711,False,False,
binary,typical_jitter,M7.D0,M7,7.911569548039083,Normal|AD,4.86895890179375,5.032006425684362,2.068101775520543,0.01794745972177935,1.799980960762199,False,0.14570525613559168,1.0164528260806667,False,False,
binary,typical_jitter,M7.D1,M7,1.5269671095663864,Normal|AD,0.865407003677596,1.9987357842280549,0.5345671026148893,0.15454133614155002,4.947100346973363,False,0.15905328640613386,1.0856753068074134,False,False,
binary,typical_jitter,M7.D2,M7,7.006840618502462,Normal|AD,3.468748023424669,3.7066185638004003,2.2097275759820265,0.00969603680598321,1.0002284941701873,False,0.19632053187761028,1.0826761800591245,False,False,
binary,typical_jitter,M7.D3,M7,5.449346434666437,Normal|AD,3.98323720427265,5.441543783208852,1.7410716654378453,0.02154108029357317,1.652878260564992,False,0.1665226190757092,1.1080516226296593,False,False,
binary,typical_jitter,M7.D3[k3],M7,5.083881937028432,Normal|AD,4.1264746305000655,6.619938380548742,1.7345131003545724,0.021097320854907592,1.6498372667093728,False,0.14744377193920677,0.912684902515858,False,False,
binary,typical_jitter,M8.s1^2,M8,1.5454770500069834,Normal|AD,,,0.450041239513799,0.17355154124161157,0.7714450913592763,False,18.399950011511347,-0.19200485728400446,False,False,matrix-level: no per-antenna port-noise estimate
binary,typical_jitter,M8.s2^2,M8,4.382267588551574,Normal|AD,,,1.1033754030060472,0.0682911490690231,0.5293190177397517,False,12.742009262713175,0.2084143778739585,False,False,matrix-level: no per-antenna port-noise estimate
binary,typical_jitter,M8.s3^2,M8,7.563436720032503,Normal|AD,,,1.8961287276380214,0.025520671815188575,0.3910615024900618,False,9.374810929364159,0.4819328361793294,False,False,matrix-level: no per-antenna port-noise estimate
binary,typical_jitter,M8.s4^2,M8,6.632905626001815,Normal|AD,,,1.6596002169150004,0.03417134576730869,0.5543950144838915,False,13.506387247411007,0.18844031663096347,False,False,matrix-level: no per-antenna port-noise estimate
binary,typical_jitter,M8.s5^2,M8,8.205837126120633,Normal|AD,,,2.053311320369607,0.021285337443420954,0.31508527846672724,False,7.730896296877948,0.5628907930714828,False,False,matrix-level: no per-antenna port-noise estimate
binary,typical_jitter,M8.s6^2,M8,6.670515590082268,Normal|AD,,,1.672446655950967,0.03347733201008085,0.34146890800729324,False,8.35925965776581,0.47880502144819803,False,False,matrix-level: no per-antenna port-noise estimate
binary,typical_jitter,M8.lam0^2,M8,9.55768188317806,Normal|AD,3.706784539021437,3.479995768163629,2.397483885853859,0.014021339543102895,0.42244172698631366,False,10.156646618186924,0.44901960958596193,False,False,
binary,typical_jitter,M8.lam1^2,M8,8.166026721165604,Normal|AD,3.244459823611438,3.2812543774357588,2.0494383610796865,0.021147840791838624,0.452392726039869,False,11.020272724362039,0.37204849712724225,False,False,
binary,typical_jitter,M8.lam2^2,M8,8.95059237384957,Normal|AD,3.8206072076527064,3.651312702559313,2.24599695920893,0.016740509538268944,0.43098680733829403,False,10.474517192999384,0.33852464155465145,False,False,
binary,typical_jitter,M8.lam3^2,M8,8.219127273833816,Normal|AD,3.5716986739746615,3.5543393836820676,2.067746860863104,0.020502436023502924,0.44564410982984765,False,10.56178035124403,0.2907851096280924,False,False,
binary,typical_jitter,M8.lam0^2[k3],M8,8.322337324556237,Normal|AD,4.978950678700278,4.978669135783372,2.162695639065584,0.016131982247776084,0.5803028302710425,False,1.5209083009425404,0.913316215249344,False,False,
binary,typical_jitter,M8.lam1^2[k3],M8,9.889253872815994,Normal|AD,5.696753307248948,5.184106351853848,2.5711281992727733,0.009341654164126585,0.5069269917543995,False,1.333712392323055,0.9113055307455726,False,False,
binary,typical_jitter,M8.lam2^2[k3],M8,12.041448748622173,Normal|AD,6.3151817142519,5.15360935734507,3.126771648673971,0.004467792010100379,0.43538913569861626,False,1.1432660773041405,0.8971463315580015,False,False,
binary,typical_jitter,M8.lam3^2[k3],M8,14.386034304700832,Normal|AD,7.232702666836205,5.393636442629404,3.7460818538857676,0.001863825134633701,0.3634228244102203,False,0.9530010899068303,0.9074151333353014,False,False,
