scheme,profile,metric,method_id,min_J_meas,weakest_pair,min_J_eff,min_gap_over_port,min_bhatt,max_bayes_err,shift_move_over_min_gap,shift_robust,band_move_over_min_gap,band_gap_retention,freq_robust,any_ad_pair,note
three,ideal,M0.old_score,M0,64.64588970781855,Mild|Severe,0.9881045844191287,1.4166453860040185,16.16152425862063,6.5223276804407725e-09,1.0592630808206775,False,19.399208489529524,0.7417990192019621,False,True,baseline only; not a physical quantity
three,ideal,M1.Sii_dBavg,M1,2.0835297336724965,Normal|Severe,0.0023437421399859723,0.06850374532193564,0.5209085319563886,0.1536994851541153,7.389414768231441,False,187.39907787577496,0.6715110188550519,False,True,dB averaging; shown for fragility
three,ideal,M2.R,M2,27.801214547638704,Mild|Severe,0.2250996872591331,0.6737019255212662,6.950337818785146,9.634191162314853e-05,1.5555265538373948,False,37.63348733682098,0.28861571484031007,False,True,
three,ideal,M2.R[k3],M2,5004.473274758911,Mild|Severe,2.223376308768892,2.1092010546768423,1251.1196066235912,0.0,0.9931668027117385,False,2.606986521521714,0.8598711961397788,False,True,
three,ideal,M3.A,M3,27.801214547639738,Mild|Severe,0.22509968725918617,0.6737019255213462,6.950337818785404,9.634191162312167e-05,1.5555265538373486,False,37.63348733681788,0.288615714840366,False,True,affine copy of M2.R (identical separability)
three,ideal,M3.ML_of_powavg,M3,27.59907134576244,Mild|Severe,0.22421240367479334,0.6723820403262356,6.899789537415022,0.00010167578585277456,1.5622526816227083,False,36.42887558349115,0.27940117959071165,False,True,
three,ideal,M3.ML_dBavg,M3,28.047043600706285,Mild|Severe,0.9974694876761171,1.4382293150624048,7.01176091758364,9.026895483558972e-05,1.3628620891673227,False,18.83931136847005,0.7482449201674555,False,True,dB averaging; comparison only
three,ideal,M4.N,M4,28.730700171609524,Mild|Severe,0.23253417459517184,0.6847358101441646,7.182709206603227,7.525260597273409e-05,1.5299069837965744,False,36.98750614970916,0.2931136722340833,False,True,
three,ideal,M4.N[k3],M4,4949.27831941116,Mild|Severe,2.2101119164621226,2.1029024171694606,1237.320875173022,0.0,0.993696190167567,False,2.6096574843153304,0.8582249938239739,False,True,
three,ideal,M5.C,M5,10341.79755028321,Normal|Mild,2.701824455285496,2.3248002521130426,2585.4502564644904,0.0,0.01161437168562419,True,2.03914687119593,1.1104168766297942,False,True,
three,ideal,M5.C1,M5,8788.645881225462,Normal|Mild,2.2205210959911392,2.107644310620242,2197.162310458464,0.0,0.010207757665345839,True,2.1578385719696676,1.1081638094145636,False,True,
three,ideal,M5.C2,M5,31580.074511731877,Normal|Mild,2.3245680965252458,2.156264926926657,7895.025314829066,0.0,0.032281607777271355,True,0.7282558121680524,0.9793441472933283,False,True,
three,ideal,M5.C3,M5,219.54281974233456,Mild|Severe,0.009371694840793319,0.13690942195786313,54.88649410616138,5.261107207465503e-26,0.3030556349939388,False,9.978944226134338,0.15523020825680017,False,True,
three,ideal,M5.C[k3],M5,4743.250577113539,Normal|Mild,0.42236579014157,0.9191337262048048,1185.8152572536385,0.0,1.607170772926813,False,4.155685921763337,0.6714963657043544,False,True,
three,ideal,M5.C1[k3],M5,3156.6722844178494,Normal|Mild,0.2796123538972236,0.7478464062235355,789.170735794078,0.0,1.9806664158659566,False,5.131352562256308,0.5956789448948976,False,True,
three,ideal,M5.C2[k3],M5,13166.783604055605,Normal|Mild,3.680143929248532,2.7133642677888643,3291.7007689870734,0.0,0.09609428461762083,True,0.260010841249637,0.748069096274114,False,True,
three,ideal,M5.C3[k3],M5,3.41154560855303,Mild|Severe,0.0002043198978419684,0.020215446343782945,0.8530565640551752,0.09573740063824647,9.379422630680287,False,27.042737291274637,-6.412428356736613,False,True,
three,ideal,M5.C3_dBavg[k3],M5,662.2255958315137,Mild|Severe,0.02625641373121173,0.2291613178803949,165.5567287345032,2.603307881138532e-74,0.8862670706366341,False,2.5996943736492084,0.10702553755928583,False,True,dB averaging; comparison only
three,ideal,M6.fc_A,M6,67.61278246288579,Normal|Mild,0.48325862284839016,0.9866484202419828,16.903482544425568,3.0283300632228866e-09,4.44314599224696,False,17.405723145926334,0.7789912525220545,False,True,
three,ideal,M6.spread_A,M6,20.062342283001115,Mild|Severe,2.956437071510626,2.633401658536115,5.015612124097308,0.0007694430644763692,0.2568424671115311,False,22.219121015626673,0.32000778679961955,False,True,
three,ideal,M6.fc_N,M6,67.79830299236927,Normal|Mild,0.48512008775866017,0.9885507623133921,16.949861809926194,2.887341219373474e-09,4.43307859577133,False,17.38000899770023,0.7796129391543394,False,True,
three,ideal,M6.spread_N,M6,19.88453802787921,Mild|Severe,2.9344689484176443,2.623927151810314,4.97116119746748,0.0008075029267329906,0.25778937707743177,False,22.316980750535624,0.317356120792674,False,True,
three,ideal,M6.A[3.20],M6,50.22042160619789,Mild|Severe,2.8592858754442196,2.4624811249777014,12.555126699399924,2.706482546006018e-07,2.5314100204545724,False,1.2436777200241758,0.9655877224284469,False,True,
three,ideal,M6.N[3.20],M6,50.20275092154986,Mild|Severe,2.8590319773810964,2.4623913516938454,12.550709041993398,2.718911418906511e-07,2.5312503311131507,False,1.2436065714796058,0.9655825380639325,False,True,
three,ideal,M6.A[3.25],M6,12.115577802413963,Mild|Severe,0.23708268412669506,0.6954345597230507,3.0298771715332085,0.006895410762690469,8.553034814522949,False,4.21339232134036,0.7716677504433341,False,True,
three,ideal,M6.N[3.25],M6,12.113291598066025,Mild|Severe,0.2371333181047127,0.6955116107069302,3.029305301419819,0.006899889296312652,8.55086966440621,False,4.2123662455394255,0.7717421906548766,False,True,
three,ideal,M6.A[3.30],M6,96.88269255528255,Mild|Severe,0.6749082387768502,1.1658840376770734,24.220709244335644,1.7000262935143437e-12,5.354949629802569,False,2.680344596531225,0.6236397404251927,False,True,
three,ideal,M6.N[3.30],M6,96.70585678855701,Mild|Severe,0.6741771419188594,1.1652554307260852,24.17650005579941,1.7784465822405512e-12,5.356538078568095,False,2.681189466008312,0.623587264898235,False,True,
three,ideal,M6.A[3.35],M6,765.3226955303766,Normal|Mild,1.7183599813737134,1.8559239501785494,191.33083386514147,1.5890429800284054e-85,2.8425280288642,False,1.3795731092519303,0.7334715800204199,False,True,
three,ideal,M6.N[3.35],M6,764.8060205570683,Normal|Mild,1.7178763820954026,1.8556635973223365,191.20166503444398,1.8088717386946022e-85,2.8405576905202645,False,1.378569678768704,0.7335620078322153,False,True,
three,ideal,M6.A[3.40],M6,3467.5130498778617,Mild|Severe,4.266003204164362,2.922758298841202,866.8816003361637,0.0,0.3835798348757955,False,0.1548785430573038,0.9587365759646138,False,True,
three,ideal,M6.N[3.40],M6,3454.3928275152452,Mild|Severe,4.247832404904984,2.9165261367796935,863.601530705783,0.0,0.3828465455239388,False,0.15445543522324248,0.9586095148141056,False,True,
three,ideal,M6.A[3.45],M6,717.3766775316177,Mild|Severe,0.760158118773737,1.2336648362324443,179.3443195496883,2.64466946227984e-80,0.9494136652030903,False,0.47890789448910437,0.9067685177690374,False,True,
three,ideal,M6.N[3.45],M6,709.5653603369536,Mild|Severe,0.7501242825883448,1.2254942867003402,177.39148985053092,1.875226047181849e-79,0.9582173976995568,False,0.48339099538539876,0.9060009669884771,False,True,
three,ideal,M6.A[3.50],M6,125.15098660142577,Mild|Severe,0.13888020246583066,0.5273224615130128,31.28898250671071,1.2319929678037014e-15,1.8339843218103897,False,0.8080224640578514,0.9610023201604257,False,True,
three,ideal,M6.N[3.50],M6,120.20739466808733,Mild|Severe,0.1340604187596218,0.5180928403062324,30.053090985311794,4.32926562741049e-15,1.8576083124630847,False,0.8177911608649733,0.960473782333229,False,True,
three,ideal,M6.A[3.55],M6,319.6100593399947,Mild|Severe,0.042789218570266616,0.2925575086519121,79.90259041427603,6.20226016997692e-37,5.956503529351332,False,2.9407548179194998,0.9507158037021021,False,True,
three,ideal,M6.N[3.55],M6,301.3176827462293,Mild|Severe,0.040567964066762156,0.2848628676323141,75.32950069781171,6.184181876095042e-35,6.107857321082196,False,3.0151681428830854,0.9501939659368828,False,True,
three,ideal,M6.A[3.60],M6,276.0837814620673,Normal|Severe,0.11893730860211942,0.48782900499409637,69.02158131451966,3.4124102535822686e-32,13.606834617393863,False,4.593958907776628,-3.4936601515209933,False,True,
three,ideal,M6.N[3.60],M6,213.60191950657585,Normal|Mild,0.09812253760502819,0.4430973549310821,53.40102688403886,2.3888558864114334e-25,14.601442036224478,False,4.9377181498420235,-2.376542374258035,False,True,
three,ideal,M6.A[3.65],M6,1088.787711031048,Normal|Mild,0.1566073123227386,0.559696062870468,272.1969435774106,1.0389970640470948e-120,3.647191727218251,False,1.8333705093045225,0.9365423342031293,False,True,
three,ideal,M6.N[3.65],M6,1106.2981703079583,Normal|Mild,0.15959215658423753,0.5650047474520029,276.5745578578226,1.2949099157104953e-122,3.603205442856384,False,1.8111969143784068,0.9369160463001246,False,True,
three,ideal,M6.A[3.70],M6,14.392269341111007,Normal|Mild,0.0034547741689417576,0.08313367145713785,3.5983617699995905,0.0036481278620908225,10.816101495347429,False,4.747699729486139,0.4551242686771207,False,True,
three,ideal,M6.N[3.70],M6,15.151227488540508,Normal|Mild,0.003643561839124974,0.08537491730420203,3.7881040172119578,0.0029539809370913773,10.572337169685984,False,4.643049506750272,0.46934560299188427,False,True,
three,ideal,M6.A[3.75],M6,103.48243493411906,Normal|Mild,0.0354233703275852,0.2662160789875954,25.87081169974918,3.1487450824920494e-13,10.086015787494674,False,4.065643462849431,0.518513405449193,False,True,
three,ideal,M6.N[3.75],M6,106.87729259827823,Normal|Mild,0.036582798691817124,0.27053770468040234,26.719528612216116,1.3264084251039837e-13,9.895488963170665,False,3.9861066114327817,0.5267634944078228,False,True,
three,ideal,M6.A[3.80],M6,139.5012438580076,Mild|Severe,0.05916550116187774,0.34406570645872536,34.875811252433095,3.304988881351938e-17,7.131584508288737,False,3.524914756102311,0.9553669794135953,False,True,
three,ideal,M6.N[3.80],M6,139.68856158998602,Mild|Severe,0.05926150768559285,0.34434476755636345,34.922640758141874,3.1516417479952767e-17,7.122592026506419,False,3.5206317030802965,0.9554416665655665,False,True,
three,ideal,M6.A[3.85],M6,60.47225646899091,Mild|Severe,0.35357233603733135,0.843388142397911,15.118064454917555,1.9125742878544915e-08,3.6888968104220528,False,1.7691076789724576,0.975385094991785,False,True,
three,ideal,M6.N[3.85],M6,60.49696377853242,Mild|Severe,0.35374868232116813,0.8435986622062707,15.124241280862675,1.900430719744611e-08,3.687658658000495,False,1.7685273048015369,0.975369708806933,False,True,
three,ideal,M6.A[3.90],M6,25.683178419266664,Mild|Severe,1.000868478503312,1.443228137314808,6.423253078911866,0.00016644518187739496,2.254069558684611,False,1.091719967743656,0.9745816360048136,False,True,
three,ideal,M6.N[3.90],M6,25.689126678615715,Mild|Severe,1.0011399377714014,1.4434250021933481,6.42474013661499,0.00016618023868343357,2.2536932115123123,False,1.0915394003771532,0.9745777008633777,False,True,
three,ideal,M6.A[3.95],M6,10.597531306594965,Mild|Severe,1.416072386287569,1.808024167198289,2.6496630231361507,0.010659460816815765,1.783341568861099,False,0.8700693715652027,0.9668520318860557,False,True,
three,ideal,M6.N[3.95],M6,10.59945677054395,Mild|Severe,1.4163735421284374,1.808220732195333,2.6501444001462064,0.010653568864124491,1.7831258175935873,False,0.869964559992061,0.966850048944993,False,True,
three,ideal,M6.A[4.00],M6,5.4275792211324045,Mild|Severe,1.4866634208393548,2.0236054169275595,1.357046989128295,0.049724599440464506,1.6104811308206284,False,0.7897497550471861,0.966915487677126,False,True,
three,ideal,M6.N[4.00],M6,5.428352370326377,Mild|Severe,1.486918911992209,2.023790517117852,1.357240276845782,0.04971255259333334,1.6103261738021217,False,0.7896739526619004,0.9669142950762822,False,True,
three,ideal,M6.A[4.05],M6,2.6712698175829206,Mild|Severe,1.0775277974866,1.900549153279012,0.6678200324040792,0.12390208411239487,1.6331470429693944,False,0.8036819747083093,0.9601514385136306,False,True,
three,ideal,M6.N[4.05],M6,2.6716182624056195,Mild|Severe,1.0776949689985356,1.900712446408043,0.6679071441153289,0.12388666442771665,1.6330039223842296,False,0.8036116601589419,0.960151922233856,False,True,
three,ideal,M6.A[4.10],M6,1.0084227892236077,Mild|Severe,0.5117610265330449,1.4415827116171367,0.2522823087579115,0.2387697559777306,1.9613451880602202,False,0.9674666262360364,0.9428113846045958,False,True,
three,ideal,M6.N[4.10],M6,1.008589121225149,Mild|Severe,0.5118543301805516,1.441727023929059,0.25232389209551265,0.23875160447737054,1.9611447100972343,False,0.9673678439136584,0.9428149182938917,False,True,
three,ideal,M6.A[4.15],M6,0.19202772505109209,Mild|Severe,0.11930839688679067,0.7937935074782541,0.04883593903329678,0.37777934262877877,3.391757747546102,False,1.6758252844806556,0.9405436869786907,False,True,
three,ideal,M6.N[4.15],M6,0.19208932475376056,Mild|Severe,0.1193479310530877,0.7939318983988273,0.04885133781823814,0.3777605281552363,3.391125709261631,False,1.6755131607721503,0.9405533718865966,False,True,
three,ideal,M7.D,M7,1388.6185586915685,Mild|Severe,0.6963319885592173,1.1804078481957623,347.15650011772345,1.352030675686505e-153,4.878994548074216,False,0.3983116100239961,0.8768263387414656,False,True,
three,ideal,M7.D_pow,M7,753.8304712254896,Mild|Severe,4.0923244720874346,2.8686797533558837,188.47214246844814,1.8647620531912842e-85,3.7189665913718297,False,0.2950657043719435,0.8154792819418474,False,True,
three,ideal,M7.D0,M7,1373.8591285326972,Mild|Severe,0.6964175760168055,1.1804836071490066,343.4666428406042,5.479808437368634e-152,4.90217444073019,False,0.39682229872336294,0.8759544228929614,False,True,
three,ideal,M7.D1,M7,1083.1207560706018,Mild|Severe,0.027002855732083653,0.23239418644362558,270.7811210393202,3.349921393359602e-120,27.21318487863276,False,0.8749259535785101,1.016345823279624,False,True,
three,ideal,M7.D2,M7,42717.94218239252,Mild|Severe,3.1578053142221765,2.513180758908034,10679.498179450782,0.0,1.4089769228419065,False,0.2765479093105468,1.0535682501382597,False,True,
three,ideal,M7.D3,M7,39506.25382262433,Mild|Severe,3.2916439518779894,2.565898763817038,9876.60323348823,0.0,2.2852933617935824,False,0.230236578846477,1.1034107555991253,False,True,
three,ideal,M7.D3[k3],M7,32524.394028172155,Mild|Severe,5.044808508456548,3.1766621231412806,8131.141918068007,0.0,2.295572787853466,False,0.20515230043093602,0.87421637532056,False,True,
three,ideal,M8.s1^2,M8,1.2985448171465466,Normal|Mild,,,0.32571414648332936,0.209868842943461,1.564240682319884,False,37.30913668780346,0.2003735515060124,False,True,matrix-level: no per-antenna port-noise estimate
three,ideal,M8.s2^2,M8,8.977128485176891,Mild|Severe,,,2.244285121903694,0.01706099352639883,5.2936252727208375,False,127.43056644056773,-0.7524243502996489,False,True,matrix-level: no per-antenna port-noise estimate
three,ideal,M8.s3^2,M8,3.3461090818735904,Mild|Severe,,,0.8367311657236582,0.09788856898006408,690.2241612203054,False,16546.555897518378,-266.8019068646181,False,True,matrix-level: no per-antenna port-noise estimate
three,ideal,M8.s4^2,M8,2.0980585104023897,Mild|Severe,,,0.5254362680064386,0.1526479381380244,2.755395248847378,False,67.12801211831682,-0.15282033296242015,False,True,matrix-level: no per-antenna port-noise estimate
three,ideal,M8.s5^2,M8,8.435738204601126,Mild|Severe,,,2.1096032103998117,0.01995910194749912,1.9662674039260262,False,48.24411177080349,0.5681644237268045,False,True,matrix-level: no per-antenna port-noise estimate
three,ideal,M8.s6^2,M8,0.10528168687796563,Mild|Severe,,,0.02634590527884015,0.4092423579166067,13.315799786515877,False,325.97470913495687,-2.605649992645983,False,True,matrix-level: no per-antenna port-noise estimate
three,ideal,M8.lam0^2,M8,26.198970066203813,Mild|Severe,0.20532932124908831,0.6433525649626419,6.549772218983543,0.00014765533132024165,1.6117287606911006,False,38.75033743349463,0.395170547645208,False,True,
three,ideal,M8.lam1^2,M8,25.549872594039396,Mild|Severe,0.2005009341924678,0.6357464855690524,6.387499842007552,0.00017560640885519135,1.61340799985472,False,39.30256865469479,0.2972613100294384,False,True,
three,ideal,M8.lam2^2,M8,27.795715956407822,Mild|Severe,0.22714419468288108,0.676780158055708,6.948968922849884,9.647878683345453e-05,1.546230365824103,False,37.57891488880209,0.27512212263630204,False,True,
three,ideal,M8.lam3^2,M8,40.74045062854781,Mild|Severe,0.32463321812802787,0.8090003455498437,10.185144803566688,3.1896075392377836e-06,1.3050454527332276,False,30.929621005023314,0.2132123851264007,False,True,
three,ideal,M8.lam0^2[k3],M8,5158.040017507137,Mild|Severe,2.589556202350987,2.276337814599707,1289.5116007885044,0.0,1.1208273519928762,False,2.937562139363008,0.8555539900734307,False,True,
three,ideal,M8.lam1^2[k3],M8,5149.971081772974,Mild|Severe,2.4052676740450947,2.1938056280938856,1287.4941115042354,0.0,1.0379544116642136,False,2.7308324157527624,0.8612405182810663,False,True,
three,ideal,M8.lam2^2[k3],M8,4613.5464863290745,Mild|Severe,1.9280951959122836,1.9641289790265957,1153.3877744665513,0.0,0.9622547268567597,False,2.526735503346165,0.8537079207276702,False,True,
three,ideal,M8.lam3^2[k3],M8,4807.482546004299,Mild|Severe,2.0205383887822324,2.0106655408490326,1201.871824198027,0.0,0.8359236282792211,False,2.19203659022184,0.8635618458567823,False,True,
three,good,M0.old_score,M0,16.288904711009554,Mild|Severe,0.9598032483419425,1.4282153535340036,4.072263725851162,0.002159244852517579,1.0592630808206775,False,19.399208489529524,0.7417990192019621,False,True,baseline only; not a physical quantity
three,good,M1.Sii_dBavg,M1,0.5347815830064789,Normal|Severe,0.0024624441279531024,0.07033967724504062,0.1351889661791766,0.301907601509331,7.389414768231441,False,187.39907787577496,0.6715110188550519,False,True,dB averaging; shown for fragility
three,good,M2.R,M2,7.089269680585244,Mild|Severe,0.22682932801062702,0.6845829181844467,1.7724379761835547,0.029859300938090895,1.5555265538373948,False,37.63348733682098,0.28861571484031007,False,True,
three,good,M2.R[k3],M2,1068.6504828471734,Mild|Severe,2.2220742093670602,2.1103100513887916,267.1664623044645,5.777859177674448e-119,0.9931668027117385,False,2.606986521521714,0.8598711961397788,False,True,
three,good,M3.A,M3,7.0892696805850735,Mild|Severe,0.22682932801066072,0.6845829181844996,1.772437976183512,0.02985930093809242,1.5555265538373486,False,37.63348733681788,0.288615714840366,False,True,affine copy of M2.R (identical separability)
three,good,M3.ML_of_powavg,M3,7.042025125198951,Mild|Severe,0.2260459631135663,0.6834362866669097,1.760599822163402,0.030289972808044446,1.5622526816227083,False,36.42887558349115,0.27940117959071165,False,True,
three,good,M3.ML_dBavg,M3,6.695317758293713,Mild|Severe,0.9223338678351033,1.4626637553682333,1.6738337510026535,0.03364995086926525,1.3628620891673227,False,18.83931136847005,0.7482449201674555,False,True,dB averaging; comparison only
three,good,M4.N,M4,7.322481702754148,Mild|Severe,0.23420488398107378,0.6956195582017262,1.8307405040474247,0.027836717589372943,1.5299069837965744,False,36.98750614970916,0.2931136722340833,False,True,
three,good,M4.N[k3],M4,1056.9694685647844,Mild|Severe,2.208783980054306,2.1040006724115767,264.2461785015288,1.0975733980059907e-117,0.993696190167567,False,2.6096574843153304,0.8582249938239739,False,True,
three,good,M5.C,M5,2719.9437064556887,Normal|Mild,2.7025386204288355,2.3258283867838867,679.9869072089273,2.694868864156777e-298,0.01161437168562419,True,2.03914687119593,1.1104168766297942,False,True,
three,good,M5.C1,M5,2312.231024916684,Normal|Mild,2.223104055473197,2.1096177497537987,578.0587334716209,5.965194339750307e-254,0.010207757665345839,True,2.1578385719696676,1.1081638094145636,False,True,
three,good,M5.C2,M5,3771.557835088823,Normal|Mild,2.321840393723035,2.1555837454733786,942.8925253731892,0.0,0.032281607777271355,True,0.7282558121680524,0.9793441472933283,False,True,
three,good,M5.C3,M5,31.176640125052174,Mild|Severe,0.00945192701040035,0.13751213366086085,7.794715433846098,3.91783257197363e-05,0.3030556349939388,False,9.978944226134338,0.15523020825680017,False,True,
three,good,M5.C[k3],M5,1187.9436085181392,Normal|Mild,0.42406766062984486,0.9211070478227273,296.9887537413784,7.325269631512431e-132,1.607170772926813,False,4.155685921763337,0.6714963657043544,False,True,
three,good,M5.C1[k3],M5,789.1355951911687,Normal|Mild,0.2809224526448908,0.7496965961716527,197.28660046357666,2.4539164740775665e-88,1.9806664158659566,False,5.131352562256308,0.5956789448948976,False,True,
three,good,M5.C2[k3],M5,1528.0454652388357,Normal|Mild,3.6569514592191146,2.707664805703858,382.01469218555206,5.014532351603247e-169,0.09609428461762083,True,0.260010841249637,0.748069096274114,False,True,
three,good,M5.C3[k3],M5,0.4841711261353907,Mild|Severe,0.00020364466741484394,0.020185656163101775,0.12117628624188119,0.3112923901698573,9.379422630680287,False,27.042737291274637,-6.412428356736613,False,True,
three,good,M5.C3_dBavg[k3],M5,92.35635198630202,Mild|Severe,0.026253680706794735,0.22917742398443772,23.089091406310082,5.398191489073534e-12,0.8862670706366341,False,2.5996943736492084,0.10702553755928583,False,True,dB averaging; comparison only
three,good,M6.fc_A,M6,16.74758603228265,Normal|Mild,0.4703082201935165,0.983765308188892,4.187602014201437,0.0018964368737429944,4.44314599224696,False,17.405723145926334,0.7789912525220545,False,True,
three,good,M6.spread_A,M6,4.87570066656369,Mild|Severe,2.039502338711075,2.648056949848581,1.2189272975427858,0.05921894098570065,0.2568424671115311,False,22.219121015626673,0.32000778679961955,False,True,
three,good,M6.fc_N,M6,16.793198636358735,Normal|Mild,0.47211261114359443,0.9856664722998837,4.199006460192853,0.0018727629964378446,4.43307859577133,False,17.38000899770023,0.7796129391543394,False,True,
three,good,M6.spread_N,M6,4.832677797068383,Mild|Severe,2.0235032844945757,2.638587589479007,1.2081715619642566,0.06003735281794709,0.25778937707743177,False,22.316980750535624,0.317356120792674,False,True,
three,good,M6.A[3.20],M6,13.050498913568974,Mild|Severe,2.425870061658868,2.441211677366666,3.2626810711444665,0.005316413016641078,2.5314100204545724,False,1.2436777200241758,0.9655877224284469,False,True,
three,good,M6.N[3.20],M6,13.04589553479105,Mild|Severe,2.4255627093696455,2.441120040816507,3.2615302179623096,0.005323297982319028,2.5312503311131507,False,1.2436065714796058,0.9655825380639325,False,True,
three,good,M6.A[3.25],M6,3.0462428266480606,Mild|Severe,0.2301633075989311,0.7056556864239278,0.7619072519847755,0.10850790329463918,8.553034814522949,False,4.21339232134036,0.7716677504433341,False,True,
three,good,M6.N[3.25],M6,3.0456937604973437,Mild|Severe,0.23020890691824153,0.7057364984361261,0.7617699817280119,0.10852861723919385,8.55086966440621,False,4.2123662455394255,0.7717421906548766,False,True,
three,good,M6.A[3.30],M6,23.70250210269482,Mild|Severe,0.6481431258093566,1.1544391031228367,5.926484414450614,0.00028641040306789044,5.354949629802569,False,2.680344596531225,0.6236397404251927,False,True,
three,good,M6.N[3.30],M6,23.659233410278706,Mild|Severe,0.6474176347691987,1.1538042925982697,5.915667190102533,0.0002897601409861884,5.356538078568095,False,2.681189466008312,0.623587264898235,False,True,
three,good,M6.A[3.35],M6,181.52476598449599,Normal|Mild,1.6947109896372494,1.8496928803495838,45.38173709189086,7.897751702812631e-22,2.8425280288642,False,1.3795731092519303,0.7334715800204199,False,True,
three,good,M6.N[3.35],M6,181.41164273099687,Normal|Mild,1.6942251984364758,1.849430687397717,45.353455617596445,8.127247589664029e-22,2.8405576905202645,False,1.378569678768704,0.7335620078322153,False,True,
three,good,M6.A[3.40],M6,822.4055334897814,Mild|Severe,4.254884135567478,2.9247263589352546,205.6061541535595,3.742556221556654e-92,0.3835798348757955,False,0.1548785430573038,0.9587365759646138,False,True,
three,good,M6.N[3.40],M6,819.3618711033115,Mild|Severe,4.236717164183286,2.9184715325372776,204.8452465908021,8.042209496236306e-92,0.3828465455239388,False,0.15445543522324248,0.9586095148141056,False,True,
three,good,M6.A[3.45],M6,163.965420189191,Mild|Severe,0.756355609281636,1.2327698640128804,40.9932134074989,6.348841778885913e-20,0.9494136652030903,False,0.47890789448910437,0.9067685177690374,False,True,
three,good,M6.N[3.45],M6,162.14953575918378,Mild|Severe,0.7463816296901987,1.2246086276792616,40.53924043776532,1.0060388366208173e-19,0.9582173976995568,False,0.48339099538539876,0.9060009669884771,False,True,
three,good,M6.A[3.50],M6,28.93884384051857,Mild|Severe,0.13949279218236452,0.5294684895399403,7.234716305885473,7.122349049941385e-05,1.8339843218103897,False,0.8080224640578514,0.9610023201604257,False,True,
three,good,M6.N[3.50],M6,27.805093575104976,Mild|Severe,0.1346739036889478,0.5202487312275167,6.951278220133317,9.626490693537862e-05,1.8576083124630847,False,0.8177911608649733,0.960473782333229,False,True,
three,good,M6.A[3.55],M6,78.25254237169612,Mild|Severe,0.043468352853501264,0.29493223772520305,19.563792388349658,1.9596772272352075e-10,5.956503529351332,False,2.9407548179194998,0.9507158037021021,False,True,
three,good,M6.N[3.55],M6,73.74945157210618,Mild|Severe,0.04122534470532582,0.28722256954251396,18.4380186292172,6.218670684543397e-10,6.107857321082196,False,3.0151681428830854,0.9501939659368828,False,True,
three,good,M6.A[3.60],M6,79.34522710153104,Normal|Severe,0.1211558044213051,0.4926278221850257,19.836515286215445,1.4950429713286487e-10,13.606834617393863,False,4.593958907776628,-3.4936601515209933,False,True,
three,good,M6.N[3.60],M6,57.430464279688245,Normal|Mild,0.0978737957996446,0.44281119775345795,14.360300904457395,4.022908605435052e-08,14.601442036224478,False,4.9377181498420235,-2.376542374258035,False,True,
three,good,M6.A[3.65],M6,274.29398691104535,Normal|Mild,0.1564675011179012,0.5595655581764026,68.57383636332413,5.468169289412868e-32,3.647191727218251,False,1.8333705093045225,0.9365423342031293,False,True,
three,good,M6.N[3.65],M6,278.75821390612174,Normal|Mild,0.1594495713432176,0.564873133764563,69.68990397076416,1.7749619428015132e-32,3.603205442856384,False,1.8111969143784068,0.9369160463001246,False,True,
three,good,M6.A[3.70],M6,3.800621752459576,Normal|Mild,0.0032450062303192345,0.08059502732110047,0.9506255185494038,0.08394554196462412,10.816101495347429,False,4.747699729486139,0.4551242686771207,False,True,
three,good,M6.N[3.70],M6,4.006924527860498,Normal|Mild,0.0034280887395836714,0.08283748091098556,1.0021967585066969,0.07839783572263676,10.572337169685984,False,4.643049506750272,0.46934560299188427,False,True,
three,good,M6.A[3.75],M6,27.403196259842282,Normal|Mild,0.034256230721560164,0.2619126091036504,6.851068166194277,0.00010691060442113408,10.086015787494674,False,4.065643462849431,0.518513405449193,False,True,
three,good,M6.N[3.75],M6,28.30223352051655,Normal|Mild,0.035393158498097266,0.26622349476323853,7.075831292485296,8.416347443053417e-05,9.895488963170665,False,3.9861066114327817,0.5267634944078228,False,True,
three,good,M6.A[3.80],M6,35.456432245495904,Mild|Severe,0.0593749484705635,0.3448899647208832,8.864133093728627,1.2737799253382451e-05,7.131584508288737,False,3.524914756102311,0.9553669794135953,False,True,
three,good,M6.N[3.80],M6,35.502418116804925,Mild|Severe,0.059470675715047674,0.34516796827896395,8.875629595191286,1.25847601364117e-05,7.122592026506419,False,3.5206317030802965,0.9554416665655665,False,True,
three,good,M6.A[3.85],M6,14.8701077390029,Mild|Severe,0.3514522054505424,0.8484807451753998,3.718230952485876,0.0031877353818226557,3.6888968104220528,False,1.7691076789724576,0.975385094991785,False,True,
three,good,M6.N[3.85],M6,14.876051279592843,Mild|Severe,0.3516263777994664,0.8486919482895433,3.7197169233282494,0.0031824713176794753,3.687658658000495,False,1.7685273048015369,0.975369708806933,False,True,
three,good,M6.A[3.90],M6,6.168564367673199,Mild|Severe,0.9003882191930158,1.4520842216021006,1.54251792383522,0.039488689301448866,2.254069558684611,False,1.091719967743656,0.9745816360048136,False,True,
three,good,M6.N[3.90],M6,6.169968253344194,Mild|Severe,0.9006265308354946,1.4522809771602583,1.5428688856017212,0.03947164973685533,2.2536932115123123,False,1.0915394003771532,0.9745777008633777,False,True,
three,good,M6.A[3.95],M6,3.016637033708102,Mild|Severe,1.125313768144171,1.8946563981040565,0.7553649330489329,0.1094671846374714,1.783341568861099,False,0.8700693715652027,0.9668520318860557,False,True,
three,good,M6.N[3.95],M6,3.0171582843530493,Mild|Severe,1.125534178468669,1.8948549426955257,0.7554952434294204,0.10944730064958719,1.7831258175935873,False,0.869964559992061,0.966850048944993,False,True,
three,good,M6.A[4.00],M6,1.382644654813107,Mild|Severe,0.8326884873394076,2.046197402605635,0.3464326891796132,0.20263617632208492,1.6104811308206284,False,0.7897497550471861,0.966915487677126,False,True,
three,good,M6.N[4.00],M6,1.3828395391243382,Mild|Severe,0.8328192564742688,2.0463829981333164,0.34648144086748167,0.20261963807804234,1.6103261738021217,False,0.7896739526619004,0.9669142950762822,False,True,
three,good,M6.A[4.05],M6,0.7063100261180929,Mild|Severe,0.5123350279373108,1.9315983680010085,0.17671470325818403,0.27611406110768827,1.6331470429693944,False,0.8036819747083093,0.9601514385136306,False,True,
three,good,M6.N[4.05],M6,0.7064004053554237,Mild|Severe,0.5124062985182469,1.9317611555989083,0.1767373107466237,0.276101346619808,1.6330039223842296,False,0.8036116601589419,0.960151922233856,False,True,
three,good,M6.A[4.10],M6,0.21095659664660477,Mild|Severe,0.1705731398365445,1.3349503978462083,0.05288580051954058,0.37258162541092776,1.9613451880602202,False,0.9674666262360364,0.9428113846045958,False,True,
three,good,M6.N[4.10],M6,0.21099487373202996,Mild|Severe,0.1706051932925528,1.335094063547323,0.05289536856052784,0.37257048366850115,1.9611447100972343,False,0.9673678439136584,0.9428149182938917,False,True,
three,good,M6.A[4.15],M6,0.04930541282710507,Mild|Severe,0.04246398999256738,0.782347106270627,0.012345273034466399,0.4375934592149687,3.391757747546102,False,1.6758252844806556,0.9405436869786907,False,True,
three,good,M6.N[4.15],M6,0.04932141570205449,Mild|Severe,0.04247793832820303,0.78248507378747,0.012349270556327048,0.4375834272857574,3.391125709261631,False,1.6755131607721503,0.9405533718865966,False,True,
three,good,M7.D,M7,303.45618593318125,Mild|Severe,0.6967760177751315,1.1818456674095703,75.86939330216836,2.4084419249079525e-35,4.878994548074216,False,0.3983116100239961,0.8768263387414656,False,True,
three,good,M7.D_pow,M7,134.14241955388425,Mild|Severe,3.98523795165344,2.866098596011531,33.546152389032414,9.097258085237218e-17,3.7189665913718297,False,0.2950657043719435,0.8154792819418474,False,True,
three,good,M7.D0,M7,300.1942359347806,Mild|Severe,0.6968853328184158,1.18195336648695,75.0538843193086,5.506108846249917e-35,4.90217444073019,False,0.39682229872336294,0.8759544228929614,False,True,
three,good,M7.D1,M7,254.29137749593863,Mild|Severe,0.02668595972561531,0.23103575701386217,63.57521179917701,7.407565210504353e-30,27.21318487863276,False,0.8749259535785101,1.016345823279624,False,True,
three,good,M7.D2,M7,4759.9337989323085,Mild|Severe,3.166176487001382,2.517254036432212,1189.9987691019414,0.0,1.4089769228419065,False,0.2765479093105468,1.0535682501382597,False,True,
three,good,M7.D3,M7,6076.110641675484,Mild|Severe,3.290964877830564,2.566222246026374,1519.0529784349803,0.0,2.2852933617935824,False,0.230236578846477,1.1034107555991253,False,True,
three,good,M7.D3[k3],M7,4994.16381297953,Mild|Severe,5.043851146333012,3.1777194114870637,1248.570608540378,0.0,2.295572787853466,False,0.20515230043093602,0.87421637532056,False,True,
three,good,M8.s1^2,M8,0.00013035276665696304,Normal|Mild,,,0.00027438067717901773,0.4919734784257901,1.564240682319884,False,37.30913668780346,0.2003735515060124,False,True,matrix-level: no per-antenna port-noise estimate
three,good,M8.s2^2,M8,3.4773550652261385,Mild|Severe,,,0.8693482669229045,0.09365158720613409,5.2936252727208375,False,127.43056644056773,-0.7524243502996489,False,True,matrix-level: no per-antenna port-noise estimate
three,good,M8.s3^2,M8,2.129053660613825,Mild|Severe,,,0.5323520723400406,0.15107172337399355,690.2241612203054,False,16546.555897518378,-266.8019068646181,False,True,matrix-level: no per-antenna port-noise estimate
three,good,M8.s4^2,M8,0.7480526437997583,Mild|Severe,,,0.1871365531520581,0.27036301983692246,2.755395248847378,False,67.12801211831682,-0.15282033296242015,False,True,matrix-level: no per-antenna port-noise estimate
three,good,M8.s5^2,M8,1.6012252046605777,Mild|Severe,,,0.40061620585693897,0.18537183146470249,1.9662674039260262,False,48.24411177080349,0.5681644237268045,False,True,matrix-level: no per-antenna port-noise estimate
three,good,M8.s6^2,M8,0.049172318918284504,Mild|Severe,,,0.012665631424908187,0.4372269791984481,13.315799786515877,False,325.97470913495687,-2.605649992645983,False,True,matrix-level: no per-antenna port-noise estimate
three,good,M8.lam0^2,M8,6.684641954658025,Mild|Severe,0.20731591797048537,0.6541427292643749,1.6712400617004213,0.03375257388307481,1.6117287606911006,False,38.75033743349463,0.395170547645208,False,True,
three,good,M8.lam1^2,M8,6.525479272935757,Mild|Severe,0.2026242827507033,0.6467111363000306,1.631485993203747,0.03542461344773606,1.61340799985472,False,39.30256865469479,0.2972613100294384,False,True,
three,good,M8.lam2^2,M8,7.083737785835252,Mild|Severe,0.22871849522495455,0.6875314010709233,1.771074685614972,0.029907520624069428,1.546230365824103,False,37.57891488880209,0.27512212263630204,False,True,
three,good,M8.lam3^2,M8,10.33843233698743,Mild|Severe,0.3252791819807097,0.8195681033150918,2.584741639207576,0.011489838727851052,1.3050454527332276,False,30.929621005023314,0.2132123851264007,False,True,
three,good,M8.lam0^2[k3],M8,1112.772279636666,Mild|Severe,2.586727382219297,2.2771712476121895,278.1976964275386,7.058083460925209e-124,1.1208273519928762,False,2.937562139363008,0.8555539900734307,False,True,
three,good,M8.lam1^2[k3],M8,1109.3248303515845,Mild|Severe,2.403448972458613,2.194842846653302,277.33568697396214,1.750420940202056e-123,1.0379544116642136,False,2.7308324157527624,0.8612405182810663,False,True,
three,good,M8.lam2^2[k3],M8,981.3487582168897,Mild|Severe,1.927505668089785,1.9653493370809052,245.34033726071897,2.3402874129311836e-109,0.9622547268567597,False,2.526735503346165,0.8537079207276702,False,True,
three,good,M8.lam3^2[k3],M8,1010.5456353047284,Mild|Severe,2.0197260872074367,2.011850339866587,252.63923640370703,1.653475793687645e-112,0.8359236282792211,False,2.19203659022184,0.8635618458567823,False,True,
three,typical,M0.old_score,M0,2.6319008354579054,Mild|Severe,0.7254773930244129,1.4153114357992083,0.6579921010496459,0.12565654633243983,1.0592630808206775,False,19.399208489529524,0.7417990192019621,False,True,baseline only; not a physical quantity
three,typical,M1.Sii_dBavg,M1,0.0917877431889732,Normal|Severe,0.0023433739323985526,0.06935082600339058,0.023312440253948588,0.4148385784104094,7.389414768231441,False,187.39907787577496,0.6715110188550519,False,True,dB averaging; shown for fragility
three,typical,M2.R,M2,1.178760679993309,Mild|Severe,0.1898678946978169,0.6727891536356371,0.2947342159551319,0.22131586529989428,1.5555265538373948,False,37.63348733682098,0.28861571484031007,False,True,
three,typical,M2.R[k3],M2,196.18833134018521,Mild|Severe,2.2085830053549134,2.1136362647345237,49.04836150234473,1.8711183122837002e-23,0.9931668027117385,False,2.606986521521714,0.8598711961397788,False,True,
three,typical,M3.A,M3,1.1787606799932937,Mild|Severe,0.18986789469784107,0.672789153635689,0.29473421595512805,0.22131586529989572,1.5555265538373486,False,37.63348733681788,0.288615714840366,False,True,affine copy of M2.R (identical separability)
three,typical,M3.ML_of_powavg,M3,1.1701165507073397,Mild|Severe,0.189395263256256,0.6722662588147358,0.2925553392811778,0.22216015522780308,1.5622526816227083,False,36.42887558349115,0.27940117959071165,False,True,
three,typical,M3.ML_dBavg,M3,0.03878709482286443,Mild|Severe,0.037753677073144004,1.6834502786317151,0.009719805774489837,0.44458879274424823,1.3628620891673227,False,18.83931136847005,0.7482449201674555,False,True,dB averaging; comparison only
three,typical,M4.N,M4,1.218337983930217,Mild|Severe,0.19618022098954233,0.6838605229779577,0.3046284419726015,0.21753709860402592,1.5299069837965744,False,36.98750614970916,0.2931136722340833,False,True,
three,typical,M4.N[k3],M4,194.097597303385,Mild|Severe,2.195356299061031,2.1073543195463795,48.5256724611055,3.1754404180094615e-23,0.993696190167567,False,2.6096574843153304,0.8582249938239739,False,True,
three,typical,M5.C,M5,410.14790043969447,Normal|Mild,2.6933547589132836,2.3285868521859214,102.53838817115961,7.048377397007694e-47,0.01161437168562419,True,2.03914687119593,1.1104168766297942,False,True,
three,typical,M5.C1,M5,347.38997122284866,Normal|Mild,2.2031426569142183,2.1058034744810525,86.84897069688176,5.067413479646972e-40,0.010207757665345839,True,2.1578385719696676,1.1081638094145636,False,True,
three,typical,M5.C2,M5,403.75134766802637,Normal|Mild,2.324189590342639,2.16224245709042,100.94270170265756,2.4780784248301653e-46,0.032281607777271355,True,0.7282558121680524,0.9793441472933283,False,True,
three,typical,M5.C3,M5,3.3644595827897876,Mild|Severe,0.009970026375141954,0.14141894307555403,0.8411194458318214,0.09731341328017142,0.3030556349939388,False,9.978944226134338,0.15523020825680017,False,True,
three,typical,M5.C[k3],M5,185.0182470952778,Normal|Mild,0.42366895826544204,0.9215653362938451,46.257574514102515,2.9062543099702606e-22,1.607170772926813,False,4.155685921763337,0.6714963657043544,False,True,
three,typical,M5.C1[k3],M5,123.80306937689501,Normal|Mild,0.2806195112226056,0.7500093671098018,30.95368440291884,1.6447133956843246e-15,1.9806664158659566,False,5.131352562256308,0.5956789448948976,False,True,
three,typical,M5.C2[k3],M5,183.13543011437426,Normal|Mild,3.630237628030995,2.721637018145328,45.79043418718424,3.963994307524324e-22,0.09609428461762083,True,0.260010841249637,0.748069096274114,False,True,
three,typical,M5.C3[k3],M5,0.07912088559009985,Mild|Severe,0.0003288843947444091,0.02570047414663268,0.0198517245524932,0.4210982561828863,9.379422630680287,False,27.042737291274637,-6.412428356736613,False,True,
three,typical,M5.C3_dBavg[k3],M5,8.797473856589024,Mild|Severe,0.025027341446426658,0.22404795545657732,2.1993921643205123,0.017981428992906178,0.8862670706366341,False,2.5996943736492084,0.10702553755928583,False,True,dB averaging; comparison only
three,typical,M6.fc_A,M6,2.915096121113291,Normal|Mild,0.4294289226823034,1.003611415943112,0.7295355416726393,0.11351124970572735,4.44314599224696,False,17.405723145926334,0.7789912525220545,False,True,
three,typical,M6.spread_A,M6,0.7616850391020389,Mild|Severe,0.6239541941889845,2.627020481951692,0.19045535349526158,0.26856375230801055,0.2568424671115311,False,22.219121015626673,0.32000778679961955,False,True,
three,typical,M6.fc_N,M6,2.922950793111046,Normal|Mild,0.431004023449326,1.0055346288733369,0.731500466072346,0.1131987053981089,4.43307859577133,False,17.38000899770023,0.7796129391543394,False,True,
three,typical,M6.spread_N,M6,0.75489534205651,Mild|Severe,0.6185832901367122,2.617521966932379,0.18875781783372503,0.26947359714142693,0.25778937707743177,False,22.316980750535624,0.317356120792674,False,True,
three,typical,M6.A[3.20],M6,2.0471136184449366,Mild|Severe,1.2145062309119186,2.4438003079801254,0.5124466184665459,0.1556787135533477,2.5314100204545724,False,1.2436777200241758,0.9655877224284469,False,True,
three,typical,M6.N[3.20],M6,2.04639975849924,Mild|Severe,1.2142157505014584,2.4437033487553914,0.5122682823191149,0.15572084488142338,2.5312503311131507,False,1.2436065714796058,0.9655825380639325,False,True,
three,typical,M6.A[3.25],M6,0.4847539940565055,Mild|Severe,0.1519603829379164,0.6653549548704515,0.12129497337450922,0.31119982041600747,8.553034814522949,False,4.21339232134036,0.7716677504433341,False,True,
three,typical,M6.N[3.25],M6,0.4846491344558164,Mild|Severe,0.15197145878306823,0.6654231493842054,0.12126875585799723,0.31121863698002095,8.55086966440621,False,4.2123662455394255,0.7717421906548766,False,True,
three,typical,M6.A[3.30],M6,3.648630674364315,Mild|Severe,0.5423661037005475,1.1287740028212414,0.9123200119975934,0.08837305123751091,5.354949629802569,False,2.680344596531225,0.6236397404251927,False,True,
three,typical,M6.N[3.30],M6,3.641783522146453,Mild|Severe,0.5416798366952047,1.1281199677880112,0.9106084673227722,0.0885763117430829,5.356538078568095,False,2.681189466008312,0.623587264898235,False,True,
three,typical,M6.A[3.35],M6,29.063398896254803,Normal|Mild,1.6400386824807984,1.8644679007089882,7.2659882645956495,6.883169331166966e-05,2.8425280288642,False,1.3795731092519303,0.7334715800204199,False,True,
three,typical,M6.N[3.35],M6,29.042856971922532,Normal|Mild,1.6394944053386282,1.8641794105545462,7.260851945571586,6.920864784976172e-05,2.8405576905202645,False,1.378569678768704,0.7335620078322153,False,True,
three,typical,M6.A[3.40],M6,133.0168647528535,Mild|Severe,4.129263242799444,2.9194367160975565,33.255877097649865,1.6456787737929173e-16,0.3835798348757955,False,0.1548785430573038,0.9587365759646138,False,True,
three,typical,M6.N[3.40],M6,132.55934790148234,Mild|Severe,4.111722433039085,2.913191485466952,33.14149250058101,1.8488901086159616e-16,0.3828465455239388,False,0.15445543522324248,0.9586095148141056,False,True,
three,typical,M6.A[3.45],M6,29.606778782382353,Mild|Severe,0.7717310292518808,1.2588767738178268,7.401720447846143,5.9647555619354894e-05,0.9494136652030903,False,0.47890789448910437,0.9067685177690374,False,True,
three,typical,M6.N[3.45],M6,29.29078696096165,Mild|Severe,0.7617578569040935,1.2506779497076332,7.322723226483472,6.486134558693255e-05,0.9582173976995568,False,0.48339099538539876,0.9060009669884771,False,True,
three,typical,M6.A[3.50],M6,4.988745895986126,Mild|Severe,0.13593878231590262,0.528671455811357,1.2477016919890582,0.05706163914196326,1.8339843218103897,False,0.8080224640578514,0.9610023201604257,False,True,
three,typical,M6.N[3.50],M6,4.794703489712409,Mild|Severe,0.13121178032082387,0.5194295885181811,1.1991846184910795,0.06070332554747797,1.8576083124630847,False,0.8177911608649733,0.960473782333229,False,True,
three,typical,M6.A[3.55],M6,12.693438506573338,Mild|Severe,0.04153804152374876,0.28870198127284624,3.173428423724737,0.005878252298513064,5.956503529351332,False,2.9407548179194998,0.9507158037021021,False,True,
three,typical,M6.N[3.55],M6,11.954906247015703,Mild|Severe,0.039354760551119854,0.2810150946441128,2.988796006991572,0.007242962897989775,6.107857321082196,False,3.0151681428830854,0.9501939659368828,False,True,
three,typical,M6.A[3.60],M6,12.034029327779384,Normal|Severe,0.12077259037079256,0.493957371189257,3.0085080002895537,0.0070842812904534135,13.606834617393863,False,4.593958907776628,-3.4936601515209933,False,True,
three,typical,M6.N[3.60],M6,8.750459792179,Normal|Mild,0.09866590357393062,0.44674623487374376,2.193085407210099,0.017920679800331105,14.601442036224478,False,4.9377181498420235,-2.376542374258035,False,True,
three,typical,M6.A[3.65],M6,45.143732612234324,Normal|Mild,0.15751429285476518,0.5622558346824835,11.285938118940154,1.0120784239123095e-06,3.647191727218251,False,1.8333705093045225,0.9365423342031293,False,True,
three,typical,M6.N[3.65],M6,45.87192521700668,Normal|Mild,0.1605064865274479,0.5675739121738675,11.467987345265152,8.373808911530716e-07,3.603205442856384,False,1.8111969143784068,0.9369160463001246,False,True,
three,typical,M6.A[3.70],M6,0.6475380993627851,Normal|Mild,0.0036616152103671573,0.08581885793342278,0.1622213653346714,0.2845428374282974,10.816101495347429,False,4.747699729486139,0.4551242686771207,False,True,
three,typical,M6.N[3.70],M6,0.6805333878387698,Normal|Mild,0.0038554214795050853,0.08806120622877422,0.17047044566089012,0.2797074441813073,10.572337169685984,False,4.643049506750272,0.46934560299188427,False,True,
three,typical,M6.A[3.75],M6,4.03506907754932,Normal|Mild,0.0355183408870925,0.2677079171373009,1.0088742781195055,0.0777291939367343,10.086015787494674,False,4.065643462849431,0.518513405449193,False,True,
three,typical,M6.N[3.75],M6,4.167275189631452,Normal|Mild,0.03667572874253019,0.27203446012125604,1.0419313385629931,0.07442557609432203,9.895488963170665,False,3.9861066114327817,0.5267634944078228,False,True,
three,typical,M6.A[3.80],M6,5.55921893377094,Mild|Severe,0.05894449083996259,0.3451845247021515,1.3898795378916577,0.047727310736666986,7.131584508288737,False,3.524914756102311,0.9553669794135953,False,True,
three,typical,M6.N[3.80],M6,5.566635361506094,Mild|Severe,0.059040277943669804,0.3454654179166643,1.3917337177119322,0.04761692343117293,7.122592026506419,False,3.5206317030802965,0.9554416665655665,False,True,
three,typical,M6.A[3.85],M6,2.802763404200522,Mild|Severe,0.3267334998614915,0.8600567458145553,0.702237016560511,0.11793623797705333,3.6888968104220528,False,1.7691076789724576,0.975385094991785,False,True,
three,typical,M6.N[3.85],M6,2.8038926804453874,Mild|Severe,0.326891675632689,0.860269509643772,0.7025192667161675,0.11788912671681329,3.687658658000495,False,1.7685273048015369,0.975369708806933,False,True,
three,typical,M6.A[3.90],M6,1.0020156608763253,Mild|Severe,0.5174195473888761,1.462795800961414,0.25063097364587816,0.23948699038499235,2.254069558684611,False,1.091719967743656,0.9745816360048136,False,True,
three,typical,M6.N[3.90],M6,1.0022481122137399,Mild|Severe,0.517550049017057,1.4629960587207527,0.25068909090860586,0.23946149977949713,2.2536932115123123,False,1.0915394003771532,0.9745777008633777,False,True,
three,typical,M6.A[3.95],M6,0.45007313809901944,Mild|Severe,0.35770894585097646,1.867108805106831,0.11459936687049944,0.31666305707249254,1.783341568861099,False,0.8700693715652027,0.9668520318860557,False,True,
three,typical,M6.N[3.95],M6,0.4501528881021661,Mild|Severe,0.3577749167996841,1.867307117911499,0.11461938882988575,0.31664810793081755,1.7831258175935873,False,0.869964559992061,0.966850048944993,False,True,
three,typical,M6.A[4.00],M6,0.1903551292170139,Mild|Severe,0.17250368690613835,1.918049562031571,0.04774410440912109,0.37874292211744087,1.6104811308206284,False,0.7897497550471861,0.966915487677126,False,True,
three,typical,M6.N[4.00],M6,0.1903831573229099,Mild|Severe,0.17252977791914048,1.918231748875723,0.047751095927049195,0.3787343000892961,1.6103261738021217,False,0.7896739526619004,0.9669142950762822,False,True,
three,typical,M6.A[4.05],M6,0.0860463163175211,Mild|Severe,0.08167810341525157,1.793833221987053,0.022190932703101122,0.41718156515363264,1.6331470429693944,False,0.8036819747083093,0.9601514385136306,False,True,
three,typical,M6.N[4.05],M6,0.08605812651549663,Mild|Severe,0.08168948373690724,1.7939930246065514,0.022193879094537617,0.41717605540659,1.6330039223842296,False,0.8036116601589419,0.960151922233856,False,True,
three,typical,M6.A[4.10],M6,0.0352469500485963,Mild|Severe,0.03400066995876642,1.3867931192587961,0.01109100410933794,0.44396899051323446,1.9613451880602202,False,0.9674666262360364,0.9428113846045958,False,True,
three,typical,M6.N[4.10],M6,0.03525287726190202,Mild|Severe,0.03400642871040695,1.3869334304478589,0.011092535823085576,0.44396476507012994,1.9611447100972343,False,0.9673678439136584,0.9428149182938917,False,True,
three,typical,M6.A[4.15],M6,0.009646795346461012,Mild|Severe,0.00940766420255105,0.8712230627416861,0.0025526290909982266,0.4719181879373979,3.391757747546102,False,1.6758252844806556,0.9405436869786907,False,True,
three,typical,M6.N[4.15],M6,0.009649691077882194,Mild|Severe,0.009410494375537311,0.8713654353027935,0.002553367652581507,0.47191405611147064,3.391125709261631,False,1.6755131607721503,0.9405533718865966,False,True,
three,typical,M7.D,M7,41.715320154675275,Mild|Severe,0.6723585526215138,1.1690791348364793,10.432457702305385,2.37324417608276e-06,4.878994548074216,False,0.3983116100239961,0.8768263387414656,False,True,
three,typical,M7.D_pow,M7,7.448542540001283,Mild|Severe,2.4887811957484094,2.734095107284813,1.8666266300355598,0.02647512296345653,3.7189665913718297,False,0.2950657043719435,0.8154792819418474,False,True,
three,typical,M7.D0,M7,41.276429697187766,Mild|Severe,0.6723480217472235,1.1691716596043507,10.322749053688408,2.6620365210082936e-06,4.90217444073019,False,0.39682229872336294,0.8759544228929614,False,True,
three,typical,M7.D1,M7,54.164519470915934,Mild|Severe,0.025942856266127613,0.22783892518751692,13.541418285909403,9.708176772887929e-08,27.21318487863276,False,0.8749259535785101,1.016345823279624,False,True,
three,typical,M7.D2,M7,460.022758047725,Mild|Severe,3.1864071517565513,2.5332319899808913,115.01921201868696,6.174990228318826e-53,1.4089769228419065,False,0.2765479093105468,1.0535682501382597,False,True,
three,typical,M7.D3,M7,637.6353824426473,Mild|Severe,3.2725654234670425,2.5649358701126843,159.43079281489327,3.8788900345527715e-73,2.2852933617935824,False,0.230236578846477,1.1034107555991253,False,True,
three,typical,M7.D3[k3],M7,587.9300747761893,Mild|Severe,4.998119147007903,3.1752081946912734,147.00541833133005,1.1488799635714308e-67,2.295572787853466,False,0.20515230043093602,0.87421637532056,False,True,
three,typical,M8.s1^2,M8,0.2116126593320109,Normal|Mild,,,0.05379044311849565,0.37191785877590133,1.564240682319884,False,37.30913668780346,0.2003735515060124,False,True,matrix-level: no per-antenna port-noise estimate
three,typical,M8.s2^2,M8,0.867977658200464,Mild|Severe,,,0.2170698407374242,0.25499270899566806,5.2936252727208375,False,127.43056644056773,-0.7524243502996489,False,True,matrix-level: no per-antenna port-noise estimate
three,typical,M8.s3^2,M8,0.6702475251062961,Mild|Severe,,,0.16759724278160595,0.2813149880382047,690.2241612203054,False,16546.555897518378,-266.8019068646181,False,True,matrix-level: no per-antenna port-noise estimate
three,typical,M8.s4^2,M8,0.17148167127959224,Mild|Severe,,,0.04305934423015694,0.38469799754769807,2.755395248847378,False,67.12801211831682,-0.15282033296242015,False,True,matrix-level: no per-antenna port-noise estimate
three,typical,M8.s5^2,M8,0.08869187167086331,Mild|Severe,,,0.02229112222669085,0.4164915629790825,1.9662674039260262,False,48.24411177080349,0.5681644237268045,False,True,matrix-level: no per-antenna port-noise estimate
three,typical,M8.s6^2,M8,0.025640085748863544,Mild|Severe,,,0.006410553544061218,0.45492489786718926,13.315799786515877,False,325.97470913495687,-2.605649992645983,False,True,matrix-level: no per-antenna port-noise estimate
three,typical,M8.lam0^2,M8,1.118175458736588,Mild|Severe,0.17486513989976682,0.6438642370822367,0.27957019415211803,0.22730575493616914,1.6117287606911006,False,38.75033743349463,0.395170547645208,False,True,
three,typical,M8.lam1^2,M8,1.085303860613708,Mild|Severe,0.1702567258175635,0.6355080814865772,0.27138941887857804,0.23064766186333208,1.61340799985472,False,39.30256865469479,0.2972613100294384,False,True,
three,typical,M8.lam2^2,M8,1.1762866874422944,Mild|Severe,0.19103204908959612,0.6753835240276036,0.2941091684067359,0.22155744824876017,1.546230365824103,False,37.57891488880209,0.27512212263630204,False,True,
three,typical,M8.lam3^2,M8,1.7178050254878408,Mild|Severe,0.273457190243432,0.8065117676026429,0.42949320988064027,0.1770120646693683,1.3050454527332276,False,30.929621005023314,0.2132123851264007,False,True,
three,typical,M8.lam0^2[k3],M8,203.62643518535722,Mild|Severe,2.5671827552053577,2.280333873798265,50.90798422174078,2.8404789323664022e-24,1.1208273519928762,False,2.937562139363008,0.8555539900734307,False,True,
three,typical,M8.lam1^2[k3],M8,202.73435277227648,Mild|Severe,2.3870653634026793,2.1979564975718393,50.684809422823264,3.587266132919675e-24,1.0379544116642136,False,2.7308324157527624,0.8612405182810663,False,True,
three,typical,M8.lam2^2[k3],M8,180.4885219824842,Mild|Severe,1.9175413700021668,1.9688232145766782,45.123384259304785,9.933743871524867e-22,0.9622547268567597,False,2.526735503346165,0.8537079207276702,False,True,
three,typical,M8.lam3^2[k3],M8,188.25832079557023,Mild|Severe,2.009468374784786,2.015514250718873,47.06576630600063,1.3960500048307105e-22,0.8359236282792211,False,2.19203659022184,0.8635618458567823,False,True,
three,noisy,M0.old_score,M0,0.7362127771788859,Mild|Severe,0.42765591880701015,1.4285528587238665,0.18409428423311094,0.2720037624846917,1.0592630808206775,False,19.399208489529524,0.7417990192019621,False,True,baseline only; not a physical quantity
three,noisy,M1.Sii_dBavg,M1,0.023066250676613047,Normal|Severe,0.0022832774077481137,0.07119164068384268,0.006314919042895934,0.45624837753347725,7.389414768231441,False,187.39907787577496,0.6715110188550519,False,True,dB averaging; shown for fragility
three,noisy,M2.R,M2,0.3322912517607671,Mild|Severe,0.14972203380615778,0.7382501315592201,0.08308709963913878,0.3417726425002125,1.5555265538373948,False,37.63348733682098,0.28861571484031007,False,True,
three,noisy,M2.R[k3],M2,46.16111685209144,Mild|Severe,2.1410887314537947,2.119070115581511,11.542442947226863,7.560003075106511e-07,0.9931668027117385,False,2.606986521521714,0.8598711961397788,False,True,
three,noisy,M3.A,M3,0.33229125176074004,Mild|Severe,0.1497220338061587,0.7382501315592491,0.08308709963913201,0.34177264250021866,1.5555265538373486,False,37.63348733681788,0.288615714840366,False,True,affine copy of M2.R (identical separability)
three,noisy,M3.ML_of_powavg,M3,0.33035468732068207,Mild|Severe,0.14996008325971172,0.7411076555377957,0.08259543153277552,0.3422134001230315,1.5622526816227083,False,36.42887558349115,0.27940117959071165,False,True,
three,noisy,M3.ML_dBavg,M3,0.04427326957981587,Mild|Severe,0.044148084489392794,5.588116151709314,0.011107074546818923,0.4408096406376122,1.3628620891673227,False,18.83931136847005,0.7482449201674555,False,True,dB averaging; comparison only
three,noisy,M4.N,M4,0.3424931636678611,Mild|Severe,0.1542884482532385,0.7493632777227746,0.08563770226863078,0.339495684423029,1.5299069837965744,False,36.98750614970916,0.2931136722340833,False,True,
three,noisy,M4.N[k3],M4,45.661232199336055,Mild|Severe,2.1276448203866187,2.112643161821853,11.417485538311261,8.610625361380655e-07,0.993696190167567,False,2.6096574843153304,0.8582249938239739,False,True,
three,noisy,M5.C,M5,83.17678944170915,Normal|Mild,2.63036713074409,2.3307791870292887,20.79445341845805,5.601642529115631e-11,0.01161437168562419,True,2.03914687119593,1.1104168766297942,False,True,
three,noisy,M5.C1,M5,71.44611548191489,Normal|Mild,2.1527919177317347,2.1069762463420036,17.86183229195319,1.1307899569965324e-09,0.010207757665345839,True,2.1578385719696676,1.1081638094145636,False,True,
three,noisy,M5.C2,M5,35.00112162827763,Normal|Mild,2.219245768537542,2.176916535846257,8.752489187102132,1.4055807960969446e-05,0.032281607777271355,True,0.7282558121680524,0.9793441472933283,False,True,
three,noisy,M5.C3,M5,0.3422722208758444,Mild|Severe,0.010922572391431727,0.15021732812291927,0.08559811348565942,0.3395364653738612,0.3030556349939388,False,9.978944226134338,0.15523020825680017,False,True,
three,noisy,M5.C[k3],M5,35.2062416669462,Normal|Mild,0.4125788283988329,0.9137517558598593,8.803463015930832,1.3356185249815847e-05,1.607170772926813,False,4.155685921763337,0.6714963657043544,False,True,
three,noisy,M5.C1[k3],M5,23.661306318608826,Normal|Mild,0.2718142846715568,0.741583571222542,5.91750579461256,0.0002869760851542113,1.9806664158659566,False,5.131352562256308,0.5956789448948976,False,True,
three,noisy,M5.C2[k3],M5,17.987022230394476,Normal|Mild,3.1728397937574093,2.7757468849325893,4.499904447808344,0.0013315739638917817,0.09609428461762083,True,0.260010841249637,0.748069096274114,False,True,
three,noisy,M5.C3[k3],M5,0.016416810836684892,Mild|Severe,0.0006222548449240069,0.035965808483256555,0.004108968859072209,0.46389458714503706,9.379422630680287,False,27.042737291274637,-6.412428356736613,False,True,
three,noisy,M5.C3_dBavg[k3],M5,0.7847055066422505,Mild|Severe,0.020662809407667227,0.20601755008732528,0.19649687034238625,0.2654159280563086,0.8862670706366341,False,2.5996943736492084,0.10702553755928583,False,True,dB averaging; comparison only
three,noisy,M6.fc_A,M6,0.6664694697267337,Normal|Mild,0.28074713206092045,0.9849754290115934,0.16681122167012932,0.28180469390697566,4.44314599224696,False,17.405723145926334,0.7789912525220545,False,True,
three,noisy,M6.spread_A,M6,0.2307922661011582,Mild|Severe,0.2195298075691007,2.999547677779392,0.057870224542015555,0.36693489610432084,0.2568424671115311,False,22.219121015626673,0.32000778679961955,False,True,
three,noisy,M6.fc_N,M6,0.6683499925040395,Normal|Mild,0.28172991626657856,0.98694114224037,0.16728197297719014,0.28152976412586184,4.43307859577133,False,17.38000899770023,0.7796129391543394,False,True,
three,noisy,M6.spread_N,M6,0.228989969292789,Mild|Severe,0.2178341250113603,2.990439105492673,0.05741999290619139,0.36743487970894706,0.25778937707743177,False,22.316980750535624,0.317356120792674,False,True,
three,noisy,M6.A[3.20],M6,0.48525866184601796,Mild|Severe,0.4149743538196249,2.3937736822794067,0.12164142011650858,0.3110112549557462,2.5314100204545724,False,1.2436777200241758,0.9655877224284469,False,True,
three,noisy,M6.N[3.20],M6,0.48507134882314995,Mild|Severe,0.41483130323478257,2.393652918377227,0.12159480356610156,0.3110447376460658,2.5312503311131507,False,1.2436065714796058,0.9655825380639325,False,True,
three,noisy,M6.A[3.25],M6,0.1390244428503609,Mild|Severe,0.09395467224328483,0.76133728072259,0.03481062573316813,0.39598157246112986,8.553034814522949,False,4.21339232134036,0.7716677504433341,False,True,
three,noisy,M6.N[3.25],M6,0.13899127018160268,Mild|Severe,0.09394510807415506,0.7614071437989733,0.034802221345753094,0.395993775122306,8.55086966440621,False,4.2123662455394255,0.7717421906548766,False,True,
three,noisy,M6.A[3.30],M6,0.9396303391700915,Mild|Severe,0.3956001565146159,1.168988512037504,0.2349121212431601,0.24653456274522148,5.354949629802569,False,2.680344596531225,0.6236397404251927,False,True,
three,noisy,M6.N[3.30],M6,0.9379100585574611,Mild|Severe,0.3950464818487183,1.168353709871692,0.23448204238942397,0.24673260795106572,5.356538078568095,False,2.681189466008312,0.623587264898235,False,True,
three,noisy,M6.A[3.35],M6,8.013668649943929,Normal|Mild,1.4485260737966152,1.8804931936764056,2.0054890096680236,0.02251910557634302,2.8425280288642,False,1.3795731092519303,0.7334715800204199,False,True,
three,noisy,M6.N[3.35],M6,8.009270068562179,Normal|Mild,1.4481337036301865,1.8802961876535298,2.0043922970063255,0.0225483555735184,2.8405576905202645,False,1.378569678768704,0.7335620078322153,False,True,
three,noisy,M6.A[3.40],M6,36.32811931915263,Mild|Severe,3.8601760126064573,2.939088204778127,9.085928824228835,9.74351427407085e-06,0.3835798348757955,False,0.1548785430573038,0.9587365759646138,False,True,
three,noisy,M6.N[3.40],M6,36.18341291928477,Mild|Severe,3.843820807878721,2.9328108864754086,9.049777016382757,1.0119778049170368e-05,0.3828465455239388,False,0.15445543522324248,0.9586095148141056,False,True,
three,noisy,M6.A[3.45],M6,6.764964747243071,Mild|Severe,0.6739777860178527,1.2235640917189499,1.6915796117275228,0.032916731916762434,0.9494136652030903,False,0.47890789448910437,0.9067685177690374,False,True,
three,noisy,M6.N[3.45],M6,6.690459264414239,Mild|Severe,0.6651831768973429,1.2154164663738092,1.6729516605976205,0.03367009108189844,0.9582173976995568,False,0.48339099538539876,0.9060009669884771,False,True,
three,noisy,M6.A[3.50],M6,1.357391884481166,Mild|Severe,0.13497520638545027,0.5475010908421462,0.3413395190952588,0.20444309192041168,1.8339843218103897,False,0.8080224640578514,0.9610023201604257,False,True,
three,noisy,M6.N[3.50],M6,1.306055171529891,Mild|Severe,0.13038556985164196,0.5382299735304109,0.3285242505625681,0.20892600275112086,1.8576083124630847,False,0.8177911608649733,0.960473782333229,False,True,
three,noisy,M6.A[3.55],M6,2.7028298133834485,Mild|Severe,0.03938283856759485,0.28271954179082415,0.6801478893550267,0.12160835645391463,5.956503529351332,False,2.9407548179194998,0.9507158037021021,False,True,
three,noisy,M6.N[3.55],M6,2.537439223496899,Mild|Severe,0.037201402419423775,0.27479056570501137,0.6387895126725741,0.12906441618451403,6.107857321082196,False,3.0151681428830854,0.9501939659368828,False,True,
three,noisy,M6.A[3.60],M6,3.2396461204959555,Normal|Severe,0.11610689091644308,0.49076016055888433,0.8099300314122064,0.10155487266198912,13.606834617393863,False,4.593958907776628,-3.4936601515209933,False,True,
three,noisy,M6.N[3.60],M6,2.449078249412014,Normal|Mild,0.09764388347216332,0.45099571940755634,0.6173216647583425,0.13314375502516992,14.601442036224478,False,4.9377181498420235,-2.376542374258035,False,True,
three,noisy,M6.A[3.65],M6,10.200055915922526,Normal|Mild,0.15543640708217235,0.5618571390456045,2.5504031950919495,0.011946367889563093,3.647191727218251,False,1.8333705093045225,0.9365423342031293,False,True,
three,noisy,M6.N[3.65],M6,10.358888508913969,Normal|Mild,0.158377966947984,0.5671631483359973,2.5901052289614217,0.01141225544435741,3.603205442856384,False,1.8111969143784068,0.9369160463001246,False,True,
three,noisy,M6.A[3.70],M6,0.16032321532875432,Normal|Mild,0.003718297466394555,0.08725344281881603,0.040689900751326814,0.38809642845001985,10.816101495347429,False,4.747699729486139,0.4551242686771207,False,True,
three,noisy,M6.N[3.70],M6,0.16820682198365225,Normal|Mild,0.003908986625540606,0.08946495999408573,0.04265929797905525,0.38547376263365285,10.572337169685984,False,4.643049506750272,0.46934560299188427,False,True,
three,noisy,M6.A[3.75],M6,1.153673427567062,Normal|Mild,0.03751310118101067,0.2784739891262698,0.289284697573697,0.22350890936301332,10.086015787494674,False,4.065643462849431,0.518513405449193,False,True,
three,noisy,M6.N[3.75],M6,1.1901370708674988,Normal|Mild,0.038696874623264745,0.2828334306142333,0.2984028009242393,0.21996720456085156,9.895488963170665,False,3.9861066114327817,0.5267634944078228,False,True,
three,noisy,M6.A[3.80],M6,1.7360926581344749,Mild|Severe,0.06780687218216623,0.3756670280165667,0.4342164376595576,0.1756982886953885,7.131584508288737,False,3.524914756102311,0.9553669794135953,False,True,
three,noisy,M6.N[3.80],M6,1.738266266180371,Mild|Severe,0.06790935096080913,0.37595277867422555,0.4347597016767135,0.17554769030989176,7.122592026506419,False,3.5206317030802965,0.9554416665655665,False,True,
three,noisy,M6.A[3.85],M6,0.5187240993517067,Mild|Severe,0.19948579403548974,0.8051590875398278,0.13018815513422025,0.3050599875342478,3.6888968104220528,False,1.7691076789724576,0.975385094991785,False,True,
three,noisy,M6.N[3.85],M6,0.5189485721230481,Mild|Severe,0.19958279260511544,0.8053682724003419,0.13024442065304592,0.30502135378404405,3.687658658000495,False,1.7685273048015369,0.975369708806933,False,True,
three,noisy,M6.A[3.90],M6,0.17048911856502313,Mild|Severe,0.13688370592809818,1.1785135810331064,0.0426747678556253,0.3851187593433621,2.254069558684611,False,1.091719967743656,0.9745816360048136,False,True,
three,noisy,M6.N[3.90],M6,0.17054097306082094,Mild|Severe,0.1369265155081046,1.1787184751934408,0.04268768726409173,0.3851018233562593,2.2536932115123123,False,1.0915394003771532,0.9745777008633777,False,True,
three,noisy,M6.A[3.95],M6,0.1821682011315356,Mild|Severe,0.1705011380768154,2.307459841067818,0.045737335961724565,0.3812673824170971,1.783341568861099,False,0.8700693715652027,0.9668520318860557,False,True,
three,noisy,M6.N[3.95],M6,0.1821941364421044,Mild|Severe,0.1705258033164773,2.307665397746124,0.04574385563501315,0.38125917832370626,1.7831258175935873,False,0.869964559992061,0.966850048944993,False,True,
three,noisy,M6.A[4.00],M6,0.07868769502279059,Mild|Severe,0.0765273044025063,2.3610787701706166,0.020023757085543367,0.42102629949692877,1.6104811308206284,False,0.7897497550471861,0.966915487677126,False,True,
three,noisy,M6.N[4.00],M6,0.07869620751289726,Mild|Severe,0.07653566673302373,2.3612534233204108,0.020025954899960847,0.4210220509251632,1.6103261738021217,False,0.7896739526619004,0.9669142950762822,False,True,
three,noisy,M6.A[4.05],M6,0.054214555320140544,Mild|Severe,0.053539445609181495,2.932396585920502,0.013707969136567405,0.4344238742388911,1.6331470429693944,False,0.8036819747083093,0.9601514385136306,False,True,
three,noisy,M6.N[4.05],M6,0.05421944921674296,Mild|Severe,0.053544308380735275,2.93259450618606,0.013709194103113465,0.4344209560357346,1.6330039223842296,False,0.8036116601589419,0.960151922233856,False,True,
three,noisy,M6.A[4.10],M6,0.0053191919091594144,Mild|Severe,0.005273886656053752,1.1128303022937613,0.0014307280568286976,0.47905474043352114,1.9613451880602202,False,0.9674666262360364,0.9428113846045958,False,True,
three,noisy,M6.N[4.10],M6,0.005320470153354543,Mild|Severe,0.00527515548513648,1.1129822383845176,0.001431063025949316,0.47905225848085753,1.9611447100972343,False,0.9673678439136584,0.9428149182938917,False,True,
three,noisy,M6.A[4.15],M6,0.0024897232936887336,Mild|Severe,0.0024736032278591803,0.874122205990432,0.0006521193386950281,0.4857621442925599,3.391757747546102,False,1.6758252844806556,0.9405436869786907,False,True,
three,noisy,M6.N[4.15],M6,0.002490348227680028,Mild|Severe,0.002474224610549069,0.8742454086233578,0.0006522840057174861,0.4857603528483233,3.391125709261631,False,1.6755131607721503,0.9405533718865966,False,True,
three,noisy,M7.D,M7,2.4655249969558817,Mild|Severe,0.5395739921293733,1.1753645546013616,0.617722129358728,0.13314526799695606,4.878994548074216,False,0.3983116100239961,0.8768263387414656,False,True,
three,noisy,M7.D_pow,M7,0.18127374074070454,Normal|Mild,0.16890459377839043,2.2250168396738355,0.04748643355681786,0.3802128966523186,3.7189665913718297,False,0.2950657043719435,0.8154792819418474,False,True,
three,noisy,M7.D0,M7,2.4414030783339085,Mild|Severe,0.538935712757914,1.176100989853151,0.6116940372760109,0.13431942267332647,4.90217444073019,False,0.39682229872336294,0.8759544228929614,False,True,
three,noisy,M7.D1,M7,5.169794581701636,Mild|Severe,0.019073492115508465,0.19567382366612895,1.2931923029455226,0.05385297125255305,27.21318487863276,False,0.8749259535785101,1.016345823279624,False,True,
three,noisy,M7.D2,M7,21.49815528942474,Normal|Mild,2.82183533307148,2.547460917735306,5.376016192567082,0.0005167863858315808,1.4089769228419065,False,0.2765479093105468,1.0535682501382597,False,True,
three,noisy,M7.D3,M7,42.02805655623514,Mild|Severe,3.0125880383786106,2.5476285799355844,10.513122508628996,2.125173631265997e-06,2.2852933617935824,False,0.230236578846477,1.1034107555991253,False,True,
three,noisy,M7.D3[k3],M7,49.597609190181494,Mild|Severe,4.47454608145887,3.1363214967441064,12.421403545905042,2.3705377105493243e-07,2.295572787853466,False,0.20515230043093602,0.87421637532056,False,True,
three,noisy,M8.s1^2,M8,0.16633836621366063,Normal|Mild,,,0.04166341178382074,0.386467248675046,1.564240682319884,False,37.30913668780346,0.2003735515060124,False,True,matrix-level: no per-antenna port-noise estimate
three,noisy,M8.s2^2,M8,0.2971627530685121,Mild|Severe,,,0.0747894800531845,0.3496728144803384,5.2936252727208375,False,127.43056644056773,-0.7524243502996489,False,True,matrix-level: no per-antenna port-noise estimate
three,noisy,M8.s3^2,M8,0.22596172381630056,Mild|Severe,,,0.05727255896789556,0.36790209543937896,690.2241612203054,False,16546.555897518378,-266.8019068646181,False,True,matrix-level: no per-antenna port-noise estimate
three,noisy,M8.s4^2,M8,0.11095200403305334,Mild|Severe,,,0.027904939357153116,0.4067525466394138,2.755395248847378,False,67.12801211831682,-0.15282033296242015,False,True,matrix-level: no per-antenna port-noise estimate
three,noisy,M8.s5^2,M8,0.06289613666493833,Mild|Severe,,,0.01682024674765021,0.42840107743155653,1.9662674039260262,False,48.24411177080349,0.5681644237268045,False,True,matrix-level: no per-antenna port-noise estimate
three,noisy,M8.s6^2,M8,0.018618217073497978,Mild|Severe,,,0.005136533335840373,0.4606029694295032,13.315799786515877,False,325.97470913495687,-2.605649992645983,False,True,matrix-level: no per-antenna port-noise estimate
three,noisy,M8.lam0^2,M8,0.3113646181975863,Mild|Severe,0.13765636758669877,0.7024858120359684,0.07786660917156278,0.3465678603624356,1.6117287606911006,False,38.75033743349463,0.395170547645208,False,True,
three,noisy,M8.lam1^2,M8,0.30533290518101935,Mild|Severe,0.13521806752336085,0.6967036210422023,0.0763579646383758,0.34798656449269494,1.61340799985472,False,39.30256865469479,0.2972613100294384,False,True,
three,noisy,M8.lam2^2,M8,0.335415524675395,Mild|Severe,0.15197784798009906,0.7455082476918974,0.08386312381051148,0.3410737028785578,1.546230365824103,False,37.57891488880209,0.27512212263630204,False,True,
three,noisy,M8.lam3^2,M8,0.47346011586763653,Mild|Severe,0.21178803355758188,0.8754446875424015,0.11836749665921147,0.3132878218065094,1.3050454527332276,False,30.929621005023314,0.2132123851264007,False,True,
three,noisy,M8.lam0^2[k3],M8,48.3487462927409,Mild|Severe,2.4852074746420145,2.2890493251449313,12.088885265754778,4.3031442502280335e-07,1.1208273519928762,False,2.937562139363008,0.8555539900734307,False,True,
three,noisy,M8.lam1^2[k3],M8,47.97620813487502,Mild|Severe,2.3131487058488807,2.2046884731602274,11.99607260246563,4.7211867336495074e-07,1.0379544116642136,False,2.7308324157527624,0.8612405182810663,False,True,
three,noisy,M8.lam2^2[k3],M8,42.186938106363925,Mild|Severe,1.859157199193623,1.9722405987866505,10.549091997019902,2.1284354321549753e-06,0.9622547268567597,False,2.526735503346165,0.8537079207276702,False,True,
three,noisy,M8.lam3^2[k3],M8,43.39875442617229,Mild|Severe,1.9461105252558395,2.0186511026897134,10.852061934363578,1.5503243166931678e-06,0.8359236282792211,False,2.19203659022184,0.8635618458567823,False,True,
three,very_noisy,M0.old_score,M0,0.30851554476679616,Mild|Severe,0.2491337989553451,1.608953036901492,0.07827245261027253,0.34663239422786757,1.0592630808206775,False,19.399208489529524,0.7417990192019621,False,True,baseline only; not a physical quantity
three,very_noisy,M1.Sii_dBavg,M1,0.002363406984548116,Normal|Severe,0.0007642272856097898,0.04752771016404164,0.0006502712216828391,0.48595574270356207,7.389414768231441,False,187.39907787577496,0.6715110188550519,False,True,dB averaging; shown for fragility
three,very_noisy,M2.R,M2,0.14842425063637146,Mild|Severe,0.11641549905210902,1.0390548274519051,0.03783387906045823,0.39210225315140357,1.5555265538373948,False,37.63348733682098,0.28861571484031007,False,True,
three,very_noisy,M2.R[k3],M2,11.729481984976857,Mild|Severe,1.9586690629099313,2.1685507832015065,2.9334734946456638,0.007690418886900687,0.9931668027117385,False,2.606986521521714,0.8598711961397788,False,True,
three,very_noisy,M3.A,M3,0.14842425063637976,Mild|Severe,0.11641549905211936,1.0390548274520135,0.037833879060460304,0.3921022531514007,1.5555265538373486,False,37.63348733681788,0.288615714840366,False,True,affine copy of M2.R (identical separability)
three,very_noisy,M3.ML_of_powavg,M3,0.14737952998374573,Mild|Severe,0.11676753716756245,1.0603490220606404,0.037492832229833954,0.3925296340406317,1.5622526816227083,False,36.42887558349115,0.27940117959071165,False,True,
three,very_noisy,M3.ML_dBavg,M3,0.09047557153632878,Mild|Severe,0.0903789389421001,13.0092561567736,0.022621103534472047,0.4157815839548864,1.3628620891673227,False,18.83931136847005,0.7482449201674555,False,True,dB averaging; comparison only
three,very_noisy,M4.N,M4,0.15169316842601357,Mild|Severe,0.11896840693423454,1.0502086407824633,0.03865189033416213,0.39096069871820016,1.5299069837965744,False,36.98750614970916,0.2931136722340833,False,True,
three,very_noisy,M4.N[k3],M4,11.600820415944856,Mild|Severe,1.9453096663969962,2.162051807195762,2.90129833555708,0.007977415188321827,0.993696190167567,False,2.6096574843153304,0.8582249938239739,False,True,
three,very_noisy,M5.C,M5,14.841598056454638,Normal|Mild,2.3848905628301225,2.3650274451992854,3.712973001007163,0.00318511856358227,0.01161437168562419,True,2.03914687119593,1.1104168766297942,False,True,
three,very_noisy,M5.C1,M5,13.100465908678016,Normal|Mild,1.9806954519754891,2.1603260846810324,3.2780955680148507,0.005177661944558692,0.010207757665345839,True,2.1578385719696676,1.1081638094145636,False,True,
three,very_noisy,M5.C2,M5,1.2846279054001604,Normal|Mild,0.8658258355946746,2.304700703411752,0.32163580349178295,0.21129518725660867,0.032281607777271355,True,0.7282558121680524,0.9793441472933283,False,True,
three,very_noisy,M5.C3,M5,0.01810854624594773,Mild|Severe,0.006759334699556096,0.14686757408602213,0.004547414723649681,0.46205364612497146,0.3030556349939388,False,9.978944226134338,0.15523020825680017,False,True,
three,very_noisy,M5.C[k3],M5,5.38362357018413,Normal|Mild,0.39285394417451064,0.9206279121958709,1.3465213126346727,0.05036069473188264,1.607170772926813,False,4.155685921763337,0.6714963657043544,False,True,
three,very_noisy,M5.C1[k3],M5,3.7037429141296374,Normal|Mild,0.2602876990803297,0.7482815157306848,0.926749005877246,0.08664838328786933,1.9806664158659566,False,5.131352562256308,0.5956789448948976,False,True,
three,very_noisy,M5.C2[k3],M5,0.9322771625380102,Normal|Mild,0.757910515050115,2.8468512667708312,0.23750671428798065,0.24589056578262714,0.09609428461762083,True,0.260010841249637,0.748069096274114,False,True,
three,very_noisy,M5.C3[k3],M5,0.0007227115046432358,Mild|Severe,0.00024980958993152695,0.027632265873172898,0.00021460292573524995,0.49208143599145726,9.379422630680287,False,27.042737291274637,-6.412428356736613,False,True,
three,very_noisy,M5.C3_dBavg[k3],M5,0.0045606470081329545,Mild|Severe,0.0005921931167915857,0.03689344716667333,0.0013967336850432572,0.47995204264149893,0.8862670706366341,False,2.5996943736492084,0.10702553755928583,False,True,dB averaging; comparison only
three,very_noisy,M6.fc_A,M6,0.1279228748049495,Normal|Mild,0.09771188361443145,0.9096625357396355,0.032854092120434795,0.3994676445994094,4.44314599224696,False,17.405723145926334,0.7789912525220545,False,True,
three,very_noisy,M6.spread_A,M6,0.09303751763910162,Mild|Severe,0.09204109550785038,4.145846918145394,0.02326037256877174,0.41461684337561283,0.2568424671115311,False,22.219121015626673,0.32000778679961955,False,True,
three,very_noisy,M6.fc_N,M6,0.12836934184750515,Normal|Mild,0.09808587202764117,0.9118975874683852,0.03296767313658108,0.399296838364427,4.43307859577133,False,17.38000899770023,0.7796129391543394,False,True,
three,very_noisy,M6.spread_N,M6,0.09251872159504779,Mild|Severe,0.09153005199888288,4.138910873982999,0.023130658624302716,0.41485158408660006,0.25778937707743177,False,22.316980750535624,0.317356120792674,False,True,
three,very_noisy,M6.A[3.20],M6,0.17178812795865847,Mild|Severe,0.1655243788460703,3.0131820918660086,0.04373875960291337,0.3841749313247832,2.5314100204545724,False,1.2436777200241758,0.9655877224284469,False,True,
three,very_noisy,M6.N[3.20],M6,0.17173854389025522,Mild|Severe,0.16547820120267534,3.013146364903459,0.04372570545245462,0.38419148177112206,2.5312503311131507,False,1.2436065714796058,0.9655825380639325,False,True,
three,very_noisy,M6.A[3.25],M6,0.015281285025842108,Mild|Severe,0.013676276461611604,0.510317186245059,0.0038203775214524687,0.4651723751436737,8.553034814522949,False,4.21339232134036,0.7716677504433341,False,True,
three,very_noisy,M6.N[3.25],M6,0.015280731016576671,Mild|Severe,0.013676381074424237,0.5104146234896538,0.003820240208565418,0.46517300211441925,8.55086966440621,False,4.2123662455394255,0.7717421906548766,False,True,
three,very_noisy,M6.A[3.30],M6,0.27459998958892085,Mild|Severe,0.20559354604239574,1.2791608885445525,0.06955362720288341,0.3549760156292556,5.354949629802569,False,2.680344596531225,0.6236397404251927,False,True,
three,very_noisy,M6.N[3.30],M6,0.2741592653535313,Mild|Severe,0.20530084068142943,1.2785958313423895,0.06944066002568926,0.355088018429104,5.356538078568095,False,2.681189466008312,0.623587264898235,False,True,
three,very_noisy,M6.A[3.35],M6,1.6847479219688979,Normal|Mild,0.8509959358713869,1.8545039589650487,0.4216875734250554,0.17922787532531273,2.8425280288642,False,1.3795731092519303,0.7334715800204199,False,True,
three,very_noisy,M6.N[3.35],M6,1.6836637778009578,Normal|Mild,0.8506103256401962,1.8542640273706281,0.42141746190508517,0.17930493297412703,2.8405576905202645,False,1.378569678768704,0.7335620078322153,False,True,
three,very_noisy,M6.A[3.40],M6,7.154570704416913,Mild|Severe,2.6268912109308196,2.881310045368536,1.7895723692848569,0.029212461754258866,0.3835798348757955,False,0.1548785430573038,0.9587365759646138,False,True,
three,very_noisy,M6.N[3.40],M6,7.127134158201044,Mild|Severe,2.615850288667252,2.874940290399808,1.7827164698852043,0.029454722231137896,0.3828465455239388,False,0.15445543522324248,0.9586095148141056,False,True,
three,very_noisy,M6.A[3.45],M6,1.7581956994779853,Mild|Severe,0.5482677221060046,1.2623075631629788,0.4414898998966389,0.1737256623022597,0.9494136652030903,False,0.47890789448910437,0.9067685177690374,False,True,
three,very_noisy,M6.N[3.45],M6,1.7396349232226191,Mild|Severe,0.5415750691385082,1.2541056681709177,0.43685787618496336,0.17499953180837846,0.9582173976995568,False,0.48339099538539876,0.9060009669884771,False,True,
three,very_noisy,M6.A[3.50],M6,0.42128472976803577,Mild|Severe,0.13475836219011428,0.6295038950360788,0.10549487428435961,0.3230499851359989,1.8339843218103897,False,0.8080224640578514,0.9610023201604257,False,True,
three,very_noisy,M6.N[3.50],M6,0.40684522664827033,Mild|Severe,0.13054719141728302,0.6200468113397153,0.10188291141503435,0.32590369049200574,1.8576083124630847,False,0.8177911608649733,0.960473782333229,False,True,
three,very_noisy,M6.A[3.55],M6,0.7774461167458276,Mild|Severe,0.044665750088229525,0.3078580758029107,0.195759445940067,0.2659757585196062,5.956503529351332,False,2.9407548179194998,0.9507158037021021,False,True,
three,very_noisy,M6.N[3.55],M6,0.7335466678806941,Mild|Severe,0.042376762410893436,0.2999164928245086,0.18480255453447417,0.271855202945387,6.107857321082196,False,3.0151681428830854,0.9501939659368828,False,True,
three,very_noisy,M6.A[3.60],M6,0.8448121545049025,Normal|Severe,0.12262144391776941,0.5356145160022631,0.21130547552714601,0.2578332398848545,13.606834617393863,False,4.593958907776628,-3.4936601515209933,False,True,
three,very_noisy,M6.N[3.60],M6,0.6103730345000274,Normal|Mild,0.09406008561684574,0.47158376296638926,0.15558667243079707,0.2891224661207581,14.601442036224478,False,4.9377181498420235,-2.376542374258035,False,True,
three,very_noisy,M6.A[3.65],M6,2.572628983076189,Normal|Mild,0.14482628964679234,0.5540138024238078,0.6449677631358217,0.1279822411551246,3.647191727218251,False,1.8333705093045225,0.9365423342031293,False,True,
three,very_noisy,M6.N[3.65],M6,2.614031577698285,Normal|Mild,0.14764219041996762,0.5594288134699651,0.655345424692519,0.1260838511984867,3.603205442856384,False,1.8111969143784068,0.9369160463001246,False,True,
three,very_noisy,M6.A[3.70],M6,0.04563499226794807,Normal|Mild,0.004247231563956961,0.09677896955805382,0.01140880075809061,0.43996624736329193,10.816101495347429,False,4.747699729486139,0.4551242686771207,False,True,
three,very_noisy,M6.N[3.70],M6,0.04773606213778166,Normal|Mild,0.004449925982184507,0.09906956952865666,0.01193408992394921,0.43861049421127074,10.572337169685984,False,4.643049506750272,0.46934560299188427,False,True,
three,very_noisy,M6.A[3.75],M6,0.22432670405588184,Normal|Mild,0.02830213698424589,0.25451292856164776,0.056695118716876276,0.36846460702115913,10.086015787494674,False,4.065643462849431,0.518513405449193,False,True,
three,very_noisy,M6.N[3.75],M6,0.23212741555710148,Normal|Mild,0.029291788777794325,0.25892801597607745,0.058645063705051015,0.3662951321733359,9.895488963170665,False,3.9861066114327817,0.5267634944078228,False,True,
three,very_noisy,M6.A[3.80],M6,0.4400929322880388,Mild|Severe,0.06383329742897975,0.3864266052069154,0.11007819397932644,0.3194767311781753,7.131584508288737,False,3.524914756102311,0.9553669794135953,False,True,
three,very_noisy,M6.N[3.80],M6,0.44057968103857353,Mild|Severe,0.06392088215186793,0.3867003376621334,0.11019980939167656,0.31938410289789254,7.122592026506419,False,3.5206317030802965,0.9554416665655665,False,True,
three,very_noisy,M6.A[3.85],M6,0.2472276412468483,Mild|Severe,0.17741279688965753,1.120939297311818,0.06210597584829333,0.3623948879622339,3.6888968104220528,False,1.7691076789724576,0.975385094991785,False,True,
three,very_noisy,M6.N[3.85],M6,0.24730883057808362,Mild|Severe,0.1774747007748453,1.1211640744090872,0.06212659486744388,0.36237307451434075,3.687658658000495,False,1.7685273048015369,0.975369708806933,False,True,
three,very_noisy,M6.A[3.90],M6,0.08419484760367482,Mild|Severe,0.07943068555208005,1.6755548458177305,0.021075120621210836,0.4186909045780175,2.254069558684611,False,1.091719967743656,0.9745816360048136,False,True,
three,very_noisy,M6.N[3.90],M6,0.08420955449009063,Mild|Severe,0.07944473628196003,1.6757339896062229,0.021078833485645213,0.41868387185717604,2.2536932115123123,False,1.0915394003771532,0.9745777008633777,False,True,
three,very_noisy,M6.A[3.95],M6,0.08171874472830963,Mild|Severe,0.0804383740143323,3.2043475681282483,0.02102765259506802,0.4193094456208616,1.783341568861099,False,0.8700693715652027,0.9668520318860557,False,True,
three,very_noisy,M6.N[3.95],M6,0.08173155469587019,Mild|Severe,0.08045102818759504,3.2046558021005573,0.021030885661765246,0.4193032676815774,1.7831258175935873,False,0.869964559992061,0.966850048944993,False,True,
three,very_noisy,M6.A[4.00],M6,0.03203719012413404,Mild|Severe,0.0318510018846944,3.3107594955675337,0.008261556388062332,0.44924640110335556,1.6104811308206284,False,0.7897497550471861,0.966915487677126,False,True,
three,very_noisy,M6.N[4.00],M6,0.03204047197345554,Mild|Severe,0.03185427368253539,3.311009742269671,0.008262373556898482,0.44924386059606447,1.6103261738021217,False,0.7896739526619004,0.9669142950762822,False,True,
three,very_noisy,M6.A[4.05],M6,0.016966932182607215,Normal|Mild,0.016929519160520337,3.918569702374596,0.006013747531243118,0.4596777398450007,1.6331470429693944,False,0.8036819747083093,0.9601514385136306,False,True,
three,very_noisy,M6.N[4.05],M6,0.016967641710245,Normal|Mild,0.016930230380296146,3.9188225694570296,0.006014110771138486,0.4596766576183001,1.6330039223842296,False,0.8036116601589419,0.960151922233856,False,True,
three,very_noisy,M6.A[4.10],M6,0.00044617676570887907,Mild|Severe,0.0004452671266937673,0.6609129327539285,0.00012243556544010894,0.49390103434876065,1.9613451880602202,False,0.9674666262360364,0.9428113846045958,False,True,
three,very_noisy,M6.N[4.10],M6,0.00044657070028051964,Mild|Severe,0.00044566028809362964,0.6612155334364986,0.0001225317398928493,0.49389849157274757,1.9611447100972343,False,0.9673678439136584,0.9428149182938917,False,True,
three,very_noisy,M6.A[4.15],M6,0.0002298772048084852,Mild|Severe,0.00022951744105380648,0.5415793475670281,0.00024409152120185277,0.4923972283713762,3.391757747546102,False,1.6758252844806556,0.9405436869786907,False,True,
three,very_noisy,M6.N[4.15],M6,0.00022975831541394135,Mild|Severe,0.00022939875101022082,0.5414492994233742,0.0002441389695082931,0.4923965556067631,3.391125709261631,False,1.6755131607721503,0.9405533718865966,False,True,
three,very_noisy,M7.D,M7,0.11814412545539886,Mild|Severe,0.0944507887872681,0.9705339805022846,0.029554963641661797,0.40396835327021696,4.878994548074216,False,0.3983116100239961,0.8768263387414656,False,True,
three,very_noisy,M7.D_pow,M7,1.398808619699962e-08,Mild|Severe,1.3916139988884743e-08,0.002326213583459327,0.0001634348654312565,0.49381321295274305,3.7189665913718297,False,0.2950657043719435,0.8154792819418474,False,True,
three,very_noisy,M7.D0,M7,0.11710454452240615,Mild|Severe,0.0938255334525042,0.9715834987331259,0.029295265723667082,0.4043832666840982,4.90217444073019,False,0.39682229872336294,0.8759544228929614,False,True,
three,very_noisy,M7.D1,M7,0.22328772146256823,Mild|Severe,0.006416175289582025,0.1149434534082989,0.05603452371438166,0.3690069247445322,27.21318487863276,False,0.8749259535785101,1.016345823279624,False,True,
three,very_noisy,M7.D2,M7,0.2979663221895783,Normal|Mild,0.2815256158242762,2.745226672925426,0.074700228229074,0.34963960879688066,1.4089769228419065,False,0.2765479093105468,1.0535682501382597,False,True,
three,very_noisy,M7.D3,M7,0.5861640173791004,Normal|Mild,0.5626529443710346,2.571044069073408,0.14678382570684934,0.2940262552670763,2.2852933617935824,False,0.230236578846477,1.1034107555991253,False,True,
three,very_noisy,M7.D3[k3],M7,1.5087434115858094,Normal|Mild,1.3862998505713364,3.1019600375625482,0.3823579458628151,0.19112826776710146,2.295572787853466,False,0.20515230043093602,0.87421637532056,False,True,
three,very_noisy,M8.s1^2,M8,0.07982400593816369,Normal|Mild,,,0.019958282965439354,0.42082404245983107,1.564240682319884,False,37.30913668780346,0.2003735515060124,False,True,matrix-level: no per-antenna port-noise estimate
three,very_noisy,M8.s2^2,M8,0.1328804102665362,Mild|Severe,,,0.03327071463517719,0.3982556949990269,5.2936252727208375,False,127.43056644056773,-0.7524243502996489,False,True,matrix-level: no per-antenna port-noise estimate
three,very_noisy,M8.s3^2,M8,0.13191811328986963,Mild|Severe,,,0.032984568561938106,0.39865292099449734,690.2241612203054,False,16546.555897518378,-266.8019068646181,False,True,matrix-level: no per-antenna port-noise estimate
three,very_noisy,M8.s4^2,M8,0.08551561032994227,Mild|Severe,,,0.021378991511197827,0.41809090140530947,2.755395248847378,False,67.12801211831682,-0.15282033296242015,False,True,matrix-level: no per-antenna port-noise estimate
three,very_noisy,M8.s5^2,M8,0.0322465279834894,Mild|Severe,,,0.00844312711132923,0.44888535972042454,1.9662674039260262,False,48.24411177080349,0.5681644237268045,False,True,matrix-level: no per-antenna port-noise estimate
three,very_noisy,M8.s6^2,M8,0.017431833590958585,Mild|Severe,,,0.00532529237155566,0.46086477175270724,13.315799786515877,False,325.97470913495687,-2.605649992645983,False,True,matrix-level: no per-antenna port-noise estimate
three,very_noisy,M8.lam0^2,M8,0.1421986349412706,Mild|Severe,0.11071859750872516,1.0001275238671197,0.036466998345989494,0.39416872761773936,1.6117287606911006,False,38.75033743349463,0.395170547645208,False,True,
three,very_noisy,M8.lam1^2,M8,0.14035321923846025,Mild|Severe,0.10937546239544692,0.9955455943615561,0.03588216179984428,0.39492735043973426,1.61340799985472,False,39.30256865469479,0.2972613100294384,False,True,
three,very_noisy,M8.lam2^2,M8,0.1483974375226355,Mild|Severe,0.11670713361669395,1.0454751104155005,0.03779975287988676,0.3921321746389982,1.546230365824103,False,37.57891488880209,0.27512212263630204,False,True,
three,very_noisy,M8.lam3^2,M8,0.19185128304347246,Mild|Severe,0.14991714015975116,1.1712217019568638,0.048454542731334774,0.3780578911257825,1.3050454527332276,False,30.929621005023314,0.2132123851264007,False,True,
three,very_noisy,M8.lam0^2[k3],M8,11.971148807584166,Mild|Severe,2.223405839456966,2.3369006477418606,2.993951800382555,0.007178492027038271,1.1208273519928762,False,2.937562139363008,0.8555539900734307,False,True,
three,very_noisy,M8.lam1^2[k3],M8,12.044197506048068,Mild|Severe,2.101652368720307,2.256501296175385,3.0123568715124747,0.007027267848397874,1.0379544116642136,False,2.7308324157527624,0.8612405182810663,False,True,
three,very_noisy,M8.lam2^2[k3],M8,10.808054778635826,Mild|Severe,1.7191487467170268,2.022039742337665,2.702894837541729,0.01001274495730277,0.9622547268567597,False,2.526735503346165,0.8537079207276702,False,True,
three,very_noisy,M8.lam3^2[k3],M8,11.085308071492442,Mild|Severe,1.785588983227019,2.063216085878765,2.772325527755137,0.00924463836846722,0.8359236282792211,False,2.19203659022184,0.8635618458567823,False,True,
three,typical_jitter,M0.old_score,M0,1.650844266379621,Mild|Severe,0.6326272929680643,1.432259945794797,0.4127183875146531,0.1817978584753614,1.0592630808206775,False,19.399208489529524,0.7417990192019621,False,True,baseline only; not a physical quantity
three,typical_jitter,M1.Sii_dBavg,M1,0.00930719997781905,Normal|Severe,0.0003315828674646569,0.026223363986282205,0.009996712454316933,0.451359119454416,7.389414768231441,False,187.39907787577496,0.6715110188550519,False,True,dB averaging; shown for fragility
three,typical_jitter,M2.R,M2,0.7337125886862018,Mild|Severe,0.17783643071915423,0.6851715570232881,0.18343947758995746,0.27235717758615985,1.5555265538373948,False,37.63348733682098,0.28861571484031007,False,True,
three,typical_jitter,M2.R[k3],M2,6.425406589830181,Mild|Severe,1.6916729449648429,2.142997172484981,1.6087572194462747,0.03630882355723197,0.9931668027117385,False,2.606986521521714,0.8598711961397788,False,True,
three,typical_jitter,M3.A,M3,0.7337125886862597,Mild|Severe,0.1778364307191894,0.6851715570233691,0.18343947758997203,0.27235717758615197,1.5555265538373486,False,37.63348733681788,0.288615714840366,False,True,affine copy of M2.R (identical separability)
three,typical_jitter,M3.ML_of_powavg,M3,0.7290952229793681,Mild|Severe,0.17746046220484205,0.6849078058254208,0.18227828318741426,0.2729940187500689,1.5622526816227083,False,36.42887558349115,0.27940117959071165,False,True,
three,typical_jitter,M3.ML_dBavg,M3,0.049859592770262674,Mild|Severe,0.04864519038875234,1.9986097879960143,0.012497262069973212,0.4372297104981439,1.3628620891673227,False,18.83931136847005,0.7482449201674555,False,True,dB averaging; comparison only
three,typical_jitter,M4.N,M4,0.757953388040028,Mild|Severe,0.1836429473475505,0.6962256486447049,0.18949969224916485,0.26907149732309654,1.5299069837965744,False,36.98750614970916,0.2931136722340833,False,True,
three,typical_jitter,M4.N[k3],M4,6.414286654861292,Mild|Severe,1.6834571768049007,2.1365918613370374,1.6060007413368862,0.03643045502455503,0.993696190167567,False,2.6096574843153304,0.8582249938239739,False,True,
three,typical_jitter,M5.C,M5,380.1128064253136,Normal|Mild,2.6986745802359375,2.329485452106298,95.03045173904226,1.2450088082343505e-43,0.01161437168562419,True,2.03914687119593,1.1104168766297942,False,True,
three,typical_jitter,M5.C1,M5,324.9406527467774,Normal|Mild,2.227263161433123,2.117845607918065,81.237692103644,1.3261689252805241e-37,0.010207757665345839,True,2.1578385719696676,1.1081638094145636,False,True,
three,typical_jitter,M5.C2,M5,442.55959522532413,Normal|Mild,2.324617289671579,2.161893707614913,110.64060520245874,2.1977795270857597e-50,0.032281607777271355,True,0.7282558121680524,0.9793441472933283,False,True,
three,typical_jitter,M5.C3,M5,3.2724135631041533,Mild|Severe,0.009832033404622326,0.14043975913176113,0.8181995397092042,0.10040591065748777,0.3030556349939388,False,9.978944226134338,0.15523020825680017,False,True,
three,typical_jitter,M5.C[k3],M5,2.535656192463696,Normal|Mild,0.3651594953973215,0.9236807995917982,0.6386477628473529,0.12908362788147856,1.607170772926813,False,4.155685921763337,0.6714963657043544,False,True,
three,typical_jitter,M5.C1[k3],M5,1.6785923481364404,Normal|Mild,0.24208063610166,0.7521648906641023,0.4244875999182879,0.17853280261305424,1.9806664158659566,False,5.131352562256308,0.5956789448948976,False,True,
three,typical_jitter,M5.C2[k3],M5,161.30762585000463,Normal|Mild,3.6295972386245814,2.725122783157658,40.32919819868267,1.2231998183071884e-19,0.09609428461762083,True,0.260010841249637,0.748069096274114,False,True,
three,typical_jitter,M5.C3[k3],M5,0.0477554712212841,Mild|Severe,0.00026662041889767617,0.02315674100762482,0.01830307284967124,0.43065448979980564,9.379422630680287,False,27.042737291274637,-6.412428356736613,False,True,
three,typical_jitter,M5.C3_dBavg[k3],M5,5.700937511901324,Mild|Severe,0.025374627703069755,0.2257789805294847,1.4451786881751152,0.04354781154884995,0.8862670706366341,False,2.5996943736492084,0.10702553755928583,False,True,dB averaging; comparison only
three,typical_jitter,M6.fc_A,M6,0.2701104519010901,Normal|Mild,0.17345446452172836,0.9846095709240911,0.06790361681641412,0.3564074883460617,4.44314599224696,False,17.405723145926334,0.7789912525220545,False,True,
three,typical_jitter,M6.spread_A,M6,0.7682528705081795,Mild|Severe,0.629666487121587,2.64217818583121,0.19253595702199877,0.2675279034970216,0.2568424671115311,False,22.219121015626673,0.32000778679961955,False,True,
three,typical_jitter,M6.fc_N,M6,0.27131651860313144,Normal|Mild,0.1741957049823456,0.9865422314744811,0.06820478716774767,0.3561025586868167,4.43307859577133,False,17.38000899770023,0.7796129391543394,False,True,
three,typical_jitter,M6.spread_N,M6,0.7614618969113931,Mild|Severe,0.6242915352514349,2.6327078438776295,0.1908390169063384,0.2684315860915064,0.25778937707743177,False,22.316980750535624,0.317356120792674,False,True,
three,typical_jitter,M6.A[3.20],M6,0.6344207716893576,Mild|Severe,0.5132088930458156,2.3178119106835937,0.16033289810927556,0.28595955783535437,2.5314100204545724,False,1.2436777200241758,0.9655877224284469,False,True,
three,typical_jitter,M6.N[3.20],M6,0.6343932832629305,Mild|Severe,0.5131840186254987,2.317730518574442,0.16032617409198352,0.285963640407348,2.5312503311131507,False,1.2436065714796058,0.9655825380639325,False,True,
three,typical_jitter,M6.A[3.25],M6,0.048992948333244975,Mild|Severe,0.03728608136212583,0.5586435841320423,0.012498501715350278,0.4374937777181406,8.553034814522949,False,4.21339232134036,0.7716677504433341,False,True,
three,typical_jitter,M6.N[3.25],M6,0.049020650563659125,Mild|Severe,0.03730522017839445,0.5587405783982337,0.01250553438916611,0.43747629198552274,8.55086966440621,False,4.2123662455394255,0.7717421906548766,False,True,
three,typical_jitter,M6.A[3.30],M6,0.3077218200276249,Mild|Severe,0.22515371419485694,1.295470539231667,0.07699800575677505,0.347399672954092,5.354949629802569,False,2.680344596531225,0.6236397404251927,False,True,
three,typical_jitter,M6.N[3.30],M6,0.3075268598613869,Mild|Severe,0.2249872082923429,1.2948042687101609,0.07694910769722187,0.34744565744614275,5.356538078568095,False,2.681189466008312,0.623587264898235,False,True,
three,typical_jitter,M6.A[3.35],M6,0.9425512113881954,Normal|Mild,0.611284907209279,1.8650938116150968,0.2500297460793848,0.2414569521945151,2.8425280288642,False,1.3795731092519303,0.7334715800204199,False,True,
three,typical_jitter,M6.N[3.35],M6,0.9439954153965254,Normal|Mild,0.6118369581931449,1.864855289073976,0.2503973582015672,0.241292085186123,2.8405576905202645,False,1.378569678768704,0.7335620078322153,False,True,
three,typical_jitter,M6.A[3.40],M6,63.633539586440186,Mild|Severe,4.05182471185655,2.9418929362896056,15.926185529149482,6.2713511147606805e-09,0.3835798348757955,False,0.1548785430573038,0.9587365759646138,False,True,
three,typical_jitter,M6.N[3.40],M6,63.75300965844009,Mild|Severe,4.0359196638216455,2.9355351295764747,15.956077918631697,6.075631626821451e-09,0.3828465455239388,False,0.15445543522324248,0.9586095148141056,False,True,
three,typical_jitter,M6.A[3.45],M6,9.60032783271476,Mild|Severe,0.6721070866073047,1.2022500593770327,2.4042569565608645,0.014029977858346384,0.9494136652030903,False,0.47890789448910437,0.9067685177690374,False,True,
three,typical_jitter,M6.N[3.45],M6,9.418106461935206,Mild|Severe,0.6627131713289537,1.1940479490636369,2.3587305183247804,0.014794155876342197,0.9582173976995568,False,0.48339099538539876,0.9060009669884771,False,True,
three,typical_jitter,M6.A[3.50],M6,1.914807992175428,Mild|Severe,0.1395074071060908,0.548580415344225,0.4805864689464072,0.16345603290939884,1.8339843218103897,False,0.8080224640578514,0.9610023201604257,False,True,
three,typical_jitter,M6.N[3.50],M6,1.8637646494876607,Mild|Severe,0.13486804427340363,0.5392380779378834,0.4678377130245337,0.16671309605186332,1.8576083124630847,False,0.8177911608649733,0.960473782333229,False,True,
three,typical_jitter,M6.A[3.55],M6,0.19952427505448458,Mild|Severe,0.04054915616012896,0.3190356387280432,0.050876666639497276,0.3754045895329602,5.956503529351332,False,2.9407548179194998,0.9507158037021021,False,True,
three,typical_jitter,M6.N[3.55],M6,0.1904977818334783,Mild|Severe,0.038625219980886506,0.31128327202897305,0.04862499526677406,0.3781335448368417,6.107857321082196,False,3.0151681428830854,0.9501939659368828,False,True,
three,typical_jitter,M6.A[3.60],M6,0.19841007923180026,Normal|Severe,0.0718935838830947,0.46529009997795245,0.05093979096647157,0.37551565824799904,13.606834617393863,False,4.593958907776628,-3.4936601515209933,False,True,
three,typical_jitter,M6.N[3.60],M6,0.1436551663701398,Normal|Mild,0.04726421043110765,0.37533899127745596,0.08582569495430034,0.3399424221447264,14.601442036224478,False,4.9377181498420235,-2.376542374258035,False,True,
three,typical_jitter,M6.A[3.65],M6,0.4475103803385534,Normal|Mild,0.1115722222788412,0.5452113998844865,0.11232037124951162,0.31789272053637463,3.647191727218251,False,1.8333705093045225,0.9365423342031293,False,True,
three,typical_jitter,M6.N[3.65],M6,0.4587258898653433,Normal|Mild,0.11391081177491609,0.5505299784598655,0.1151184956966095,0.3157990516478357,3.603205442856384,False,1.8111969143784068,0.9369160463001246,False,True,
three,typical_jitter,M6.A[3.70],M6,0.0821852343027225,Normal|Mild,0.0032157182669647457,0.0818127808490648,0.025099109693847044,0.4153985851998694,10.816101495347429,False,4.747699729486139,0.4551242686771207,False,True,
three,typical_jitter,M6.N[3.70],M6,0.08599870371085715,Normal|Mild,0.0033950655400658476,0.0840785946107897,0.02602744015975348,0.41369090397603364,10.572337169685984,False,4.643049506750272,0.46934560299188427,False,True,
three,typical_jitter,M6.A[3.75],M6,0.16725482211120873,Normal|Mild,0.03135200408600653,0.2777939250682171,0.0510946329474619,0.37998741920076384,10.086015787494674,False,4.065643462849431,0.518513405449193,False,True,
three,typical_jitter,M6.N[3.75],M6,0.17405764621991185,Normal|Mild,0.03239574874546613,0.28214933737139364,0.0528315690552928,0.37784502943614406,9.895488963170665,False,3.9861066114327817,0.5267634944078228,False,True,
three,typical_jitter,M6.A[3.80],M6,0.1490326463433122,Mild|Severe,0.050029026871821806,0.3880978135181082,0.03805808928981497,0.3918351536641066,7.131584508288737,False,3.524914756102311,0.9553669794135953,False,True,
three,typical_jitter,M6.N[3.80],M6,0.1493207364588579,Mild|Severe,0.05010618946582418,0.3883587286540319,0.0381304807041889,0.3917340626687119,7.122592026506419,False,3.5206317030802965,0.9554416665655665,False,True,
three,typical_jitter,M6.A[3.85],M6,0.43477982003743915,Mild|Severe,0.20441816236413451,0.8784242761795263,0.10920962715302705,0.32027793043626357,3.6888968104220528,False,1.7691076789724576,0.975385094991785,False,True,
three,typical_jitter,M6.N[3.85],M6,0.43502106455126516,Mild|Severe,0.20452225067970836,0.8786300964947911,0.10927012558183409,0.32023161894171415,3.687658658000495,False,1.7685273048015369,0.975369708806933,False,True,
three,typical_jitter,M6.A[3.90],M6,0.6051882866371413,Mild|Severe,0.39990677221897464,1.5355526526573233,0.15129895792316603,0.29112956619633645,2.254069558684611,False,1.091719967743656,0.9745816360048136,False,True,
three,typical_jitter,M6.N[3.90],M6,0.6053435389326726,Mild|Severe,0.40000884160082834,1.5357466539482636,0.15133776503845933,0.29110537486340543,2.2536932115123123,False,1.0915394003771532,0.9745777008633777,False,True,
three,typical_jitter,M6.A[3.95],M6,0.4639734406209483,Mild|Severe,0.3792106607507172,2.0375075732157626,0.1167293303308525,0.3146937163545986,1.783341568861099,False,0.8700693715652027,0.9668520318860557,False,True,
three,typical_jitter,M6.N[3.95],M6,0.46405550890063524,Mild|Severe,0.3792792404906809,2.0377098852778115,0.11674986208533679,0.31467860322822894,1.7831258175935873,False,0.869964559992061,0.966850048944993,False,True,
three,typical_jitter,M6.A[4.00],M6,0.19008789938114276,Mild|Severe,0.17245003933889644,1.9279729501401792,0.04785913690674124,0.3787028859221346,1.6104811308206284,False,0.7897497550471861,0.966915487677126,False,True,
three,typical_jitter,M6.N[4.00],M6,0.1901173054846834,Mild|Severe,0.1724772680483634,1.9281552716389243,0.04786645830447499,0.37869385105371584,1.6103261738021217,False,0.7896739526619004,0.9669142950762822,False,True,
three,typical_jitter,M6.A[4.05],M6,0.08835788511191116,Mild|Severe,0.08414452713658731,1.878609055530681,0.02253673137774556,0.41633020964520157,1.6331470429693944,False,0.8036819747083093,0.9601514385136306,False,True,
three,typical_jitter,M6.N[4.05],M6,0.08836953405403208,Mild|Severe,0.08415577439715645,1.8787688904613582,0.02253964157772251,0.4163248322554708,1.6330039223842296,False,0.8036116601589419,0.960151922233856,False,True,
three,typical_jitter,M6.A[4.10],M6,0.026882155106456564,Mild|Severe,0.026054581069760566,1.3010250477424639,0.0068385824788674545,0.4536486416919515,1.9613451880602202,False,0.9674666262360364,0.9428113846045958,False,True,
three,typical_jitter,M6.N[4.10],M6,0.026887093837726937,Mild|Severe,0.026059395506412775,1.3011670535016067,0.006839819301231222,0.4536444363667172,1.9611447100972343,False,0.9673678439136584,0.9428149182938917,False,True,
three,typical_jitter,M6.A[4.15],M6,0.01699106367981535,Mild|Severe,0.016530524223488996,1.1044223144280225,0.004871357994278987,0.4619915346473421,3.391757747546102,False,1.6758252844806556,0.9405436869786907,False,True,
three,typical_jitter,M6.N[4.15],M6,0.016995048662908737,Mild|Severe,0.016534413412396115,1.1045668758670546,0.004872349419826364,0.4619873874742263,3.391125709261631,False,1.6755131607721503,0.9405533718865966,False,True,
three,typical_jitter,M7.D,M7,1.8306135148753628,Mild|Severe,0.5233274332851596,1.2106392834654869,0.49009511055887356,0.16146233266955498,4.878994548074216,False,0.3983116100239961,0.8768263387414656,False,True,
three,typical_jitter,M7.D_pow,M7,2.09082341081152,Mild|Severe,1.3730264807791817,2.828214426998991,0.5495202264448468,0.14712859456235658,3.7189665913718297,False,0.2950657043719435,0.8154792819418474,False,True,
three,typical_jitter,M7.D0,M7,1.8120173856226107,Mild|Severe,0.5223275237931989,1.2115043858663626,0.4893986558502612,0.16173098007901965,4.90217444073019,False,0.39682229872336294,0.8759544228929614,False,True,
three,typical_jitter,M7.D1,M7,0.019768487106343064,Mild|Severe,0.009823915964467984,0.19762915084996616,0.016634738809590658,0.43702827430553604,27.21318487863276,False,0.8749259535785101,1.016345823279624,False,True,
three,typical_jitter,M7.D2,M7,28.531629354590162,Mild|Severe,2.925053980522869,2.553109710122122,7.1799828978341,5.420666892287207e-05,1.4089769228419065,False,0.2765479093105468,1.0535682501382597,False,True,
three,typical_jitter,M7.D3,M7,4.413040720858944,Mild|Severe,1.9203482627062467,2.6075918431589615,1.3059665029770824,0.04572995140138062,2.2852933617935824,False,0.230236578846477,1.1034107555991253,False,True,
three,typical_jitter,M7.D3[k3],M7,3.644253478467001,Mild|Severe,2.142930420650922,3.225419773040552,1.0934667192510261,0.06340902928062178,2.295572787853466,False,0.20515230043093602,0.87421637532056,False,True,
three,typical_jitter,M8.s1^2,M8,0.1788968168636582,Normal|Mild,,,0.047195170529394474,0.3807565809267178,1.564240682319884,False,37.30913668780346,0.2003735515060124,False,True,matrix-level: no per-antenna port-noise estimate
three,typical_jitter,M8.s2^2,M8,0.6519241501999292,Mild|Severe,,,0.1631688396889684,0.2839493561844699,5.2936252727208375,False,127.43056644056773,-0.7524243502996489,False,True,matrix-level: no per-antenna port-noise estimate
three,typical_jitter,M8.s3^2,M8,0.4797221635376788,Mild|Severe,,,0.11997190189384116,0.3121347103893334,690.2241612203054,False,16546.555897518378,-266.8019068646181,False,True,matrix-level: no per-antenna port-noise estimate
three,typical_jitter,M8.s4^2,M8,0.12287248075516798,Mild|Severe,,,0.03099105592269776,0.4018947155686884,2.755395248847378,False,67.12801211831682,-0.15282033296242015,False,True,matrix-level: no per-antenna port-noise estimate
three,typical_jitter,M8.s5^2,M8,0.07401671354525266,Mild|Severe,,,0.01856456930056348,0.42366035058391244,1.9662674039260262,False,48.24411177080349,0.5681644237268045,False,True,matrix-level: no per-antenna port-noise estimate
three,typical_jitter,M8.s6^2,M8,0.02189066136590854,Mild|Severe,,,0.007201709692427109,0.455245267480761,13.315799786515877,False,325.97470913495687,-2.605649992645983,False,True,matrix-level: no per-antenna port-noise estimate
three,typical_jitter,M8.lam0^2,M8,0.6878368254716257,Mild|Severe,0.16296723369791088,0.6535550126920366,0.17197525375870223,0.2787818782524121,1.6117287606911006,False,38.75033743349463,0.395170547645208,False,True,
three,typical_jitter,M8.lam1^2,M8,0.6781215600445417,Mild|Severe,0.16003604666748997,0.6472572995345919,0.16954002613023741,0.2801822168419152,1.61340799985472,False,39.30256865469479,0.2972613100294384,False,True,
three,typical_jitter,M8.lam2^2,M8,0.7346087682037226,Mild|Severe,0.17894921143130135,0.687865538320614,0.18366241418504226,0.27223483470388954,1.546230365824103,False,37.57891488880209,0.27512212263630204,False,True,
three,typical_jitter,M8.lam3^2,M8,1.0640059991416462,Mild|Severe,0.25642778973980823,0.822010347789619,0.26601441324919456,0.23287883189806707,1.3050454527332276,False,30.929621005023314,0.2132123851264007,False,True,
three,typical_jitter,M8.lam0^2[k3],M8,5.04034508518777,Mild|Severe,1.7531893105348761,2.318725818544075,1.262345261613271,0.0559165277157348,1.1208273519928762,False,2.937562139363008,0.8555539900734307,False,True,
three,typical_jitter,M8.lam1^2[k3],M8,5.869072040690985,Mild|Severe,1.7478836808730944,2.2312321010134326,1.4696432464723952,0.04310168323917393,1.0379544116642136,False,2.7308324157527624,0.8612405182810663,False,True,
three,typical_jitter,M8.lam2^2[k3],M8,6.900714633897624,Mild|Severe,1.5435206226551141,1.9941120729779507,1.7277092331013844,0.03140438273056149,0.9622547268567597,False,2.526735503346165,0.8537079207276702,False,True,
three,typical_jitter,M8.lam3^2[k3],M8,8.904414216970782,Mild|Severe,1.6816686245739854,2.036276394793892,2.22863761895904,0.017287682296375347,0.8359236282792211,False,2.19203659022184,0.8635618458567823,False,True,
