profile,scheme,feature_set,model,cv_scheme,validity,n_folds,feature_dim,classes,n_sims_per_class,ad_only_pairs,info,n_test,gate_invalid_rate,accuracy,balanced_accuracy,macro_f1,reject_rate,bal_acc_on_accepted
ideal,binary,M0,LDA,LOSO,cross-solve-same-head,8,1,"['Normal', 'AD']",Normal:2|AD:6,False,,2880,0.0,0.6236111111111111,0.6203703703703705,0.5816610064834825,0.8760416666666666,0.7790642347343378
ideal,binary,M0,LR,LOSO,cross-solve-same-head,8,1,"['Normal', 'AD']",Normal:2|AD:6,False,,2880,0.0,0.6232638888888888,0.6201388888888889,0.5813773473004613,0.8454861111111112,0.770935960591133
ideal,binary,M0,LSVM,LOSO,cross-solve-same-head,8,1,"['Normal', 'AD']",Normal:2|AD:6,False,,2880,0.0,0.6236111111111111,0.6203703703703705,0.5816610064834825,0.871875,0.7762172284644195
ideal,binary,M0,RBF,LOSO,cross-solve-same-head,8,1,"['Normal', 'AD']",Normal:2|AD:6,False,,2880,0.0,0.5854166666666667,0.612037037037037,0.55711801119363,1.0,
ideal,binary,M0,kNN,LOSO,cross-solve-same-head,8,1,"['Normal', 'AD']",Normal:2|AD:6,False,,2880,0.0,0.5795138888888889,0.592824074074074,0.5465051098922318,0.9743055555555555,0.46153846153846156
ideal,binary,M0,ORD,LOSO,cross-solve-same-head,8,1,"['Normal', 'AD']",Normal:2|AD:6,False,,2880,0.0,0.6232638888888888,0.6201388888888889,0.5813773473004613,0.8729166666666667,0.7784090909090909
ideal,binary,M0,THR,LOSO,cross-solve-same-head,8,1,"['Normal', 'AD']",Normal:2|AD:6,False,,2880,0.0,0.5461805555555556,0.5826388888888889,0.5234491899297092,0.8732638888888888,0.7457878135097706
ideal,binary,M1,LDA,LOSO,cross-solve-same-head,8,1,"['Normal', 'AD']",Normal:2|AD:6,False,,2880,0.0,0.48159722222222223,0.4030092592592593,0.40505673548571525,0.9357638888888888,0.12507603406326034
ideal,binary,M1,LR,LOSO,cross-solve-same-head,8,1,"['Normal', 'AD']",Normal:2|AD:6,False,,2880,0.0,0.48125,0.40324074074074073,0.4051676228658326,0.9215277777777777,0.14110201042442294
ideal,binary,M1,LSVM,LOSO,cross-solve-same-head,8,1,"['Normal', 'AD']",Normal:2|AD:6,False,,2880,0.0,0.48125,0.4027777777777778,0.404828300533822,0.9340277777777778,0.13436309775708843
ideal,binary,M1,RBF,LOSO,cross-solve-same-head,8,1,"['Normal', 'AD']",Normal:2|AD:6,False,,2880,0.0,0.5315972222222223,0.5025462962962963,0.48201984422677957,0.9194444444444444,
ideal,binary,M1,kNN,LOSO,cross-solve-same-head,8,1,"['Normal', 'AD']",Normal:2|AD:6,False,,2880,0.0,0.4930555555555556,0.4625,0.44567457954954737,0.9631944444444445,0.24820402298850575
ideal,binary,M1,ORD,LOSO,cross-solve-same-head,8,1,"['Normal', 'AD']",Normal:2|AD:6,False,,2880,0.0,0.48125,0.40324074074074073,0.4051676228658326,0.9357638888888888,0.12507603406326034
ideal,binary,M1,THR,LOSO,cross-solve-same-head,8,1,"['Normal', 'AD']",Normal:2|AD:6,False,,2880,0.0,0.5399305555555556,0.5136574074074074,0.49123520652370856,0.9368055555555556,0.1215438596491228
ideal,binary,M2,LDA,LOSO,cross-solve-same-head,8,1,"['Normal', 'AD']",Normal:2|AD:6,False,,2880,0.0,0.5503472222222222,0.5502314814814815,0.5134596325821849,0.9996527777777777,
ideal,binary,M2,LR,LOSO,cross-solve-same-head,8,1,"['Normal', 'AD']",Normal:2|AD:6,False,,2880,0.0,0.5496527777777778,0.5497685185185186,0.5129095224378414,0.9996527777777777,
ideal,binary,M2,LSVM,LOSO,cross-solve-same-head,8,1,"['Normal', 'AD']",Normal:2|AD:6,False,,2880,0.0,0.5503472222222222,0.5502314814814815,0.5134596325821849,0.9996527777777777,
ideal,binary,M2,RBF,LOSO,cross-solve-same-head,8,1,"['Normal', 'AD']",Normal:2|AD:6,False,,2880,0.0,0.5739583333333333,0.5793981481481482,0.5380458902966185,1.0,
ideal,binary,M2,kNN,LOSO,cross-solve-same-head,8,1,"['Normal', 'AD']",Normal:2|AD:6,False,,2880,0.0,0.4951388888888889,0.4981481481481481,0.4634411357695659,0.996875,
ideal,binary,M2,ORD,LOSO,cross-solve-same-head,8,1,"['Normal', 'AD']",Normal:2|AD:6,False,,2880,0.0,0.5503472222222222,0.5502314814814815,0.5134596325821849,0.9996527777777777,
ideal,binary,M2,THR,LOSO,cross-solve-same-head,8,1,"['Normal', 'AD']",Normal:2|AD:6,False,,2880,0.0,0.5361111111111111,0.5462962962962963,0.5044469538984001,0.9982638888888888,
ideal,binary,M5,LDA,LOSO,cross-solve-same-head,8,4,"['Normal', 'AD']",Normal:2|AD:6,False,,2880,0.0,1.0,1.0,1.0,0.0003472222222222765,1.0
ideal,binary,M5,LR,LOSO,cross-solve-same-head,8,4,"['Normal', 'AD']",Normal:2|AD:6,False,,2880,0.0,0.9989583333333333,0.9979166666666667,0.9986091774008713,0.0024305555555556024,0.9985974754558204
ideal,binary,M5,LSVM,LOSO,cross-solve-same-head,8,4,"['Normal', 'AD']",Normal:2|AD:6,False,,2880,0.0,1.0,1.0,1.0,0.0,1.0
ideal,binary,M5,RBF,LOSO,cross-solve-same-head,8,4,"['Normal', 'AD']",Normal:2|AD:6,False,,2880,0.0,0.9972222222222222,0.9944444444444445,0.9962824894928696,0.002083333333333326,1.0
ideal,binary,M5,kNN,LOSO,cross-solve-same-head,8,4,"['Normal', 'AD']",Normal:2|AD:6,False,,2880,0.0,0.9972222222222222,0.9944444444444445,0.9962824894928696,0.0003472222222222765,1.0
ideal,binary,M5,ORD,LOSO,cross-solve-same-head,8,4,"['Normal', 'AD']",Normal:2|AD:6,False,,2880,0.0,0.996875,0.99375,0.9958158448724487,0.0017361111111111605,0.9965034965034965
ideal,binary,M5.C3,LDA,LOSO,cross-solve-same-head,8,1,"['Normal', 'AD']",Normal:2|AD:6,False,,2880,0.0,0.9940972222222222,0.9881944444444444,0.9920668240447175,0.006597222222222254,0.9986072423398329
ideal,binary,M5.C3,LR,LOSO,cross-solve-same-head,8,1,"['Normal', 'AD']",Normal:2|AD:6,False,,2880,0.0,0.9986111111111111,0.9972222222222222,0.9981447076497312,0.005555555555555536,0.9969738190033903
ideal,binary,M5.C3,LSVM,LOSO,cross-solve-same-head,8,1,"['Normal', 'AD']",Normal:2|AD:6,False,,2880,0.0,0.9986111111111111,0.9972222222222222,0.9981447076497312,0.00520833333333337,0.9967441775983331
ideal,binary,M5.C3,RBF,LOSO,cross-solve-same-head,8,1,"['Normal', 'AD']",Normal:2|AD:6,False,,2880,0.0,0.9979166666666667,0.9967592592592593,0.9972196460326215,0.0031250000000000444,0.9951256650345637
ideal,binary,M5.C3,kNN,LOSO,cross-solve-same-head,8,1,"['Normal', 'AD']",Normal:2|AD:6,False,,2880,0.0,0.9979166666666667,0.9967592592592593,0.9972196460326215,0.0017361111111111605,0.9967562557924003
ideal,binary,M5.C3,ORD,LOSO,cross-solve-same-head,8,1,"['Normal', 'AD']",Normal:2|AD:6,False,,2880,0.0,0.9979166666666667,0.9958333333333333,0.9972144685147895,0.004166666666666652,0.9986072423398329
ideal,binary,M5.C3,THR,LOSO,cross-solve-same-head,8,1,"['Normal', 'AD']",Normal:2|AD:6,False,,2880,0.0,0.9958333333333333,0.9953703703703705,0.9944546992572891,0.008333333333333304,0.9960181405300395
ideal,binary,M5.C3[k3],LDA,LOSO,cross-solve-same-head,8,1,"['Normal', 'AD']",Normal:2|AD:6,False,,2880,0.0,1.0,1.0,1.0,0.0,1.0
ideal,binary,M5.C3[k3],LR,LOSO,cross-solve-same-head,8,1,"['Normal', 'AD']",Normal:2|AD:6,False,,2880,0.0,1.0,1.0,1.0,0.0,1.0
ideal,binary,M5.C3[k3],LSVM,LOSO,cross-solve-same-head,8,1,"['Normal', 'AD']",Normal:2|AD:6,False,,2880,0.0,1.0,1.0,1.0,0.0,1.0
ideal,binary,M5.C3[k3],RBF,LOSO,cross-solve-same-head,8,1,"['Normal', 'AD']",Normal:2|AD:6,False,,2880,0.0,1.0,1.0,1.0,0.0,1.0
ideal,binary,M5.C3[k3],kNN,LOSO,cross-solve-same-head,8,1,"['Normal', 'AD']",Normal:2|AD:6,False,,2880,0.0,1.0,1.0,1.0,0.0,1.0
ideal,binary,M5.C3[k3],ORD,LOSO,cross-solve-same-head,8,1,"['Normal', 'AD']",Normal:2|AD:6,False,,2880,0.0,1.0,1.0,1.0,0.0,1.0
ideal,binary,M5.C3[k3],THR,LOSO,cross-solve-same-head,8,1,"['Normal', 'AD']",Normal:2|AD:6,False,,2880,0.0,1.0,1.0,1.0,0.0,1.0
ideal,binary,M5.C3[nested],LDA,LOSO,cross-solve-same-head,8,1,"['Normal', 'AD']",Normal:2|AD:6,False,windows 3.45-3.55×8,2880,0.0,1.0,1.0,1.0,0.0003472222222222765,1.0
ideal,binary,M5.C3[nested],LR,LOSO,cross-solve-same-head,8,1,"['Normal', 'AD']",Normal:2|AD:6,False,windows 3.45-3.55×8,2880,0.0,1.0,1.0,1.0,0.0,1.0
ideal,binary,M5.C3[nested],LSVM,LOSO,cross-solve-same-head,8,1,"['Normal', 'AD']",Normal:2|AD:6,False,windows 3.45-3.55×8,2880,0.0,1.0,1.0,1.0,0.0,1.0
ideal,binary,M5.C3[nested],RBF,LOSO,cross-solve-same-head,8,1,"['Normal', 'AD']",Normal:2|AD:6,False,windows 3.45-3.55×8,2880,0.0,1.0,1.0,1.0,0.0,1.0
ideal,binary,M5.C3[nested],kNN,LOSO,cross-solve-same-head,8,1,"['Normal', 'AD']",Normal:2|AD:6,False,windows 3.45-3.55×8,2880,0.0,1.0,1.0,1.0,0.0,1.0
ideal,binary,M5.C3[nested],ORD,LOSO,cross-solve-same-head,8,1,"['Normal', 'AD']",Normal:2|AD:6,False,windows 3.45-3.55×8,2880,0.0,1.0,1.0,1.0,0.0,1.0
ideal,binary,M5.C3[nested],THR,LOSO,cross-solve-same-head,8,1,"['Normal', 'AD']",Normal:2|AD:6,False,windows 3.45-3.55×8,2880,0.0,0.9996527777777777,0.9997685185185186,0.9995372511982061,0.0,1.0
ideal,binary,M6,LDA,LOSO,cross-solve-same-head,8,22,"['Normal', 'AD']",Normal:2|AD:6,False,,2880,0.0,1.0,1.0,1.0,0.0,1.0
ideal,binary,M6,LR,LOSO,cross-solve-same-head,8,22,"['Normal', 'AD']",Normal:2|AD:6,False,,2880,0.0,0.9774305555555556,0.9548611111111112,0.9689520058049135,0.010763888888888906,0.9513788098693758
ideal,binary,M6,LSVM,LOSO,cross-solve-same-head,8,22,"['Normal', 'AD']",Normal:2|AD:6,False,,2880,0.0,1.0,1.0,1.0,0.0,1.0
ideal,binary,M6,RBF,LOSO,cross-solve-same-head,8,22,"['Normal', 'AD']",Normal:2|AD:6,False,,2880,0.0,0.7940972222222222,0.5886574074074074,0.5903909374858344,0.07395833333333335,0.7975988932719702
ideal,binary,M6,kNN,LOSO,cross-solve-same-head,8,22,"['Normal', 'AD']",Normal:2|AD:6,False,,2880,0.0,0.7246527777777778,0.4858796296296296,0.4274332345143559,0.004861111111111094,0.4939422180801491
ideal,binary,M6,ORD,LOSO,cross-solve-same-head,8,22,"['Normal', 'AD']",Normal:2|AD:6,False,,2880,0.0,0.9774305555555556,0.9548611111111112,0.9689520058049135,0.02777777777777779,0.921875
ideal,binary,M7,LDA,LOSO,cross-solve-same-head,8,6,"['Normal', 'AD']",Normal:2|AD:6,False,,2880,0.0,0.6152777777777778,0.5689814814814815,0.5515055226954194,0.2989583333333333,0.5405195903410692
ideal,binary,M7,LR,LOSO,cross-solve-same-head,8,6,"['Normal', 'AD']",Normal:2|AD:6,False,,2880,0.0,0.5802083333333333,0.4201388888888889,0.41604693601240117,0.23888888888888893,0.44113364099259533
ideal,binary,M7,LSVM,LOSO,cross-solve-same-head,8,6,"['Normal', 'AD']",Normal:2|AD:6,False,,2880,0.0,0.5722222222222222,0.41527777777777775,0.41240024668802777,0.24062499999999998,0.43908042721586976
ideal,binary,M7,RBF,LOSO,cross-solve-same-head,8,6,"['Normal', 'AD']",Normal:2|AD:6,False,,2880,0.0,0.6145833333333334,0.4393518518518519,0.4289629804817089,0.17013888888888884,0.4470303729122507
ideal,binary,M7,kNN,LOSO,cross-solve-same-head,8,6,"['Normal', 'AD']",Normal:2|AD:6,False,,2880,0.0,0.5899305555555555,0.43217592592592596,0.4283984761460457,0.265625,0.42947989214957066
ideal,binary,M7,ORD,LOSO,cross-solve-same-head,8,6,"['Normal', 'AD']",Normal:2|AD:6,False,,2880,0.0,0.5572916666666666,0.40856481481481477,0.40835028498922477,0.25069444444444444,0.4314552455141451
ideal,binary,M8,LDA,LOSO,cross-solve-same-head,8,4,"['Normal', 'AD']",Normal:2|AD:6,False,,2880,0.0,0.8534722222222222,0.8634259259259259,0.8235489860048282,0.15763888888888888,0.9131861831862647
ideal,binary,M8,LR,LOSO,cross-solve-same-head,8,4,"['Normal', 'AD']",Normal:2|AD:6,False,,2880,0.0,0.8434027777777777,0.8442129629629629,0.8097681578715733,0.15000000000000002,0.8872549019607843
ideal,binary,M8,LSVM,LOSO,cross-solve-same-head,8,4,"['Normal', 'AD']",Normal:2|AD:6,False,,2880,0.0,0.7121527777777777,0.6761574074074074,0.6539645045197292,0.4510416666666667,0.7504642201754883
ideal,binary,M8,RBF,LOSO,cross-solve-same-head,8,4,"['Normal', 'AD']",Normal:2|AD:6,False,,2880,0.0,0.5767361111111111,0.5761574074074074,0.5380942149810717,1.0,
ideal,binary,M8,kNN,LOSO,cross-solve-same-head,8,4,"['Normal', 'AD']",Normal:2|AD:6,False,,2880,0.0,0.5597222222222222,0.5199074074074075,0.5023328149300156,0.996875,
ideal,binary,M8,ORD,LOSO,cross-solve-same-head,8,4,"['Normal', 'AD']",Normal:2|AD:6,False,,2880,0.0,0.54375,0.5342592592592592,0.5030716608819155,0.9996527777777777,
ideal,binary,COMB,LDA,LOSO,cross-solve-same-head,8,3,"['Normal', 'AD']",Normal:2|AD:6,False,chosen M5.C3+M5.C2+M6.A[3.40]×4; M5.C3+M5.C2+M7.D2×3; M5.C3+M5.C2+M6.A[3.65]×1,2880,0.0,0.9996527777777777,0.9993055555555556,0.9995368225285662,0.000694444444444442,1.0
ideal,binary,COMB,LR,LOSO,cross-solve-same-head,8,3,"['Normal', 'AD']",Normal:2|AD:6,False,chosen M5.C3+M5.C2+M6.A[3.40]×4; M5.C3+M5.C2+M7.D2×3; M5.C3+M5.C2+M6.A[3.65]×1,2880,0.0,0.9996527777777777,0.9993055555555556,0.9995368225285662,0.00347222222222221,0.9992957746478873
ideal,binary,COMB,LSVM,LOSO,cross-solve-same-head,8,3,"['Normal', 'AD']",Normal:2|AD:6,False,chosen M5.C3+M5.C2+M6.A[3.40]×4; M5.C3+M5.C2+M7.D2×3; M5.C3+M5.C2+M6.A[3.65]×1,2880,0.0,0.9996527777777777,0.9993055555555556,0.9995368225285662,0.0003472222222222765,1.0
ideal,binary,COMB,RBF,LOSO,cross-solve-same-head,8,3,"['Normal', 'AD']",Normal:2|AD:6,False,chosen M5.C3+M5.C2+M6.A[3.40]×4; M5.C3+M5.C2+M7.D2×3; M5.C3+M5.C2+M6.A[3.65]×1,2880,0.0,0.9878472222222222,0.9756944444444444,0.9835261142957537,0.005902777777777812,0.9971550497866287
ideal,binary,COMB,kNN,LOSO,cross-solve-same-head,8,3,"['Normal', 'AD']",Normal:2|AD:6,False,chosen M5.C3+M5.C2+M6.A[3.40]×4; M5.C3+M5.C2+M7.D2×3; M5.C3+M5.C2+M6.A[3.65]×1,2880,0.0,0.9996527777777777,0.9993055555555556,0.9995368225285662,0.0003472222222222765,0.9997685185185186
ideal,binary,COMB,ORD,LOSO,cross-solve-same-head,8,3,"['Normal', 'AD']",Normal:2|AD:6,False,chosen M5.C3+M5.C2+M6.A[3.40]×4; M5.C3+M5.C2+M7.D2×3; M5.C3+M5.C2+M6.A[3.65]×1,2880,0.0,0.9996527777777777,0.9993055555555556,0.9995368225285662,0.00520833333333337,0.9992987377279102
ideal,binary,M9,LDA,LOSO,cross-solve-same-head,8,3618,"['Normal', 'AD']",Normal:2|AD:6,False,,2880,0.0,0.9996527777777777,0.9993055555555556,0.9995368225285662,0.00694444444444442,0.9992867332382311
ideal,binary,M9,LR,LOSO,cross-solve-same-head,8,3618,"['Normal', 'AD']",Normal:2|AD:6,False,,2880,0.0,0.9986111111111111,0.9972222222222222,0.9981447076497312,0.002777777777777768,0.9992977528089888
ideal,binary,M9,LSVM,LOSO,cross-solve-same-head,8,3618,"['Normal', 'AD']",Normal:2|AD:6,False,,2880,0.0,0.9194444444444444,0.9462962962962963,0.902246275714192,0.002083333333333326,1.0
ideal,binary,M9,RBF,LOSO,cross-solve-same-head,8,3618,"['Normal', 'AD']",Normal:2|AD:6,False,,2880,0.0,0.9354166666666667,0.8708333333333333,0.9051981727712333,0.008333333333333304,0.9798850574712643
ideal,binary,M9,kNN,LOSO,cross-solve-same-head,8,3618,"['Normal', 'AD']",Normal:2|AD:6,False,,2880,0.0,0.8611111111111112,0.7236111111111111,0.7663685973435785,0.008333333333333304,0.6215045791395123
ideal,binary,M9,ORD,LOSO,cross-solve-same-head,8,3618,"['Normal', 'AD']",Normal:2|AD:6,False,,2880,0.0,0.9986111111111111,0.9972222222222222,0.9981447076497312,0.001388888888888884,0.9993026499302651
ideal,three_merged,M0,LDA,LOSO,cross-solve-same-head,8,1,"['Normal', 'Mild+Moderate', 'Severe']",Normal:2|Mild+Moderate:4|Severe:2,True,,2880,0.0,0.2760416666666667,0.33240740740740743,0.2746655255202866,0.996875,0.3333333333333333
ideal,three_merged,M0,LR,LOSO,cross-solve-same-head,8,1,"['Normal', 'Mild+Moderate', 'Severe']",Normal:2|Mild+Moderate:4|Severe:2,True,,2880,0.0,0.2746527777777778,0.33194444444444443,0.273074935931552,0.996875,0.3333333333333333
ideal,three_merged,M0,LSVM,LOSO,cross-solve-same-head,8,1,"['Normal', 'Mild+Moderate', 'Severe']",Normal:2|Mild+Moderate:4|Severe:2,True,,2880,0.0,0.4152777777777778,0.32129629629629625,0.2748134911366599,0.996875,0.3333333333333333
ideal,three_merged,M0,RBF,LOSO,cross-solve-same-head,8,1,"['Normal', 'Mild+Moderate', 'Severe']",Normal:2|Mild+Moderate:4|Severe:2,True,,2880,0.0,0.29444444444444445,0.3606481481481481,0.2860763464364122,1.0,
ideal,three_merged,M0,kNN,LOSO,cross-solve-same-head,8,1,"['Normal', 'Mild+Moderate', 'Severe']",Normal:2|Mild+Moderate:4|Severe:2,True,,2880,0.0,0.3576388888888889,0.375,0.35104486891012626,0.9975694444444444,
ideal,three_merged,M0,ORD,LOSO,cross-solve-same-head,8,1,"['Normal', 'Mild+Moderate', 'Severe']",Normal:2|Mild+Moderate:4|Severe:2,True,,2880,0.0,0.3472222222222222,0.41435185185185186,0.3462259330842045,0.9972222222222222,0.3333333333333333
ideal,three_merged,M1,LDA,LOSO,cross-solve-same-head,8,1,"['Normal', 'Mild+Moderate', 'Severe']",Normal:2|Mild+Moderate:4|Severe:2,True,,2880,0.0,0.39375,0.3453703703703703,0.35037165991595626,0.9986111111111111,
ideal,three_merged,M1,LR,LOSO,cross-solve-same-head,8,1,"['Normal', 'Mild+Moderate', 'Severe']",Normal:2|Mild+Moderate:4|Severe:2,True,,2880,0.0,0.3975694444444444,0.3488425925925926,0.3541449712707931,0.9982638888888888,
ideal,three_merged,M1,LSVM,LOSO,cross-solve-same-head,8,1,"['Normal', 'Mild+Moderate', 'Severe']",Normal:2|Mild+Moderate:4|Severe:2,True,,2880,0.0,0.37395833333333334,0.262962962962963,0.21950459477418502,0.9986111111111111,
ideal,three_merged,M1,RBF,LOSO,cross-solve-same-head,8,1,"['Normal', 'Mild+Moderate', 'Severe']",Normal:2|Mild+Moderate:4|Severe:2,True,,2880,0.0,0.41388888888888886,0.3717592592592592,0.37394085914143527,1.0,
ideal,three_merged,M1,kNN,LOSO,cross-solve-same-head,8,1,"['Normal', 'Mild+Moderate', 'Severe']",Normal:2|Mild+Moderate:4|Severe:2,True,,2880,0.0,0.2972222222222222,0.28125,0.2787428592479639,0.9961805555555555,
ideal,three_merged,M1,ORD,LOSO,cross-solve-same-head,8,1,"['Normal', 'Mild+Moderate', 'Severe']",Normal:2|Mild+Moderate:4|Severe:2,True,,2880,0.0,0.16041666666666668,0.19606481481481483,0.15576471533396405,0.9993055555555556,
ideal,three_merged,M2,LDA,LOSO,cross-solve-same-head,8,1,"['Normal', 'Mild+Moderate', 'Severe']",Normal:2|Mild+Moderate:4|Severe:2,True,,2880,0.0,0.17118055555555556,0.21203703703703702,0.1733823979385206,1.0,
ideal,three_merged,M2,LR,LOSO,cross-solve-same-head,8,1,"['Normal', 'Mild+Moderate', 'Severe']",Normal:2|Mild+Moderate:4|Severe:2,True,,2880,0.0,0.16875,0.21064814814814814,0.17073934101708518,1.0,
ideal,three_merged,M2,LSVM,LOSO,cross-solve-same-head,8,1,"['Normal', 'Mild+Moderate', 'Severe']",Normal:2|Mild+Moderate:4|Severe:2,True,,2880,0.0,0.38958333333333334,0.2648148148148148,0.20163743536163978,1.0,
ideal,three_merged,M2,RBF,LOSO,cross-solve-same-head,8,1,"['Normal', 'Mild+Moderate', 'Severe']",Normal:2|Mild+Moderate:4|Severe:2,True,,2880,0.0,0.29618055555555556,0.3377314814814815,0.2976666661379217,1.0,
ideal,three_merged,M2,kNN,LOSO,cross-solve-same-head,8,1,"['Normal', 'Mild+Moderate', 'Severe']",Normal:2|Mild+Moderate:4|Severe:2,True,,2880,0.0,0.3177083333333333,0.32546296296296295,0.31102045133458744,0.9989583333333333,
ideal,three_merged,M2,ORD,LOSO,cross-solve-same-head,8,1,"['Normal', 'Mild+Moderate', 'Severe']",Normal:2|Mild+Moderate:4|Severe:2,True,,2880,0.0,0.25729166666666664,0.3185185185185185,0.2471033570522788,1.0,
ideal,three_merged,M5,LDA,LOSO,cross-solve-same-head,8,4,"['Normal', 'Mild+Moderate', 'Severe']",Normal:2|Mild+Moderate:4|Severe:2,True,,2880,0.0,0.9753472222222223,0.9828703703703704,0.9758674348028847,0.008333333333333304,0.9880197322057788
ideal,three_merged,M5,LR,LOSO,cross-solve-same-head,8,4,"['Normal', 'Mild+Moderate', 'Severe']",Normal:2|Mild+Moderate:4|Severe:2,True,,2880,0.0,0.9659722222222222,0.9731481481481481,0.9666590748649305,0.009722222222222188,0.955080091646911
ideal,three_merged,M5,LSVM,LOSO,cross-solve-same-head,8,4,"['Normal', 'Mild+Moderate', 'Severe']",Normal:2|Mild+Moderate:4|Severe:2,True,,2880,0.0,0.940625,0.9462962962962963,0.9415869521619693,0.009722222222222188,0.9497989105869699
ideal,three_merged,M5,RBF,LOSO,cross-solve-same-head,8,4,"['Normal', 'Mild+Moderate', 'Severe']",Normal:2|Mild+Moderate:4|Severe:2,True,,2880,0.0,0.9638888888888889,0.968287037037037,0.9643947386028454,0.005902777777777812,0.9679847610768663
ideal,three_merged,M5,kNN,LOSO,cross-solve-same-head,8,4,"['Normal', 'Mild+Moderate', 'Severe']",Normal:2|Mild+Moderate:4|Severe:2,True,,2880,0.0,0.96875,0.9761574074074074,0.9694067921052326,0.00868055555555558,0.9730005927400249
ideal,three_merged,M5,ORD,LOSO,cross-solve-same-head,8,4,"['Normal', 'Mild+Moderate', 'Severe']",Normal:2|Mild+Moderate:4|Severe:2,True,,2880,0.0,0.9440972222222223,0.9453703703703704,0.9445117826436311,0.030555555555555558,0.9183915880261551
ideal,three_merged,M5.C3,LDA,LOSO,cross-solve-same-head,8,1,"['Normal', 'Mild+Moderate', 'Severe']",Normal:2|Mild+Moderate:4|Severe:2,True,,2880,0.0,0.5107638888888889,0.5717592592592592,0.5625920249654484,0.61875,0.3333333333333333
ideal,three_merged,M5.C3,LR,LOSO,cross-solve-same-head,8,1,"['Normal', 'Mild+Moderate', 'Severe']",Normal:2|Mild+Moderate:4|Severe:2,True,,2880,0.0,0.5246527777777777,0.6122685185185186,0.5773998771519891,0.6576388888888889,0.3333333333333333
ideal,three_merged,M5.C3,LSVM,LOSO,cross-solve-same-head,8,1,"['Normal', 'Mild+Moderate', 'Severe']",Normal:2|Mild+Moderate:4|Severe:2,True,,2880,0.0,0.68125,0.6203703703703703,0.573606819608399,0.5295138888888888,0.6193499238191976
ideal,three_merged,M5.C3,RBF,LOSO,cross-solve-same-head,8,1,"['Normal', 'Mild+Moderate', 'Severe']",Normal:2|Mild+Moderate:4|Severe:2,True,,2880,0.0,0.38784722222222223,0.4733796296296297,0.45599854124070377,0.6104166666666666,0.4369817578772803
ideal,three_merged,M5.C3,kNN,LOSO,cross-solve-same-head,8,1,"['Normal', 'Mild+Moderate', 'Severe']",Normal:2|Mild+Moderate:4|Severe:2,True,,2880,0.0,0.5086805555555556,0.5543981481481481,0.5533219453989514,0.6534722222222222,0.4064814814814815
ideal,three_merged,M5.C3,ORD,LOSO,cross-solve-same-head,8,1,"['Normal', 'Mild+Moderate', 'Severe']",Normal:2|Mild+Moderate:4|Severe:2,True,,2880,0.0,0.6284722222222222,0.6495370370370371,0.6505090782039425,0.7510416666666666,
ideal,three_merged,M5.C3[k3],LDA,LOSO,cross-solve-same-head,8,1,"['Normal', 'Mild+Moderate', 'Severe']",Normal:2|Mild+Moderate:4|Severe:2,True,,2880,0.0,0.31666666666666665,0.40972222222222227,0.3916725912645668,0.5572916666666667,0.33939393939393936
ideal,three_merged,M5.C3[k3],LR,LOSO,cross-solve-same-head,8,1,"['Normal', 'Mild+Moderate', 'Severe']",Normal:2|Mild+Moderate:4|Severe:2,True,,2880,0.0,0.31979166666666664,0.4201388888888889,0.39255696231969434,0.6729166666666666,0.38489974937343363
ideal,three_merged,M5.C3[k3],LSVM,LOSO,cross-solve-same-head,8,1,"['Normal', 'Mild+Moderate', 'Severe']",Normal:2|Mild+Moderate:4|Severe:2,True,,2880,0.0,0.75,0.6666666666666666,0.6,0.4684027777777777,0.33988533988533987
ideal,three_merged,M5.C3[k3],RBF,LOSO,cross-solve-same-head,8,1,"['Normal', 'Mild+Moderate', 'Severe']",Normal:2|Mild+Moderate:4|Severe:2,True,,2880,0.0,0.4847222222222222,0.5324074074074074,0.5324691690791156,0.5611111111111111,0.7345355590755859
ideal,three_merged,M5.C3[k3],kNN,LOSO,cross-solve-same-head,8,1,"['Normal', 'Mild+Moderate', 'Severe']",Normal:2|Mild+Moderate:4|Severe:2,True,,2880,0.0,0.5836805555555555,0.6282407407407408,0.6208175254618826,0.6118055555555555,0.34719276326621534
ideal,three_merged,M5.C3[k3],ORD,LOSO,cross-solve-same-head,8,1,"['Normal', 'Mild+Moderate', 'Severe']",Normal:2|Mild+Moderate:4|Severe:2,True,,2880,0.0,0.5940972222222223,0.6206018518518519,0.6199649853330587,0.7027777777777777,
ideal,three_merged,M5.C3[nested],LDA,LOSO,cross-solve-same-head,8,1,"['Normal', 'Mild+Moderate', 'Severe']",Normal:2|Mild+Moderate:4|Severe:2,True,"windows 3.60-3.75×3, 3.20-3.30×1, 3.20-3.45×1, 3.60-3.90×1, 3.80-3.90×1, 3.60-3.70×1",2880,0.0,0.47708333333333336,0.4895833333333333,0.5000616245378775,0.47326388888888893,0.37952361247853733
ideal,three_merged,M5.C3[nested],LR,LOSO,cross-solve-same-head,8,1,"['Normal', 'Mild+Moderate', 'Severe']",Normal:2|Mild+Moderate:4|Severe:2,True,"windows 3.60-3.75×3, 3.20-3.30×1, 3.20-3.45×1, 3.60-3.90×1, 3.80-3.90×1, 3.60-3.70×1",2880,0.0,0.4777777777777778,0.4914351851851852,0.5021235965448798,0.5652777777777778,0.3873974789257288
ideal,three_merged,M5.C3[nested],LSVM,LOSO,cross-solve-same-head,8,1,"['Normal', 'Mild+Moderate', 'Severe']",Normal:2|Mild+Moderate:4|Severe:2,True,"windows 3.60-3.75×3, 3.20-3.30×1, 3.20-3.45×1, 3.60-3.90×1, 3.80-3.90×1, 3.60-3.70×1",2880,0.0,0.4013888888888889,0.35324074074074074,0.3805071839344221,0.3857638888888889,0.28273487634292305
ideal,three_merged,M5.C3[nested],RBF,LOSO,cross-solve-same-head,8,1,"['Normal', 'Mild+Moderate', 'Severe']",Normal:2|Mild+Moderate:4|Severe:2,True,"windows 3.60-3.75×3, 3.20-3.30×1, 3.20-3.45×1, 3.60-3.90×1, 3.80-3.90×1, 3.60-3.70×1",2880,0.0,0.38993055555555556,0.39537037037037037,0.3934787103360076,0.5107638888888889,0.18032248922301278
ideal,three_merged,M5.C3[nested],kNN,LOSO,cross-solve-same-head,8,1,"['Normal', 'Mild+Moderate', 'Severe']",Normal:2|Mild+Moderate:4|Severe:2,True,"windows 3.60-3.75×3, 3.20-3.30×1, 3.20-3.45×1, 3.60-3.90×1, 3.80-3.90×1, 3.60-3.70×1",2880,0.0,0.4267361111111111,0.4530092592592592,0.4530373719783713,0.5895833333333333,0.040455840455840456
ideal,three_merged,M5.C3[nested],ORD,LOSO,cross-solve-same-head,8,1,"['Normal', 'Mild+Moderate', 'Severe']",Normal:2|Mild+Moderate:4|Severe:2,True,"windows 3.60-3.75×3, 3.20-3.30×1, 3.20-3.45×1, 3.60-3.90×1, 3.80-3.90×1, 3.60-3.70×1",2880,0.0,0.5635416666666667,0.5368055555555556,0.5535040986464843,0.6586805555555555,0.2659334735026147
ideal,three_merged,M6,LDA,LOSO,cross-solve-same-head,8,22,"['Normal', 'Mild+Moderate', 'Severe']",Normal:2|Mild+Moderate:4|Severe:2,True,,2880,0.0,0.9982638888888888,0.9988425925925926,0.998266887317587,0.00347222222222221,0.9981351981351981
ideal,three_merged,M6,LR,LOSO,cross-solve-same-head,8,22,"['Normal', 'Mild+Moderate', 'Severe']",Normal:2|Mild+Moderate:4|Severe:2,True,,2880,0.0,0.7621527777777778,0.7391203703703703,0.75131868489428,0.006249999999999978,0.8305279687632628
ideal,three_merged,M6,LSVM,LOSO,cross-solve-same-head,8,22,"['Normal', 'Mild+Moderate', 'Severe']",Normal:2|Mild+Moderate:4|Severe:2,True,,2880,0.0,0.7815972222222223,0.7981481481481482,0.7840826781955753,0.0017361111111111605,1.0
ideal,three_merged,M6,RBF,LOSO,cross-solve-same-head,8,22,"['Normal', 'Mild+Moderate', 'Severe']",Normal:2|Mild+Moderate:4|Severe:2,True,,2880,0.0,0.44340277777777776,0.3247685185185185,0.29485996127593966,0.025347222222222188,0.39103932780750533
ideal,three_merged,M6,kNN,LOSO,cross-solve-same-head,8,22,"['Normal', 'Mild+Moderate', 'Severe']",Normal:2|Mild+Moderate:4|Severe:2,True,,2880,0.0,0.31631944444444443,0.21134259259259258,0.16397157186683117,0.06076388888888884,0.22700486805021777
ideal,three_merged,M6,ORD,LOSO,cross-solve-same-head,8,22,"['Normal', 'Mild+Moderate', 'Severe']",Normal:2|Mild+Moderate:4|Severe:2,True,,2880,0.0,0.8395833333333333,0.8266203703703704,0.8367444612167242,0.02013888888888893,0.7711030973195819
ideal,three_merged,M7,LDA,LOSO,cross-solve-same-head,8,6,"['Normal', 'Mild+Moderate', 'Severe']",Normal:2|Mild+Moderate:4|Severe:2,True,,2880,0.0,0.18958333333333333,0.1886574074074074,0.18239148369820177,0.6930555555555555,0.13220243239272225
ideal,three_merged,M7,LR,LOSO,cross-solve-same-head,8,6,"['Normal', 'Mild+Moderate', 'Severe']",Normal:2|Mild+Moderate:4|Severe:2,True,,2880,0.0,0.159375,0.13541666666666666,0.13535608953199396,0.6510416666666667,0.05913399019017903
ideal,three_merged,M7,LSVM,LOSO,cross-solve-same-head,8,6,"['Normal', 'Mild+Moderate', 'Severe']",Normal:2|Mild+Moderate:4|Severe:2,True,,2880,0.0,0.14166666666666666,0.1164351851851852,0.11521259191472105,0.65625,0.04860957071255864
ideal,three_merged,M7,RBF,LOSO,cross-solve-same-head,8,6,"['Normal', 'Mild+Moderate', 'Severe']",Normal:2|Mild+Moderate:4|Severe:2,True,,2880,0.0,0.1763888888888889,0.14675925925925926,0.14620267394450873,0.7052083333333333,0.2657051282051282
ideal,three_merged,M7,kNN,LOSO,cross-solve-same-head,8,6,"['Normal', 'Mild+Moderate', 'Severe']",Normal:2|Mild+Moderate:4|Severe:2,True,,2880,0.0,0.18993055555555555,0.16111111111111112,0.1626112245221208,0.7680555555555555,0.06588325090477959
ideal,three_merged,M7,ORD,LOSO,cross-solve-same-head,8,6,"['Normal', 'Mild+Moderate', 'Severe']",Normal:2|Mild+Moderate:4|Severe:2,True,,2880,0.0,0.3392361111111111,0.3324074074074074,0.3233514260555687,0.7979166666666666,0.41804029304029305
ideal,three_merged,M8,LDA,LOSO,cross-solve-same-head,8,4,"['Normal', 'Mild+Moderate', 'Severe']",Normal:2|Mild+Moderate:4|Severe:2,True,,2880,0.0,0.6784722222222223,0.7013888888888888,0.6839287901061116,0.36736111111111114,0.6839951192438188
ideal,three_merged,M8,LR,LOSO,cross-solve-same-head,8,4,"['Normal', 'Mild+Moderate', 'Severe']",Normal:2|Mild+Moderate:4|Severe:2,True,,2880,0.0,0.5958333333333333,0.6416666666666666,0.6076695219966618,0.3902777777777777,0.6779711652248599
ideal,three_merged,M8,LSVM,LOSO,cross-solve-same-head,8,4,"['Normal', 'Mild+Moderate', 'Severe']",Normal:2|Mild+Moderate:4|Severe:2,True,,2880,0.0,0.3104166666666667,0.23055555555555554,0.20893851871926775,0.7184027777777777,0.5807517407593953
ideal,three_merged,M8,RBF,LOSO,cross-solve-same-head,8,4,"['Normal', 'Mild+Moderate', 'Severe']",Normal:2|Mild+Moderate:4|Severe:2,True,,2880,0.0,0.29930555555555555,0.33819444444444446,0.30096076306131314,1.0,
ideal,three_merged,M8,kNN,LOSO,cross-solve-same-head,8,4,"['Normal', 'Mild+Moderate', 'Severe']",Normal:2|Mild+Moderate:4|Severe:2,True,,2880,0.0,0.33576388888888886,0.3386574074074074,0.3276744903337642,0.9972222222222222,
ideal,three_merged,M8,ORD,LOSO,cross-solve-same-head,8,4,"['Normal', 'Mild+Moderate', 'Severe']",Normal:2|Mild+Moderate:4|Severe:2,True,,2880,0.0,0.26458333333333334,0.32731481481481484,0.25544854745985557,1.0,
ideal,three_merged,COMB,LDA,LOSO,cross-solve-same-head,8,3,"['Normal', 'Mild+Moderate', 'Severe']",Normal:2|Mild+Moderate:4|Severe:2,True,chosen M5.C2+M5.C+M6.A[3.40]×2; M5.C2+M6.A[3.60]+M6.A[3.40]×2; M5.C2+M6.A[3.35]+M6.A[3.70]×1; M5.C2+M5.C+M7.D2×1; M5.C2+M7.D2+M6.A[3.65]×1; M5.C2+M6.A[3.40]+M6.A[3.60]×1,2880,0.0,0.8465277777777778,0.8502314814814816,0.847247815975387,0.06527777777777777,0.8243653436483447
ideal,three_merged,COMB,LR,LOSO,cross-solve-same-head,8,3,"['Normal', 'Mild+Moderate', 'Severe']",Normal:2|Mild+Moderate:4|Severe:2,True,chosen M5.C2+M5.C+M6.A[3.40]×2; M5.C2+M6.A[3.60]+M6.A[3.40]×2; M5.C2+M6.A[3.35]+M6.A[3.70]×1; M5.C2+M5.C+M7.D2×1; M5.C2+M7.D2+M6.A[3.65]×1; M5.C2+M6.A[3.40]+M6.A[3.60]×1,2880,0.0,0.6041666666666666,0.5273148148148149,0.5301380500535489,0.0913194444444444,0.6267069552212963
ideal,three_merged,COMB,LSVM,LOSO,cross-solve-same-head,8,3,"['Normal', 'Mild+Moderate', 'Severe']",Normal:2|Mild+Moderate:4|Severe:2,True,chosen M5.C2+M5.C+M6.A[3.40]×2; M5.C2+M6.A[3.60]+M6.A[3.40]×2; M5.C2+M6.A[3.35]+M6.A[3.70]×1; M5.C2+M5.C+M7.D2×1; M5.C2+M7.D2+M6.A[3.65]×1; M5.C2+M6.A[3.40]+M6.A[3.60]×1,2880,0.0,0.46944444444444444,0.36226851851851843,0.3344628758028581,0.09513888888888888,0.6026760226455349
ideal,three_merged,COMB,RBF,LOSO,cross-solve-same-head,8,3,"['Normal', 'Mild+Moderate', 'Severe']",Normal:2|Mild+Moderate:4|Severe:2,True,chosen M5.C2+M5.C+M6.A[3.40]×2; M5.C2+M6.A[3.60]+M6.A[3.40]×2; M5.C2+M6.A[3.35]+M6.A[3.70]×1; M5.C2+M5.C+M7.D2×1; M5.C2+M7.D2+M6.A[3.65]×1; M5.C2+M6.A[3.40]+M6.A[3.60]×1,2880,0.0,0.48715277777777777,0.3541666666666667,0.30276652279630684,0.037847222222222254,0.35118923475084
ideal,three_merged,COMB,kNN,LOSO,cross-solve-same-head,8,3,"['Normal', 'Mild+Moderate', 'Severe']",Normal:2|Mild+Moderate:4|Severe:2,True,chosen M5.C2+M5.C+M6.A[3.40]×2; M5.C2+M6.A[3.60]+M6.A[3.40]×2; M5.C2+M6.A[3.35]+M6.A[3.70]×1; M5.C2+M5.C+M7.D2×1; M5.C2+M7.D2+M6.A[3.65]×1; M5.C2+M6.A[3.40]+M6.A[3.60]×1,2880,0.0,0.5736111111111111,0.4548611111111111,0.44292735765229896,0.14131944444444444,0.4869358353078401
ideal,three_merged,COMB,ORD,LOSO,cross-solve-same-head,8,3,"['Normal', 'Mild+Moderate', 'Severe']",Normal:2|Mild+Moderate:4|Severe:2,True,chosen M5.C2+M5.C+M6.A[3.40]×2; M5.C2+M6.A[3.60]+M6.A[3.40]×2; M5.C2+M6.A[3.35]+M6.A[3.70]×1; M5.C2+M5.C+M7.D2×1; M5.C2+M7.D2+M6.A[3.65]×1; M5.C2+M6.A[3.40]+M6.A[3.60]×1,2880,0.0,0.8017361111111111,0.78125,0.7969614646857451,0.0913194444444444,0.7674810011991742
ideal,three_merged,M9,LDA,LOSO,cross-solve-same-head,8,3618,"['Normal', 'Mild+Moderate', 'Severe']",Normal:2|Mild+Moderate:4|Severe:2,True,,2880,0.0,1.0,1.0,1.0,0.01666666666666672,0.9990420744043932
ideal,three_merged,M9,LR,LOSO,cross-solve-same-head,8,3618,"['Normal', 'Mild+Moderate', 'Severe']",Normal:2|Mild+Moderate:4|Severe:2,True,,2880,0.0,0.9309027777777777,0.9101851851851852,0.9283065859778308,0.042013888888888906,0.9007010631107967
ideal,three_merged,M9,LSVM,LOSO,cross-solve-same-head,8,3618,"['Normal', 'Mild+Moderate', 'Severe']",Normal:2|Mild+Moderate:4|Severe:2,True,,2880,0.0,0.7493055555555556,0.7472222222222222,0.7504192196580668,0.020486111111111094,0.9547604639775417
ideal,three_merged,M9,RBF,LOSO,cross-solve-same-head,8,3618,"['Normal', 'Mild+Moderate', 'Severe']",Normal:2|Mild+Moderate:4|Severe:2,True,,2880,0.0,0.6923611111111111,0.5905092592592592,0.5597923035357427,0.048263888888888884,0.6581504589787722
ideal,three_merged,M9,kNN,LOSO,cross-solve-same-head,8,3618,"['Normal', 'Mild+Moderate', 'Severe']",Normal:2|Mild+Moderate:4|Severe:2,True,,2880,0.0,0.5427083333333333,0.41944444444444445,0.3931872525577202,0.06631944444444449,0.4092667682331341
ideal,three_merged,M9,ORD,LOSO,cross-solve-same-head,8,3618,"['Normal', 'Mild+Moderate', 'Severe']",Normal:2|Mild+Moderate:4|Severe:2,True,,2880,0.0,0.9951388888888889,0.9949074074074075,0.9951355060762741,0.018055555555555602,0.9985805535841022
ideal,three,M0,LDA,LOSO,cross-solve-same-head,6,1,"['Normal', 'Mild', 'Severe']",Normal:2|Mild:2|Severe:2,True,,2160,0.0,0.39166666666666666,0.39166666666666666,0.3797194256288341,0.9935185185185185,0.3333333333333333
ideal,three,M0,LR,LOSO,cross-solve-same-head,6,1,"['Normal', 'Mild', 'Severe']",Normal:2|Mild:2|Severe:2,True,,2160,0.0,0.38981481481481484,0.3898148148148148,0.3772644954817818,0.9912037037037037,0.3333333333333333
ideal,three,M0,LSVM,LOSO,cross-solve-same-head,6,1,"['Normal', 'Mild', 'Severe']",Normal:2|Mild:2|Severe:2,True,,2160,0.0,0.175,0.17500000000000002,0.15217391304347824,0.9935185185185185,0.3333333333333333
ideal,three,M0,RBF,LOSO,cross-solve-same-head,6,1,"['Normal', 'Mild', 'Severe']",Normal:2|Mild:2|Severe:2,True,,2160,0.0,0.4300925925925926,0.43009259259259264,0.4193065224971339,1.0,
ideal,three,M0,kNN,LOSO,cross-solve-same-head,6,1,"['Normal', 'Mild', 'Severe']",Normal:2|Mild:2|Severe:2,True,,2160,0.0,0.39490740740740743,0.39490740740740743,0.38596123150538714,0.9921296296296296,0.3333333333333333
ideal,three,M0,ORD,LOSO,cross-solve-same-head,6,1,"['Normal', 'Mild', 'Severe']",Normal:2|Mild:2|Severe:2,True,,2160,0.0,0.412962962962963,0.412962962962963,0.3861331790083146,0.9939814814814815,0.3333333333333333
ideal,three,M1,LDA,LOSO,cross-solve-same-head,6,1,"['Normal', 'Mild', 'Severe']",Normal:2|Mild:2|Severe:2,True,,2160,0.0,0.3212962962962963,0.32129629629629625,0.3053661024007634,0.9828703703703704,0.4545454545454546
ideal,three,M1,LR,LOSO,cross-solve-same-head,6,1,"['Normal', 'Mild', 'Severe']",Normal:2|Mild:2|Severe:2,True,,2160,0.0,0.3199074074074074,0.3199074074074074,0.30325427298733176,0.9763888888888889,0.4444444444444444
ideal,three,M1,LSVM,LOSO,cross-solve-same-head,6,1,"['Normal', 'Mild', 'Severe']",Normal:2|Mild:2|Severe:2,True,,2160,0.0,0.1712962962962963,0.17129629629629628,0.15602616131748331,0.9824074074074074,0.4545454545454546
ideal,three,M1,RBF,LOSO,cross-solve-same-head,6,1,"['Normal', 'Mild', 'Severe']",Normal:2|Mild:2|Severe:2,True,,2160,0.0,0.38425925925925924,0.38425925925925924,0.36883747094291924,1.0,
ideal,three,M1,kNN,LOSO,cross-solve-same-head,6,1,"['Normal', 'Mild', 'Severe']",Normal:2|Mild:2|Severe:2,True,,2160,0.0,0.30972222222222223,0.30972222222222223,0.30629659262870196,0.9893518518518518,0.6666666666666666
ideal,three,M1,ORD,LOSO,cross-solve-same-head,6,1,"['Normal', 'Mild', 'Severe']",Normal:2|Mild:2|Severe:2,True,,2160,0.0,0.1986111111111111,0.1986111111111111,0.18158291228411114,0.9893518518518518,0.43333333333333335
ideal,three,M2,LDA,LOSO,cross-solve-same-head,6,1,"['Normal', 'Mild', 'Severe']",Normal:2|Mild:2|Severe:2,True,,2160,0.0,0.26805555555555555,0.26805555555555555,0.26622027606877935,1.0,
ideal,three,M2,LR,LOSO,cross-solve-same-head,6,1,"['Normal', 'Mild', 'Severe']",Normal:2|Mild:2|Severe:2,True,,2160,0.0,0.26805555555555555,0.26805555555555555,0.2660074376213879,1.0,
ideal,three,M2,LSVM,LOSO,cross-solve-same-head,6,1,"['Normal', 'Mild', 'Severe']",Normal:2|Mild:2|Severe:2,True,,2160,0.0,0.0699074074074074,0.0699074074074074,0.06835026425474101,1.0,
ideal,three,M2,RBF,LOSO,cross-solve-same-head,6,1,"['Normal', 'Mild', 'Severe']",Normal:2|Mild:2|Severe:2,True,,2160,0.0,0.38055555555555554,0.38055555555555554,0.37864933219260005,1.0,
ideal,three,M2,kNN,LOSO,cross-solve-same-head,6,1,"['Normal', 'Mild', 'Severe']",Normal:2|Mild:2|Severe:2,True,,2160,0.0,0.3263888888888889,0.3263888888888889,0.325046623264561,0.9958333333333333,
ideal,three,M2,ORD,LOSO,cross-solve-same-head,6,1,"['Normal', 'Mild', 'Severe']",Normal:2|Mild:2|Severe:2,True,,2160,0.0,0.30925925925925923,0.3092592592592593,0.27270343125953334,1.0,
ideal,three,M5,LDA,LOSO,cross-solve-same-head,6,4,"['Normal', 'Mild', 'Severe']",Normal:2|Mild:2|Severe:2,True,,2160,0.0,0.9648148148148148,0.9648148148148148,0.9648085236034638,0.017592592592592604,0.9722790440937722
ideal,three,M5,LR,LOSO,cross-solve-same-head,6,4,"['Normal', 'Mild', 'Severe']",Normal:2|Mild:2|Severe:2,True,,2160,0.0,0.9277777777777778,0.9277777777777777,0.9276906768824466,0.019907407407407374,0.9067854990097306
ideal,three,M5,LSVM,LOSO,cross-solve-same-head,6,4,"['Normal', 'Mild', 'Severe']",Normal:2|Mild:2|Severe:2,True,,2160,0.0,0.8962962962962963,0.8962962962962963,0.8951288477604268,0.01620370370370372,0.9348754510903857
ideal,three,M5,RBF,LOSO,cross-solve-same-head,6,4,"['Normal', 'Mild', 'Severe']",Normal:2|Mild:2|Severe:2,True,,2160,0.0,0.8824074074074074,0.8824074074074074,0.8782301780248174,0.019444444444444486,0.8706887725850573
ideal,three,M5,kNN,LOSO,cross-solve-same-head,6,4,"['Normal', 'Mild', 'Severe']",Normal:2|Mild:2|Severe:2,True,,2160,0.0,0.8805555555555555,0.8805555555555555,0.8747624733740321,0.029629629629629672,0.820662768031189
ideal,three,M5,ORD,LOSO,cross-solve-same-head,6,4,"['Normal', 'Mild', 'Severe']",Normal:2|Mild:2|Severe:2,True,,2160,0.0,0.8986111111111111,0.8986111111111111,0.8981298344942328,0.03749999999999998,0.8680908622735183
ideal,three,M5.C3,LDA,LOSO,cross-solve-same-head,6,1,"['Normal', 'Mild', 'Severe']",Normal:2|Mild:2|Severe:2,True,,2160,0.0,0.4935185185185185,0.49351851851851847,0.4774193068499099,0.3569444444444444,0.6524622019352995
ideal,three,M5.C3,LR,LOSO,cross-solve-same-head,6,1,"['Normal', 'Mild', 'Severe']",Normal:2|Mild:2|Severe:2,True,,2160,0.0,0.5833333333333334,0.5833333333333334,0.5337499538518089,0.44907407407407407,0.6205077684050654
ideal,three,M5.C3,LSVM,LOSO,cross-solve-same-head,6,1,"['Normal', 'Mild', 'Severe']",Normal:2|Mild:2|Severe:2,True,,2160,0.0,0.3337962962962963,0.3337962962962963,0.33218407924696797,0.24768518518518523,0.6031133663054628
ideal,three,M5.C3,RBF,LOSO,cross-solve-same-head,6,1,"['Normal', 'Mild', 'Severe']",Normal:2|Mild:2|Severe:2,True,,2160,0.0,0.4115740740740741,0.4115740740740741,0.41047720976337604,0.3388888888888889,0.5150962000962002
ideal,three,M5.C3,kNN,LOSO,cross-solve-same-head,6,1,"['Normal', 'Mild', 'Severe']",Normal:2|Mild:2|Severe:2,True,,2160,0.0,0.4527777777777778,0.4527777777777778,0.4475391708381613,0.437037037037037,0.4507675661053628
ideal,three,M5.C3,ORD,LOSO,cross-solve-same-head,6,1,"['Normal', 'Mild', 'Severe']",Normal:2|Mild:2|Severe:2,True,,2160,0.0,0.6583333333333333,0.6583333333333333,0.6607217031415512,0.5421296296296296,
ideal,three,M5.C3[k3],LDA,LOSO,cross-solve-same-head,6,1,"['Normal', 'Mild', 'Severe']",Normal:2|Mild:2|Severe:2,True,,2160,0.0,0.3939814814814815,0.3939814814814815,0.38984660699639545,0.30138888888888893,0.3342939481268012
ideal,three,M5.C3[k3],LR,LOSO,cross-solve-same-head,6,1,"['Normal', 'Mild', 'Severe']",Normal:2|Mild:2|Severe:2,True,,2160,0.0,0.42777777777777776,0.42777777777777776,0.41785526450063193,0.3949074074074074,0.38322487346348516
ideal,three,M5.C3[k3],LSVM,LOSO,cross-solve-same-head,6,1,"['Normal', 'Mild', 'Severe']",Normal:2|Mild:2|Severe:2,True,,2160,0.0,0.3333333333333333,0.3333333333333333,0.3333333333333333,0.16759259259259263,0.5267419776503509
ideal,three,M5.C3[k3],RBF,LOSO,cross-solve-same-head,6,1,"['Normal', 'Mild', 'Severe']",Normal:2|Mild:2|Severe:2,True,,2160,0.0,0.425,0.425,0.4158730158730159,0.21898148148148144,0.5201731212997672
ideal,three,M5.C3[k3],kNN,LOSO,cross-solve-same-head,6,1,"['Normal', 'Mild', 'Severe']",Normal:2|Mild:2|Severe:2,True,,2160,0.0,0.49722222222222223,0.49722222222222223,0.4682726204465335,0.29027777777777775,0.3366500829187396
ideal,three,M5.C3[k3],ORD,LOSO,cross-solve-same-head,6,1,"['Normal', 'Mild', 'Severe']",Normal:2|Mild:2|Severe:2,True,,2160,0.0,0.6300925925925925,0.6300925925925925,0.6296423325416322,0.3740740740740741,0.3333333333333333
ideal,three,M5.C3[nested],LDA,LOSO,cross-solve-same-head,6,1,"['Normal', 'Mild', 'Severe']",Normal:2|Mild:2|Severe:2,True,"windows 3.20-3.30×1, 3.60-3.90×1, 3.95-4.05×1, 3.20-3.45×1, 3.80-3.90×1, 3.55-3.65×1",2160,0.0,0.2675925925925926,0.26759259259259255,0.2784256590133167,0.15740740740740744,0.41257076674943444
ideal,three,M5.C3[nested],LR,LOSO,cross-solve-same-head,6,1,"['Normal', 'Mild', 'Severe']",Normal:2|Mild:2|Severe:2,True,"windows 3.20-3.30×1, 3.60-3.90×1, 3.95-4.05×1, 3.20-3.45×1, 3.80-3.90×1, 3.55-3.65×1",2160,0.0,0.3037037037037037,0.30370370370370364,0.31464831683903505,0.3490740740740741,0.40894380192615826
ideal,three,M5.C3[nested],LSVM,LOSO,cross-solve-same-head,6,1,"['Normal', 'Mild', 'Severe']",Normal:2|Mild:2|Severe:2,True,"windows 3.20-3.30×1, 3.60-3.90×1, 3.95-4.05×1, 3.20-3.45×1, 3.80-3.90×1, 3.55-3.65×1",2160,0.0,0.22546296296296298,0.22546296296296295,0.23049760356135526,0.31898148148148153,0.2390599127587734
ideal,three,M5.C3[nested],RBF,LOSO,cross-solve-same-head,6,1,"['Normal', 'Mild', 'Severe']",Normal:2|Mild:2|Severe:2,True,"windows 3.20-3.30×1, 3.60-3.90×1, 3.95-4.05×1, 3.20-3.45×1, 3.80-3.90×1, 3.55-3.65×1",2160,0.0,0.3421296296296296,0.3421296296296297,0.33756083120435293,0.2865740740740741,0.2138890414553621
ideal,three,M5.C3[nested],kNN,LOSO,cross-solve-same-head,6,1,"['Normal', 'Mild', 'Severe']",Normal:2|Mild:2|Severe:2,True,"windows 3.20-3.30×1, 3.60-3.90×1, 3.95-4.05×1, 3.20-3.45×1, 3.80-3.90×1, 3.55-3.65×1",2160,0.0,0.27546296296296297,0.27546296296296297,0.2871101285610744,0.39629629629629626,0.33843502367643613
ideal,three,M5.C3[nested],ORD,LOSO,cross-solve-same-head,6,1,"['Normal', 'Mild', 'Severe']",Normal:2|Mild:2|Severe:2,True,"windows 3.20-3.30×1, 3.60-3.90×1, 3.95-4.05×1, 3.20-3.45×1, 3.80-3.90×1, 3.55-3.65×1",2160,0.0,0.45787037037037037,0.45787037037037037,0.4412455623967513,0.4384259259259259,0.23900301716320707
ideal,three,M6,LDA,LOSO,cross-solve-same-head,6,22,"['Normal', 'Mild', 'Severe']",Normal:2|Mild:2|Severe:2,True,,2160,0.0,0.7657407407407407,0.7657407407407407,0.7613188782930683,0.10509259259259263,0.6907597687759283
ideal,three,M6,LR,LOSO,cross-solve-same-head,6,22,"['Normal', 'Mild', 'Severe']",Normal:2|Mild:2|Severe:2,True,,2160,0.0,0.3597222222222222,0.3597222222222222,0.37262556124943985,0.1069444444444444,0.4367882650679094
ideal,three,M6,LSVM,LOSO,cross-solve-same-head,6,22,"['Normal', 'Mild', 'Severe']",Normal:2|Mild:2|Severe:2,True,,2160,0.0,0.500462962962963,0.500462962962963,0.5227074794181918,0.0,0.5
ideal,three,M6,RBF,LOSO,cross-solve-same-head,6,22,"['Normal', 'Mild', 'Severe']",Normal:2|Mild:2|Severe:2,True,,2160,0.0,0.13657407407407407,0.13657407407407407,0.1911240686750891,0.0009259259259258856,0.16295264623955433
ideal,three,M6,kNN,LOSO,cross-solve-same-head,6,22,"['Normal', 'Mild', 'Severe']",Normal:2|Mild:2|Severe:2,True,,2160,0.0,0.002777777777777778,0.002777777777777778,0.0037629350893697085,0.02546296296296291,0.010782934833567745
ideal,three,M6,ORD,LOSO,cross-solve-same-head,6,22,"['Normal', 'Mild', 'Severe']",Normal:2|Mild:2|Severe:2,True,,2160,0.0,0.6972222222222222,0.6972222222222223,0.7012805580806827,0.031481481481481444,0.6863370364738081
ideal,three,M7,LDA,LOSO,cross-solve-same-head,6,6,"['Normal', 'Mild', 'Severe']",Normal:2|Mild:2|Severe:2,True,,2160,0.0,0.14953703703703702,0.14953703703703705,0.1580451632714653,0.575462962962963,0.11701429225859193
ideal,three,M7,LR,LOSO,cross-solve-same-head,6,6,"['Normal', 'Mild', 'Severe']",Normal:2|Mild:2|Severe:2,True,,2160,0.0,0.0912037037037037,0.09120370370370372,0.09920904411566552,0.5037037037037038,0.06857883317377284
ideal,three,M7,LSVM,LOSO,cross-solve-same-head,6,6,"['Normal', 'Mild', 'Severe']",Normal:2|Mild:2|Severe:2,True,,2160,0.0,0.07916666666666666,0.07916666666666666,0.09046550952460651,0.5111111111111111,0.060092704164869115
ideal,three,M7,RBF,LOSO,cross-solve-same-head,6,6,"['Normal', 'Mild', 'Severe']",Normal:2|Mild:2|Severe:2,True,,2160,0.0,0.08055555555555556,0.08055555555555555,0.08683226265837485,0.3856481481481482,0.10551387261277735
ideal,three,M7,kNN,LOSO,cross-solve-same-head,6,6,"['Normal', 'Mild', 'Severe']",Normal:2|Mild:2|Severe:2,True,,2160,0.0,0.0962962962962963,0.09629629629629628,0.10035550178325554,0.6675925925925925,0.023667679837892603
ideal,three,M7,ORD,LOSO,cross-solve-same-head,6,6,"['Normal', 'Mild', 'Severe']",Normal:2|Mild:2|Severe:2,True,,2160,0.0,0.3087962962962963,0.3087962962962963,0.30561030694303093,0.6995370370370371,0.41304347826086957
ideal,three,M8,LDA,LOSO,cross-solve-same-head,6,4,"['Normal', 'Mild', 'Severe']",Normal:2|Mild:2|Severe:2,True,,2160,0.0,0.6055555555555555,0.6055555555555555,0.5959588792597135,0.23657407407407405,0.5167778658776357
ideal,three,M8,LR,LOSO,cross-solve-same-head,6,4,"['Normal', 'Mild', 'Severe']",Normal:2|Mild:2|Severe:2,True,,2160,0.0,0.5143518518518518,0.5143518518518518,0.4761032692916305,0.33472222222222225,0.538173511306742
ideal,three,M8,LSVM,LOSO,cross-solve-same-head,6,4,"['Normal', 'Mild', 'Severe']",Normal:2|Mild:2|Severe:2,True,,2160,0.0,0.17962962962962964,0.1796296296296296,0.18545157444855134,0.5199074074074075,0.6158561133344033
ideal,three,M8,RBF,LOSO,cross-solve-same-head,6,4,"['Normal', 'Mild', 'Severe']",Normal:2|Mild:2|Severe:2,True,,2160,0.0,0.38101851851851853,0.3810185185185185,0.37920022556692673,1.0,
ideal,three,M8,kNN,LOSO,cross-solve-same-head,6,4,"['Normal', 'Mild', 'Severe']",Normal:2|Mild:2|Severe:2,True,,2160,0.0,0.33101851851851855,0.33101851851851855,0.33134398924437397,0.9921296296296296,0.6666666666666666
ideal,three,M8,ORD,LOSO,cross-solve-same-head,6,4,"['Normal', 'Mild', 'Severe']",Normal:2|Mild:2|Severe:2,True,,2160,0.0,0.31851851851851853,0.3185185185185185,0.28394775928194943,1.0,
ideal,three,COMB,LDA,LOSO,cross-solve-same-head,6,3,"['Normal', 'Mild', 'Severe']",Normal:2|Mild:2|Severe:2,True,chosen M5.C2+M5.C+M6.A[3.40]×1; M5.C2+M6.A[3.35]+M6.A[3.60]×1; M5.C2+M5.C3+M6.A[3.65]×1; M5.C2+M5.C1+M7.D2×1; M5.C2+M7.D2+M6.A[3.65]×1; M5.C2+M6.A[3.60]+M6.A[3.40]×1,2160,0.0,0.8837962962962963,0.8837962962962962,0.8857426225286567,0.09768518518518521,0.7642619615072522
ideal,three,COMB,LR,LOSO,cross-solve-same-head,6,3,"['Normal', 'Mild', 'Severe']",Normal:2|Mild:2|Severe:2,True,chosen M5.C2+M5.C+M6.A[3.40]×1; M5.C2+M6.A[3.35]+M6.A[3.60]×1; M5.C2+M5.C3+M6.A[3.65]×1; M5.C2+M5.C1+M7.D2×1; M5.C2+M7.D2+M6.A[3.65]×1; M5.C2+M6.A[3.60]+M6.A[3.40]×1,2160,0.0,0.4115740740740741,0.4115740740740741,0.40847918011073353,0.09629629629629632,0.41535187346002383
ideal,three,COMB,LSVM,LOSO,cross-solve-same-head,6,3,"['Normal', 'Mild', 'Severe']",Normal:2|Mild:2|Severe:2,True,chosen M5.C2+M5.C+M6.A[3.40]×1; M5.C2+M6.A[3.35]+M6.A[3.60]×1; M5.C2+M5.C3+M6.A[3.65]×1; M5.C2+M5.C1+M7.D2×1; M5.C2+M7.D2+M6.A[3.65]×1; M5.C2+M6.A[3.60]+M6.A[3.40]×1,2160,0.0,0.3296296296296296,0.32962962962962966,0.31383270982750405,0.06805555555555554,0.4328495356652277
ideal,three,COMB,RBF,LOSO,cross-solve-same-head,6,3,"['Normal', 'Mild', 'Severe']",Normal:2|Mild:2|Severe:2,True,chosen M5.C2+M5.C+M6.A[3.40]×1; M5.C2+M6.A[3.35]+M6.A[3.60]×1; M5.C2+M5.C3+M6.A[3.65]×1; M5.C2+M5.C1+M7.D2×1; M5.C2+M7.D2+M6.A[3.65]×1; M5.C2+M6.A[3.60]+M6.A[3.40]×1,2160,0.0,0.3449074074074074,0.3449074074074074,0.3127292797399567,0.005555555555555536,0.34835216572504707
ideal,three,COMB,kNN,LOSO,cross-solve-same-head,6,3,"['Normal', 'Mild', 'Severe']",Normal:2|Mild:2|Severe:2,True,chosen M5.C2+M5.C+M6.A[3.40]×1; M5.C2+M6.A[3.35]+M6.A[3.60]×1; M5.C2+M5.C3+M6.A[3.65]×1; M5.C2+M5.C1+M7.D2×1; M5.C2+M7.D2+M6.A[3.65]×1; M5.C2+M6.A[3.60]+M6.A[3.40]×1,2160,0.0,0.44027777777777777,0.44027777777777777,0.4483156338740421,0.1597222222222222,0.36638032049043573
ideal,three,COMB,ORD,LOSO,cross-solve-same-head,6,3,"['Normal', 'Mild', 'Severe']",Normal:2|Mild:2|Severe:2,True,chosen M5.C2+M5.C+M6.A[3.40]×1; M5.C2+M6.A[3.35]+M6.A[3.60]×1; M5.C2+M5.C3+M6.A[3.65]×1; M5.C2+M5.C1+M7.D2×1; M5.C2+M7.D2+M6.A[3.65]×1; M5.C2+M6.A[3.60]+M6.A[3.40]×1,2160,0.0,0.7657407407407407,0.7657407407407407,0.7728000657248263,0.11851851851851847,0.7394376899696048
ideal,three,M9,LDA,LOSO,cross-solve-same-head,6,3618,"['Normal', 'Mild', 'Severe']",Normal:2|Mild:2|Severe:2,True,,2160,0.0,0.7231481481481481,0.7231481481481481,0.6534015419701821,0.3287037037037037,0.42650761598880654
ideal,three,M9,LR,LOSO,cross-solve-same-head,6,3618,"['Normal', 'Mild', 'Severe']",Normal:2|Mild:2|Severe:2,True,,2160,0.0,0.39814814814814814,0.39814814814814814,0.38610700468887194,0.125,0.39019823268890613
ideal,three,M9,LSVM,LOSO,cross-solve-same-head,6,3618,"['Normal', 'Mild', 'Severe']",Normal:2|Mild:2|Severe:2,True,,2160,0.0,0.6467592592592593,0.6467592592592593,0.5512212988930649,0.062037037037037,0.5453476825823054
ideal,three,M9,RBF,LOSO,cross-solve-same-head,6,3618,"['Normal', 'Mild', 'Severe']",Normal:2|Mild:2|Severe:2,True,,2160,0.0,0.19537037037037036,0.1953703703703704,0.2316001104667219,0.0,0.1953703703703704
ideal,three,M9,kNN,LOSO,cross-solve-same-head,6,3618,"['Normal', 'Mild', 'Severe']",Normal:2|Mild:2|Severe:2,True,,2160,0.0,0.17962962962962964,0.1796296296296296,0.21442711924728072,0.03009259259259256,0.1483050847457627
ideal,three,M9,ORD,LOSO,cross-solve-same-head,6,3618,"['Normal', 'Mild', 'Severe']",Normal:2|Mild:2|Severe:2,True,,2160,0.0,0.9087962962962963,0.9087962962962962,0.9074607506117843,0.06018518518518523,0.9752912101823762
ideal,binary_early,M0,LDA,LODO+LOSO-within-class,noise-robustness-only,6,1,"['Normal', 'MCI']",Normal:2|MCI:1,False,,1440,0.0,0.5118055555555555,0.5118055555555555,0.5114830344686476,1.0,
ideal,binary_early,M0,LR,LODO+LOSO-within-class,noise-robustness-only,6,1,"['Normal', 'MCI']",Normal:2|MCI:1,False,,1440,0.0,0.5118055555555555,0.5118055555555555,0.5114830344686476,1.0,
ideal,binary_early,M0,LSVM,LODO+LOSO-within-class,noise-robustness-only,6,1,"['Normal', 'MCI']",Normal:2|MCI:1,False,,1440,0.0,0.5118055555555555,0.5118055555555555,0.5114830344686476,1.0,
ideal,binary_early,M0,RBF,LODO+LOSO-within-class,noise-robustness-only,6,1,"['Normal', 'MCI']",Normal:2|MCI:1,False,,1440,0.0,0.5229166666666667,0.5229166666666667,0.5218187592171262,1.0,
ideal,binary_early,M0,kNN,LODO+LOSO-within-class,noise-robustness-only,6,1,"['Normal', 'MCI']",Normal:2|MCI:1,False,,1440,0.0,0.5236111111111111,0.5236111111111111,0.5232432432432432,0.9979166666666667,0.5
ideal,binary_early,M0,ORD,LODO+LOSO-within-class,noise-robustness-only,6,1,"['Normal', 'MCI']",Normal:2|MCI:1,False,,1440,0.0,0.5118055555555555,0.5118055555555555,0.5114830344686476,1.0,
ideal,binary_early,M0,THR,LODO+LOSO-within-class,noise-robustness-only,6,1,"['Normal', 'MCI']",Normal:2|MCI:1,False,,1440,0.0,0.5048611111111111,0.5048611111111111,0.49522099076744874,1.0,
ideal,binary_early,M1,LDA,LODO+LOSO-within-class,noise-robustness-only,6,1,"['Normal', 'MCI']",Normal:2|MCI:1,False,,1440,0.0,0.43125,0.43125,0.41400910567522164,0.8583333333333334,0.45633569969853155
ideal,binary_early,M1,LR,LODO+LOSO-within-class,noise-robustness-only,6,1,"['Normal', 'MCI']",Normal:2|MCI:1,False,,1440,0.0,0.43125,0.43125,0.41400910567522164,0.7708333333333334,0.4311155913978495
ideal,binary_early,M1,LSVM,LODO+LOSO-within-class,noise-robustness-only,6,1,"['Normal', 'MCI']",Normal:2|MCI:1,False,,1440,0.0,0.43125,0.43125,0.41400910567522164,0.8583333333333334,0.45633569969853155
ideal,binary_early,M1,RBF,LODO+LOSO-within-class,noise-robustness-only,6,1,"['Normal', 'MCI']",Normal:2|MCI:1,False,,1440,0.0,0.4236111111111111,0.42361111111111116,0.41857636828166744,0.9402777777777778,0.5
ideal,binary_early,M1,kNN,LODO+LOSO-within-class,noise-robustness-only,6,1,"['Normal', 'MCI']",Normal:2|MCI:1,False,,1440,0.0,0.425,0.42500000000000004,0.4162802356184986,0.8631944444444444,0.48702731092436974
ideal,binary_early,M1,ORD,LODO+LOSO-within-class,noise-robustness-only,6,1,"['Normal', 'MCI']",Normal:2|MCI:1,False,,1440,0.0,0.43125,0.43125,0.41400910567522164,0.8548611111111111,0.44241443108233114
ideal,binary_early,M1,THR,LODO+LOSO-within-class,noise-robustness-only,6,1,"['Normal', 'MCI']",Normal:2|MCI:1,False,,1440,0.0,0.41875,0.41874999999999996,0.4138994640735757,0.8027777777777778,0.45944654088050313
ideal,binary_early,M2,LDA,LODO+LOSO-within-class,noise-robustness-only,6,1,"['Normal', 'MCI']",Normal:2|MCI:1,False,,1440,0.0,0.4861111111111111,0.4861111111111111,0.4845989099963434,1.0,
ideal,binary_early,M2,LR,LODO+LOSO-within-class,noise-robustness-only,6,1,"['Normal', 'MCI']",Normal:2|MCI:1,False,,1440,0.0,0.4861111111111111,0.4861111111111111,0.4845989099963434,0.9979166666666667,1.0
ideal,binary_early,M2,LSVM,LODO+LOSO-within-class,noise-robustness-only,6,1,"['Normal', 'MCI']",Normal:2|MCI:1,False,,1440,0.0,0.4861111111111111,0.4861111111111111,0.4845989099963434,1.0,
ideal,binary_early,M2,RBF,LODO+LOSO-within-class,noise-robustness-only,6,1,"['Normal', 'MCI']",Normal:2|MCI:1,False,,1440,0.0,0.4979166666666667,0.4979166666666667,0.49791448747607414,1.0,
ideal,binary_early,M2,kNN,LODO+LOSO-within-class,noise-robustness-only,6,1,"['Normal', 'MCI']",Normal:2|MCI:1,False,,1440,0.0,0.48819444444444443,0.4881944444444445,0.48817445125894676,0.9972222222222222,0.5
ideal,binary_early,M2,ORD,LODO+LOSO-within-class,noise-robustness-only,6,1,"['Normal', 'MCI']",Normal:2|MCI:1,False,,1440,0.0,0.4861111111111111,0.4861111111111111,0.4845989099963434,1.0,
ideal,binary_early,M2,THR,LODO+LOSO-within-class,noise-robustness-only,6,1,"['Normal', 'MCI']",Normal:2|MCI:1,False,,1440,0.0,0.49722222222222223,0.49722222222222223,0.4962271152894606,0.9986111111111111,1.0
ideal,binary_early,M5,LDA,LODO+LOSO-within-class,noise-robustness-only,6,4,"['Normal', 'MCI']",Normal:2|MCI:1,False,,1440,0.0,0.6986111111111111,0.6986111111111111,0.6926829268292682,0.59375,0.7398155085221951
ideal,binary_early,M5,LR,LODO+LOSO-within-class,noise-robustness-only,6,4,"['Normal', 'MCI']",Normal:2|MCI:1,False,,1440,0.0,0.7493055555555556,0.7493055555555556,0.746878711255045,0.26111111111111107,0.8074658883983137
ideal,binary_early,M5,LSVM,LODO+LOSO-within-class,noise-robustness-only,6,4,"['Normal', 'MCI']",Normal:2|MCI:1,False,,1440,0.0,0.7083333333333334,0.7083333333333334,0.703598572097883,0.6361111111111111,0.7514817449027975
ideal,binary_early,M5,RBF,LODO+LOSO-within-class,noise-robustness-only,6,4,"['Normal', 'MCI']",Normal:2|MCI:1,False,,1440,0.0,0.7895833333333333,0.7895833333333333,0.7876613697184829,0.2402777777777778,0.8538383565346668
ideal,binary_early,M5,kNN,LODO+LOSO-within-class,noise-robustness-only,6,4,"['Normal', 'MCI']",Normal:2|MCI:1,False,,1440,0.0,0.7611111111111111,0.7611111111111111,0.7556123898834897,0.4756944444444444,0.8518189358928783
ideal,binary_early,M5,ORD,LODO+LOSO-within-class,noise-robustness-only,6,4,"['Normal', 'MCI']",Normal:2|MCI:1,False,,1440,0.0,0.7180555555555556,0.7180555555555556,0.7139748416842138,0.45763888888888893,0.7597156241752441
ideal,binary_early,M5.C3,LDA,LODO+LOSO-within-class,noise-robustness-only,6,1,"['Normal', 'MCI']",Normal:2|MCI:1,False,,1440,0.0,0.7375,0.7375,0.7360698693344143,0.8159722222222222,0.7432177400330267
ideal,binary_early,M5.C3,LR,LODO+LOSO-within-class,noise-robustness-only,6,1,"['Normal', 'MCI']",Normal:2|MCI:1,False,,1440,0.0,0.73125,0.73125,0.7304386901355788,0.7256944444444444,0.7541430669183973
ideal,binary_early,M5.C3,LSVM,LODO+LOSO-within-class,noise-robustness-only,6,1,"['Normal', 'MCI']",Normal:2|MCI:1,False,,1440,0.0,0.7340277777777777,0.7340277777777777,0.733053376256213,0.7513888888888889,0.7406962025316455
ideal,binary_early,M5.C3,RBF,LODO+LOSO-within-class,noise-robustness-only,6,1,"['Normal', 'MCI']",Normal:2|MCI:1,False,,1440,0.0,0.7180555555555556,0.7180555555555556,0.7084025784106982,0.8097222222222222,0.5454545454545454
ideal,binary_early,M5.C3,kNN,LODO+LOSO-within-class,noise-robustness-only,6,1,"['Normal', 'MCI']",Normal:2|MCI:1,False,,1440,0.0,0.6701388888888888,0.6701388888888888,0.6659632686568548,0.6069444444444445,0.7646898763035197
ideal,binary_early,M5.C3,ORD,LODO+LOSO-within-class,noise-robustness-only,6,1,"['Normal', 'MCI']",Normal:2|MCI:1,False,,1440,0.0,0.73125,0.73125,0.7303969591284925,0.7798611111111111,0.7317557803468209
ideal,binary_early,M5.C3,THR,LODO+LOSO-within-class,noise-robustness-only,6,1,"['Normal', 'MCI']",Normal:2|MCI:1,False,,1440,0.0,0.7034722222222223,0.7034722222222223,0.6983858285290472,0.6180555555555556,0.8158931202538819
ideal,binary_early,M5.C3[k3],LDA,LODO+LOSO-within-class,noise-robustness-only,6,1,"['Normal', 'MCI']",Normal:2|MCI:1,False,,1440,0.0,0.6465277777777778,0.6465277777777778,0.6437568257341173,1.0,
ideal,binary_early,M5.C3[k3],LR,LODO+LOSO-within-class,noise-robustness-only,6,1,"['Normal', 'MCI']",Normal:2|MCI:1,False,,1440,0.0,0.64375,0.64375,0.6416970498889519,1.0,
ideal,binary_early,M5.C3[k3],LSVM,LODO+LOSO-within-class,noise-robustness-only,6,1,"['Normal', 'MCI']",Normal:2|MCI:1,False,,1440,0.0,0.6458333333333334,0.6458333333333333,0.6431008240172151,1.0,
ideal,binary_early,M5.C3[k3],RBF,LODO+LOSO-within-class,noise-robustness-only,6,1,"['Normal', 'MCI']",Normal:2|MCI:1,False,,1440,0.0,0.6326388888888889,0.6326388888888889,0.5942367729849133,0.8277777777777777,0.5188292557960804
ideal,binary_early,M5.C3[k3],kNN,LODO+LOSO-within-class,noise-robustness-only,6,1,"['Normal', 'MCI']",Normal:2|MCI:1,False,,1440,0.0,0.5895833333333333,0.5895833333333333,0.5861584029480087,0.9,0.5
ideal,binary_early,M5.C3[k3],ORD,LODO+LOSO-within-class,noise-robustness-only,6,1,"['Normal', 'MCI']",Normal:2|MCI:1,False,,1440,0.0,0.6416666666666667,0.6416666666666666,0.6394066982302277,1.0,
ideal,binary_early,M5.C3[k3],THR,LODO+LOSO-within-class,noise-robustness-only,6,1,"['Normal', 'MCI']",Normal:2|MCI:1,False,,1440,0.0,0.6451388888888889,0.6451388888888889,0.6139995457213614,0.9222222222222223,0.9709302325581395
ideal,binary_early,M5.C3[nested],LDA,LODO+LOSO-within-class,noise-robustness-only,6,1,"['Normal', 'MCI']",Normal:2|MCI:1,False,"windows 3.90-4.00×2, 3.60-3.70×2, 3.95-4.05×1, 3.65-3.75×1",1440,0.0,0.9104166666666667,0.9104166666666667,0.9096919287161289,0.004861111111111094,0.9158485273492286
ideal,binary_early,M5.C3[nested],LR,LODO+LOSO-within-class,noise-robustness-only,6,1,"['Normal', 'MCI']",Normal:2|MCI:1,False,"windows 3.90-4.00×2, 3.60-3.70×2, 3.95-4.05×1, 3.65-3.75×1",1440,0.0,0.9111111111111111,0.9111111111111111,0.9104031856645097,0.001388888888888884,0.9157381615598885
ideal,binary_early,M5.C3[nested],LSVM,LODO+LOSO-within-class,noise-robustness-only,6,1,"['Normal', 'MCI']",Normal:2|MCI:1,False,"windows 3.90-4.00×2, 3.60-3.70×2, 3.95-4.05×1, 3.65-3.75×1",1440,0.0,0.9152777777777777,0.9152777777777779,0.9146652573740137,0.00347222222222221,0.9167832167832168
ideal,binary_early,M5.C3[nested],RBF,LODO+LOSO-within-class,noise-robustness-only,6,1,"['Normal', 'MCI']",Normal:2|MCI:1,False,"windows 3.90-4.00×2, 3.60-3.70×2, 3.95-4.05×1, 3.65-3.75×1",1440,0.0,0.9145833333333333,0.9145833333333333,0.9139555524464518,0.000694444444444442,0.9165507649513213
ideal,binary_early,M5.C3[nested],kNN,LODO+LOSO-within-class,noise-robustness-only,6,1,"['Normal', 'MCI']",Normal:2|MCI:1,False,"windows 3.90-4.00×2, 3.60-3.70×2, 3.95-4.05×1, 3.65-3.75×1",1440,0.0,0.9152777777777777,0.9152777777777779,0.9146652573740137,0.004166666666666652,0.9159663865546219
ideal,binary_early,M5.C3[nested],ORD,LODO+LOSO-within-class,noise-robustness-only,6,1,"['Normal', 'MCI']",Normal:2|MCI:1,False,"windows 3.90-4.00×2, 3.60-3.70×2, 3.95-4.05×1, 3.65-3.75×1",1440,0.0,0.9118055555555555,0.9118055555555555,0.9111141785230509,0.002083333333333326,0.9163179916317992
ideal,binary_early,M5.C3[nested],THR,LODO+LOSO-within-class,noise-robustness-only,6,1,"['Normal', 'MCI']",Normal:2|MCI:1,False,"windows 3.90-4.00×2, 3.60-3.70×2, 3.95-4.05×1, 3.65-3.75×1",1440,0.0,0.9145833333333333,0.9145833333333333,0.9139555524464518,0.002083333333333326,0.9165507649513213
ideal,binary_early,M6,LDA,LODO+LOSO-within-class,noise-robustness-only,6,22,"['Normal', 'MCI']",Normal:2|MCI:1,False,,1440,0.0,0.8513888888888889,0.8513888888888889,0.8480326500983331,0.12708333333333333,0.9292364990689013
ideal,binary_early,M6,LR,LODO+LOSO-within-class,noise-robustness-only,6,22,"['Normal', 'MCI']",Normal:2|MCI:1,False,,1440,0.0,0.7513888888888889,0.7513888888888889,0.735010558044572,0.013194444444444398,0.7567760342368046
ideal,binary_early,M6,LSVM,LODO+LOSO-within-class,noise-robustness-only,6,22,"['Normal', 'MCI']",Normal:2|MCI:1,False,,1440,0.0,0.7541666666666667,0.7541666666666667,0.7383543672277759,0.08611111111111114,0.8028523489932886
ideal,binary_early,M6,RBF,LODO+LOSO-within-class,noise-robustness-only,6,22,"['Normal', 'MCI']",Normal:2|MCI:1,False,,1440,0.0,0.7145833333333333,0.7145833333333333,0.689270475497446,0.028472222222222232,0.5883652430044183
ideal,binary_early,M6,kNN,LODO+LOSO-within-class,noise-robustness-only,6,22,"['Normal', 'MCI']",Normal:2|MCI:1,False,,1440,0.0,0.7520833333333333,0.7520833333333333,0.7358478350343833,0.00347222222222221,0.7601398601398601
ideal,binary_early,M6,ORD,LODO+LOSO-within-class,noise-robustness-only,6,22,"['Normal', 'MCI']",Normal:2|MCI:1,False,,1440,0.0,0.7527777777777778,0.7527777777777778,0.7366842265304613,0.02430555555555558,0.7627737226277372
ideal,binary_early,M7,LDA,LODO+LOSO-within-class,noise-robustness-only,6,6,"['Normal', 'MCI']",Normal:2|MCI:1,False,,1440,0.0,0.6236111111111111,0.6236111111111111,0.6043145772115859,0.09097222222222223,0.5427255533762959
ideal,binary_early,M7,LR,LODO+LOSO-within-class,noise-robustness-only,6,6,"['Normal', 'MCI']",Normal:2|MCI:1,False,,1440,0.0,0.5868055555555556,0.5868055555555556,0.5396219075063444,0.09722222222222221,0.5824195854519975
ideal,binary_early,M7,LSVM,LODO+LOSO-within-class,noise-robustness-only,6,6,"['Normal', 'MCI']",Normal:2|MCI:1,False,,1440,0.0,0.5736111111111111,0.5736111111111111,0.5177747477502045,0.10069444444444442,0.5755909945505387
ideal,binary_early,M7,RBF,LODO+LOSO-within-class,noise-robustness-only,6,6,"['Normal', 'MCI']",Normal:2|MCI:1,False,,1440,0.0,0.60625,0.60625,0.5612867589178105,0.0805555555555556,0.5990196011263282
ideal,binary_early,M7,kNN,LODO+LOSO-within-class,noise-robustness-only,6,6,"['Normal', 'MCI']",Normal:2|MCI:1,False,,1440,0.0,0.6055555555555555,0.6055555555555555,0.5620203439493993,0.09722222222222221,0.6139965111682852
ideal,binary_early,M7,ORD,LODO+LOSO-within-class,noise-robustness-only,6,6,"['Normal', 'MCI']",Normal:2|MCI:1,False,,1440,0.0,0.6083333333333333,0.6083333333333334,0.5719165085388994,0.10486111111111107,0.6023525729008645
ideal,binary_early,M8,LDA,LODO+LOSO-within-class,noise-robustness-only,6,4,"['Normal', 'MCI']",Normal:2|MCI:1,False,,1440,0.0,0.7875,0.7875000000000001,0.7851056524860327,0.13194444444444442,0.8506161268514535
ideal,binary_early,M8,LR,LODO+LOSO-within-class,noise-robustness-only,6,4,"['Normal', 'MCI']",Normal:2|MCI:1,False,,1440,0.0,0.7472222222222222,0.7472222222222222,0.7440625,0.2534722222222222,0.8071923143500086
ideal,binary_early,M8,LSVM,LODO+LOSO-within-class,noise-robustness-only,6,4,"['Normal', 'MCI']",Normal:2|MCI:1,False,,1440,0.0,0.5916666666666667,0.5916666666666667,0.5882064570348065,0.8534722222222222,0.7054709995886466
ideal,binary_early,M8,RBF,LODO+LOSO-within-class,noise-robustness-only,6,4,"['Normal', 'MCI']",Normal:2|MCI:1,False,,1440,0.0,0.5013888888888889,0.5013888888888889,0.5013802322956996,1.0,
ideal,binary_early,M8,kNN,LODO+LOSO-within-class,noise-robustness-only,6,4,"['Normal', 'MCI']",Normal:2|MCI:1,False,,1440,0.0,0.49375,0.49375,0.49229833953273994,0.9979166666666667,0.5
ideal,binary_early,M8,ORD,LODO+LOSO-within-class,noise-robustness-only,6,4,"['Normal', 'MCI']",Normal:2|MCI:1,False,,1440,0.0,0.48194444444444445,0.4819444444444444,0.4802590963366936,1.0,
ideal,binary_early,COMB,LDA,LODO+LOSO-within-class,noise-robustness-only,6,3,"['Normal', 'MCI']",Normal:2|MCI:1,False,chosen M6.A[3.60]+M6.A[3.45]+M6.A[3.55]×3; M6.A[3.60]+M6.A[3.40]+M7.D2×2; M6.A[3.60]+M6.A[3.40]+M7.D3×1,1440,0.0,1.0,1.0,1.0,0.002083333333333326,1.0
ideal,binary_early,COMB,LR,LODO+LOSO-within-class,noise-robustness-only,6,3,"['Normal', 'MCI']",Normal:2|MCI:1,False,chosen M6.A[3.60]+M6.A[3.45]+M6.A[3.55]×3; M6.A[3.60]+M6.A[3.40]+M7.D2×2; M6.A[3.60]+M6.A[3.40]+M7.D3×1,1440,0.0,0.9597222222222223,0.9597222222222221,0.959656773430662,0.04861111111111116,0.9646153846153847
ideal,binary_early,COMB,LSVM,LODO+LOSO-within-class,noise-robustness-only,6,3,"['Normal', 'MCI']",Normal:2|MCI:1,False,chosen M6.A[3.60]+M6.A[3.45]+M6.A[3.55]×3; M6.A[3.60]+M6.A[3.40]+M7.D2×2; M6.A[3.60]+M6.A[3.40]+M7.D3×1,1440,0.0,0.9993055555555556,0.9993055555555556,0.9993055552206573,0.00694444444444442,0.9992957746478873
ideal,binary_early,COMB,RBF,LODO+LOSO-within-class,noise-robustness-only,6,3,"['Normal', 'MCI']",Normal:2|MCI:1,False,chosen M6.A[3.60]+M6.A[3.45]+M6.A[3.55]×3; M6.A[3.60]+M6.A[3.40]+M7.D2×2; M6.A[3.60]+M6.A[3.40]+M7.D3×1,1440,0.0,0.9930555555555556,0.9930555555555556,0.9930552206414276,0.26111111111111107,0.9956395348837209
ideal,binary_early,COMB,kNN,LODO+LOSO-within-class,noise-robustness-only,6,3,"['Normal', 'MCI']",Normal:2|MCI:1,False,chosen M6.A[3.60]+M6.A[3.45]+M6.A[3.55]×3; M6.A[3.60]+M6.A[3.40]+M7.D2×2; M6.A[3.60]+M6.A[3.40]+M7.D3×1,1440,0.0,0.9743055555555555,0.9743055555555555,0.9742885807615078,0.019444444444444486,0.9819364161849711
ideal,binary_early,COMB,ORD,LODO+LOSO-within-class,noise-robustness-only,6,3,"['Normal', 'MCI']",Normal:2|MCI:1,False,chosen M6.A[3.60]+M6.A[3.45]+M6.A[3.55]×3; M6.A[3.60]+M6.A[3.40]+M7.D2×2; M6.A[3.60]+M6.A[3.40]+M7.D3×1,1440,0.0,0.9625,0.9625,0.9624471913628541,0.05555555555555558,0.9828125
ideal,binary_early,M9,LDA,LODO+LOSO-within-class,noise-robustness-only,6,3618,"['Normal', 'MCI']",Normal:2|MCI:1,False,,1440,0.0,0.8826388888888889,0.8826388888888889,0.8809998244532256,0.20625000000000004,0.9799054373522459
ideal,binary_early,M9,LR,LODO+LOSO-within-class,noise-robustness-only,6,3618,"['Normal', 'MCI']",Normal:2|MCI:1,False,,1440,0.0,0.8236111111111111,0.8236111111111111,0.8179468852472072,0.11527777777777781,0.871841155234657
ideal,binary_early,M9,LSVM,LODO+LOSO-within-class,noise-robustness-only,6,3618,"['Normal', 'MCI']",Normal:2|MCI:1,False,,1440,0.0,0.7583333333333333,0.7583333333333333,0.7433439044177299,0.16319444444444442,0.9247422680412372
ideal,binary_early,M9,RBF,LODO+LOSO-within-class,noise-robustness-only,6,3618,"['Normal', 'MCI']",Normal:2|MCI:1,False,,1440,0.0,0.8104166666666667,0.8104166666666667,0.8033486554504568,0.11527777777777781,0.8808664259927798
ideal,binary_early,M9,kNN,LODO+LOSO-within-class,noise-robustness-only,6,3618,"['Normal', 'MCI']",Normal:2|MCI:1,False,,1440,0.0,0.7833333333333333,0.7833333333333333,0.7726610317691636,0.014583333333333282,0.9034334763948497
ideal,binary_early,M9,ORD,LODO+LOSO-within-class,noise-robustness-only,6,3618,"['Normal', 'MCI']",Normal:2|MCI:1,False,,1440,0.0,0.8229166666666666,0.8229166666666667,0.8171838243530861,0.13958333333333328,0.9046242774566474
good,binary,M0,LDA,LOSO,cross-solve-same-head,8,1,"['Normal', 'AD']",Normal:2|AD:6,False,,2880,0.0,0.6326388888888889,0.6217592592592592,0.5869336646135176,0.7788194444444445,0.7294006500885284
good,binary,M0,LR,LOSO,cross-solve-same-head,8,1,"['Normal', 'AD']",Normal:2|AD:6,False,,2880,0.0,0.6319444444444444,0.6212962962962962,0.5863674695791484,0.7506944444444444,0.7148668956633748
good,binary,M0,LSVM,LOSO,cross-solve-same-head,8,1,"['Normal', 'AD']",Normal:2|AD:6,False,,2880,0.0,0.6326388888888889,0.6217592592592592,0.5869336646135176,0.7774305555555556,0.7295843488743874
good,binary,M0,RBF,LOSO,cross-solve-same-head,8,1,"['Normal', 'AD']",Normal:2|AD:6,False,,2880,0.0,0.63125,0.6185185185185185,0.5847227683410852,1.0,
good,binary,M0,kNN,LOSO,cross-solve-same-head,8,1,"['Normal', 'AD']",Normal:2|AD:6,False,,2880,0.0,0.5934027777777777,0.5951388888888889,0.5549051067897534,0.9211805555555556,0.6632708821233412
good,binary,M0,ORD,LOSO,cross-solve-same-head,8,1,"['Normal', 'AD']",Normal:2|AD:6,False,,2880,0.0,0.6319444444444444,0.6212962962962962,0.5863674695791484,0.7788194444444445,0.7289211783439491
good,binary,M0,THR,LOSO,cross-solve-same-head,8,1,"['Normal', 'AD']",Normal:2|AD:6,False,,2880,0.0,0.5993055555555555,0.6101851851851852,0.5643310178193899,0.7809027777777777,0.7415987101588317
good,binary,M1,LDA,LOSO,cross-solve-same-head,8,1,"['Normal', 'AD']",Normal:2|AD:6,False,,2880,0.0,0.459375,0.37939814814814815,0.38407365249285375,0.9559027777777778,0.0811965811965812
good,binary,M1,LR,LOSO,cross-solve-same-head,8,1,"['Normal', 'AD']",Normal:2|AD:6,False,,2880,0.0,0.459375,0.37939814814814815,0.38407365249285375,0.9489583333333333,0.11308840413318025
good,binary,M1,LSVM,LOSO,cross-solve-same-head,8,1,"['Normal', 'AD']",Normal:2|AD:6,False,,2880,0.0,0.459375,0.37939814814814815,0.38407365249285375,0.9552083333333333,0.07983193277310924
good,binary,M1,RBF,LOSO,cross-solve-same-head,8,1,"['Normal', 'AD']",Normal:2|AD:6,False,,2880,0.0,0.46319444444444446,0.42083333333333334,0.4119732167619752,0.9409722222222222,
good,binary,M1,kNN,LOSO,cross-solve-same-head,8,1,"['Normal', 'AD']",Normal:2|AD:6,False,,2880,0.0,0.48715277777777777,0.44143518518518515,0.4317864112348603,0.9732638888888889,0.2092391304347826
good,binary,M1,ORD,LOSO,cross-solve-same-head,8,1,"['Normal', 'AD']",Normal:2|AD:6,False,,2880,0.0,0.45902777777777776,0.37916666666666665,0.3838484316356612,0.9552083333333333,0.07983193277310924
good,binary,M1,THR,LOSO,cross-solve-same-head,8,1,"['Normal', 'AD']",Normal:2|AD:6,False,,2880,0.0,0.5177083333333333,0.4497685185185185,0.4455457950161049,0.9579861111111111,0.32983193277310924
good,binary,M2,LDA,LOSO,cross-solve-same-head,8,1,"['Normal', 'AD']",Normal:2|AD:6,False,,2880,0.0,0.5628472222222223,0.5474537037037037,0.5181675184853808,0.990625,0.3626373626373626
good,binary,M2,LR,LOSO,cross-solve-same-head,8,1,"['Normal', 'AD']",Normal:2|AD:6,False,,2880,0.0,0.5628472222222223,0.5474537037037037,0.5181675184853808,0.9850694444444444,0.3214285714285714
good,binary,M2,LSVM,LOSO,cross-solve-same-head,8,1,"['Normal', 'AD']",Normal:2|AD:6,False,,2880,0.0,0.5628472222222223,0.5474537037037037,0.5181675184853808,0.9899305555555555,0.3380952380952381
good,binary,M2,RBF,LOSO,cross-solve-same-head,8,1,"['Normal', 'AD']",Normal:2|AD:6,False,,2880,0.0,0.5340277777777778,0.5361111111111111,0.4991499066970765,1.0,
good,binary,M2,kNN,LOSO,cross-solve-same-head,8,1,"['Normal', 'AD']",Normal:2|AD:6,False,,2880,0.0,0.5184027777777778,0.5081018518518519,0.47910987480438383,0.9878472222222222,
good,binary,M2,ORD,LOSO,cross-solve-same-head,8,1,"['Normal', 'AD']",Normal:2|AD:6,False,,2880,0.0,0.5628472222222223,0.5474537037037037,0.5181675184853808,0.9899305555555555,0.3380952380952381
good,binary,M2,THR,LOSO,cross-solve-same-head,8,1,"['Normal', 'AD']",Normal:2|AD:6,False,,2880,0.0,0.5916666666666667,0.5935185185185186,0.553303691448661,0.9895833333333334,0.41964285714285715
good,binary,M5,LDA,LOSO,cross-solve-same-head,8,4,"['Normal', 'AD']",Normal:2|AD:6,False,,2880,0.0,0.9993055555555556,0.9986111111111111,0.9990732153442072,0.0003472222222222765,0.9986091794158554
good,binary,M5,LR,LOSO,cross-solve-same-head,8,4,"['Normal', 'AD']",Normal:2|AD:6,False,,2880,0.0,0.9947916666666666,0.9895833333333333,0.9930067382990347,0.00347222222222221,0.9929577464788732
good,binary,M5,LSVM,LOSO,cross-solve-same-head,8,4,"['Normal', 'AD']",Normal:2|AD:6,False,,2880,0.0,0.9996527777777777,0.9993055555555556,0.9995368225285662,0.0003472222222222765,0.9993045897079277
good,binary,M5,RBF,LOSO,cross-solve-same-head,8,4,"['Normal', 'AD']",Normal:2|AD:6,False,,2880,0.0,0.9975694444444444,0.9951388888888889,0.9967486970193649,0.0017361111111111605,0.9986033519553073
good,binary,M5,kNN,LOSO,cross-solve-same-head,8,4,"['Normal', 'AD']",Normal:2|AD:6,False,,2880,0.0,0.996875,0.99375,0.9958158448724487,0.0017361111111111605,0.9993045897079277
good,binary,M5,ORD,LOSO,cross-solve-same-head,8,4,"['Normal', 'AD']",Normal:2|AD:6,False,,2880,0.0,0.9965277777777778,0.9930555555555556,0.9953487620924111,0.0038194444444444864,0.997179125528914
good,binary,M5.C3,LDA,LOSO,cross-solve-same-head,8,1,"['Normal', 'AD']",Normal:2|AD:6,False,,2880,0.0,0.99375,0.9875,0.9915961972792688,0.011111111111111072,0.9950713823669629
good,binary,M5.C3,LR,LOSO,cross-solve-same-head,8,1,"['Normal', 'AD']",Normal:2|AD:6,False,,2880,0.0,0.990625,0.9863425925925926,0.9874709472115365,0.011805555555555514,0.9918027284310731
good,binary,M5.C3,LSVM,LOSO,cross-solve-same-head,8,1,"['Normal', 'AD']",Normal:2|AD:6,False,,2880,0.0,0.9940972222222222,0.9914351851851853,0.9921186719382706,0.009375000000000022,0.9922948693839813
good,binary,M5.C3,RBF,LOSO,cross-solve-same-head,8,1,"['Normal', 'AD']",Normal:2|AD:6,False,,2880,0.0,0.9934027777777777,0.9895833333333333,0.9911750347668472,0.006597222222222254,0.9925464206165824
good,binary,M5.C3,kNN,LOSO,cross-solve-same-head,8,1,"['Normal', 'AD']",Normal:2|AD:6,False,,2880,0.0,0.9951388888888889,0.9939814814814816,0.9935245101786605,0.00868055555555558,0.9951184541576159
good,binary,M5.C3,ORD,LOSO,cross-solve-same-head,8,1,"['Normal', 'AD']",Normal:2|AD:6,False,,2880,0.0,0.9940972222222222,0.9886574074074074,0.9920743034055728,0.01041666666666663,0.9939087797814927
good,binary,M5.C3,THR,LOSO,cross-solve-same-head,8,1,"['Normal', 'AD']",Normal:2|AD:6,False,,2880,0.0,0.9909722222222223,0.9902777777777778,0.9880182414593168,0.004861111111111094,0.9892667104016328
good,binary,M5.C3[k3],LDA,LOSO,cross-solve-same-head,8,1,"['Normal', 'AD']",Normal:2|AD:6,False,,2880,0.0,0.9986111111111111,0.9972222222222222,0.9981447076497312,0.002083333333333326,0.9976789525635525
good,binary,M5.C3[k3],LR,LOSO,cross-solve-same-head,8,1,"['Normal', 'AD']",Normal:2|AD:6,False,,2880,0.0,0.9986111111111111,0.9972222222222222,0.9981447076497312,0.00347222222222221,0.9972131902952233
good,binary,M5.C3[k3],LSVM,LOSO,cross-solve-same-head,8,1,"['Normal', 'AD']",Normal:2|AD:6,False,,2880,0.0,0.9986111111111111,0.9976851851851851,0.9981464306884144,0.002083333333333326,0.9974490866084308
good,binary,M5.C3[k3],RBF,LOSO,cross-solve-same-head,8,1,"['Normal', 'AD']",Normal:2|AD:6,False,,2880,0.0,0.9986111111111111,0.9976851851851851,0.9981464306884144,0.00347222222222221,0.9972144792763853
good,binary,M5.C3[k3],kNN,LOSO,cross-solve-same-head,8,1,"['Normal', 'AD']",Normal:2|AD:6,False,,2880,0.0,0.9993055555555556,0.9986111111111111,0.9990732153442072,0.000694444444444442,0.9969892390073113
good,binary,M5.C3[k3],ORD,LOSO,cross-solve-same-head,8,1,"['Normal', 'AD']",Normal:2|AD:6,False,,2880,0.0,0.9986111111111111,0.9972222222222222,0.9981447076497312,0.002083333333333326,0.9983753313936362
good,binary,M5.C3[k3],THR,LOSO,cross-solve-same-head,8,1,"['Normal', 'AD']",Normal:2|AD:6,False,,2880,0.0,0.9944444444444445,0.9962962962962962,0.992646758446015,0.0010416666666667185,0.9986072423398329
good,binary,M5.C3[nested],LDA,LOSO,cross-solve-same-head,8,1,"['Normal', 'AD']",Normal:2|AD:6,False,"windows 3.45-3.55×6, 3.35-3.50×1, 3.40-3.50×1",2880,0.0,0.9989583333333333,0.9979166666666667,0.9986091774008713,0.002777777777777768,0.9986072423398329
good,binary,M5.C3[nested],LR,LOSO,cross-solve-same-head,8,1,"['Normal', 'AD']",Normal:2|AD:6,False,"windows 3.45-3.55×6, 3.35-3.50×1, 3.40-3.50×1",2880,0.0,0.9989583333333333,0.9979166666666667,0.9986091774008713,0.0024305555555556024,1.0
good,binary,M5.C3[nested],LSVM,LOSO,cross-solve-same-head,8,1,"['Normal', 'AD']",Normal:2|AD:6,False,"windows 3.45-3.55×6, 3.35-3.50×1, 3.40-3.50×1",2880,0.0,0.9989583333333333,0.9979166666666667,0.9986091774008713,0.004513888888888928,0.9990693345742205
good,binary,M5.C3[nested],RBF,LOSO,cross-solve-same-head,8,1,"['Normal', 'AD']",Normal:2|AD:6,False,"windows 3.45-3.55×6, 3.35-3.50×1, 3.40-3.50×1",2880,0.0,0.9989583333333333,0.9979166666666667,0.9986091774008713,0.00347222222222221,0.9972144792763853
good,binary,M5.C3[nested],kNN,LOSO,cross-solve-same-head,8,1,"['Normal', 'AD']",Normal:2|AD:6,False,"windows 3.45-3.55×6, 3.35-3.50×1, 3.40-3.50×1",2880,0.0,0.9993055555555556,0.9986111111111111,0.9990732153442072,0.000694444444444442,0.9965277777777778
good,binary,M5.C3[nested],ORD,LOSO,cross-solve-same-head,8,1,"['Normal', 'AD']",Normal:2|AD:6,False,"windows 3.45-3.55×6, 3.35-3.50×1, 3.40-3.50×1",2880,0.0,0.9989583333333333,0.9979166666666667,0.9986091774008713,0.0031250000000000444,1.0
good,binary,M5.C3[nested],THR,LOSO,cross-solve-same-head,8,1,"['Normal', 'AD']",Normal:2|AD:6,False,"windows 3.45-3.55×6, 3.35-3.50×1, 3.40-3.50×1",2880,0.0,0.9930555555555556,0.9953703703703703,0.9908251035361579,0.001388888888888884,0.9993026499302651
good,binary,M6,LDA,LOSO,cross-solve-same-head,8,22,"['Normal', 'AD']",Normal:2|AD:6,False,,2880,0.0,1.0,1.0,1.0,0.0003472222222222765,1.0
good,binary,M6,LR,LOSO,cross-solve-same-head,8,22,"['Normal', 'AD']",Normal:2|AD:6,False,,2880,0.0,0.9722222222222222,0.9462962962962963,0.9616527657942671,0.009375000000000022,0.9402877697841727
good,binary,M6,LSVM,LOSO,cross-solve-same-head,8,22,"['Normal', 'AD']",Normal:2|AD:6,False,,2880,0.0,1.0,1.0,1.0,0.0,1.0
good,binary,M6,RBF,LOSO,cross-solve-same-head,8,22,"['Normal', 'AD']",Normal:2|AD:6,False,,2880,0.0,0.803125,0.606712962962963,0.6179651995905835,0.07638888888888884,0.7566848697707363
good,binary,M6,kNN,LOSO,cross-solve-same-head,8,22,"['Normal', 'AD']",Normal:2|AD:6,False,,2880,0.0,0.7197916666666667,0.48587962962962966,0.43371056561451454,0.013541666666666674,0.49105040037682524
good,binary,M6,ORD,LOSO,cross-solve-same-head,8,22,"['Normal', 'AD']",Normal:2|AD:6,False,,2880,0.0,0.9732638888888889,0.9474537037037037,0.9630721948914205,0.020486111111111094,0.8789712556732223
good,binary,M7,LDA,LOSO,cross-solve-same-head,8,6,"['Normal', 'AD']",Normal:2|AD:6,False,,2880,0.0,0.63125,0.575925925925926,0.5615908043235458,0.2597222222222222,0.5413905625919397
good,binary,M7,LR,LOSO,cross-solve-same-head,8,6,"['Normal', 'AD']",Normal:2|AD:6,False,,2880,0.0,0.5875,0.41527777777777775,0.40664897768066177,0.2079861111111111,0.4392309686529541
good,binary,M7,LSVM,LOSO,cross-solve-same-head,8,6,"['Normal', 'AD']",Normal:2|AD:6,False,,2880,0.0,0.5815972222222222,0.4122685185185185,0.40500346412661575,0.20451388888888888,0.43727402904498297
good,binary,M7,RBF,LOSO,cross-solve-same-head,8,6,"['Normal', 'AD']",Normal:2|AD:6,False,,2880,0.0,0.6190972222222222,0.4326388888888889,0.41650994507249023,0.1527777777777778,0.4440995818360506
good,binary,M7,kNN,LOSO,cross-solve-same-head,8,6,"['Normal', 'AD']",Normal:2|AD:6,False,,2880,0.0,0.6079861111111111,0.44884259259259257,0.44432054312868086,0.2572916666666667,0.44364052801632514
good,binary,M7,ORD,LOSO,cross-solve-same-head,8,6,"['Normal', 'AD']",Normal:2|AD:6,False,,2880,0.0,0.5715277777777777,0.4134259259259259,0.41027126804819625,0.22812500000000002,0.43091523388357283
good,binary,M8,LDA,LOSO,cross-solve-same-head,8,4,"['Normal', 'AD']",Normal:2|AD:6,False,,2880,0.0,0.8447916666666667,0.85625,0.8143010519564988,0.17256944444444444,0.9059581012905822
good,binary,M8,LR,LOSO,cross-solve-same-head,8,4,"['Normal', 'AD']",Normal:2|AD:6,False,,2880,0.0,0.8322916666666667,0.8247685185185185,0.7948027736674771,0.1621527777777778,0.8734462510791845
good,binary,M8,LSVM,LOSO,cross-solve-same-head,8,4,"['Normal', 'AD']",Normal:2|AD:6,False,,2880,0.0,0.675,0.6398148148148148,0.616602076738751,0.509375,0.7237235803412274
good,binary,M8,RBF,LOSO,cross-solve-same-head,8,4,"['Normal', 'AD']",Normal:2|AD:6,False,,2880,0.0,0.5409722222222222,0.5412037037037036,0.5048377472781006,1.0,
good,binary,M8,kNN,LOSO,cross-solve-same-head,8,4,"['Normal', 'AD']",Normal:2|AD:6,False,,2880,0.0,0.5326388888888889,0.5157407407407407,0.48918406072106263,0.9847222222222223,0.21428571428571427
good,binary,M8,ORD,LOSO,cross-solve-same-head,8,4,"['Normal', 'AD']",Normal:2|AD:6,False,,2880,0.0,0.5621527777777777,0.5474537037037037,0.517850592470717,0.9895833333333334,0.3333333333333333
good,binary,COMB,LDA,LOSO,cross-solve-same-head,8,3,"['Normal', 'AD']",Normal:2|AD:6,False,chosen M5.C3+M5.C2+M7.D2×4; M5.C3+M5.C2+M6.A[3.40]×3; M5.C3+M5.C2+M6.A[3.65]×1,2880,0.0,0.9989583333333333,0.9979166666666667,0.9986091774008713,0.0017361111111111605,0.9979108635097493
good,binary,COMB,LR,LOSO,cross-solve-same-head,8,3,"['Normal', 'AD']",Normal:2|AD:6,False,chosen M5.C3+M5.C2+M7.D2×4; M5.C3+M5.C2+M6.A[3.40]×3; M5.C3+M5.C2+M6.A[3.65]×1,2880,0.0,0.9993055555555556,0.9986111111111111,0.9990732153442072,0.007291666666666696,0.9983456139471176
good,binary,COMB,LSVM,LOSO,cross-solve-same-head,8,3,"['Normal', 'AD']",Normal:2|AD:6,False,chosen M5.C3+M5.C2+M7.D2×4; M5.C3+M5.C2+M6.A[3.40]×3; M5.C3+M5.C2+M6.A[3.65]×1,2880,0.0,0.9993055555555556,0.9986111111111111,0.9990732153442072,0.001388888888888884,0.9993016759776536
good,binary,COMB,RBF,LOSO,cross-solve-same-head,8,3,"['Normal', 'AD']",Normal:2|AD:6,False,chosen M5.C3+M5.C2+M7.D2×4; M5.C3+M5.C2+M6.A[3.40]×3; M5.C3+M5.C2+M6.A[3.65]×1,2880,0.0,0.9868055555555556,0.9736111111111111,0.9820881334538806,0.00868055555555558,0.9935344827586207
good,binary,COMB,kNN,LOSO,cross-solve-same-head,8,3,"['Normal', 'AD']",Normal:2|AD:6,False,chosen M5.C3+M5.C2+M7.D2×4; M5.C3+M5.C2+M6.A[3.40]×3; M5.C3+M5.C2+M6.A[3.65]×1,2880,0.0,0.9996527777777777,0.9993055555555556,0.9995368225285662,0.000694444444444442,0.9983788791106993
good,binary,COMB,ORD,LOSO,cross-solve-same-head,8,3,"['Normal', 'AD']",Normal:2|AD:6,False,chosen M5.C3+M5.C2+M7.D2×4; M5.C3+M5.C2+M6.A[3.40]×3; M5.C3+M5.C2+M6.A[3.65]×1,2880,0.0,0.9993055555555556,0.9986111111111111,0.9990732153442072,0.006249999999999978,0.9997679814385151
good,binary,M9,LDA,LOSO,cross-solve-same-head,8,3618,"['Normal', 'AD']",Normal:2|AD:6,False,,2880,0.0,1.0,1.0,1.0,0.000694444444444442,1.0
good,binary,M9,LR,LOSO,cross-solve-same-head,8,3618,"['Normal', 'AD']",Normal:2|AD:6,False,,2880,0.0,0.9982638888888888,0.9965277777777778,0.9976798050391734,0.002083333333333326,0.9992997198879552
good,binary,M9,LSVM,LOSO,cross-solve-same-head,8,3618,"['Normal', 'AD']",Normal:2|AD:6,False,,2880,0.0,0.9635416666666666,0.9756944444444444,0.9535639014614933,0.000694444444444442,1.0
good,binary,M9,RBF,LOSO,cross-solve-same-head,8,3618,"['Normal', 'AD']",Normal:2|AD:6,False,,2880,0.0,0.9086805555555556,0.8173611111111111,0.8595822802714994,0.036805555555555536,0.9372964169381108
good,binary,M9,kNN,LOSO,cross-solve-same-head,8,3618,"['Normal', 'AD']",Normal:2|AD:6,False,,2880,0.0,0.8114583333333333,0.6238425925925926,0.6427924519165209,0.010069444444444464,0.5517241379310345
good,binary,M9,ORD,LOSO,cross-solve-same-head,8,3618,"['Normal', 'AD']",Normal:2|AD:6,False,,2880,0.0,0.9982638888888888,0.9965277777777778,0.9976798050391734,0.001388888888888884,0.9993016759776536
good,three_merged,M0,LDA,LOSO,cross-solve-same-head,8,1,"['Normal', 'Mild+Moderate', 'Severe']",Normal:2|Mild+Moderate:4|Severe:2,True,,2880,0.0,0.378125,0.4023148148148148,0.37158315174772333,0.9857638888888889,0.3333333333333333
good,three_merged,M0,LR,LOSO,cross-solve-same-head,8,1,"['Normal', 'Mild+Moderate', 'Severe']",Normal:2|Mild+Moderate:4|Severe:2,True,,2880,0.0,0.3767361111111111,0.4016203703703704,0.37038507727303555,0.9840277777777777,0.3333333333333333
good,three_merged,M0,LSVM,LOSO,cross-solve-same-head,8,1,"['Normal', 'Mild+Moderate', 'Severe']",Normal:2|Mild+Moderate:4|Severe:2,True,,2880,0.0,0.41805555555555557,0.33101851851851855,0.28396223440360197,0.9861111111111112,0.3333333333333333
good,three_merged,M0,RBF,LOSO,cross-solve-same-head,8,1,"['Normal', 'Mild+Moderate', 'Severe']",Normal:2|Mild+Moderate:4|Severe:2,True,,2880,0.0,0.39166666666666666,0.41342592592592586,0.38670781520444114,1.0,
good,three_merged,M0,kNN,LOSO,cross-solve-same-head,8,1,"['Normal', 'Mild+Moderate', 'Severe']",Normal:2|Mild+Moderate:4|Severe:2,True,,2880,0.0,0.35138888888888886,0.3590277777777778,0.3411959470729086,0.9795138888888889,0.3333333333333333
good,three_merged,M0,ORD,LOSO,cross-solve-same-head,8,1,"['Normal', 'Mild+Moderate', 'Severe']",Normal:2|Mild+Moderate:4|Severe:2,True,,2880,0.0,0.35555555555555557,0.4152777777777778,0.3571631148145262,0.9864583333333333,0.3333333333333333
good,three_merged,M1,LDA,LOSO,cross-solve-same-head,8,1,"['Normal', 'Mild+Moderate', 'Severe']",Normal:2|Mild+Moderate:4|Severe:2,True,,2880,0.0,0.3819444444444444,0.33125,0.3385783246535485,0.9993055555555556,
good,three_merged,M1,LR,LOSO,cross-solve-same-head,8,1,"['Normal', 'Mild+Moderate', 'Severe']",Normal:2|Mild+Moderate:4|Severe:2,True,,2880,0.0,0.3840277777777778,0.3333333333333333,0.3407482089934843,0.9993055555555556,
good,three_merged,M1,LSVM,LOSO,cross-solve-same-head,8,1,"['Normal', 'Mild+Moderate', 'Severe']",Normal:2|Mild+Moderate:4|Severe:2,True,,2880,0.0,0.39479166666666665,0.28171296296296294,0.2422012273368734,0.9993055555555556,
good,three_merged,M1,RBF,LOSO,cross-solve-same-head,8,1,"['Normal', 'Mild+Moderate', 'Severe']",Normal:2|Mild+Moderate:4|Severe:2,True,,2880,0.0,0.3927083333333333,0.35717592592592595,0.36074780141227825,1.0,
good,three_merged,M1,kNN,LOSO,cross-solve-same-head,8,1,"['Normal', 'Mild+Moderate', 'Severe']",Normal:2|Mild+Moderate:4|Severe:2,True,,2880,0.0,0.29131944444444446,0.2777777777777778,0.2747695051528552,0.9961805555555555,
good,three_merged,M1,ORD,LOSO,cross-solve-same-head,8,1,"['Normal', 'Mild+Moderate', 'Severe']",Normal:2|Mild+Moderate:4|Severe:2,True,,2880,0.0,0.13194444444444445,0.1673611111111111,0.12584337537090484,0.9993055555555556,
good,three_merged,M2,LDA,LOSO,cross-solve-same-head,8,1,"['Normal', 'Mild+Moderate', 'Severe']",Normal:2|Mild+Moderate:4|Severe:2,True,,2880,0.0,0.21388888888888888,0.262037037037037,0.21133455740335938,1.0,
good,three_merged,M2,LR,LOSO,cross-solve-same-head,8,1,"['Normal', 'Mild+Moderate', 'Severe']",Normal:2|Mild+Moderate:4|Severe:2,True,,2880,0.0,0.2111111111111111,0.26087962962962963,0.20810397676798345,1.0,
good,three_merged,M2,LSVM,LOSO,cross-solve-same-head,8,1,"['Normal', 'Mild+Moderate', 'Severe']",Normal:2|Mild+Moderate:4|Severe:2,True,,2880,0.0,0.3482638888888889,0.23842592592592593,0.18864433193000155,1.0,
good,three_merged,M2,RBF,LOSO,cross-solve-same-head,8,1,"['Normal', 'Mild+Moderate', 'Severe']",Normal:2|Mild+Moderate:4|Severe:2,True,,2880,0.0,0.31006944444444445,0.3574074074074074,0.31054615821398895,1.0,
good,three_merged,M2,kNN,LOSO,cross-solve-same-head,8,1,"['Normal', 'Mild+Moderate', 'Severe']",Normal:2|Mild+Moderate:4|Severe:2,True,,2880,0.0,0.3232638888888889,0.32800925925925933,0.31556028109623463,1.0,
good,three_merged,M2,ORD,LOSO,cross-solve-same-head,8,1,"['Normal', 'Mild+Moderate', 'Severe']",Normal:2|Mild+Moderate:4|Severe:2,True,,2880,0.0,0.3104166666666667,0.3789351851851852,0.304177223766395,1.0,
good,three_merged,M5,LDA,LOSO,cross-solve-same-head,8,4,"['Normal', 'Mild+Moderate', 'Severe']",Normal:2|Mild+Moderate:4|Severe:2,True,,2880,0.0,0.971875,0.9793981481481481,0.9724712522204618,0.005902777777777812,0.9855055348152485
good,three_merged,M5,LR,LOSO,cross-solve-same-head,8,4,"['Normal', 'Mild+Moderate', 'Severe']",Normal:2|Mild+Moderate:4|Severe:2,True,,2880,0.0,0.9534722222222223,0.9585648148148148,0.9541768202309093,0.010069444444444464,0.9478693669299086
good,three_merged,M5,LSVM,LOSO,cross-solve-same-head,8,4,"['Normal', 'Mild+Moderate', 'Severe']",Normal:2|Mild+Moderate:4|Severe:2,True,,2880,0.0,0.9402777777777778,0.9467592592592592,0.9412422464825654,0.00694444444444442,0.9782809860470268
good,three_merged,M5,RBF,LOSO,cross-solve-same-head,8,4,"['Normal', 'Mild+Moderate', 'Severe']",Normal:2|Mild+Moderate:4|Severe:2,True,,2880,0.0,0.9586805555555555,0.9641203703703703,0.9593812228336042,0.000694444444444442,0.964088345708891
good,three_merged,M5,kNN,LOSO,cross-solve-same-head,8,4,"['Normal', 'Mild+Moderate', 'Severe']",Normal:2|Mild+Moderate:4|Severe:2,True,,2880,0.0,0.9677083333333333,0.9745370370370371,0.9683469136949944,0.013541666666666674,0.9809687773072527
good,three_merged,M5,ORD,LOSO,cross-solve-same-head,8,4,"['Normal', 'Mild+Moderate', 'Severe']",Normal:2|Mild+Moderate:4|Severe:2,True,,2880,0.0,0.9395833333333333,0.9391203703703703,0.9397368129300135,0.02430555555555558,0.9309558033996671
good,three_merged,M5.C3,LDA,LOSO,cross-solve-same-head,8,1,"['Normal', 'Mild+Moderate', 'Severe']",Normal:2|Mild+Moderate:4|Severe:2,True,,2880,0.0,0.5215277777777778,0.5775462962962963,0.5706900201914256,0.5868055555555556,0.3333333333333333
good,three_merged,M5.C3,LR,LOSO,cross-solve-same-head,8,1,"['Normal', 'Mild+Moderate', 'Severe']",Normal:2|Mild+Moderate:4|Severe:2,True,,2880,0.0,0.5256944444444445,0.6013888888888889,0.5769619936726228,0.6708333333333334,0.3333333333333333
good,three_merged,M5.C3,LSVM,LOSO,cross-solve-same-head,8,1,"['Normal', 'Mild+Moderate', 'Severe']",Normal:2|Mild+Moderate:4|Severe:2,True,,2880,0.0,0.6868055555555556,0.6236111111111111,0.5732585872046517,0.5326388888888889,0.5585546162359688
good,three_merged,M5.C3,RBF,LOSO,cross-solve-same-head,8,1,"['Normal', 'Mild+Moderate', 'Severe']",Normal:2|Mild+Moderate:4|Severe:2,True,,2880,0.0,0.33611111111111114,0.4333333333333333,0.40728518022307053,0.6194444444444445,0.42408992778977145
good,three_merged,M5.C3,kNN,LOSO,cross-solve-same-head,8,1,"['Normal', 'Mild+Moderate', 'Severe']",Normal:2|Mild+Moderate:4|Severe:2,True,,2880,0.0,0.50625,0.5439814814814815,0.5455319752243767,0.675,0.4112994787896093
good,three_merged,M5.C3,ORD,LOSO,cross-solve-same-head,8,1,"['Normal', 'Mild+Moderate', 'Severe']",Normal:2|Mild+Moderate:4|Severe:2,True,,2880,0.0,0.6416666666666667,0.657638888888889,0.65915658314397,0.7524305555555555,
good,three_merged,M5.C3[k3],LDA,LOSO,cross-solve-same-head,8,1,"['Normal', 'Mild+Moderate', 'Severe']",Normal:2|Mild+Moderate:4|Severe:2,True,,2880,0.0,0.32256944444444446,0.4152777777777778,0.39717398906104645,0.553125,0.3400946585530764
good,three_merged,M5.C3[k3],LR,LOSO,cross-solve-same-head,8,1,"['Normal', 'Mild+Moderate', 'Severe']",Normal:2|Mild+Moderate:4|Severe:2,True,,2880,0.0,0.32048611111111114,0.42106481481481484,0.3929600284323386,0.6600694444444444,0.36994174145803815
good,three_merged,M5.C3[k3],LSVM,LOSO,cross-solve-same-head,8,1,"['Normal', 'Mild+Moderate', 'Severe']",Normal:2|Mild+Moderate:4|Severe:2,True,,2880,0.0,0.7472222222222222,0.6643518518518519,0.5973375567599991,0.43472222222222223,0.34300791556728233
good,three_merged,M5.C3[k3],RBF,LOSO,cross-solve-same-head,8,1,"['Normal', 'Mild+Moderate', 'Severe']",Normal:2|Mild+Moderate:4|Severe:2,True,,2880,0.0,0.48506944444444444,0.5321759259259259,0.5325500063801826,0.6125,0.6397518057995826
good,three_merged,M5.C3[k3],kNN,LOSO,cross-solve-same-head,8,1,"['Normal', 'Mild+Moderate', 'Severe']",Normal:2|Mild+Moderate:4|Severe:2,True,,2880,0.0,0.5972222222222222,0.6465277777777778,0.6353890205894432,0.5597222222222222,0.3582375478927203
good,three_merged,M5.C3[k3],ORD,LOSO,cross-solve-same-head,8,1,"['Normal', 'Mild+Moderate', 'Severe']",Normal:2|Mild+Moderate:4|Severe:2,True,,2880,0.0,0.5927083333333333,0.6168981481481483,0.6172825000259382,0.7045138888888889,0.3611111111111111
good,three_merged,M5.C3[nested],LDA,LOSO,cross-solve-same-head,8,1,"['Normal', 'Mild+Moderate', 'Severe']",Normal:2|Mild+Moderate:4|Severe:2,True,"windows 3.60-3.75×3, 3.20-3.30×1, 3.20-3.45×1, 3.60-3.90×1, 3.80-3.90×1, 3.60-3.70×1",2880,0.0,0.48159722222222223,0.4918981481481482,0.5032523033513489,0.43333333333333335,0.4145610364254733
good,three_merged,M5.C3[nested],LR,LOSO,cross-solve-same-head,8,1,"['Normal', 'Mild+Moderate', 'Severe']",Normal:2|Mild+Moderate:4|Severe:2,True,"windows 3.60-3.75×3, 3.20-3.30×1, 3.20-3.45×1, 3.60-3.90×1, 3.80-3.90×1, 3.60-3.70×1",2880,0.0,0.4798611111111111,0.4935185185185185,0.5033581502465009,0.5416666666666667,0.38942967409948537
good,three_merged,M5.C3[nested],LSVM,LOSO,cross-solve-same-head,8,1,"['Normal', 'Mild+Moderate', 'Severe']",Normal:2|Mild+Moderate:4|Severe:2,True,"windows 3.60-3.75×3, 3.20-3.30×1, 3.20-3.45×1, 3.60-3.90×1, 3.80-3.90×1, 3.60-3.70×1",2880,0.0,0.3940972222222222,0.3490740740740741,0.3776412417144683,0.5631944444444444,0.3103277744898538
good,three_merged,M5.C3[nested],RBF,LOSO,cross-solve-same-head,8,1,"['Normal', 'Mild+Moderate', 'Severe']",Normal:2|Mild+Moderate:4|Severe:2,True,"windows 3.60-3.75×3, 3.20-3.30×1, 3.20-3.45×1, 3.60-3.90×1, 3.80-3.90×1, 3.60-3.70×1",2880,0.0,0.39895833333333336,0.4048611111111111,0.4050172107717102,0.5020833333333333,0.13619854326832162
good,three_merged,M5.C3[nested],kNN,LOSO,cross-solve-same-head,8,1,"['Normal', 'Mild+Moderate', 'Severe']",Normal:2|Mild+Moderate:4|Severe:2,True,"windows 3.60-3.75×3, 3.20-3.30×1, 3.20-3.45×1, 3.60-3.90×1, 3.80-3.90×1, 3.60-3.70×1",2880,0.0,0.44375,0.46990740740740744,0.467209741573032,0.5354166666666667,0.053147858508302136
good,three_merged,M5.C3[nested],ORD,LOSO,cross-solve-same-head,8,1,"['Normal', 'Mild+Moderate', 'Severe']",Normal:2|Mild+Moderate:4|Severe:2,True,"windows 3.60-3.75×3, 3.20-3.30×1, 3.20-3.45×1, 3.60-3.90×1, 3.80-3.90×1, 3.60-3.70×1",2880,0.0,0.5552083333333333,0.5303240740740741,0.5470356928779665,0.6482638888888889,0.2647899364317275
good,three_merged,M6,LDA,LOSO,cross-solve-same-head,8,22,"['Normal', 'Mild+Moderate', 'Severe']",Normal:2|Mild+Moderate:4|Severe:2,True,,2880,0.0,0.9861111111111112,0.9900462962962964,0.9862693813879558,0.03541666666666665,0.868065268065268
good,three_merged,M6,LR,LOSO,cross-solve-same-head,8,22,"['Normal', 'Mild+Moderate', 'Severe']",Normal:2|Mild+Moderate:4|Severe:2,True,,2880,0.0,0.7729166666666667,0.7502314814814816,0.7654604875028731,0.03645833333333337,0.8562945205494584
good,three_merged,M6,LSVM,LOSO,cross-solve-same-head,8,22,"['Normal', 'Mild+Moderate', 'Severe']",Normal:2|Mild+Moderate:4|Severe:2,True,,2880,0.0,0.7475694444444444,0.7518518518518519,0.7463556807842225,0.010069444444444464,0.9724671622636599
good,three_merged,M6,RBF,LOSO,cross-solve-same-head,8,22,"['Normal', 'Mild+Moderate', 'Severe']",Normal:2|Mild+Moderate:4|Severe:2,True,,2880,0.0,0.4444444444444444,0.330787037037037,0.3066346612731425,0.026388888888888906,0.33285285461707176
good,three_merged,M6,kNN,LOSO,cross-solve-same-head,8,22,"['Normal', 'Mild+Moderate', 'Severe']",Normal:2|Mild+Moderate:4|Severe:2,True,,2880,0.0,0.33090277777777777,0.22245370370370368,0.1746411102950828,0.06145833333333328,0.22718782867297718
good,three_merged,M6,ORD,LOSO,cross-solve-same-head,8,22,"['Normal', 'Mild+Moderate', 'Severe']",Normal:2|Mild+Moderate:4|Severe:2,True,,2880,0.0,0.8152777777777778,0.7905092592592592,0.807627435707254,0.025347222222222188,0.7577572352058746
good,three_merged,M7,LDA,LOSO,cross-solve-same-head,8,6,"['Normal', 'Mild+Moderate', 'Severe']",Normal:2|Mild+Moderate:4|Severe:2,True,,2880,0.0,0.22361111111111112,0.22430555555555556,0.21715406391251627,0.6347222222222222,0.10235443465048176
good,three_merged,M7,LR,LOSO,cross-solve-same-head,8,6,"['Normal', 'Mild+Moderate', 'Severe']",Normal:2|Mild+Moderate:4|Severe:2,True,,2880,0.0,0.17048611111111112,0.1388888888888889,0.13664805919605313,0.5815972222222222,0.0387160292900638
good,three_merged,M7,LSVM,LOSO,cross-solve-same-head,8,6,"['Normal', 'Mild+Moderate', 'Severe']",Normal:2|Mild+Moderate:4|Severe:2,True,,2880,0.0,0.13506944444444444,0.10462962962962963,0.10223808306005834,0.5885416666666667,0.034414304500997715
good,three_merged,M7,RBF,LOSO,cross-solve-same-head,8,6,"['Normal', 'Mild+Moderate', 'Severe']",Normal:2|Mild+Moderate:4|Severe:2,True,,2880,0.0,0.17222222222222222,0.1361111111111111,0.13379146356742516,0.7208333333333333,0.2805889321374175
good,three_merged,M7,kNN,LOSO,cross-solve-same-head,8,6,"['Normal', 'Mild+Moderate', 'Severe']",Normal:2|Mild+Moderate:4|Severe:2,True,,2880,0.0,0.17604166666666668,0.14189814814814816,0.14424056836850416,0.7555555555555555,0.022059925093632957
good,three_merged,M7,ORD,LOSO,cross-solve-same-head,8,6,"['Normal', 'Mild+Moderate', 'Severe']",Normal:2|Mild+Moderate:4|Severe:2,True,,2880,0.0,0.3440972222222222,0.3361111111111111,0.3296211713731613,0.7788194444444445,0.45266272189349116
good,three_merged,M8,LDA,LOSO,cross-solve-same-head,8,4,"['Normal', 'Mild+Moderate', 'Severe']",Normal:2|Mild+Moderate:4|Severe:2,True,,2880,0.0,0.6729166666666667,0.6967592592592592,0.6790863494401073,0.35034722222222225,0.683541901501367
good,three_merged,M8,LR,LOSO,cross-solve-same-head,8,4,"['Normal', 'Mild+Moderate', 'Severe']",Normal:2|Mild+Moderate:4|Severe:2,True,,2880,0.0,0.5833333333333334,0.6268518518518519,0.5944478829308429,0.39131944444444444,0.6698812590942925
good,three_merged,M8,LSVM,LOSO,cross-solve-same-head,8,4,"['Normal', 'Mild+Moderate', 'Severe']",Normal:2|Mild+Moderate:4|Severe:2,True,,2880,0.0,0.3020833333333333,0.23587962962962963,0.22563182505329973,0.7236111111111111,0.45244641454382223
good,three_merged,M8,RBF,LOSO,cross-solve-same-head,8,4,"['Normal', 'Mild+Moderate', 'Severe']",Normal:2|Mild+Moderate:4|Severe:2,True,,2880,0.0,0.3121527777777778,0.35787037037037034,0.31293378133757427,1.0,
good,three_merged,M8,kNN,LOSO,cross-solve-same-head,8,4,"['Normal', 'Mild+Moderate', 'Severe']",Normal:2|Mild+Moderate:4|Severe:2,True,,2880,0.0,0.35,0.35115740740740736,0.33959484518516964,0.9993055555555556,
good,three_merged,M8,ORD,LOSO,cross-solve-same-head,8,4,"['Normal', 'Mild+Moderate', 'Severe']",Normal:2|Mild+Moderate:4|Severe:2,True,,2880,0.0,0.3128472222222222,0.3819444444444444,0.3069548679529697,1.0,
good,three_merged,COMB,LDA,LOSO,cross-solve-same-head,8,3,"['Normal', 'Mild+Moderate', 'Severe']",Normal:2|Mild+Moderate:4|Severe:2,True,chosen M5.C2+M6.A[3.60]+M6.A[3.40]×2; M5.C2+M5.C+M7.D2×2; M5.C2+M5.C+M6.A[3.40]×1; M5.C2+M6.A[3.35]+M6.A[3.70]×1; M5.C2+M7.D2+M6.A[3.85]×1; M5.C2+M6.A[3.40]+M6.A[3.60]×1,2880,0.0,0.8239583333333333,0.8261574074074073,0.8245816873799151,0.06458333333333333,0.7793958553935267
good,three_merged,COMB,LR,LOSO,cross-solve-same-head,8,3,"['Normal', 'Mild+Moderate', 'Severe']",Normal:2|Mild+Moderate:4|Severe:2,True,chosen M5.C2+M6.A[3.60]+M6.A[3.40]×2; M5.C2+M5.C+M7.D2×2; M5.C2+M5.C+M6.A[3.40]×1; M5.C2+M6.A[3.35]+M6.A[3.70]×1; M5.C2+M7.D2+M6.A[3.85]×1; M5.C2+M6.A[3.40]+M6.A[3.60]×1,2880,0.0,0.6614583333333334,0.6011574074074074,0.627728130156852,0.12326388888888884,0.7048159247812894
good,three_merged,COMB,LSVM,LOSO,cross-solve-same-head,8,3,"['Normal', 'Mild+Moderate', 'Severe']",Normal:2|Mild+Moderate:4|Severe:2,True,chosen M5.C2+M6.A[3.60]+M6.A[3.40]×2; M5.C2+M5.C+M7.D2×2; M5.C2+M5.C+M6.A[3.40]×1; M5.C2+M6.A[3.35]+M6.A[3.70]×1; M5.C2+M7.D2+M6.A[3.85]×1; M5.C2+M6.A[3.40]+M6.A[3.60]×1,2880,0.0,0.5190972222222222,0.4303240740740741,0.43655788469950835,0.09722222222222221,0.6500326574203202
good,three_merged,COMB,RBF,LOSO,cross-solve-same-head,8,3,"['Normal', 'Mild+Moderate', 'Severe']",Normal:2|Mild+Moderate:4|Severe:2,True,chosen M5.C2+M6.A[3.60]+M6.A[3.40]×2; M5.C2+M5.C+M7.D2×2; M5.C2+M5.C+M6.A[3.40]×1; M5.C2+M6.A[3.35]+M6.A[3.70]×1; M5.C2+M7.D2+M6.A[3.85]×1; M5.C2+M6.A[3.40]+M6.A[3.60]×1,2880,0.0,0.5184027777777778,0.39074074074074067,0.36279106065451666,0.15104166666666663,0.4300745763836226
good,three_merged,COMB,kNN,LOSO,cross-solve-same-head,8,3,"['Normal', 'Mild+Moderate', 'Severe']",Normal:2|Mild+Moderate:4|Severe:2,True,chosen M5.C2+M6.A[3.60]+M6.A[3.40]×2; M5.C2+M5.C+M7.D2×2; M5.C2+M5.C+M6.A[3.40]×1; M5.C2+M6.A[3.35]+M6.A[3.70]×1; M5.C2+M7.D2+M6.A[3.85]×1; M5.C2+M6.A[3.40]+M6.A[3.60]×1,2880,0.0,0.6020833333333333,0.49513888888888885,0.506867315827394,0.14131944444444444,0.5387611725924943
good,three_merged,COMB,ORD,LOSO,cross-solve-same-head,8,3,"['Normal', 'Mild+Moderate', 'Severe']",Normal:2|Mild+Moderate:4|Severe:2,True,chosen M5.C2+M6.A[3.60]+M6.A[3.40]×2; M5.C2+M5.C+M7.D2×2; M5.C2+M5.C+M6.A[3.40]×1; M5.C2+M6.A[3.35]+M6.A[3.70]×1; M5.C2+M7.D2+M6.A[3.85]×1; M5.C2+M6.A[3.40]+M6.A[3.60]×1,2880,0.0,0.7840277777777778,0.7622685185185185,0.7782605101980006,0.09722222222222221,0.7448068313333162
good,three_merged,M9,LDA,LOSO,cross-solve-same-head,8,3618,"['Normal', 'Mild+Moderate', 'Severe']",Normal:2|Mild+Moderate:4|Severe:2,True,,2880,0.0,0.9993055555555556,0.9990740740740741,0.9993050722966106,0.029861111111111116,0.9874203962851357
good,three_merged,M9,LR,LOSO,cross-solve-same-head,8,3618,"['Normal', 'Mild+Moderate', 'Severe']",Normal:2|Mild+Moderate:4|Severe:2,True,,2880,0.0,0.9288194444444444,0.9053240740740741,0.9254348800856619,0.02604166666666663,0.9045460249227677
good,three_merged,M9,LSVM,LOSO,cross-solve-same-head,8,3618,"['Normal', 'Mild+Moderate', 'Severe']",Normal:2|Mild+Moderate:4|Severe:2,True,,2880,0.0,0.8413194444444444,0.829861111111111,0.839325222411676,0.022916666666666696,0.960918679597126
good,three_merged,M9,RBF,LOSO,cross-solve-same-head,8,3618,"['Normal', 'Mild+Moderate', 'Severe']",Normal:2|Mild+Moderate:4|Severe:2,True,,2880,0.0,0.6756944444444445,0.5678240740740741,0.5514012070468598,0.00694444444444442,0.5681476004269618
good,three_merged,M9,kNN,LOSO,cross-solve-same-head,8,3618,"['Normal', 'Mild+Moderate', 'Severe']",Normal:2|Mild+Moderate:4|Severe:2,True,,2880,0.0,0.5027777777777778,0.36157407407407405,0.30776396492660885,0.037847222222222254,0.34687959670394014
good,three_merged,M9,ORD,LOSO,cross-solve-same-head,8,3618,"['Normal', 'Mild+Moderate', 'Severe']",Normal:2|Mild+Moderate:4|Severe:2,True,,2880,0.0,0.9840277777777777,0.9787037037037036,0.9838036509882729,0.017013888888888884,0.9887023482391645
good,three,M0,LDA,LOSO,cross-solve-same-head,6,1,"['Normal', 'Mild', 'Severe']",Normal:2|Mild:2|Severe:2,True,,2160,0.0,0.3907407407407407,0.3907407407407408,0.38015331180903433,0.9833333333333333,0.3333333333333333
good,three,M0,LR,LOSO,cross-solve-same-head,6,1,"['Normal', 'Mild', 'Severe']",Normal:2|Mild:2|Severe:2,True,,2160,0.0,0.3907407407407407,0.3907407407407408,0.3791946295994632,0.9773148148148149,0.3333333333333333
good,three,M0,LSVM,LOSO,cross-solve-same-head,6,1,"['Normal', 'Mild', 'Severe']",Normal:2|Mild:2|Severe:2,True,,2160,0.0,0.1675925925925926,0.1675925925925926,0.146975233455136,0.9833333333333333,0.3333333333333333
good,three,M0,RBF,LOSO,cross-solve-same-head,6,1,"['Normal', 'Mild', 'Severe']",Normal:2|Mild:2|Severe:2,True,,2160,0.0,0.4074074074074074,0.40740740740740744,0.39958222588274595,1.0,
good,three,M0,kNN,LOSO,cross-solve-same-head,6,1,"['Normal', 'Mild', 'Severe']",Normal:2|Mild:2|Severe:2,True,,2160,0.0,0.35324074074074074,0.35324074074074074,0.34913103822087543,0.9712962962962963,0.3333333333333333
good,three,M0,ORD,LOSO,cross-solve-same-head,6,1,"['Normal', 'Mild', 'Severe']",Normal:2|Mild:2|Severe:2,True,,2160,0.0,0.4101851851851852,0.4101851851851852,0.38913076501152627,0.9833333333333333,0.3333333333333333
good,three,M1,LDA,LOSO,cross-solve-same-head,6,1,"['Normal', 'Mild', 'Severe']",Normal:2|Mild:2|Severe:2,True,,2160,0.0,0.3111111111111111,0.3111111111111111,0.2942604073208601,0.9805555555555555,0.4166666666666667
good,three,M1,LR,LOSO,cross-solve-same-head,6,1,"['Normal', 'Mild', 'Severe']",Normal:2|Mild:2|Severe:2,True,,2160,0.0,0.30787037037037035,0.3078703703703704,0.2900713479506242,0.975925925925926,0.44
good,three,M1,LSVM,LOSO,cross-solve-same-head,6,1,"['Normal', 'Mild', 'Severe']",Normal:2|Mild:2|Severe:2,True,,2160,0.0,0.18287037037037038,0.18287037037037035,0.16579496527263318,0.9805555555555555,0.4166666666666667
good,three,M1,RBF,LOSO,cross-solve-same-head,6,1,"['Normal', 'Mild', 'Severe']",Normal:2|Mild:2|Severe:2,True,,2160,0.0,0.3768518518518518,0.3768518518518518,0.36493215437669263,1.0,
good,three,M1,kNN,LOSO,cross-solve-same-head,6,1,"['Normal', 'Mild', 'Severe']",Normal:2|Mild:2|Severe:2,True,,2160,0.0,0.33055555555555555,0.33055555555555555,0.32839215686611667,0.9833333333333333,
good,three,M1,ORD,LOSO,cross-solve-same-head,6,1,"['Normal', 'Mild', 'Severe']",Normal:2|Mild:2|Severe:2,True,,2160,0.0,0.17083333333333334,0.1708333333333333,0.14811778558809421,0.9856481481481482,0.39999999999999997
good,three,M2,LDA,LOSO,cross-solve-same-head,6,1,"['Normal', 'Mild', 'Severe']",Normal:2|Mild:2|Severe:2,True,,2160,0.0,0.25787037037037036,0.25787037037037036,0.2371608690757627,1.0,
good,three,M2,LR,LOSO,cross-solve-same-head,6,1,"['Normal', 'Mild', 'Severe']",Normal:2|Mild:2|Severe:2,True,,2160,0.0,0.2574074074074074,0.2574074074074074,0.23552418557538077,1.0,
good,three,M2,LSVM,LOSO,cross-solve-same-head,6,1,"['Normal', 'Mild', 'Severe']",Normal:2|Mild:2|Severe:2,True,,2160,0.0,0.06944444444444445,0.06944444444444445,0.0682667006196418,1.0,
good,three,M2,RBF,LOSO,cross-solve-same-head,6,1,"['Normal', 'Mild', 'Severe']",Normal:2|Mild:2|Severe:2,True,,2160,0.0,0.3685185185185185,0.3685185185185185,0.35473952689620397,1.0,
good,three,M2,kNN,LOSO,cross-solve-same-head,6,1,"['Normal', 'Mild', 'Severe']",Normal:2|Mild:2|Severe:2,True,,2160,0.0,0.3351851851851852,0.3351851851851852,0.3346786265255312,0.999537037037037,
good,three,M2,ORD,LOSO,cross-solve-same-head,6,1,"['Normal', 'Mild', 'Severe']",Normal:2|Mild:2|Severe:2,True,,2160,0.0,0.3768518518518518,0.3768518518518518,0.34034017155309915,1.0,
good,three,M5,LDA,LOSO,cross-solve-same-head,6,4,"['Normal', 'Mild', 'Severe']",Normal:2|Mild:2|Severe:2,True,,2160,0.0,0.9601851851851851,0.9601851851851851,0.9601538104003535,0.010185185185185186,0.9677026130786577
good,three,M5,LR,LOSO,cross-solve-same-head,6,4,"['Normal', 'Mild', 'Severe']",Normal:2|Mild:2|Severe:2,True,,2160,0.0,0.9078703703703703,0.9078703703703703,0.9074160099704235,0.02546296296296291,0.8633743964321701
good,three,M5,LSVM,LOSO,cross-solve-same-head,6,4,"['Normal', 'Mild', 'Severe']",Normal:2|Mild:2|Severe:2,True,,2160,0.0,0.8967592592592593,0.8967592592592593,0.8952839115161849,0.015740740740740722,0.9548174938913467
good,three,M5,RBF,LOSO,cross-solve-same-head,6,4,"['Normal', 'Mild', 'Severe']",Normal:2|Mild:2|Severe:2,True,,2160,0.0,0.9208333333333333,0.9208333333333334,0.9195180291778842,0.014814814814814836,0.8892571548821548
good,three,M5,kNN,LOSO,cross-solve-same-head,6,4,"['Normal', 'Mild', 'Severe']",Normal:2|Mild:2|Severe:2,True,,2160,0.0,0.8828703703703704,0.8828703703703704,0.87789467657893,0.08796296296296291,0.8449916645227122
good,three,M5,ORD,LOSO,cross-solve-same-head,6,4,"['Normal', 'Mild', 'Severe']",Normal:2|Mild:2|Severe:2,True,,2160,0.0,0.8939814814814815,0.8939814814814815,0.893857479213735,0.036111111111111094,0.8819223409756053
good,three,M5.C3,LDA,LOSO,cross-solve-same-head,6,1,"['Normal', 'Mild', 'Severe']",Normal:2|Mild:2|Severe:2,True,,2160,0.0,0.5074074074074074,0.5074074074074074,0.49276117718743967,0.34398148148148144,0.6429588415423272
good,three,M5.C3,LR,LOSO,cross-solve-same-head,6,1,"['Normal', 'Mild', 'Severe']",Normal:2|Mild:2|Severe:2,True,,2160,0.0,0.5824074074074074,0.5824074074074074,0.535700841100001,0.4643518518518519,0.675568743818002
good,three,M5.C3,LSVM,LOSO,cross-solve-same-head,6,1,"['Normal', 'Mild', 'Severe']",Normal:2|Mild:2|Severe:2,True,,2160,0.0,0.3351851851851852,0.3351851851851852,0.3333257180860853,0.23750000000000004,0.5920398964668563
good,three,M5.C3,RBF,LOSO,cross-solve-same-head,6,1,"['Normal', 'Mild', 'Severe']",Normal:2|Mild:2|Severe:2,True,,2160,0.0,0.4111111111111111,0.41111111111111115,0.4131885766416337,0.34259259259259256,0.5035793187974739
good,three,M5.C3,kNN,LOSO,cross-solve-same-head,6,1,"['Normal', 'Mild', 'Severe']",Normal:2|Mild:2|Severe:2,True,,2160,0.0,0.46296296296296297,0.46296296296296297,0.4588091401571878,0.499537037037037,0.35704897087007925
good,three,M5.C3,ORD,LOSO,cross-solve-same-head,6,1,"['Normal', 'Mild', 'Severe']",Normal:2|Mild:2|Severe:2,True,,2160,0.0,0.6648148148148149,0.6648148148148149,0.6675768825740606,0.5629629629629629,
good,three,M5.C3[k3],LDA,LOSO,cross-solve-same-head,6,1,"['Normal', 'Mild', 'Severe']",Normal:2|Mild:2|Severe:2,True,,2160,0.0,0.3972222222222222,0.3972222222222222,0.3936425248862468,0.3046296296296296,0.33527696793002915
good,three,M5.C3[k3],LR,LOSO,cross-solve-same-head,6,1,"['Normal', 'Mild', 'Severe']",Normal:2|Mild:2|Severe:2,True,,2160,0.0,0.4324074074074074,0.43240740740740735,0.4228185690600072,0.3819444444444444,0.4122159244264507
good,three,M5.C3[k3],LSVM,LOSO,cross-solve-same-head,6,1,"['Normal', 'Mild', 'Severe']",Normal:2|Mild:2|Severe:2,True,,2160,0.0,0.33240740740740743,0.33240740740740743,0.33217672912329405,0.18240740740740746,0.3429839304241052
good,three,M5.C3[k3],RBF,LOSO,cross-solve-same-head,6,1,"['Normal', 'Mild', 'Severe']",Normal:2|Mild:2|Severe:2,True,,2160,0.0,0.42685185185185187,0.4268518518518518,0.41967077139311953,0.21944444444444444,0.5322617070256723
good,three,M5.C3[k3],kNN,LOSO,cross-solve-same-head,6,1,"['Normal', 'Mild', 'Severe']",Normal:2|Mild:2|Severe:2,True,,2160,0.0,0.5009259259259259,0.5009259259259259,0.4738287209792986,0.28981481481481486,0.34011627906976744
good,three,M5.C3[k3],ORD,LOSO,cross-solve-same-head,6,1,"['Normal', 'Mild', 'Severe']",Normal:2|Mild:2|Severe:2,True,,2160,0.0,0.6263888888888889,0.6263888888888889,0.6267341954472849,0.3759259259259259,0.3333333333333333
good,three,M5.C3[nested],LDA,LOSO,cross-solve-same-head,6,1,"['Normal', 'Mild', 'Severe']",Normal:2|Mild:2|Severe:2,True,"windows 3.20-3.30×1, 3.60-3.90×1, 3.95-4.05×1, 3.20-3.45×1, 3.80-3.90×1, 3.55-3.65×1",2160,0.0,0.27870370370370373,0.2787037037037037,0.2886889422220536,0.1703703703703704,0.44438323357695303
good,three,M5.C3[nested],LR,LOSO,cross-solve-same-head,6,1,"['Normal', 'Mild', 'Severe']",Normal:2|Mild:2|Severe:2,True,"windows 3.20-3.30×1, 3.60-3.90×1, 3.95-4.05×1, 3.20-3.45×1, 3.80-3.90×1, 3.55-3.65×1",2160,0.0,0.30185185185185187,0.30185185185185187,0.30803918725221296,0.4208333333333333,0.4131544022411302
good,three,M5.C3[nested],LSVM,LOSO,cross-solve-same-head,6,1,"['Normal', 'Mild', 'Severe']",Normal:2|Mild:2|Severe:2,True,"windows 3.20-3.30×1, 3.60-3.90×1, 3.95-4.05×1, 3.20-3.45×1, 3.80-3.90×1, 3.55-3.65×1",2160,0.0,0.23055555555555557,0.2305555555555555,0.23399943544353974,0.4092592592592592,0.2894861069532683
good,three,M5.C3[nested],RBF,LOSO,cross-solve-same-head,6,1,"['Normal', 'Mild', 'Severe']",Normal:2|Mild:2|Severe:2,True,"windows 3.20-3.30×1, 3.60-3.90×1, 3.95-4.05×1, 3.20-3.45×1, 3.80-3.90×1, 3.55-3.65×1",2160,0.0,0.3912037037037037,0.3912037037037037,0.38025970919450486,0.23333333333333328,0.24021505376344088
good,three,M5.C3[nested],kNN,LOSO,cross-solve-same-head,6,1,"['Normal', 'Mild', 'Severe']",Normal:2|Mild:2|Severe:2,True,"windows 3.20-3.30×1, 3.60-3.90×1, 3.95-4.05×1, 3.20-3.45×1, 3.80-3.90×1, 3.55-3.65×1",2160,0.0,0.29583333333333334,0.29583333333333334,0.3035883298005851,0.3949074074074074,0.3213334092101852
good,three,M5.C3[nested],ORD,LOSO,cross-solve-same-head,6,1,"['Normal', 'Mild', 'Severe']",Normal:2|Mild:2|Severe:2,True,"windows 3.20-3.30×1, 3.60-3.90×1, 3.95-4.05×1, 3.20-3.45×1, 3.80-3.90×1, 3.55-3.65×1",2160,0.0,0.4564814814814815,0.4564814814814815,0.4420834642518454,0.4300925925925926,0.2552098066949552
good,three,M6,LDA,LOSO,cross-solve-same-head,6,22,"['Normal', 'Mild', 'Severe']",Normal:2|Mild:2|Severe:2,True,,2160,0.0,0.7337962962962963,0.7337962962962963,0.7312193148137598,0.10555555555555551,0.5353981846270842
good,three,M6,LR,LOSO,cross-solve-same-head,6,22,"['Normal', 'Mild', 'Severe']",Normal:2|Mild:2|Severe:2,True,,2160,0.0,0.36898148148148147,0.3689814814814815,0.37725027284914087,0.0986111111111111,0.46516736360486366
good,three,M6,LSVM,LOSO,cross-solve-same-head,6,22,"['Normal', 'Mild', 'Severe']",Normal:2|Mild:2|Severe:2,True,,2160,0.0,0.5,0.5,0.5218664665755293,0.026851851851851904,0.6606124485471861
good,three,M6,RBF,LOSO,cross-solve-same-head,6,22,"['Normal', 'Mild', 'Severe']",Normal:2|Mild:2|Severe:2,True,,2160,0.0,0.12314814814814815,0.12314814814814816,0.17200129324280633,0.010648148148148184,0.07893485496909178
good,three,M6,kNN,LOSO,cross-solve-same-head,6,22,"['Normal', 'Mild', 'Severe']",Normal:2|Mild:2|Severe:2,True,,2160,0.0,0.004166666666666667,0.004166666666666667,0.005449591280653951,0.014351851851851838,0.0018596001859600185
good,three,M6,ORD,LOSO,cross-solve-same-head,6,22,"['Normal', 'Mild', 'Severe']",Normal:2|Mild:2|Severe:2,True,,2160,0.0,0.6694444444444444,0.6694444444444444,0.6777909355151254,0.028703703703703676,0.6672157345980619
good,three,M7,LDA,LOSO,cross-solve-same-head,6,6,"['Normal', 'Mild', 'Severe']",Normal:2|Mild:2|Severe:2,True,,2160,0.0,0.17824074074074073,0.17824074074074073,0.18652837527916855,0.5175925925925926,0.07913518341188534
good,three,M7,LR,LOSO,cross-solve-same-head,6,6,"['Normal', 'Mild', 'Severe']",Normal:2|Mild:2|Severe:2,True,,2160,0.0,0.1,0.09999999999999999,0.1016342725392619,0.44861111111111107,0.05621735990533139
good,three,M7,LSVM,LOSO,cross-solve-same-head,6,6,"['Normal', 'Mild', 'Severe']",Normal:2|Mild:2|Severe:2,True,,2160,0.0,0.07592592592592592,0.07592592592592592,0.08497121024409478,0.4453703703703704,0.04483391673339446
good,three,M7,RBF,LOSO,cross-solve-same-head,6,6,"['Normal', 'Mild', 'Severe']",Normal:2|Mild:2|Severe:2,True,,2160,0.0,0.08194444444444444,0.08194444444444444,0.08152054260940252,0.4199074074074074,0.11903005131370904
good,three,M7,kNN,LOSO,cross-solve-same-head,6,6,"['Normal', 'Mild', 'Severe']",Normal:2|Mild:2|Severe:2,True,,2160,0.0,0.10092592592592593,0.10092592592592592,0.10369454088297152,0.674537037037037,0.043360433604336036
good,three,M7,ORD,LOSO,cross-solve-same-head,6,6,"['Normal', 'Mild', 'Severe']",Normal:2|Mild:2|Severe:2,True,,2160,0.0,0.3055555555555556,0.3055555555555556,0.3051321542651022,0.7087962962962964,0.4665675156472702
good,three,M8,LDA,LOSO,cross-solve-same-head,6,4,"['Normal', 'Mild', 'Severe']",Normal:2|Mild:2|Severe:2,True,,2160,0.0,0.5958333333333333,0.5958333333333333,0.583653802182576,0.23888888888888893,0.5175584785425417
good,three,M8,LR,LOSO,cross-solve-same-head,6,4,"['Normal', 'Mild', 'Severe']",Normal:2|Mild:2|Severe:2,True,,2160,0.0,0.49398148148148147,0.4939814814814815,0.45616977605963555,0.30046296296296293,0.528852698430318
good,three,M8,LSVM,LOSO,cross-solve-same-head,6,4,"['Normal', 'Mild', 'Severe']",Normal:2|Mild:2|Severe:2,True,,2160,0.0,0.1837962962962963,0.18379629629629632,0.18354728227193282,0.5004629629629629,0.6035254505842741
good,three,M8,RBF,LOSO,cross-solve-same-head,6,4,"['Normal', 'Mild', 'Severe']",Normal:2|Mild:2|Severe:2,True,,2160,0.0,0.36898148148148147,0.3689814814814815,0.354388672490813,1.0,
good,three,M8,kNN,LOSO,cross-solve-same-head,6,4,"['Normal', 'Mild', 'Severe']",Normal:2|Mild:2|Severe:2,True,,2160,0.0,0.34629629629629627,0.34629629629629627,0.3457801816230222,0.9958333333333333,
good,three,M8,ORD,LOSO,cross-solve-same-head,6,4,"['Normal', 'Mild', 'Severe']",Normal:2|Mild:2|Severe:2,True,,2160,0.0,0.3773148148148148,0.3773148148148148,0.3414494287840266,1.0,
good,three,COMB,LDA,LOSO,cross-solve-same-head,6,3,"['Normal', 'Mild', 'Severe']",Normal:2|Mild:2|Severe:2,True,chosen M5.C2+M5.C+M6.A[3.40]×1; M5.C2+M6.A[3.35]+M6.A[3.60]×1; M5.C2+M5.C3+M6.A[3.65]×1; M5.C2+M5.C1+M7.D2×1; M5.C2+M7.D2+M6.A[3.85]×1; M5.C2+M6.A[3.60]+M6.A[3.40]×1,2160,0.0,0.8671296296296296,0.8671296296296296,0.8693926816625211,0.08194444444444449,0.7370910471209732
good,three,COMB,LR,LOSO,cross-solve-same-head,6,3,"['Normal', 'Mild', 'Severe']",Normal:2|Mild:2|Severe:2,True,chosen M5.C2+M5.C+M6.A[3.40]×1; M5.C2+M6.A[3.35]+M6.A[3.60]×1; M5.C2+M5.C3+M6.A[3.65]×1; M5.C2+M5.C1+M7.D2×1; M5.C2+M7.D2+M6.A[3.85]×1; M5.C2+M6.A[3.60]+M6.A[3.40]×1,2160,0.0,0.5018518518518519,0.5018518518518519,0.5138071321664681,0.08379629629629626,0.496393747938305
good,three,COMB,LSVM,LOSO,cross-solve-same-head,6,3,"['Normal', 'Mild', 'Severe']",Normal:2|Mild:2|Severe:2,True,chosen M5.C2+M5.C+M6.A[3.40]×1; M5.C2+M6.A[3.35]+M6.A[3.60]×1; M5.C2+M5.C3+M6.A[3.65]×1; M5.C2+M5.C1+M7.D2×1; M5.C2+M7.D2+M6.A[3.85]×1; M5.C2+M6.A[3.60]+M6.A[3.40]×1,2160,0.0,0.38287037037037036,0.3828703703703704,0.3699866481534609,0.06990740740740742,0.4382508175934689
good,three,COMB,RBF,LOSO,cross-solve-same-head,6,3,"['Normal', 'Mild', 'Severe']",Normal:2|Mild:2|Severe:2,True,chosen M5.C2+M5.C+M6.A[3.40]×1; M5.C2+M6.A[3.35]+M6.A[3.60]×1; M5.C2+M5.C3+M6.A[3.65]×1; M5.C2+M5.C1+M7.D2×1; M5.C2+M7.D2+M6.A[3.85]×1; M5.C2+M6.A[3.60]+M6.A[3.40]×1,2160,0.0,0.4449074074074074,0.4449074074074075,0.4394264174049322,0.0004629629629629983,0.44835033225158405
good,three,COMB,kNN,LOSO,cross-solve-same-head,6,3,"['Normal', 'Mild', 'Severe']",Normal:2|Mild:2|Severe:2,True,chosen M5.C2+M5.C+M6.A[3.40]×1; M5.C2+M6.A[3.35]+M6.A[3.60]×1; M5.C2+M5.C3+M6.A[3.65]×1; M5.C2+M5.C1+M7.D2×1; M5.C2+M7.D2+M6.A[3.85]×1; M5.C2+M6.A[3.60]+M6.A[3.40]×1,2160,0.0,0.4699074074074074,0.46990740740740744,0.47770992527982,0.17361111111111116,0.3977678794209201
good,three,COMB,ORD,LOSO,cross-solve-same-head,6,3,"['Normal', 'Mild', 'Severe']",Normal:2|Mild:2|Severe:2,True,chosen M5.C2+M5.C+M6.A[3.40]×1; M5.C2+M6.A[3.35]+M6.A[3.60]×1; M5.C2+M5.C3+M6.A[3.65]×1; M5.C2+M5.C1+M7.D2×1; M5.C2+M7.D2+M6.A[3.85]×1; M5.C2+M6.A[3.60]+M6.A[3.40]×1,2160,0.0,0.7513888888888889,0.751388888888889,0.758528208640869,0.11481481481481481,0.7184619961326789
good,three,M9,LDA,LOSO,cross-solve-same-head,6,3618,"['Normal', 'Mild', 'Severe']",Normal:2|Mild:2|Severe:2,True,,2160,0.0,0.8310185185185185,0.8310185185185186,0.8214896355430362,0.26435185185185184,0.6813808959928324
good,three,M9,LR,LOSO,cross-solve-same-head,6,3618,"['Normal', 'Mild', 'Severe']",Normal:2|Mild:2|Severe:2,True,,2160,0.0,0.43194444444444446,0.43194444444444446,0.4190100528242853,0.0717592592592593,0.41427769377782947
good,three,M9,LSVM,LOSO,cross-solve-same-head,6,3618,"['Normal', 'Mild', 'Severe']",Normal:2|Mild:2|Severe:2,True,,2160,0.0,0.6620370370370371,0.6620370370370371,0.5585599831330382,0.052314814814814814,0.5112640390860071
good,three,M9,RBF,LOSO,cross-solve-same-head,6,3618,"['Normal', 'Mild', 'Severe']",Normal:2|Mild:2|Severe:2,True,,2160,0.0,0.18194444444444444,0.18194444444444444,0.23499208775932767,0.0004629629629629983,0.18218268685932107
good,three,M9,kNN,LOSO,cross-solve-same-head,6,3618,"['Normal', 'Mild', 'Severe']",Normal:2|Mild:2|Severe:2,True,,2160,0.0,0.11018518518518519,0.11018518518518518,0.15914409896355733,0.012037037037037068,0.14185393258426968
good,three,M9,ORD,LOSO,cross-solve-same-head,6,3618,"['Normal', 'Mild', 'Severe']",Normal:2|Mild:2|Severe:2,True,,2160,0.0,0.9805555555555555,0.9805555555555556,0.9805601406216956,0.030555555555555558,0.9912155545049304
good,binary_early,M0,LDA,LODO+LOSO-within-class,noise-robustness-only,6,1,"['Normal', 'MCI']",Normal:2|MCI:1,False,,1440,0.0,0.5034722222222222,0.5034722222222222,0.5034317515268172,1.0,
good,binary_early,M0,LR,LODO+LOSO-within-class,noise-robustness-only,6,1,"['Normal', 'MCI']",Normal:2|MCI:1,False,,1440,0.0,0.5041666666666667,0.5041666666666667,0.5041197952738588,1.0,
good,binary_early,M0,LSVM,LODO+LOSO-within-class,noise-robustness-only,6,1,"['Normal', 'MCI']",Normal:2|MCI:1,False,,1440,0.0,0.5034722222222222,0.5034722222222222,0.5034317515268172,1.0,
good,binary_early,M0,RBF,LODO+LOSO-within-class,noise-robustness-only,6,1,"['Normal', 'MCI']",Normal:2|MCI:1,False,,1440,0.0,0.5069444444444444,0.5069444444444444,0.4923696565749649,1.0,
good,binary_early,M0,kNN,LODO+LOSO-within-class,noise-robustness-only,6,1,"['Normal', 'MCI']",Normal:2|MCI:1,False,,1440,0.0,0.4895833333333333,0.48958333333333337,0.4888376417178803,0.9847222222222223,0.5
good,binary_early,M0,ORD,LODO+LOSO-within-class,noise-robustness-only,6,1,"['Normal', 'MCI']",Normal:2|MCI:1,False,,1440,0.0,0.5034722222222222,0.5034722222222222,0.5034317515268172,1.0,
good,binary_early,M0,THR,LODO+LOSO-within-class,noise-robustness-only,6,1,"['Normal', 'MCI']",Normal:2|MCI:1,False,,1440,0.0,0.5104166666666666,0.5104166666666666,0.5020187567048671,1.0,
good,binary_early,M1,LDA,LODO+LOSO-within-class,noise-robustness-only,6,1,"['Normal', 'MCI']",Normal:2|MCI:1,False,,1440,0.0,0.41944444444444445,0.41944444444444445,0.3969692172982634,0.8645833333333334,0.4155684610230065
good,binary_early,M1,LR,LODO+LOSO-within-class,noise-robustness-only,6,1,"['Normal', 'MCI']",Normal:2|MCI:1,False,,1440,0.0,0.41875,0.41875,0.39641569235068264,0.7888888888888889,0.4033840563252328
good,binary_early,M1,LSVM,LODO+LOSO-within-class,noise-robustness-only,6,1,"['Normal', 'MCI']",Normal:2|MCI:1,False,,1440,0.0,0.41944444444444445,0.41944444444444445,0.3969692172982634,0.8604166666666666,0.40904761904761905
good,binary_early,M1,RBF,LODO+LOSO-within-class,noise-robustness-only,6,1,"['Normal', 'MCI']",Normal:2|MCI:1,False,,1440,0.0,0.4097222222222222,0.4097222222222222,0.4053125412977402,0.9388888888888889,0.5
good,binary_early,M1,kNN,LODO+LOSO-within-class,noise-robustness-only,6,1,"['Normal', 'MCI']",Normal:2|MCI:1,False,,1440,0.0,0.4388888888888889,0.4388888888888889,0.43205137467075655,0.9784722222222222,0.4117647058823529
good,binary_early,M1,ORD,LODO+LOSO-within-class,noise-robustness-only,6,1,"['Normal', 'MCI']",Normal:2|MCI:1,False,,1440,0.0,0.41875,0.41875,0.3967492085736809,0.8590277777777777,0.4183070866141732
good,binary_early,M1,THR,LODO+LOSO-within-class,noise-robustness-only,6,1,"['Normal', 'MCI']",Normal:2|MCI:1,False,,1440,0.0,0.41180555555555554,0.41180555555555554,0.40578054395089097,0.8611111111111112,0.38435794459890843
good,binary_early,M2,LDA,LODO+LOSO-within-class,noise-robustness-only,6,1,"['Normal', 'MCI']",Normal:2|MCI:1,False,,1440,0.0,0.5027777777777778,0.5027777777777778,0.5025321146245059,0.9944444444444445,0.9
good,binary_early,M2,LR,LODO+LOSO-within-class,noise-robustness-only,6,1,"['Normal', 'MCI']",Normal:2|MCI:1,False,,1440,0.0,0.5027777777777778,0.5027777777777778,0.5025321146245059,0.9888888888888889,0.7619047619047619
good,binary_early,M2,LSVM,LODO+LOSO-within-class,noise-robustness-only,6,1,"['Normal', 'MCI']",Normal:2|MCI:1,False,,1440,0.0,0.5027777777777778,0.5027777777777778,0.5025321146245059,0.9944444444444445,0.9
good,binary_early,M2,RBF,LODO+LOSO-within-class,noise-robustness-only,6,1,"['Normal', 'MCI']",Normal:2|MCI:1,False,,1440,0.0,0.49166666666666664,0.49166666666666664,0.4881118881118881,1.0,
good,binary_early,M2,kNN,LODO+LOSO-within-class,noise-robustness-only,6,1,"['Normal', 'MCI']",Normal:2|MCI:1,False,,1440,0.0,0.5027777777777778,0.5027777777777778,0.5027307750925532,0.9986111111111111,
good,binary_early,M2,ORD,LODO+LOSO-within-class,noise-robustness-only,6,1,"['Normal', 'MCI']",Normal:2|MCI:1,False,,1440,0.0,0.5027777777777778,0.5027777777777778,0.5025321146245059,0.9951388888888889,0.875
good,binary_early,M2,THR,LODO+LOSO-within-class,noise-robustness-only,6,1,"['Normal', 'MCI']",Normal:2|MCI:1,False,,1440,0.0,0.5097222222222222,0.5097222222222222,0.49822217922723533,0.9916666666666667,0.7571428571428571
good,binary_early,M5,LDA,LODO+LOSO-within-class,noise-robustness-only,6,4,"['Normal', 'MCI']",Normal:2|MCI:1,False,,1440,0.0,0.7118055555555556,0.7118055555555556,0.7080649975501103,0.6875,0.7877470355731225
good,binary_early,M5,LR,LODO+LOSO-within-class,noise-robustness-only,6,4,"['Normal', 'MCI']",Normal:2|MCI:1,False,,1440,0.0,0.7625,0.7625,0.7612060722549463,0.3604166666666667,0.8175899722722465
good,binary_early,M5,LSVM,LODO+LOSO-within-class,noise-robustness-only,6,4,"['Normal', 'MCI']",Normal:2|MCI:1,False,,1440,0.0,0.7125,0.7124999999999999,0.7089966201902144,0.7881944444444444,0.7979724995620949
good,binary_early,M5,RBF,LODO+LOSO-within-class,noise-robustness-only,6,4,"['Normal', 'MCI']",Normal:2|MCI:1,False,,1440,0.0,0.7805555555555556,0.7805555555555556,0.7795758928571428,0.5131944444444445,0.811932206701182
good,binary_early,M5,kNN,LODO+LOSO-within-class,noise-robustness-only,6,4,"['Normal', 'MCI']",Normal:2|MCI:1,False,,1440,0.0,0.7777777777777778,0.7777777777777778,0.7754696718387903,0.5715277777777779,0.8963648703102798
good,binary_early,M5,ORD,LODO+LOSO-within-class,noise-robustness-only,6,4,"['Normal', 'MCI']",Normal:2|MCI:1,False,,1440,0.0,0.7256944444444444,0.7256944444444444,0.7230390330907004,0.5708333333333333,0.7827485103565686
good,binary_early,M5.C3,LDA,LODO+LOSO-within-class,noise-robustness-only,6,1,"['Normal', 'MCI']",Normal:2|MCI:1,False,,1440,0.0,0.7208333333333333,0.7208333333333333,0.7204963545941769,0.7430555555555556,0.7190720842078883
good,binary_early,M5.C3,LR,LODO+LOSO-within-class,noise-robustness-only,6,1,"['Normal', 'MCI']",Normal:2|MCI:1,False,,1440,0.0,0.7215277777777778,0.7215277777777778,0.7214147906244768,0.6729166666666666,0.6958499360950304
good,binary_early,M5.C3,LSVM,LODO+LOSO-within-class,noise-robustness-only,6,1,"['Normal', 'MCI']",Normal:2|MCI:1,False,,1440,0.0,0.7215277777777778,0.7215277777777778,0.7213631702756499,0.6944444444444444,0.7072676464941658
good,binary_early,M5.C3,RBF,LODO+LOSO-within-class,noise-robustness-only,6,1,"['Normal', 'MCI']",Normal:2|MCI:1,False,,1440,0.0,0.7083333333333334,0.7083333333333333,0.7044051838572386,0.8145833333333333,0.6281412854661262
good,binary_early,M5.C3,kNN,LODO+LOSO-within-class,noise-robustness-only,6,1,"['Normal', 'MCI']",Normal:2|MCI:1,False,,1440,0.0,0.6548611111111111,0.6548611111111111,0.6546330983370097,0.6180555555555556,0.7524690477322807
good,binary_early,M5.C3,ORD,LODO+LOSO-within-class,noise-robustness-only,6,1,"['Normal', 'MCI']",Normal:2|MCI:1,False,,1440,0.0,0.7222222222222222,0.7222222222222222,0.7221016066000869,0.7097222222222221,0.7149782562201469
good,binary_early,M5.C3,THR,LODO+LOSO-within-class,noise-robustness-only,6,1,"['Normal', 'MCI']",Normal:2|MCI:1,False,,1440,0.0,0.7125,0.7124999999999999,0.7070731688142202,0.59375,0.7901122542185471
good,binary_early,M5.C3[k3],LDA,LODO+LOSO-within-class,noise-robustness-only,6,1,"['Normal', 'MCI']",Normal:2|MCI:1,False,,1440,0.0,0.6458333333333334,0.6458333333333333,0.6451755665885255,0.9555555555555556,0.6451612903225806
good,binary_early,M5.C3[k3],LR,LODO+LOSO-within-class,noise-robustness-only,6,1,"['Normal', 'MCI']",Normal:2|MCI:1,False,,1440,0.0,0.6472222222222223,0.6472222222222223,0.6467615949811096,0.9381944444444444,0.4025316455696203
good,binary_early,M5.C3[k3],LSVM,LODO+LOSO-within-class,noise-robustness-only,6,1,"['Normal', 'MCI']",Normal:2|MCI:1,False,,1440,0.0,0.6451388888888889,0.6451388888888889,0.6445421736624803,0.9409722222222222,0.5358649789029536
good,binary_early,M5.C3[k3],RBF,LODO+LOSO-within-class,noise-robustness-only,6,1,"['Normal', 'MCI']",Normal:2|MCI:1,False,,1440,0.0,0.6465277777777778,0.6465277777777778,0.6292337568460183,0.9319444444444445,0.19283536585365854
good,binary_early,M5.C3[k3],kNN,LODO+LOSO-within-class,noise-robustness-only,6,1,"['Normal', 'MCI']",Normal:2|MCI:1,False,,1440,0.0,0.6041666666666666,0.6041666666666667,0.6030018631052916,0.8555555555555556,0.6157773068772876
good,binary_early,M5.C3[k3],ORD,LODO+LOSO-within-class,noise-robustness-only,6,1,"['Normal', 'MCI']",Normal:2|MCI:1,False,,1440,0.0,0.6465277777777778,0.6465277777777778,0.6460482974863229,0.9555555555555556,0.6532258064516129
good,binary_early,M5.C3[k3],THR,LODO+LOSO-within-class,noise-robustness-only,6,1,"['Normal', 'MCI']",Normal:2|MCI:1,False,,1440,0.0,0.6465277777777778,0.6465277777777778,0.6268098545904638,0.84375,0.8690323760746297
good,binary_early,M5.C3[nested],LDA,LODO+LOSO-within-class,noise-robustness-only,6,1,"['Normal', 'MCI']",Normal:2|MCI:1,False,"windows 3.80-4.00×2, 3.60-3.70×2, 3.90-4.00×1, 3.65-3.75×1",1440,0.0,0.9083333333333333,0.9083333333333333,0.9076032852165257,0.002777777777777768,0.9114443002543049
good,binary_early,M5.C3[nested],LR,LODO+LOSO-within-class,noise-robustness-only,6,1,"['Normal', 'MCI']",Normal:2|MCI:1,False,"windows 3.80-4.00×2, 3.60-3.70×2, 3.90-4.00×1, 3.65-3.75×1",1440,0.0,0.9125,0.9125,0.9118673969600469,0.002083333333333326,0.9151580072911542
good,binary_early,M5.C3[nested],LSVM,LODO+LOSO-within-class,noise-robustness-only,6,1,"['Normal', 'MCI']",Normal:2|MCI:1,False,"windows 3.80-4.00×2, 3.60-3.70×2, 3.90-4.00×1, 3.65-3.75×1",1440,0.0,0.9145833333333333,0.9145833333333333,0.9139959959969681,0.002083333333333326,0.9150437198058274
good,binary_early,M5.C3[nested],RBF,LODO+LOSO-within-class,noise-robustness-only,6,1,"['Normal', 'MCI']",Normal:2|MCI:1,False,"windows 3.80-4.00×2, 3.60-3.70×2, 3.90-4.00×1, 3.65-3.75×1",1440,0.0,0.9145833333333333,0.9145833333333333,0.9139959959969681,0.002083333333333326,0.9151580072911542
good,binary_early,M5.C3[nested],kNN,LODO+LOSO-within-class,noise-robustness-only,6,1,"['Normal', 'MCI']",Normal:2|MCI:1,False,"windows 3.80-4.00×2, 3.60-3.70×2, 3.90-4.00×1, 3.65-3.75×1",1440,0.0,0.9138888888888889,0.913888888888889,0.9132867132867133,0.002777777777777768,0.9148122284295468
good,binary_early,M5.C3[nested],ORD,LODO+LOSO-within-class,noise-robustness-only,6,1,"['Normal', 'MCI']",Normal:2|MCI:1,False,"windows 3.80-4.00×2, 3.60-3.70×2, 3.90-4.00×1, 3.65-3.75×1",1440,0.0,0.9138888888888889,0.913888888888889,0.9132867132867133,0.00347222222222221,0.9150398402505021
good,binary_early,M5.C3[nested],THR,LODO+LOSO-within-class,noise-robustness-only,6,1,"['Normal', 'MCI']",Normal:2|MCI:1,False,"windows 3.80-4.00×2, 3.60-3.70×2, 3.90-4.00×1, 3.65-3.75×1",1440,0.0,0.9138888888888889,0.913888888888889,0.9132867132867133,0.000694444444444442,0.9137710554782877
good,binary_early,M6,LDA,LODO+LOSO-within-class,noise-robustness-only,6,22,"['Normal', 'MCI']",Normal:2|MCI:1,False,,1440,0.0,0.8701388888888889,0.8701388888888889,0.8679113581614328,0.13263888888888886,0.9291115311909263
good,binary_early,M6,LR,LODO+LOSO-within-class,noise-robustness-only,6,22,"['Normal', 'MCI']",Normal:2|MCI:1,False,,1440,0.0,0.7506944444444444,0.7506944444444444,0.7341723920011066,0.021527777777777812,0.7612481857764877
good,binary_early,M6,LSVM,LODO+LOSO-within-class,noise-robustness-only,6,22,"['Normal', 'MCI']",Normal:2|MCI:1,False,,1440,0.0,0.7513888888888889,0.7513888888888889,0.735010558044572,0.08819444444444446,0.8043844856661045
good,binary_early,M6,RBF,LODO+LOSO-within-class,noise-robustness-only,6,22,"['Normal', 'MCI']",Normal:2|MCI:1,False,,1440,0.0,0.7555555555555555,0.7555555555555555,0.7400210084033614,0.1444444444444445,0.693359375
good,binary_early,M6,kNN,LODO+LOSO-within-class,noise-robustness-only,6,22,"['Normal', 'MCI']",Normal:2|MCI:1,False,,1440,0.0,0.7534722222222222,0.7534722222222222,0.7375197360820507,0.002777777777777768,0.782122905027933
good,binary_early,M6,ORD,LODO+LOSO-within-class,noise-robustness-only,6,22,"['Normal', 'MCI']",Normal:2|MCI:1,False,,1440,0.0,0.7513888888888889,0.7513888888888889,0.735010558044572,0.025694444444444464,0.7635431918008785
good,binary_early,M7,LDA,LODO+LOSO-within-class,noise-robustness-only,6,6,"['Normal', 'MCI']",Normal:2|MCI:1,False,,1440,0.0,0.6423611111111112,0.6423611111111112,0.6277809147374365,0.11111111111111116,0.5600610500610501
good,binary_early,M7,LR,LODO+LOSO-within-class,noise-robustness-only,6,6,"['Normal', 'MCI']",Normal:2|MCI:1,False,,1440,0.0,0.625,0.625,0.5915657486700674,0.10763888888888884,0.6408181818181818
good,binary_early,M7,LSVM,LODO+LOSO-within-class,noise-robustness-only,6,6,"['Normal', 'MCI']",Normal:2|MCI:1,False,,1440,0.0,0.5840277777777778,0.5840277777777778,0.536066255349658,0.11319444444444449,0.592270066869122
good,binary_early,M7,RBF,LODO+LOSO-within-class,noise-robustness-only,6,6,"['Normal', 'MCI']",Normal:2|MCI:1,False,,1440,0.0,0.6361111111111111,0.6361111111111111,0.5931361130522557,0.06805555555555554,0.6196764073303827
good,binary_early,M7,kNN,LODO+LOSO-within-class,noise-robustness-only,6,6,"['Normal', 'MCI']",Normal:2|MCI:1,False,,1440,0.0,0.6375,0.6375,0.5967027141872998,0.061111111111111116,0.6444371469854197
good,binary_early,M7,ORD,LODO+LOSO-within-class,noise-robustness-only,6,6,"['Normal', 'MCI']",Normal:2|MCI:1,False,,1440,0.0,0.6291666666666667,0.6291666666666667,0.6010947897883254,0.09444444444444444,0.6502945544496198
good,binary_early,M8,LDA,LODO+LOSO-within-class,noise-robustness-only,6,4,"['Normal', 'MCI']",Normal:2|MCI:1,False,,1440,0.0,0.7861111111111111,0.7861111111111111,0.7824820353466693,0.17152777777777772,0.8571703737030059
good,binary_early,M8,LR,LODO+LOSO-within-class,noise-robustness-only,6,4,"['Normal', 'MCI']",Normal:2|MCI:1,False,,1440,0.0,0.7402777777777778,0.7402777777777778,0.7356760736196319,0.28194444444444444,0.8218062292809918
good,binary_early,M8,LSVM,LODO+LOSO-within-class,noise-robustness-only,6,4,"['Normal', 'MCI']",Normal:2|MCI:1,False,,1440,0.0,0.60625,0.60625,0.6040639119055782,0.91875,0.6307692307692307
good,binary_early,M8,RBF,LODO+LOSO-within-class,noise-robustness-only,6,4,"['Normal', 'MCI']",Normal:2|MCI:1,False,,1440,0.0,0.4909722222222222,0.4909722222222222,0.4874720737055091,1.0,
good,binary_early,M8,kNN,LODO+LOSO-within-class,noise-robustness-only,6,4,"['Normal', 'MCI']",Normal:2|MCI:1,False,,1440,0.0,0.5006944444444444,0.5006944444444444,0.4993363072570993,0.9979166666666667,
good,binary_early,M8,ORD,LODO+LOSO-within-class,noise-robustness-only,6,4,"['Normal', 'MCI']",Normal:2|MCI:1,False,,1440,0.0,0.50625,0.50625,0.5059905592780931,0.99375,0.9
good,binary_early,COMB,LDA,LODO+LOSO-within-class,noise-robustness-only,6,3,"['Normal', 'MCI']",Normal:2|MCI:1,False,chosen M6.A[3.60]+M6.A[3.40]+M7.D1×3; M6.A[3.60]+M6.A[3.45]+M6.A[3.55]×2; M6.A[3.60]+M6.A[3.50]+M6.A[3.55]×1,1440,0.0,1.0,1.0,1.0,0.002777777777777768,1.0
good,binary_early,COMB,LR,LODO+LOSO-within-class,noise-robustness-only,6,3,"['Normal', 'MCI']",Normal:2|MCI:1,False,chosen M6.A[3.60]+M6.A[3.40]+M7.D1×3; M6.A[3.60]+M6.A[3.45]+M6.A[3.55]×2; M6.A[3.60]+M6.A[3.50]+M6.A[3.55]×1,1440,0.0,0.9611111111111111,0.9611111111111111,0.9610522085870606,0.05555555555555558,0.96328125
good,binary_early,COMB,LSVM,LODO+LOSO-within-class,noise-robustness-only,6,3,"['Normal', 'MCI']",Normal:2|MCI:1,False,chosen M6.A[3.60]+M6.A[3.40]+M7.D1×3; M6.A[3.60]+M6.A[3.45]+M6.A[3.55]×2; M6.A[3.60]+M6.A[3.50]+M6.A[3.55]×1,1440,0.0,0.9840277777777777,0.9840277777777777,0.984023702034325,0.022222222222222254,0.9956395348837209
good,binary_early,COMB,RBF,LODO+LOSO-within-class,noise-robustness-only,6,3,"['Normal', 'MCI']",Normal:2|MCI:1,False,chosen M6.A[3.60]+M6.A[3.40]+M7.D1×3; M6.A[3.60]+M6.A[3.45]+M6.A[3.55]×2; M6.A[3.60]+M6.A[3.50]+M6.A[3.55]×1,1440,0.0,0.9798611111111111,0.9798611111111111,0.9798529399703486,0.18680555555555556,0.9811529933481153
good,binary_early,COMB,kNN,LODO+LOSO-within-class,noise-robustness-only,6,3,"['Normal', 'MCI']",Normal:2|MCI:1,False,chosen M6.A[3.60]+M6.A[3.40]+M7.D1×3; M6.A[3.60]+M6.A[3.45]+M6.A[3.55]×2; M6.A[3.60]+M6.A[3.50]+M6.A[3.55]×1,1440,0.0,0.9722222222222222,0.9722222222222222,0.9722007722007722,0.012499999999999956,0.9772079772079771
good,binary_early,COMB,ORD,LODO+LOSO-within-class,noise-robustness-only,6,3,"['Normal', 'MCI']",Normal:2|MCI:1,False,chosen M6.A[3.60]+M6.A[3.40]+M7.D1×3; M6.A[3.60]+M6.A[3.45]+M6.A[3.55]×2; M6.A[3.60]+M6.A[3.50]+M6.A[3.55]×1,1440,0.0,0.9631944444444445,0.9631944444444445,0.963144518205845,0.050000000000000044,0.9753086419753086
good,binary_early,M9,LDA,LODO+LOSO-within-class,noise-robustness-only,6,3618,"['Normal', 'MCI']",Normal:2|MCI:1,False,,1440,0.0,0.7833333333333333,0.7833333333333333,0.7726610317691636,0.10347222222222219,0.820490367775832
good,binary_early,M9,LR,LODO+LOSO-within-class,noise-robustness-only,6,3618,"['Normal', 'MCI']",Normal:2|MCI:1,False,,1440,0.0,0.7993055555555556,0.7993055555555555,0.7908826735019061,0.0854166666666667,0.8232830820770519
good,binary_early,M9,LSVM,LODO+LOSO-within-class,noise-robustness-only,6,3618,"['Normal', 'MCI']",Normal:2|MCI:1,False,,1440,0.0,0.7534722222222222,0.7534722222222222,0.7375197360820507,0.08611111111111114,0.8104026845637584
good,binary_early,M9,RBF,LODO+LOSO-within-class,noise-robustness-only,6,3618,"['Normal', 'MCI']",Normal:2|MCI:1,False,,1440,0.0,0.8020833333333334,0.8020833333333333,0.7941320614734506,0.0888888888888889,0.8195615514333896
good,binary_early,M9,kNN,LODO+LOSO-within-class,noise-robustness-only,6,3618,"['Normal', 'MCI']",Normal:2|MCI:1,False,,1440,0.0,0.7680555555555556,0.7680555555555555,0.7548678826774526,0.026388888888888906,0.7676340013033561
good,binary_early,M9,ORD,LODO+LOSO-within-class,noise-robustness-only,6,3618,"['Normal', 'MCI']",Normal:2|MCI:1,False,,1440,0.0,0.7951388888888888,0.7951388888888888,0.7861646300794081,0.10277777777777775,0.8409090909090908
typical,binary,M0,LDA,LOSO,cross-solve-same-head,8,1,"['Normal', 'AD']",Normal:2|AD:6,False,,2880,0.0,0.6277777777777778,0.6203703703703703,0.5838186194580325,0.7725694444444444,0.7686168886228739
typical,binary,M0,LR,LOSO,cross-solve-same-head,8,1,"['Normal', 'AD']",Normal:2|AD:6,False,,2880,0.0,0.6277777777777778,0.6203703703703703,0.5838186194580325,0.7395833333333333,0.7427501662474341
typical,binary,M0,LSVM,LOSO,cross-solve-same-head,8,1,"['Normal', 'AD']",Normal:2|AD:6,False,,2880,0.0,0.6277777777777778,0.6203703703703703,0.5838186194580325,0.7680555555555555,0.7670162722603562
typical,binary,M0,RBF,LOSO,cross-solve-same-head,8,1,"['Normal', 'AD']",Normal:2|AD:6,False,,2880,0.0,0.634375,0.6173611111111111,0.5857179916863279,1.0,
typical,binary,M0,kNN,LOSO,cross-solve-same-head,8,1,"['Normal', 'AD']",Normal:2|AD:6,False,,2880,0.0,0.6083333333333333,0.6018518518518519,0.5655262729926133,0.9322916666666666,0.6928571428571428
typical,binary,M0,ORD,LOSO,cross-solve-same-head,8,1,"['Normal', 'AD']",Normal:2|AD:6,False,,2880,0.0,0.6277777777777778,0.6203703703703703,0.5838186194580325,0.7697916666666667,0.7688419674674554
typical,binary,M0,THR,LOSO,cross-solve-same-head,8,1,"['Normal', 'AD']",Normal:2|AD:6,False,,2880,0.0,0.621875,0.61875,0.5800388290545451,0.7697916666666667,0.773840490797546
typical,binary,M1,LDA,LOSO,cross-solve-same-head,8,1,"['Normal', 'AD']",Normal:2|AD:6,False,,2880,0.0,0.4840277777777778,0.4074074074074074,0.40868927005798594,0.9527777777777777,0.08898305084745763
typical,binary,M1,LR,LOSO,cross-solve-same-head,8,1,"['Normal', 'AD']",Normal:2|AD:6,False,,2880,0.0,0.48368055555555556,0.40671296296296294,0.4081231318824157,0.9461805555555556,0.10837805605247466
typical,binary,M1,LSVM,LOSO,cross-solve-same-head,8,1,"['Normal', 'AD']",Normal:2|AD:6,False,,2880,0.0,0.4840277777777778,0.4074074074074074,0.40868927005798594,0.9527777777777777,0.08898305084745763
typical,binary,M1,RBF,LOSO,cross-solve-same-head,8,1,"['Normal', 'AD']",Normal:2|AD:6,False,,2880,0.0,0.5107638888888889,0.4493055555555555,0.44354114469051953,0.9409722222222222,
typical,binary,M1,kNN,LOSO,cross-solve-same-head,8,1,"['Normal', 'AD']",Normal:2|AD:6,False,,2880,0.0,0.446875,0.42291666666666666,0.40697930081351885,0.9711805555555556,
typical,binary,M1,ORD,LOSO,cross-solve-same-head,8,1,"['Normal', 'AD']",Normal:2|AD:6,False,,2880,0.0,0.4840277777777778,0.4074074074074074,0.40868927005798594,0.9524305555555556,0.09243697478991597
typical,binary,M1,THR,LOSO,cross-solve-same-head,8,1,"['Normal', 'AD']",Normal:2|AD:6,False,,2880,0.0,0.49583333333333335,0.425,0.42352357320099254,0.9548611111111112,0.09401709401709402
typical,binary,M2,LDA,LOSO,cross-solve-same-head,8,1,"['Normal', 'AD']",Normal:2|AD:6,False,,2880,0.0,0.5552083333333333,0.5488425925925926,0.5152363106041662,0.9944444444444445,0.35714285714285715
typical,binary,M2,LR,LOSO,cross-solve-same-head,8,1,"['Normal', 'AD']",Normal:2|AD:6,False,,2880,0.0,0.5548611111111111,0.5486111111111112,0.5149632349656942,0.9913194444444444,0.3090277777777778
typical,binary,M2,LSVM,LOSO,cross-solve-same-head,8,1,"['Normal', 'AD']",Normal:2|AD:6,False,,2880,0.0,0.5552083333333333,0.5488425925925926,0.5152363106041662,0.99375,0.35714285714285715
typical,binary,M2,RBF,LOSO,cross-solve-same-head,8,1,"['Normal', 'AD']",Normal:2|AD:6,False,,2880,0.0,0.540625,0.5516203703703704,0.5089921584156987,1.0,
typical,binary,M2,kNN,LOSO,cross-solve-same-head,8,1,"['Normal', 'AD']",Normal:2|AD:6,False,,2880,0.0,0.5145833333333333,0.5078703703703704,0.47721352983185095,0.9982638888888888,
typical,binary,M2,ORD,LOSO,cross-solve-same-head,8,1,"['Normal', 'AD']",Normal:2|AD:6,False,,2880,0.0,0.5548611111111111,0.5486111111111112,0.5149632349656942,0.9940972222222222,0.35714285714285715
typical,binary,M2,THR,LOSO,cross-solve-same-head,8,1,"['Normal', 'AD']",Normal:2|AD:6,False,,2880,0.0,0.5729166666666666,0.5587962962962962,0.5282714846610996,0.9923611111111111,0.3839285714285714
typical,binary,M5,LDA,LOSO,cross-solve-same-head,8,4,"['Normal', 'AD']",Normal:2|AD:6,False,,2880,0.0,0.9996527777777777,0.9993055555555556,0.9995368225285662,0.000694444444444442,1.0
typical,binary,M5,LR,LOSO,cross-solve-same-head,8,4,"['Normal', 'AD']",Normal:2|AD:6,False,,2880,0.0,0.9923611111111111,0.9847222222222223,0.9897092004555498,0.0024305555555556024,0.988078541374474
typical,binary,M5,LSVM,LOSO,cross-solve-same-head,8,4,"['Normal', 'AD']",Normal:2|AD:6,False,,2880,0.0,0.9996527777777777,0.9993055555555556,0.9995368225285662,0.000694444444444442,1.0
typical,binary,M5,RBF,LOSO,cross-solve-same-head,8,4,"['Normal', 'AD']",Normal:2|AD:6,False,,2880,0.0,0.9934027777777777,0.9868055555555555,0.9911251226337107,0.0031250000000000444,0.9985955056179776
typical,binary,M5,kNN,LOSO,cross-solve-same-head,8,4,"['Normal', 'AD']",Normal:2|AD:6,False,,2880,0.0,0.99375,0.9875,0.9915961972792688,0.005555555555555536,0.9834332912457913
typical,binary,M5,ORD,LOSO,cross-solve-same-head,8,4,"['Normal', 'AD']",Normal:2|AD:6,False,,2880,0.0,0.9934027777777777,0.9868055555555555,0.9911251226337107,0.005902777777777812,0.9943181818181819
typical,binary,M5.C3,LDA,LOSO,cross-solve-same-head,8,1,"['Normal', 'AD']",Normal:2|AD:6,False,,2880,0.0,0.990625,0.982175925925926,0.9873643795424496,0.006597222222222254,0.987153319177499
typical,binary,M5.C3,LR,LOSO,cross-solve-same-head,8,1,"['Normal', 'AD']",Normal:2|AD:6,False,,2880,0.0,0.9899305555555555,0.9840277777777777,0.986505087494763,0.004166666666666652,0.9830311483031149
typical,binary,M5.C3,LSVM,LOSO,cross-solve-same-head,8,1,"['Normal', 'AD']",Normal:2|AD:6,False,,2880,0.0,0.990625,0.9863425925925926,0.9874709472115365,0.00520833333333337,0.9865008019840331
typical,binary,M5.C3,RBF,LOSO,cross-solve-same-head,8,1,"['Normal', 'AD']",Normal:2|AD:6,False,,2880,0.0,0.9899305555555555,0.9849537037037037,0.9865303162230826,0.004166666666666652,0.9821189350262356
typical,binary,M5.C3,kNN,LOSO,cross-solve-same-head,8,1,"['Normal', 'AD']",Normal:2|AD:6,False,,2880,0.0,0.9909722222222223,0.987037037037037,0.9879405997232522,0.0,0.9805555555555556
typical,binary,M5.C3,ORD,LOSO,cross-solve-same-head,8,1,"['Normal', 'AD']",Normal:2|AD:6,False,,2880,0.0,0.9916666666666667,0.9851851851851852,0.9888055060325884,0.004513888888888928,0.987861065423798
typical,binary,M5.C3,THR,LOSO,cross-solve-same-head,8,1,"['Normal', 'AD']",Normal:2|AD:6,False,,2880,0.0,0.9885416666666667,0.9831018518518518,0.9846724288055768,0.006249999999999978,0.9854821719659387
typical,binary,M5.C3[k3],LDA,LOSO,cross-solve-same-head,8,1,"['Normal', 'AD']",Normal:2|AD:6,False,,2880,0.0,0.9975694444444444,0.9951388888888889,0.9967486970193649,0.002083333333333326,0.9951117318435754
typical,binary,M5.C3[k3],LR,LOSO,cross-solve-same-head,8,1,"['Normal', 'AD']",Normal:2|AD:6,False,,2880,0.0,0.9975694444444444,0.9951388888888889,0.9967486970193649,0.00347222222222221,0.998135617883517
typical,binary,M5.C3[k3],LSVM,LOSO,cross-solve-same-head,8,1,"['Normal', 'AD']",Normal:2|AD:6,False,,2880,0.0,0.9986111111111111,0.9972222222222222,0.9981447076497312,0.002777777777777768,0.9995361781076066
typical,binary,M5.C3[k3],RBF,LOSO,cross-solve-same-head,8,1,"['Normal', 'AD']",Normal:2|AD:6,False,,2880,0.0,0.9975694444444444,0.9951388888888889,0.9967486970193649,0.002083333333333326,0.996975007895786
typical,binary,M5.C3[k3],kNN,LOSO,cross-solve-same-head,8,1,"['Normal', 'AD']",Normal:2|AD:6,False,,2880,0.0,0.9989583333333333,0.9979166666666667,0.9986091774008713,0.0010416666666667185,0.9988425925925926
typical,binary,M5.C3[k3],ORD,LOSO,cross-solve-same-head,8,1,"['Normal', 'AD']",Normal:2|AD:6,False,,2880,0.0,0.9982638888888888,0.9965277777777778,0.9976798050391734,0.0024305555555556024,0.9978991596638656
typical,binary,M5.C3[k3],THR,LOSO,cross-solve-same-head,8,1,"['Normal', 'AD']",Normal:2|AD:6,False,,2880,0.0,0.9979166666666667,0.9986111111111111,0.9972299009112472,0.002777777777777768,0.9985955056179776
typical,binary,M5.C3[nested],LDA,LOSO,cross-solve-same-head,8,1,"['Normal', 'AD']",Normal:2|AD:6,False,"windows 3.45-3.55×7, 3.30-3.55×1",2880,0.0,0.9986111111111111,0.9972222222222222,0.9981447076497312,0.0038194444444444864,0.9964788732394366
typical,binary,M5.C3[nested],LR,LOSO,cross-solve-same-head,8,1,"['Normal', 'AD']",Normal:2|AD:6,False,"windows 3.45-3.55×7, 3.30-3.55×1",2880,0.0,0.9986111111111111,0.9972222222222222,0.9981447076497312,0.001388888888888884,0.9997685185185186
typical,binary,M5.C3[nested],LSVM,LOSO,cross-solve-same-head,8,1,"['Normal', 'AD']",Normal:2|AD:6,False,"windows 3.45-3.55×7, 3.30-3.55×1",2880,0.0,0.9993055555555556,0.999074074074074,0.999074074074074,0.0,0.9997685185185186
typical,binary,M5.C3[nested],RBF,LOSO,cross-solve-same-head,8,1,"['Normal', 'AD']",Normal:2|AD:6,False,"windows 3.45-3.55×7, 3.30-3.55×1",2880,0.0,0.9979166666666667,0.9958333333333333,0.9972144685147895,0.0017361111111111605,0.9997685185185186
typical,binary,M5.C3[nested],kNN,LOSO,cross-solve-same-head,8,1,"['Normal', 'AD']",Normal:2|AD:6,False,"windows 3.45-3.55×7, 3.30-3.55×1",2880,0.0,1.0,1.0,1.0,0.0,0.9997685185185186
typical,binary,M5.C3[nested],ORD,LOSO,cross-solve-same-head,8,1,"['Normal', 'AD']",Normal:2|AD:6,False,"windows 3.45-3.55×7, 3.30-3.55×1",2880,0.0,0.9986111111111111,0.9972222222222222,0.9981447076497312,0.0017361111111111605,1.0
typical,binary,M5.C3[nested],THR,LOSO,cross-solve-same-head,8,1,"['Normal', 'AD']",Normal:2|AD:6,False,"windows 3.45-3.55×7, 3.30-3.55×1",2880,0.0,0.9996527777777777,0.9997685185185186,0.9995372511982061,0.0024305555555556024,1.0
typical,binary,M6,LDA,LOSO,cross-solve-same-head,8,22,"['Normal', 'AD']",Normal:2|AD:6,False,,2880,0.0,0.9996527777777777,0.9993055555555556,0.9995368225285662,0.0010416666666667185,0.9993026499302651
typical,binary,M6,LR,LOSO,cross-solve-same-head,8,22,"['Normal', 'AD']",Normal:2|AD:6,False,,2880,0.0,0.9857638888888889,0.9747685185185184,0.9807759652677958,0.011458333333333348,0.987698986975398
typical,binary,M6,LSVM,LOSO,cross-solve-same-head,8,22,"['Normal', 'AD']",Normal:2|AD:6,False,,2880,0.0,0.9972222222222222,0.9944444444444445,0.9962824894928696,0.0024305555555556024,0.9985994397759104
typical,binary,M6,RBF,LOSO,cross-solve-same-head,8,22,"['Normal', 'AD']",Normal:2|AD:6,False,,2880,0.0,0.7895833333333333,0.5791666666666666,0.5751802942542434,0.035069444444444486,0.5953525641025641
typical,binary,M6,kNN,LOSO,cross-solve-same-head,8,22,"['Normal', 'AD']",Normal:2|AD:6,False,,2880,0.0,0.7128472222222222,0.4761574074074074,0.4185154830360066,0.01388888888888884,0.49386792452830186
typical,binary,M6,ORD,LOSO,cross-solve-same-head,8,22,"['Normal', 'AD']",Normal:2|AD:6,False,,2880,0.0,0.9538194444444444,0.9118055555555555,0.9348169577332964,0.030902777777777724,0.8157240701779045
typical,binary,M7,LDA,LOSO,cross-solve-same-head,8,6,"['Normal', 'AD']",Normal:2|AD:6,False,,2880,0.0,0.596875,0.5192129629629629,0.5130356265132621,0.25173611111111116,0.49946150989442406
typical,binary,M7,LR,LOSO,cross-solve-same-head,8,6,"['Normal', 'AD']",Normal:2|AD:6,False,,2880,0.0,0.5822916666666667,0.4150462962962963,0.40853023868327365,0.21111111111111114,0.441896014602589
typical,binary,M7,LSVM,LOSO,cross-solve-same-head,8,6,"['Normal', 'AD']",Normal:2|AD:6,False,,2880,0.0,0.5784722222222223,0.4134259259259259,0.4078333630292852,0.21111111111111114,0.4413757169995758
typical,binary,M7,RBF,LOSO,cross-solve-same-head,8,6,"['Normal', 'AD']",Normal:2|AD:6,False,,2880,0.0,0.6253472222222223,0.4451388888888889,0.4324536528107107,0.14826388888888886,0.44984710244552767
typical,binary,M7,kNN,LOSO,cross-solve-same-head,8,6,"['Normal', 'AD']",Normal:2|AD:6,False,,2880,0.0,0.5927083333333333,0.4386574074074074,0.4357411067474256,0.24444444444444446,0.4441829246465008
typical,binary,M7,ORD,LOSO,cross-solve-same-head,8,6,"['Normal', 'AD']",Normal:2|AD:6,False,,2880,0.0,0.5673611111111111,0.4175925925925926,0.41661204232606047,0.22013888888888888,0.4298456472988277
typical,binary,M8,LDA,LOSO,cross-solve-same-head,8,4,"['Normal', 'AD']",Normal:2|AD:6,False,,2880,0.0,0.8180555555555555,0.8268518518518518,0.784251158003088,0.18784722222222228,0.8824685125930376
typical,binary,M8,LR,LOSO,cross-solve-same-head,8,4,"['Normal', 'AD']",Normal:2|AD:6,False,,2880,0.0,0.8059027777777777,0.805787037037037,0.7682394202876018,0.18958333333333333,0.8623782467532467
typical,binary,M8,LSVM,LOSO,cross-solve-same-head,8,4,"['Normal', 'AD']",Normal:2|AD:6,False,,2880,0.0,0.6809027777777777,0.6590277777777778,0.6292473148404313,0.5232638888888889,0.7646349829449093
typical,binary,M8,RBF,LOSO,cross-solve-same-head,8,4,"['Normal', 'AD']",Normal:2|AD:6,False,,2880,0.0,0.5427083333333333,0.5506944444444444,0.5097248833467698,1.0,
typical,binary,M8,kNN,LOSO,cross-solve-same-head,8,4,"['Normal', 'AD']",Normal:2|AD:6,False,,2880,0.0,0.5378472222222223,0.5094907407407407,0.4881993369374392,0.9885416666666667,0.06666666666666667
typical,binary,M8,ORD,LOSO,cross-solve-same-head,8,4,"['Normal', 'AD']",Normal:2|AD:6,False,,2880,0.0,0.5569444444444445,0.5509259259259259,0.5170234107382805,0.9930555555555556,0.3541666666666667
typical,binary,COMB,LDA,LOSO,cross-solve-same-head,8,3,"['Normal', 'AD']",Normal:2|AD:6,False,chosen M5.C3+M5.C2+M7.D2×4; M5.C3+M5.C2+M6.A[3.40]×3; M5.C3+M5.C2+M6.A[3.65]×1,2880,0.0,0.9986111111111111,0.9972222222222222,0.9981447076497312,0.0031250000000000444,0.9971949509116409
typical,binary,COMB,LR,LOSO,cross-solve-same-head,8,3,"['Normal', 'AD']",Normal:2|AD:6,False,chosen M5.C3+M5.C2+M7.D2×4; M5.C3+M5.C2+M6.A[3.40]×3; M5.C3+M5.C2+M6.A[3.65]×1,2880,0.0,0.9972222222222222,0.9944444444444445,0.9962824894928696,0.004513888888888928,0.9950704225352113
typical,binary,COMB,LSVM,LOSO,cross-solve-same-head,8,3,"['Normal', 'AD']",Normal:2|AD:6,False,chosen M5.C3+M5.C2+M7.D2×4; M5.C3+M5.C2+M6.A[3.40]×3; M5.C3+M5.C2+M6.A[3.65]×1,2880,0.0,0.9996527777777777,0.9993055555555556,0.9995368225285662,0.000694444444444442,1.0
typical,binary,COMB,RBF,LOSO,cross-solve-same-head,8,3,"['Normal', 'AD']",Normal:2|AD:6,False,chosen M5.C3+M5.C2+M7.D2×4; M5.C3+M5.C2+M6.A[3.40]×3; M5.C3+M5.C2+M6.A[3.65]×1,2880,0.0,0.9934027777777777,0.9868055555555555,0.9911251226337107,0.002777777777777768,0.997191011235955
typical,binary,COMB,kNN,LOSO,cross-solve-same-head,8,3,"['Normal', 'AD']",Normal:2|AD:6,False,chosen M5.C3+M5.C2+M7.D2×4; M5.C3+M5.C2+M6.A[3.40]×3; M5.C3+M5.C2+M6.A[3.65]×1,2880,0.0,0.9979166666666667,0.9958333333333333,0.9972144685147895,0.0003472222222222765,1.0
typical,binary,COMB,ORD,LOSO,cross-solve-same-head,8,3,"['Normal', 'AD']",Normal:2|AD:6,False,chosen M5.C3+M5.C2+M7.D2×4; M5.C3+M5.C2+M6.A[3.40]×3; M5.C3+M5.C2+M6.A[3.65]×1,2880,0.0,0.9972222222222222,0.9944444444444445,0.9962824894928696,0.004861111111111094,0.995768688293371
typical,binary,M9,LDA,LOSO,cross-solve-same-head,8,3618,"['Normal', 'AD']",Normal:2|AD:6,False,,2880,0.0,1.0,1.0,1.0,0.0017361111111111605,1.0
typical,binary,M9,LR,LOSO,cross-solve-same-head,8,3618,"['Normal', 'AD']",Normal:2|AD:6,False,,2880,0.0,0.9930555555555556,0.9861111111111112,0.9906535990134355,0.005902777777777812,0.9978662873399715
typical,binary,M9,LSVM,LOSO,cross-solve-same-head,8,3618,"['Normal', 'AD']",Normal:2|AD:6,False,,2880,0.0,0.9947916666666666,0.9965277777777778,0.9931032005459967,0.0,1.0
typical,binary,M9,RBF,LOSO,cross-solve-same-head,8,3618,"['Normal', 'AD']",Normal:2|AD:6,False,,2880,0.0,0.8631944444444445,0.7263888888888889,0.7698730683834248,0.042013888888888906,0.9065108514190316
typical,binary,M9,kNN,LOSO,cross-solve-same-head,8,3618,"['Normal', 'AD']",Normal:2|AD:6,False,,2880,0.0,0.7715277777777778,0.5458333333333334,0.5193918139570743,0.005555555555555536,0.5252022997180382
typical,binary,M9,ORD,LOSO,cross-solve-same-head,8,3618,"['Normal', 'AD']",Normal:2|AD:6,False,,2880,0.0,0.9930555555555556,0.9861111111111112,0.9906535990134355,0.005902777777777812,0.9985775248933144
typical,three_merged,M0,LDA,LOSO,cross-solve-same-head,8,1,"['Normal', 'Mild+Moderate', 'Severe']",Normal:2|Mild+Moderate:4|Severe:2,True,,2880,0.0,0.28958333333333336,0.3418981481481482,0.2897073620004189,0.9878472222222222,0.3333333333333333
typical,three_merged,M0,LR,LOSO,cross-solve-same-head,8,1,"['Normal', 'Mild+Moderate', 'Severe']",Normal:2|Mild+Moderate:4|Severe:2,True,,2880,0.0,0.2916666666666667,0.34467592592592594,0.2911785863595991,0.9829861111111111,0.3333333333333333
typical,three_merged,M0,LSVM,LOSO,cross-solve-same-head,8,1,"['Normal', 'Mild+Moderate', 'Severe']",Normal:2|Mild+Moderate:4|Severe:2,True,,2880,0.0,0.403125,0.32175925925925924,0.27776163990366554,0.9878472222222222,0.3333333333333333
typical,three_merged,M0,RBF,LOSO,cross-solve-same-head,8,1,"['Normal', 'Mild+Moderate', 'Severe']",Normal:2|Mild+Moderate:4|Severe:2,True,,2880,0.0,0.32708333333333334,0.4215277777777778,0.3073545242082208,1.0,
typical,three_merged,M0,kNN,LOSO,cross-solve-same-head,8,1,"['Normal', 'Mild+Moderate', 'Severe']",Normal:2|Mild+Moderate:4|Severe:2,True,,2880,0.0,0.3996527777777778,0.4252314814814815,0.39667729901776944,0.9979166666666667,
typical,three_merged,M0,ORD,LOSO,cross-solve-same-head,8,1,"['Normal', 'Mild+Moderate', 'Severe']",Normal:2|Mild+Moderate:4|Severe:2,True,,2880,0.0,0.3611111111111111,0.42037037037037034,0.36269596116262287,0.9888888888888889,0.3333333333333333
typical,three_merged,M1,LDA,LOSO,cross-solve-same-head,8,1,"['Normal', 'Mild+Moderate', 'Severe']",Normal:2|Mild+Moderate:4|Severe:2,True,,2880,0.0,0.4013888888888889,0.3502314814814815,0.3559765727468256,0.9996527777777777,
typical,three_merged,M1,LR,LOSO,cross-solve-same-head,8,1,"['Normal', 'Mild+Moderate', 'Severe']",Normal:2|Mild+Moderate:4|Severe:2,True,,2880,0.0,0.40347222222222223,0.3523148148148148,0.35811597964394143,0.9996527777777777,
typical,three_merged,M1,LSVM,LOSO,cross-solve-same-head,8,1,"['Normal', 'Mild+Moderate', 'Severe']",Normal:2|Mild+Moderate:4|Severe:2,True,,2880,0.0,0.38784722222222223,0.27592592592592596,0.23431733492654586,0.9996527777777777,
typical,three_merged,M1,RBF,LOSO,cross-solve-same-head,8,1,"['Normal', 'Mild+Moderate', 'Severe']",Normal:2|Mild+Moderate:4|Severe:2,True,,2880,0.0,0.39131944444444444,0.3685185185185185,0.36814724812160016,1.0,
typical,three_merged,M1,kNN,LOSO,cross-solve-same-head,8,1,"['Normal', 'Mild+Moderate', 'Severe']",Normal:2|Mild+Moderate:4|Severe:2,True,,2880,0.0,0.30694444444444446,0.2872685185185185,0.2868088705214388,0.9965277777777778,
typical,three_merged,M1,ORD,LOSO,cross-solve-same-head,8,1,"['Normal', 'Mild+Moderate', 'Severe']",Normal:2|Mild+Moderate:4|Severe:2,True,,2880,0.0,0.15416666666666667,0.19259259259259257,0.1476988000858103,0.9996527777777777,
typical,three_merged,M2,LDA,LOSO,cross-solve-same-head,8,1,"['Normal', 'Mild+Moderate', 'Severe']",Normal:2|Mild+Moderate:4|Severe:2,True,,2880,0.0,0.21770833333333334,0.26967592592592593,0.21284196608269726,0.9996527777777777,
typical,three_merged,M2,LR,LOSO,cross-solve-same-head,8,1,"['Normal', 'Mild+Moderate', 'Severe']",Normal:2|Mild+Moderate:4|Severe:2,True,,2880,0.0,0.21840277777777778,0.27060185185185187,0.21343684349859818,0.9996527777777777,
typical,three_merged,M2,LSVM,LOSO,cross-solve-same-head,8,1,"['Normal', 'Mild+Moderate', 'Severe']",Normal:2|Mild+Moderate:4|Severe:2,True,,2880,0.0,0.33402777777777776,0.22893518518518519,0.18253800550226962,0.9996527777777777,
typical,three_merged,M2,RBF,LOSO,cross-solve-same-head,8,1,"['Normal', 'Mild+Moderate', 'Severe']",Normal:2|Mild+Moderate:4|Severe:2,True,,2880,0.0,0.2326388888888889,0.30763888888888885,0.21701123252404741,1.0,
typical,three_merged,M2,kNN,LOSO,cross-solve-same-head,8,1,"['Normal', 'Mild+Moderate', 'Severe']",Normal:2|Mild+Moderate:4|Severe:2,True,,2880,0.0,0.31666666666666665,0.33055555555555555,0.31205886629440077,0.9972222222222222,0.3333333333333333
typical,three_merged,M2,ORD,LOSO,cross-solve-same-head,8,1,"['Normal', 'Mild+Moderate', 'Severe']",Normal:2|Mild+Moderate:4|Severe:2,True,,2880,0.0,0.30625,0.3768518518518518,0.2988314352086963,0.9996527777777777,
typical,three_merged,M5,LDA,LOSO,cross-solve-same-head,8,4,"['Normal', 'Mild+Moderate', 'Severe']",Normal:2|Mild+Moderate:4|Severe:2,True,,2880,0.0,0.9732638888888889,0.9803240740740741,0.973793798109325,0.007638888888888862,0.9840639325836085
typical,three_merged,M5,LR,LOSO,cross-solve-same-head,8,4,"['Normal', 'Mild+Moderate', 'Severe']",Normal:2|Mild+Moderate:4|Severe:2,True,,2880,0.0,0.9694444444444444,0.9759259259259259,0.9700154581978389,0.01215277777777779,0.9500558445215953
typical,three_merged,M5,LSVM,LOSO,cross-solve-same-head,8,4,"['Normal', 'Mild+Moderate', 'Severe']",Normal:2|Mild+Moderate:4|Severe:2,True,,2880,0.0,0.9423611111111111,0.9476851851851852,0.943136231342224,0.010069444444444464,0.9737470699161882
typical,three_merged,M5,RBF,LOSO,cross-solve-same-head,8,4,"['Normal', 'Mild+Moderate', 'Severe']",Normal:2|Mild+Moderate:4|Severe:2,True,,2880,0.0,0.9565972222222222,0.9601851851851851,0.9571680628363625,0.002083333333333326,0.9602981228094863
typical,three_merged,M5,kNN,LOSO,cross-solve-same-head,8,4,"['Normal', 'Mild+Moderate', 'Severe']",Normal:2|Mild+Moderate:4|Severe:2,True,,2880,0.0,0.9652777777777778,0.9712962962962962,0.9658921524884247,0.027083333333333348,0.9827676954553604
typical,three_merged,M5,ORD,LOSO,cross-solve-same-head,8,4,"['Normal', 'Mild+Moderate', 'Severe']",Normal:2|Mild+Moderate:4|Severe:2,True,,2880,0.0,0.9395833333333333,0.9391203703703703,0.9397705628183287,0.03229166666666672,0.9290180034219707
typical,three_merged,M5.C3,LDA,LOSO,cross-solve-same-head,8,1,"['Normal', 'Mild+Moderate', 'Severe']",Normal:2|Mild+Moderate:4|Severe:2,True,,2880,0.0,0.5177083333333333,0.5726851851851852,0.5671554286823541,0.6822916666666667,0.3333333333333333
typical,three_merged,M5.C3,LR,LOSO,cross-solve-same-head,8,1,"['Normal', 'Mild+Moderate', 'Severe']",Normal:2|Mild+Moderate:4|Severe:2,True,,2880,0.0,0.5357638888888889,0.6192129629629629,0.5859795863085009,0.7041666666666666,0.3333333333333333
typical,three_merged,M5.C3,LSVM,LOSO,cross-solve-same-head,8,1,"['Normal', 'Mild+Moderate', 'Severe']",Normal:2|Mild+Moderate:4|Severe:2,True,,2880,0.0,0.6871527777777777,0.6231481481481481,0.5735825897348288,0.5684027777777778,0.42855606943166275
typical,three_merged,M5.C3,RBF,LOSO,cross-solve-same-head,8,1,"['Normal', 'Mild+Moderate', 'Severe']",Normal:2|Mild+Moderate:4|Severe:2,True,,2880,0.0,0.3260416666666667,0.41712962962962963,0.3990273998382372,0.6993055555555556,0.3333333333333333
typical,three_merged,M5.C3,kNN,LOSO,cross-solve-same-head,8,1,"['Normal', 'Mild+Moderate', 'Severe']",Normal:2|Mild+Moderate:4|Severe:2,True,,2880,0.0,0.5364583333333334,0.5715277777777777,0.5721933425753266,0.6982638888888889,0.32817627754336615
typical,three_merged,M5.C3,ORD,LOSO,cross-solve-same-head,8,1,"['Normal', 'Mild+Moderate', 'Severe']",Normal:2|Mild+Moderate:4|Severe:2,True,,2880,0.0,0.6388888888888888,0.6541666666666667,0.6565032720300682,0.7538194444444444,0.3333333333333333
typical,three_merged,M5.C3[k3],LDA,LOSO,cross-solve-same-head,8,1,"['Normal', 'Mild+Moderate', 'Severe']",Normal:2|Mild+Moderate:4|Severe:2,True,,2880,0.0,0.31875,0.4081018518518518,0.39444920508185444,0.5652777777777778,0.34071210385643375
typical,three_merged,M5.C3[k3],LR,LOSO,cross-solve-same-head,8,1,"['Normal', 'Mild+Moderate', 'Severe']",Normal:2|Mild+Moderate:4|Severe:2,True,,2880,0.0,0.33368055555555554,0.4270833333333333,0.4067536261566314,0.6774305555555555,0.6142554319024907
typical,three_merged,M5.C3[k3],LSVM,LOSO,cross-solve-same-head,8,1,"['Normal', 'Mild+Moderate', 'Severe']",Normal:2|Mild+Moderate:4|Severe:2,True,,2880,0.0,0.7479166666666667,0.6652777777777777,0.5979490945028251,0.4482638888888889,0.3376288659793814
typical,three_merged,M5.C3[k3],RBF,LOSO,cross-solve-same-head,8,1,"['Normal', 'Mild+Moderate', 'Severe']",Normal:2|Mild+Moderate:4|Severe:2,True,,2880,0.0,0.5104166666666666,0.5506944444444445,0.5521153463239171,0.6590277777777778,0.49269917399413804
typical,three_merged,M5.C3[k3],kNN,LOSO,cross-solve-same-head,8,1,"['Normal', 'Mild+Moderate', 'Severe']",Normal:2|Mild+Moderate:4|Severe:2,True,,2880,0.0,0.6017361111111111,0.6520833333333333,0.6399305139438779,0.6086805555555556,0.34611520595227435
typical,three_merged,M5.C3[k3],ORD,LOSO,cross-solve-same-head,8,1,"['Normal', 'Mild+Moderate', 'Severe']",Normal:2|Mild+Moderate:4|Severe:2,True,,2880,0.0,0.5986111111111111,0.6222222222222222,0.6230336974076465,0.7079861111111111,
typical,three_merged,M5.C3[nested],LDA,LOSO,cross-solve-same-head,8,1,"['Normal', 'Mild+Moderate', 'Severe']",Normal:2|Mild+Moderate:4|Severe:2,True,"windows 3.60-3.75×3, 3.20-3.30×1, 3.20-3.45×1, 3.60-3.90×1, 3.80-3.90×1, 3.60-3.70×1",2880,0.0,0.4864583333333333,0.4939814814814815,0.5078548999853686,0.4930555555555556,0.4552766115551968
typical,three_merged,M5.C3[nested],LR,LOSO,cross-solve-same-head,8,1,"['Normal', 'Mild+Moderate', 'Severe']",Normal:2|Mild+Moderate:4|Severe:2,True,"windows 3.60-3.75×3, 3.20-3.30×1, 3.20-3.45×1, 3.60-3.90×1, 3.80-3.90×1, 3.60-3.70×1",2880,0.0,0.4947916666666667,0.5043981481481481,0.5159510045865202,0.5597222222222222,0.394282519227956
typical,three_merged,M5.C3[nested],LSVM,LOSO,cross-solve-same-head,8,1,"['Normal', 'Mild+Moderate', 'Severe']",Normal:2|Mild+Moderate:4|Severe:2,True,"windows 3.60-3.75×3, 3.20-3.30×1, 3.20-3.45×1, 3.60-3.90×1, 3.80-3.90×1, 3.60-3.70×1",2880,0.0,0.4131944444444444,0.3627314814814815,0.38458005146594426,0.5565972222222222,0.4030638657407884
typical,three_merged,M5.C3[nested],RBF,LOSO,cross-solve-same-head,8,1,"['Normal', 'Mild+Moderate', 'Severe']",Normal:2|Mild+Moderate:4|Severe:2,True,"windows 3.60-3.75×3, 3.20-3.30×1, 3.20-3.45×1, 3.60-3.90×1, 3.80-3.90×1, 3.60-3.70×1",2880,0.0,0.4409722222222222,0.4435185185185185,0.44712917804116853,0.6520833333333333,0.33550133743792676
typical,three_merged,M5.C3[nested],kNN,LOSO,cross-solve-same-head,8,1,"['Normal', 'Mild+Moderate', 'Severe']",Normal:2|Mild+Moderate:4|Severe:2,True,"windows 3.60-3.75×3, 3.20-3.30×1, 3.20-3.45×1, 3.60-3.90×1, 3.80-3.90×1, 3.60-3.70×1",2880,0.0,0.4479166666666667,0.47083333333333327,0.4707241221921614,0.5621527777777777,0.07256563479623825
typical,three_merged,M5.C3[nested],ORD,LOSO,cross-solve-same-head,8,1,"['Normal', 'Mild+Moderate', 'Severe']",Normal:2|Mild+Moderate:4|Severe:2,True,"windows 3.60-3.75×3, 3.20-3.30×1, 3.20-3.45×1, 3.60-3.90×1, 3.80-3.90×1, 3.60-3.70×1",2880,0.0,0.5472222222222223,0.5206018518518519,0.5393333565682081,0.6708333333333334,0.2793418418418418
typical,three_merged,M6,LDA,LOSO,cross-solve-same-head,8,22,"['Normal', 'Mild+Moderate', 'Severe']",Normal:2|Mild+Moderate:4|Severe:2,True,,2880,0.0,0.9684027777777777,0.9703703703703704,0.9685972789432716,0.07222222222222219,0.9289612880648659
typical,three_merged,M6,LR,LOSO,cross-solve-same-head,8,22,"['Normal', 'Mild+Moderate', 'Severe']",Normal:2|Mild+Moderate:4|Severe:2,True,,2880,0.0,0.7527777777777778,0.7356481481481482,0.7496443788243009,0.03541666666666665,0.9403078619410081
typical,three_merged,M6,LSVM,LOSO,cross-solve-same-head,8,22,"['Normal', 'Mild+Moderate', 'Severe']",Normal:2|Mild+Moderate:4|Severe:2,True,,2880,0.0,0.6694444444444444,0.6539351851851851,0.6639878485506748,0.012847222222222232,0.9436869738414911
typical,three_merged,M6,RBF,LOSO,cross-solve-same-head,8,22,"['Normal', 'Mild+Moderate', 'Severe']",Normal:2|Mild+Moderate:4|Severe:2,True,,2880,0.0,0.40520833333333334,0.2967592592592592,0.27260013517998977,0.018402777777777768,0.31396692960362277
typical,three_merged,M6,kNN,LOSO,cross-solve-same-head,8,22,"['Normal', 'Mild+Moderate', 'Severe']",Normal:2|Mild+Moderate:4|Severe:2,True,,2880,0.0,0.3145833333333333,0.21041666666666667,0.1629869521504271,0.05729166666666663,0.22213681783243658
typical,three_merged,M6,ORD,LOSO,cross-solve-same-head,8,22,"['Normal', 'Mild+Moderate', 'Severe']",Normal:2|Mild+Moderate:4|Severe:2,True,,2880,0.0,0.7947916666666667,0.775,0.7907347302811903,0.04583333333333328,0.7282159291605934
typical,three_merged,M7,LDA,LOSO,cross-solve-same-head,8,6,"['Normal', 'Mild+Moderate', 'Severe']",Normal:2|Mild+Moderate:4|Severe:2,True,,2880,0.0,0.19270833333333334,0.17731481481481481,0.17406753419039414,0.6243055555555556,0.09694308996661394
typical,three_merged,M7,LR,LOSO,cross-solve-same-head,8,6,"['Normal', 'Mild+Moderate', 'Severe']",Normal:2|Mild+Moderate:4|Severe:2,True,,2880,0.0,0.15694444444444444,0.1238425925925926,0.12216472125999339,0.6184027777777779,0.04351123134940154
typical,three_merged,M7,LSVM,LOSO,cross-solve-same-head,8,6,"['Normal', 'Mild+Moderate', 'Severe']",Normal:2|Mild+Moderate:4|Severe:2,True,,2880,0.0,0.12604166666666666,0.09930555555555555,0.0976911396189193,0.6159722222222221,0.043356152360891693
typical,three_merged,M7,RBF,LOSO,cross-solve-same-head,8,6,"['Normal', 'Mild+Moderate', 'Severe']",Normal:2|Mild+Moderate:4|Severe:2,True,,2880,0.0,0.1840277777777778,0.14652777777777778,0.14501618140809475,0.7059027777777778,0.3410063680968786
typical,three_merged,M7,kNN,LOSO,cross-solve-same-head,8,6,"['Normal', 'Mild+Moderate', 'Severe']",Normal:2|Mild+Moderate:4|Severe:2,True,,2880,0.0,0.19166666666666668,0.1599537037037037,0.16111465160180757,0.7743055555555556,0.030698992929208756
typical,three_merged,M7,ORD,LOSO,cross-solve-same-head,8,6,"['Normal', 'Mild+Moderate', 'Severe']",Normal:2|Mild+Moderate:4|Severe:2,True,,2880,0.0,0.33229166666666665,0.31574074074074077,0.31165374567616544,0.7694444444444444,0.46608329282126076
typical,three_merged,M8,LDA,LOSO,cross-solve-same-head,8,4,"['Normal', 'Mild+Moderate', 'Severe']",Normal:2|Mild+Moderate:4|Severe:2,True,,2880,0.0,0.6288194444444445,0.6608796296296297,0.6367190500880233,0.4361111111111111,0.6300789150374664
typical,three_merged,M8,LR,LOSO,cross-solve-same-head,8,4,"['Normal', 'Mild+Moderate', 'Severe']",Normal:2|Mild+Moderate:4|Severe:2,True,,2880,0.0,0.5715277777777777,0.6164351851851851,0.5817848198226296,0.45833333333333337,0.6436937559563215
typical,three_merged,M8,LSVM,LOSO,cross-solve-same-head,8,4,"['Normal', 'Mild+Moderate', 'Severe']",Normal:2|Mild+Moderate:4|Severe:2,True,,2880,0.0,0.2878472222222222,0.22060185185185185,0.20770453555226967,0.7631944444444445,0.4960615056331332
typical,three_merged,M8,RBF,LOSO,cross-solve-same-head,8,4,"['Normal', 'Mild+Moderate', 'Severe']",Normal:2|Mild+Moderate:4|Severe:2,True,,2880,0.0,0.23402777777777778,0.30949074074074073,0.21865505686781153,1.0,
typical,three_merged,M8,kNN,LOSO,cross-solve-same-head,8,4,"['Normal', 'Mild+Moderate', 'Severe']",Normal:2|Mild+Moderate:4|Severe:2,True,,2880,0.0,0.35347222222222224,0.36481481481481487,0.3480135487749701,0.9972222222222222,0.0
typical,three_merged,M8,ORD,LOSO,cross-solve-same-head,8,4,"['Normal', 'Mild+Moderate', 'Severe']",Normal:2|Mild+Moderate:4|Severe:2,True,,2880,0.0,0.3079861111111111,0.3782407407407407,0.30107876941000705,0.9996527777777777,
typical,three_merged,COMB,LDA,LOSO,cross-solve-same-head,8,3,"['Normal', 'Mild+Moderate', 'Severe']",Normal:2|Mild+Moderate:4|Severe:2,True,chosen M5.C2+M5.C+M7.D2×2; M5.C2+M5.C+M6.A[3.40]×1; M5.C2+M6.A[3.35]+M6.A[3.70]×1; M5.C2+M6.A[3.60]+M6.A[3.55]×1; M5.C2+M6.A[3.60]+M6.A[3.40]×1; M5.C2+M7.D2+M6.A[3.65]×1; M5.C2+M6.A[3.40]+M6.A[3.60]×1,2880,0.0,0.8243055555555555,0.831712962962963,0.8261848259984276,0.0888888888888889,0.8266169724981985
typical,three_merged,COMB,LR,LOSO,cross-solve-same-head,8,3,"['Normal', 'Mild+Moderate', 'Severe']",Normal:2|Mild+Moderate:4|Severe:2,True,chosen M5.C2+M5.C+M7.D2×2; M5.C2+M5.C+M6.A[3.40]×1; M5.C2+M6.A[3.35]+M6.A[3.70]×1; M5.C2+M6.A[3.60]+M6.A[3.55]×1; M5.C2+M6.A[3.60]+M6.A[3.40]×1; M5.C2+M7.D2+M6.A[3.65]×1; M5.C2+M6.A[3.40]+M6.A[3.60]×1,2880,0.0,0.5951388888888889,0.5231481481481481,0.5258631609484612,0.1489583333333333,0.6484982251604623
typical,three_merged,COMB,LSVM,LOSO,cross-solve-same-head,8,3,"['Normal', 'Mild+Moderate', 'Severe']",Normal:2|Mild+Moderate:4|Severe:2,True,chosen M5.C2+M5.C+M7.D2×2; M5.C2+M5.C+M6.A[3.40]×1; M5.C2+M6.A[3.35]+M6.A[3.70]×1; M5.C2+M6.A[3.60]+M6.A[3.55]×1; M5.C2+M6.A[3.60]+M6.A[3.40]×1; M5.C2+M7.D2+M6.A[3.65]×1; M5.C2+M6.A[3.40]+M6.A[3.60]×1,2880,0.0,0.44305555555555554,0.34282407407407406,0.32154298240314366,0.13888888888888884,0.6538766027874251
typical,three_merged,COMB,RBF,LOSO,cross-solve-same-head,8,3,"['Normal', 'Mild+Moderate', 'Severe']",Normal:2|Mild+Moderate:4|Severe:2,True,chosen M5.C2+M5.C+M7.D2×2; M5.C2+M5.C+M6.A[3.40]×1; M5.C2+M6.A[3.35]+M6.A[3.70]×1; M5.C2+M6.A[3.60]+M6.A[3.55]×1; M5.C2+M6.A[3.60]+M6.A[3.40]×1; M5.C2+M7.D2+M6.A[3.65]×1; M5.C2+M6.A[3.40]+M6.A[3.60]×1,2880,0.0,0.46493055555555557,0.33888888888888885,0.29109407664100856,0.039583333333333304,0.34616449639895813
typical,three_merged,COMB,kNN,LOSO,cross-solve-same-head,8,3,"['Normal', 'Mild+Moderate', 'Severe']",Normal:2|Mild+Moderate:4|Severe:2,True,chosen M5.C2+M5.C+M7.D2×2; M5.C2+M5.C+M6.A[3.40]×1; M5.C2+M6.A[3.35]+M6.A[3.70]×1; M5.C2+M6.A[3.60]+M6.A[3.55]×1; M5.C2+M6.A[3.60]+M6.A[3.40]×1; M5.C2+M7.D2+M6.A[3.65]×1; M5.C2+M6.A[3.40]+M6.A[3.60]×1,2880,0.0,0.5180555555555556,0.4134259259259259,0.3931133172464982,0.22013888888888888,0.39901161316496786
typical,three_merged,COMB,ORD,LOSO,cross-solve-same-head,8,3,"['Normal', 'Mild+Moderate', 'Severe']",Normal:2|Mild+Moderate:4|Severe:2,True,chosen M5.C2+M5.C+M7.D2×2; M5.C2+M5.C+M6.A[3.40]×1; M5.C2+M6.A[3.35]+M6.A[3.70]×1; M5.C2+M6.A[3.60]+M6.A[3.55]×1; M5.C2+M6.A[3.60]+M6.A[3.40]×1; M5.C2+M7.D2+M6.A[3.65]×1; M5.C2+M6.A[3.40]+M6.A[3.60]×1,2880,0.0,0.7934027777777778,0.7738425925925926,0.7889429014002438,0.10729166666666667,0.7691821852057635
typical,three_merged,M9,LDA,LOSO,cross-solve-same-head,8,3618,"['Normal', 'Mild+Moderate', 'Severe']",Normal:2|Mild+Moderate:4|Severe:2,True,,2880,0.0,0.9836805555555556,0.9782407407407407,0.9834008247102073,0.029166666666666674,0.9806060606060606
typical,three_merged,M9,LR,LOSO,cross-solve-same-head,8,3618,"['Normal', 'Mild+Moderate', 'Severe']",Normal:2|Mild+Moderate:4|Severe:2,True,,2880,0.0,0.8454861111111112,0.7995370370370369,0.8284345314736198,0.02256944444444442,0.8659803117141004
typical,three_merged,M9,LSVM,LOSO,cross-solve-same-head,8,3618,"['Normal', 'Mild+Moderate', 'Severe']",Normal:2|Mild+Moderate:4|Severe:2,True,,2880,0.0,0.8118055555555556,0.78125,0.8042859012198303,0.02083333333333337,0.9276158460760601
typical,three_merged,M9,RBF,LOSO,cross-solve-same-head,8,3618,"['Normal', 'Mild+Moderate', 'Severe']",Normal:2|Mild+Moderate:4|Severe:2,True,,2880,0.0,0.6142361111111111,0.4895833333333333,0.46343328324546745,0.025694444444444464,0.49212544208687015
typical,three_merged,M9,kNN,LOSO,cross-solve-same-head,8,3618,"['Normal', 'Mild+Moderate', 'Severe']",Normal:2|Mild+Moderate:4|Severe:2,True,,2880,0.0,0.44756944444444446,0.3090277777777778,0.2434322206921636,0.09097222222222223,0.2929842867153917
typical,three_merged,M9,ORD,LOSO,cross-solve-same-head,8,3618,"['Normal', 'Mild+Moderate', 'Severe']",Normal:2|Mild+Moderate:4|Severe:2,True,,2880,0.0,0.9503472222222222,0.9337962962962963,0.9477899722963882,0.027083333333333348,0.9660606503909118
typical,three,M0,LDA,LOSO,cross-solve-same-head,6,1,"['Normal', 'Mild', 'Severe']",Normal:2|Mild:2|Severe:2,True,,2160,0.0,0.38796296296296295,0.3879629629629629,0.37647260323761617,0.9833333333333333,0.3333333333333333
typical,three,M0,LR,LOSO,cross-solve-same-head,6,1,"['Normal', 'Mild', 'Severe']",Normal:2|Mild:2|Severe:2,True,,2160,0.0,0.38657407407407407,0.3865740740740741,0.37465492789311194,0.9819444444444444,0.3333333333333333
typical,three,M0,LSVM,LOSO,cross-solve-same-head,6,1,"['Normal', 'Mild', 'Severe']",Normal:2|Mild:2|Severe:2,True,,2160,0.0,0.1763888888888889,0.1763888888888889,0.15403274711946635,0.9833333333333333,0.3333333333333333
typical,three,M0,RBF,LOSO,cross-solve-same-head,6,1,"['Normal', 'Mild', 'Severe']",Normal:2|Mild:2|Severe:2,True,,2160,0.0,0.4060185185185185,0.4060185185185185,0.3735214936103106,1.0,
typical,three,M0,kNN,LOSO,cross-solve-same-head,6,1,"['Normal', 'Mild', 'Severe']",Normal:2|Mild:2|Severe:2,True,,2160,0.0,0.4185185185185185,0.4185185185185185,0.4143518987873227,0.9958333333333333,
typical,three,M0,ORD,LOSO,cross-solve-same-head,6,1,"['Normal', 'Mild', 'Severe']",Normal:2|Mild:2|Severe:2,True,,2160,0.0,0.4185185185185185,0.4185185185185185,0.39856104071417225,0.9837962962962963,0.3333333333333333
typical,three,M1,LDA,LOSO,cross-solve-same-head,6,1,"['Normal', 'Mild', 'Severe']",Normal:2|Mild:2|Severe:2,True,,2160,0.0,0.32175925925925924,0.32175925925925924,0.3023578226239623,0.9856481481481482,0.393939393939394
typical,three,M1,LR,LOSO,cross-solve-same-head,6,1,"['Normal', 'Mild', 'Severe']",Normal:2|Mild:2|Severe:2,True,,2160,0.0,0.32546296296296295,0.32546296296296295,0.3055796840360125,0.9791666666666666,0.4202898550724638
typical,three,M1,LSVM,LOSO,cross-solve-same-head,6,1,"['Normal', 'Mild', 'Severe']",Normal:2|Mild:2|Severe:2,True,,2160,0.0,0.19212962962962962,0.19212962962962962,0.17126924265496554,0.9861111111111112,0.39999999999999997
typical,three,M1,RBF,LOSO,cross-solve-same-head,6,1,"['Normal', 'Mild', 'Severe']",Normal:2|Mild:2|Severe:2,True,,2160,0.0,0.3976851851851852,0.3976851851851852,0.38992498445764395,1.0,
typical,three,M1,kNN,LOSO,cross-solve-same-head,6,1,"['Normal', 'Mild', 'Severe']",Normal:2|Mild:2|Severe:2,True,,2160,0.0,0.3125,0.3125,0.31088965082982606,0.9935185185185185,0.6666666666666666
typical,three,M1,ORD,LOSO,cross-solve-same-head,6,1,"['Normal', 'Mild', 'Severe']",Normal:2|Mild:2|Severe:2,True,,2160,0.0,0.19212962962962962,0.19212962962962962,0.1691135761511885,0.9875,0.393939393939394
typical,three,M2,LDA,LOSO,cross-solve-same-head,6,1,"['Normal', 'Mild', 'Severe']",Normal:2|Mild:2|Severe:2,True,,2160,0.0,0.2657407407407407,0.2657407407407408,0.24266404001450081,1.0,
typical,three,M2,LR,LOSO,cross-solve-same-head,6,1,"['Normal', 'Mild', 'Severe']",Normal:2|Mild:2|Severe:2,True,,2160,0.0,0.2638888888888889,0.2638888888888889,0.2386840731487041,0.999537037037037,
typical,three,M2,LSVM,LOSO,cross-solve-same-head,6,1,"['Normal', 'Mild', 'Severe']",Normal:2|Mild:2|Severe:2,True,,2160,0.0,0.07407407407407407,0.07407407407407407,0.07289083961742893,1.0,
typical,three,M2,RBF,LOSO,cross-solve-same-head,6,1,"['Normal', 'Mild', 'Severe']",Normal:2|Mild:2|Severe:2,True,,2160,0.0,0.3050925925925926,0.3050925925925926,0.27381308258211196,1.0,
typical,three,M2,kNN,LOSO,cross-solve-same-head,6,1,"['Normal', 'Mild', 'Severe']",Normal:2|Mild:2|Severe:2,True,,2160,0.0,0.32916666666666666,0.32916666666666666,0.32596938963673244,0.9976851851851852,
typical,three,M2,ORD,LOSO,cross-solve-same-head,6,1,"['Normal', 'Mild', 'Severe']",Normal:2|Mild:2|Severe:2,True,,2160,0.0,0.3787037037037037,0.3787037037037037,0.34417299751426395,1.0,
typical,three,M5,LDA,LOSO,cross-solve-same-head,6,4,"['Normal', 'Mild', 'Severe']",Normal:2|Mild:2|Severe:2,True,,2160,0.0,0.9606481481481481,0.9606481481481483,0.9606851137478835,0.006018518518518534,0.9623574692653097
typical,three,M5,LR,LOSO,cross-solve-same-head,6,4,"['Normal', 'Mild', 'Severe']",Normal:2|Mild:2|Severe:2,True,,2160,0.0,0.9421296296296297,0.9421296296296297,0.9415757236834371,0.02546296296296291,0.9033666364018215
typical,three,M5,LSVM,LOSO,cross-solve-same-head,6,4,"['Normal', 'Mild', 'Severe']",Normal:2|Mild:2|Severe:2,True,,2160,0.0,0.8944444444444445,0.8944444444444444,0.8926910898741215,0.014351851851851838,0.9349530842915629
typical,three,M5,RBF,LOSO,cross-solve-same-head,6,4,"['Normal', 'Mild', 'Severe']",Normal:2|Mild:2|Severe:2,True,,2160,0.0,0.8861111111111111,0.8861111111111111,0.8826554169055133,0.025925925925925908,0.9100126226412701
typical,three,M5,kNN,LOSO,cross-solve-same-head,6,4,"['Normal', 'Mild', 'Severe']",Normal:2|Mild:2|Severe:2,True,,2160,0.0,0.8888888888888888,0.8888888888888888,0.8849095459112638,0.061574074074074114,0.8815637831097756
typical,three,M5,ORD,LOSO,cross-solve-same-head,6,4,"['Normal', 'Mild', 'Severe']",Normal:2|Mild:2|Severe:2,True,,2160,0.0,0.899074074074074,0.899074074074074,0.898859649122807,0.040277777777777746,0.8815287988759483
typical,three,M5.C3,LDA,LOSO,cross-solve-same-head,6,1,"['Normal', 'Mild', 'Severe']",Normal:2|Mild:2|Severe:2,True,,2160,0.0,0.4981481481481482,0.4981481481481482,0.4857716063414909,0.3666666666666667,0.6427673949495581
typical,three,M5.C3,LR,LOSO,cross-solve-same-head,6,1,"['Normal', 'Mild', 'Severe']",Normal:2|Mild:2|Severe:2,True,,2160,0.0,0.5902777777777778,0.5902777777777778,0.5475366877077809,0.4981481481481481,0.6738609112709831
typical,three,M5.C3,LSVM,LOSO,cross-solve-same-head,6,1,"['Normal', 'Mild', 'Severe']",Normal:2|Mild:2|Severe:2,True,,2160,0.0,0.33287037037037037,0.33287037037037037,0.3305762991520113,0.2796296296296297,0.596550657118033
typical,three,M5.C3,RBF,LOSO,cross-solve-same-head,6,1,"['Normal', 'Mild', 'Severe']",Normal:2|Mild:2|Severe:2,True,,2160,0.0,0.425462962962963,0.42546296296296293,0.4258826588719517,0.37268518518518523,0.5026803802399876
typical,three,M5.C3,kNN,LOSO,cross-solve-same-head,6,1,"['Normal', 'Mild', 'Severe']",Normal:2|Mild:2|Severe:2,True,,2160,0.0,0.46111111111111114,0.4611111111111111,0.4561439889158185,0.4902777777777778,0.35567034964366
typical,three,M5.C3,ORD,LOSO,cross-solve-same-head,6,1,"['Normal', 'Mild', 'Severe']",Normal:2|Mild:2|Severe:2,True,,2160,0.0,0.6615740740740741,0.661574074074074,0.6644894848022952,0.5726851851851852,0.3408408408408408
typical,three,M5.C3[k3],LDA,LOSO,cross-solve-same-head,6,1,"['Normal', 'Mild', 'Severe']",Normal:2|Mild:2|Severe:2,True,,2160,0.0,0.39305555555555555,0.39305555555555555,0.39144285751460867,0.3194444444444444,0.33384301732925586
typical,three,M5.C3[k3],LR,LOSO,cross-solve-same-head,6,1,"['Normal', 'Mild', 'Severe']",Normal:2|Mild:2|Severe:2,True,,2160,0.0,0.4305555555555556,0.4305555555555555,0.4222501266167937,0.3740740740740741,0.40006128658042767
typical,three,M5.C3[k3],LSVM,LOSO,cross-solve-same-head,6,1,"['Normal', 'Mild', 'Severe']",Normal:2|Mild:2|Severe:2,True,,2160,0.0,0.3333333333333333,0.3333333333333333,0.33195020746887965,0.20879629629629626,0.3332505219856999
typical,three,M5.C3[k3],RBF,LOSO,cross-solve-same-head,6,1,"['Normal', 'Mild', 'Severe']",Normal:2|Mild:2|Severe:2,True,,2160,0.0,0.42962962962962964,0.42962962962962964,0.4233862336117842,0.2958333333333333,0.38517494452978324
typical,three,M5.C3[k3],kNN,LOSO,cross-solve-same-head,6,1,"['Normal', 'Mild', 'Severe']",Normal:2|Mild:2|Severe:2,True,,2160,0.0,0.500462962962963,0.500462962962963,0.47624811228817854,0.28888888888888886,0.32935729847494555
typical,three,M5.C3[k3],ORD,LOSO,cross-solve-same-head,6,1,"['Normal', 'Mild', 'Severe']",Normal:2|Mild:2|Severe:2,True,,2160,0.0,0.6277777777777778,0.6277777777777778,0.628308115747365,0.4046296296296297,0.33608815426997246
typical,three,M5.C3[nested],LDA,LOSO,cross-solve-same-head,6,1,"['Normal', 'Mild', 'Severe']",Normal:2|Mild:2|Severe:2,True,"windows 3.60-3.90×2, 3.60-3.70×1, 3.55-3.95×1, 3.20-3.45×1, 3.55-3.65×1",2160,0.0,0.45185185185185184,0.4518518518518519,0.47971782961251747,0.18842592592592589,0.6187748847215572
typical,three,M5.C3[nested],LR,LOSO,cross-solve-same-head,6,1,"['Normal', 'Mild', 'Severe']",Normal:2|Mild:2|Severe:2,True,"windows 3.60-3.90×2, 3.60-3.70×1, 3.55-3.95×1, 3.20-3.45×1, 3.55-3.65×1",2160,0.0,0.47453703703703703,0.47453703703703703,0.4995397723748125,0.3324074074074074,0.7269455661549499
typical,three,M5.C3[nested],LSVM,LOSO,cross-solve-same-head,6,1,"['Normal', 'Mild', 'Severe']",Normal:2|Mild:2|Severe:2,True,"windows 3.60-3.90×2, 3.60-3.70×1, 3.55-3.95×1, 3.20-3.45×1, 3.55-3.65×1",2160,0.0,0.3592592592592593,0.3592592592592592,0.39040243892373433,0.2518518518518519,0.5221132249205613
typical,three,M5.C3[nested],RBF,LOSO,cross-solve-same-head,6,1,"['Normal', 'Mild', 'Severe']",Normal:2|Mild:2|Severe:2,True,"windows 3.60-3.90×2, 3.60-3.70×1, 3.55-3.95×1, 3.20-3.45×1, 3.55-3.65×1",2160,0.0,0.5787037037037037,0.5787037037037037,0.5871575203233399,0.15000000000000002,0.39802213446826556
typical,three,M5.C3[nested],kNN,LOSO,cross-solve-same-head,6,1,"['Normal', 'Mild', 'Severe']",Normal:2|Mild:2|Severe:2,True,"windows 3.60-3.90×2, 3.60-3.70×1, 3.55-3.95×1, 3.20-3.45×1, 3.55-3.65×1",2160,0.0,0.4824074074074074,0.4824074074074074,0.5063911231392894,0.4185185185185185,0.6087532299741601
typical,three,M5.C3[nested],ORD,LOSO,cross-solve-same-head,6,1,"['Normal', 'Mild', 'Severe']",Normal:2|Mild:2|Severe:2,True,"windows 3.60-3.90×2, 3.60-3.70×1, 3.55-3.95×1, 3.20-3.45×1, 3.55-3.65×1",2160,0.0,0.549537037037037,0.549537037037037,0.562239790568853,0.5393518518518519,0.6751716007058763
typical,three,M6,LDA,LOSO,cross-solve-same-head,6,22,"['Normal', 'Mild', 'Severe']",Normal:2|Mild:2|Severe:2,True,,2160,0.0,0.7106481481481481,0.7106481481481483,0.7092246911375467,0.11481481481481481,0.5424690849350116
typical,three,M6,LR,LOSO,cross-solve-same-head,6,22,"['Normal', 'Mild', 'Severe']",Normal:2|Mild:2|Severe:2,True,,2160,0.0,0.2759259259259259,0.27592592592592596,0.2959519564692555,0.0805555555555556,0.25022444661993276
typical,three,M6,LSVM,LOSO,cross-solve-same-head,6,22,"['Normal', 'Mild', 'Severe']",Normal:2|Mild:2|Severe:2,True,,2160,0.0,0.5013888888888889,0.5013888888888889,0.5218800925378403,0.024537037037037024,0.5209319859171492
typical,three,M6,RBF,LOSO,cross-solve-same-head,6,22,"['Normal', 'Mild', 'Severe']",Normal:2|Mild:2|Severe:2,True,,2160,0.0,0.09027777777777778,0.09027777777777778,0.1253616200578592,0.037962962962962976,0.2656845084204849
typical,three,M6,kNN,LOSO,cross-solve-same-head,6,22,"['Normal', 'Mild', 'Severe']",Normal:2|Mild:2|Severe:2,True,,2160,0.0,0.0032407407407407406,0.0032407407407407406,0.004273504273504273,0.04675925925925928,0.00047961630695443646
typical,three,M6,ORD,LOSO,cross-solve-same-head,6,22,"['Normal', 'Mild', 'Severe']",Normal:2|Mild:2|Severe:2,True,,2160,0.0,0.6236111111111111,0.6236111111111111,0.636615632747096,0.04583333333333328,0.6009543662634128
typical,three,M7,LDA,LOSO,cross-solve-same-head,6,6,"['Normal', 'Mild', 'Severe']",Normal:2|Mild:2|Severe:2,True,,2160,0.0,0.11990740740740741,0.11990740740740741,0.1239661531982471,0.5296296296296297,0.09275056232663144
typical,three,M7,LR,LOSO,cross-solve-same-head,6,6,"['Normal', 'Mild', 'Severe']",Normal:2|Mild:2|Severe:2,True,,2160,0.0,0.07777777777777778,0.07777777777777778,0.08182500130926948,0.5143518518518518,0.0621349412996153
typical,three,M7,LSVM,LOSO,cross-solve-same-head,6,6,"['Normal', 'Mild', 'Severe']",Normal:2|Mild:2|Severe:2,True,,2160,0.0,0.06296296296296296,0.06296296296296296,0.06996386714440157,0.5092592592592593,0.06408646046316627
typical,three,M7,RBF,LOSO,cross-solve-same-head,6,6,"['Normal', 'Mild', 'Severe']",Normal:2|Mild:2|Severe:2,True,,2160,0.0,0.07962962962962963,0.07962962962962962,0.08694052827777081,0.4092592592592592,0.12948536554233706
typical,three,M7,kNN,LOSO,cross-solve-same-head,6,6,"['Normal', 'Mild', 'Severe']",Normal:2|Mild:2|Severe:2,True,,2160,0.0,0.10277777777777777,0.10277777777777779,0.10760090397881202,0.6476851851851853,0.03395668851954348
typical,three,M7,ORD,LOSO,cross-solve-same-head,6,6,"['Normal', 'Mild', 'Severe']",Normal:2|Mild:2|Severe:2,True,,2160,0.0,0.2722222222222222,0.2722222222222222,0.2708559391148642,0.7236111111111111,0.44813563563563563
typical,three,M8,LDA,LOSO,cross-solve-same-head,6,4,"['Normal', 'Mild', 'Severe']",Normal:2|Mild:2|Severe:2,True,,2160,0.0,0.5726851851851852,0.5726851851851852,0.5600218282495689,0.3555555555555555,0.50855811491636
typical,three,M8,LR,LOSO,cross-solve-same-head,6,4,"['Normal', 'Mild', 'Severe']",Normal:2|Mild:2|Severe:2,True,,2160,0.0,0.5023148148148148,0.5023148148148149,0.4675644531499632,0.39537037037037037,0.5433707016617081
typical,three,M8,LSVM,LOSO,cross-solve-same-head,6,4,"['Normal', 'Mild', 'Severe']",Normal:2|Mild:2|Severe:2,True,,2160,0.0,0.18564814814814815,0.18564814814814815,0.18664520301552798,0.5949074074074074,0.649490857462803
typical,three,M8,RBF,LOSO,cross-solve-same-head,6,4,"['Normal', 'Mild', 'Severe']",Normal:2|Mild:2|Severe:2,True,,2160,0.0,0.3074074074074074,0.3074074074074074,0.2758027805718719,1.0,
typical,three,M8,kNN,LOSO,cross-solve-same-head,6,4,"['Normal', 'Mild', 'Severe']",Normal:2|Mild:2|Severe:2,True,,2160,0.0,0.34305555555555556,0.3430555555555556,0.34271387516588864,0.9930555555555556,0.16666666666666666
typical,three,M8,ORD,LOSO,cross-solve-same-head,6,4,"['Normal', 'Mild', 'Severe']",Normal:2|Mild:2|Severe:2,True,,2160,0.0,0.38287037037037036,0.3828703703703704,0.3509358500266991,0.999537037037037,
typical,three,COMB,LDA,LOSO,cross-solve-same-head,6,3,"['Normal', 'Mild', 'Severe']",Normal:2|Mild:2|Severe:2,True,chosen M5.C2+M5.C+M6.A[3.40]×1; M5.C2+M6.A[3.35]+M6.A[3.60]×1; M5.C2+M5.C3+M6.A[3.65]×1; M5.C2+M5.C1+M7.D2×1; M5.C2+M7.D2+M6.A[3.65]×1; M5.C2+M6.A[3.60]+M6.A[3.40]×1,2160,0.0,0.8680555555555556,0.8680555555555557,0.8700486014609615,0.125,0.7693736907752587
typical,three,COMB,LR,LOSO,cross-solve-same-head,6,3,"['Normal', 'Mild', 'Severe']",Normal:2|Mild:2|Severe:2,True,chosen M5.C2+M5.C+M6.A[3.40]×1; M5.C2+M6.A[3.35]+M6.A[3.60]×1; M5.C2+M5.C3+M6.A[3.65]×1; M5.C2+M5.C1+M7.D2×1; M5.C2+M7.D2+M6.A[3.65]×1; M5.C2+M6.A[3.60]+M6.A[3.40]×1,2160,0.0,0.46435185185185185,0.46435185185185185,0.47244522570977665,0.11944444444444446,0.4750710941919114
typical,three,COMB,LSVM,LOSO,cross-solve-same-head,6,3,"['Normal', 'Mild', 'Severe']",Normal:2|Mild:2|Severe:2,True,chosen M5.C2+M5.C+M6.A[3.40]×1; M5.C2+M6.A[3.35]+M6.A[3.60]×1; M5.C2+M5.C3+M6.A[3.65]×1; M5.C2+M5.C1+M7.D2×1; M5.C2+M7.D2+M6.A[3.65]×1; M5.C2+M6.A[3.60]+M6.A[3.40]×1,2160,0.0,0.33611111111111114,0.3361111111111111,0.31919267749293767,0.10879629629629628,0.46105210797852075
typical,three,COMB,RBF,LOSO,cross-solve-same-head,6,3,"['Normal', 'Mild', 'Severe']",Normal:2|Mild:2|Severe:2,True,chosen M5.C2+M5.C+M6.A[3.40]×1; M5.C2+M6.A[3.35]+M6.A[3.60]×1; M5.C2+M5.C3+M6.A[3.65]×1; M5.C2+M5.C1+M7.D2×1; M5.C2+M7.D2+M6.A[3.65]×1; M5.C2+M6.A[3.60]+M6.A[3.40]×1,2160,0.0,0.36898148148148147,0.3689814814814814,0.3466046340284947,0.0037037037037036535,0.37270599250936326
typical,three,COMB,kNN,LOSO,cross-solve-same-head,6,3,"['Normal', 'Mild', 'Severe']",Normal:2|Mild:2|Severe:2,True,chosen M5.C2+M5.C+M6.A[3.40]×1; M5.C2+M6.A[3.35]+M6.A[3.60]×1; M5.C2+M5.C3+M6.A[3.65]×1; M5.C2+M5.C1+M7.D2×1; M5.C2+M7.D2+M6.A[3.65]×1; M5.C2+M6.A[3.60]+M6.A[3.40]×1,2160,0.0,0.45,0.45,0.4572445339171094,0.18009259259259258,0.366208312238578
typical,three,COMB,ORD,LOSO,cross-solve-same-head,6,3,"['Normal', 'Mild', 'Severe']",Normal:2|Mild:2|Severe:2,True,chosen M5.C2+M5.C+M6.A[3.40]×1; M5.C2+M6.A[3.35]+M6.A[3.60]×1; M5.C2+M5.C3+M6.A[3.65]×1; M5.C2+M5.C1+M7.D2×1; M5.C2+M7.D2+M6.A[3.65]×1; M5.C2+M6.A[3.60]+M6.A[3.40]×1,2160,0.0,0.7731481481481481,0.7731481481481483,0.7797154789968447,0.1435185185185185,0.7592822603152939
typical,three,M9,LDA,LOSO,cross-solve-same-head,6,3618,"['Normal', 'Mild', 'Severe']",Normal:2|Mild:2|Severe:2,True,,2160,0.0,0.7972222222222223,0.7972222222222222,0.7942583716890462,0.11712962962962958,0.7426058452201287
typical,three,M9,LR,LOSO,cross-solve-same-head,6,3618,"['Normal', 'Mild', 'Severe']",Normal:2|Mild:2|Severe:2,True,,2160,0.0,0.3712962962962963,0.3712962962962963,0.38629130928528427,0.045370370370370394,0.4271350274040857
typical,three,M9,LSVM,LOSO,cross-solve-same-head,6,3618,"['Normal', 'Mild', 'Severe']",Normal:2|Mild:2|Severe:2,True,,2160,0.0,0.5342592592592592,0.5342592592592593,0.49246284251432293,0.008796296296296302,0.5006940254465007
typical,three,M9,RBF,LOSO,cross-solve-same-head,6,3618,"['Normal', 'Mild', 'Severe']",Normal:2|Mild:2|Severe:2,True,,2160,0.0,0.16203703703703703,0.16203703703703703,0.21794303109371602,0.0018518518518518823,0.16288019863438857
typical,three,M9,kNN,LOSO,cross-solve-same-head,6,3618,"['Normal', 'Mild', 'Severe']",Normal:2|Mild:2|Severe:2,True,,2160,0.0,0.040740740740740744,0.04074074074074074,0.07034372501998401,0.01388888888888884,0.0434574976122254
typical,three,M9,ORD,LOSO,cross-solve-same-head,6,3618,"['Normal', 'Mild', 'Severe']",Normal:2|Mild:2|Severe:2,True,,2160,0.0,0.924537037037037,0.924537037037037,0.9239989935158267,0.06898148148148153,0.9478611280847001
typical,binary_early,M0,LDA,LODO+LOSO-within-class,noise-robustness-only,6,1,"['Normal', 'MCI']",Normal:2|MCI:1,False,,1440,0.0,0.5055555555555555,0.5055555555555555,0.5054782865378271,1.0,
typical,binary_early,M0,LR,LODO+LOSO-within-class,noise-robustness-only,6,1,"['Normal', 'MCI']",Normal:2|MCI:1,False,,1440,0.0,0.5069444444444444,0.5069444444444444,0.5068835658723299,0.9993055555555556,
typical,binary_early,M0,LSVM,LODO+LOSO-within-class,noise-robustness-only,6,1,"['Normal', 'MCI']",Normal:2|MCI:1,False,,1440,0.0,0.5055555555555555,0.5055555555555555,0.5054782865378271,1.0,
typical,binary_early,M0,RBF,LODO+LOSO-within-class,noise-robustness-only,6,1,"['Normal', 'MCI']",Normal:2|MCI:1,False,,1440,0.0,0.5131944444444444,0.5131944444444445,0.5103891461445522,1.0,
typical,binary_early,M0,kNN,LODO+LOSO-within-class,noise-robustness-only,6,1,"['Normal', 'MCI']",Normal:2|MCI:1,False,,1440,0.0,0.5291666666666667,0.5291666666666667,0.5289885836465948,0.9944444444444445,0.625
typical,binary_early,M0,ORD,LODO+LOSO-within-class,noise-robustness-only,6,1,"['Normal', 'MCI']",Normal:2|MCI:1,False,,1440,0.0,0.5055555555555555,0.5055555555555555,0.5054782865378271,1.0,
typical,binary_early,M0,THR,LODO+LOSO-within-class,noise-robustness-only,6,1,"['Normal', 'MCI']",Normal:2|MCI:1,False,,1440,0.0,0.5138888888888888,0.513888888888889,0.51171875,1.0,
typical,binary_early,M1,LDA,LODO+LOSO-within-class,noise-robustness-only,6,1,"['Normal', 'MCI']",Normal:2|MCI:1,False,,1440,0.0,0.4201388888888889,0.4201388888888889,0.4025611761157632,0.8930555555555556,0.39831697054698456
typical,binary_early,M1,LR,LODO+LOSO-within-class,noise-robustness-only,6,1,"['Normal', 'MCI']",Normal:2|MCI:1,False,,1440,0.0,0.4201388888888889,0.4201388888888889,0.4025611761157632,0.8277777777777777,0.41557823129251703
typical,binary_early,M1,LSVM,LODO+LOSO-within-class,noise-robustness-only,6,1,"['Normal', 'MCI']",Normal:2|MCI:1,False,,1440,0.0,0.4201388888888889,0.4201388888888889,0.4025611761157632,0.8930555555555556,0.39831697054698456
typical,binary_early,M1,RBF,LODO+LOSO-within-class,noise-robustness-only,6,1,"['Normal', 'MCI']",Normal:2|MCI:1,False,,1440,0.0,0.4097222222222222,0.4097222222222222,0.4053125412977402,0.9770833333333333,0.5
typical,binary_early,M1,kNN,LODO+LOSO-within-class,noise-robustness-only,6,1,"['Normal', 'MCI']",Normal:2|MCI:1,False,,1440,0.0,0.44722222222222224,0.4472222222222222,0.43497566862001247,0.9604166666666667,0.4375
typical,binary_early,M1,ORD,LODO+LOSO-within-class,noise-robustness-only,6,1,"['Normal', 'MCI']",Normal:2|MCI:1,False,,1440,0.0,0.4201388888888889,0.4201388888888889,0.4025611761157632,0.8902777777777777,0.3941156914893617
typical,binary_early,M1,THR,LODO+LOSO-within-class,noise-robustness-only,6,1,"['Normal', 'MCI']",Normal:2|MCI:1,False,,1440,0.0,0.4201388888888889,0.4201388888888889,0.40930695258096605,0.8840277777777777,0.40567164179104476
typical,binary_early,M2,LDA,LODO+LOSO-within-class,noise-robustness-only,6,1,"['Normal', 'MCI']",Normal:2|MCI:1,False,,1440,0.0,0.5145833333333333,0.5145833333333334,0.5145437682758673,0.9972222222222222,0.3333333333333333
typical,binary_early,M2,LR,LODO+LOSO-within-class,noise-robustness-only,6,1,"['Normal', 'MCI']",Normal:2|MCI:1,False,,1440,0.0,0.5145833333333333,0.5145833333333334,0.5145437682758673,0.9868055555555556,0.4318181818181818
typical,binary_early,M2,LSVM,LODO+LOSO-within-class,noise-robustness-only,6,1,"['Normal', 'MCI']",Normal:2|MCI:1,False,,1440,0.0,0.5145833333333333,0.5145833333333334,0.5145437682758673,0.9972222222222222,0.3333333333333333
typical,binary_early,M2,RBF,LODO+LOSO-within-class,noise-robustness-only,6,1,"['Normal', 'MCI']",Normal:2|MCI:1,False,,1440,0.0,0.5131944444444444,0.5131944444444445,0.5123193191486073,1.0,
typical,binary_early,M2,kNN,LODO+LOSO-within-class,noise-robustness-only,6,1,"['Normal', 'MCI']",Normal:2|MCI:1,False,,1440,0.0,0.5027777777777778,0.5027777777777778,0.5026156289376745,0.9888888888888889,0.5
typical,binary_early,M2,ORD,LODO+LOSO-within-class,noise-robustness-only,6,1,"['Normal', 'MCI']",Normal:2|MCI:1,False,,1440,0.0,0.5145833333333333,0.5145833333333334,0.5145437682758673,0.9972222222222222,0.3333333333333333
typical,binary_early,M2,THR,LODO+LOSO-within-class,noise-robustness-only,6,1,"['Normal', 'MCI']",Normal:2|MCI:1,False,,1440,0.0,0.5111111111111111,0.5111111111111111,0.5088362574346075,0.9958333333333333,0.375
typical,binary_early,M5,LDA,LODO+LOSO-within-class,noise-robustness-only,6,4,"['Normal', 'MCI']",Normal:2|MCI:1,False,,1440,0.0,0.7083333333333334,0.7083333333333333,0.7042108866826429,0.6638888888888889,0.7243085880640465
typical,binary_early,M5,LR,LODO+LOSO-within-class,noise-robustness-only,6,4,"['Normal', 'MCI']",Normal:2|MCI:1,False,,1440,0.0,0.7465277777777778,0.7465277777777778,0.7446648507557307,0.4534722222222223,0.7825431034482759
typical,binary_early,M5,LSVM,LODO+LOSO-within-class,noise-robustness-only,6,4,"['Normal', 'MCI']",Normal:2|MCI:1,False,,1440,0.0,0.7055555555555556,0.7055555555555555,0.7013938475081919,0.7020833333333334,0.7328240115087842
typical,binary_early,M5,RBF,LODO+LOSO-within-class,noise-robustness-only,6,4,"['Normal', 'MCI']",Normal:2|MCI:1,False,,1440,0.0,0.7458333333333333,0.7458333333333333,0.7408339889850512,0.5868055555555556,0.7186520376175549
typical,binary_early,M5,kNN,LODO+LOSO-within-class,noise-robustness-only,6,4,"['Normal', 'MCI']",Normal:2|MCI:1,False,,1440,0.0,0.75625,0.7562500000000001,0.7515043026078183,0.5673611111111111,0.8011014582686937
typical,binary_early,M5,ORD,LODO+LOSO-within-class,noise-robustness-only,6,4,"['Normal', 'MCI']",Normal:2|MCI:1,False,,1440,0.0,0.7159722222222222,0.7159722222222222,0.7124666616869735,0.6034722222222222,0.7195088911876262
typical,binary_early,M5.C3,LDA,LODO+LOSO-within-class,noise-robustness-only,6,1,"['Normal', 'MCI']",Normal:2|MCI:1,False,,1440,0.0,0.7159722222222222,0.7159722222222222,0.7148333986178406,0.8,0.7192307692307692
typical,binary_early,M5.C3,LR,LODO+LOSO-within-class,noise-robustness-only,6,1,"['Normal', 'MCI']",Normal:2|MCI:1,False,,1440,0.0,0.7152777777777778,0.7152777777777777,0.7146033740996761,0.6895833333333333,0.6688546469303567
typical,binary_early,M5.C3,LSVM,LODO+LOSO-within-class,noise-robustness-only,6,1,"['Normal', 'MCI']",Normal:2|MCI:1,False,,1440,0.0,0.7152777777777778,0.7152777777777778,0.7144399366195957,0.7215277777777778,0.6804747634996181
typical,binary_early,M5.C3,RBF,LODO+LOSO-within-class,noise-robustness-only,6,1,"['Normal', 'MCI']",Normal:2|MCI:1,False,,1440,0.0,0.7020833333333333,0.7020833333333334,0.6925941646832614,0.8527777777777777,0.6546086150995831
typical,binary_early,M5.C3,kNN,LODO+LOSO-within-class,noise-robustness-only,6,1,"['Normal', 'MCI']",Normal:2|MCI:1,False,,1440,0.0,0.6847222222222222,0.6847222222222222,0.6808803516095587,0.7361111111111112,0.8430707876370888
typical,binary_early,M5.C3,ORD,LODO+LOSO-within-class,noise-robustness-only,6,1,"['Normal', 'MCI']",Normal:2|MCI:1,False,,1440,0.0,0.7138888888888889,0.7138888888888888,0.7132111954367477,0.7527777777777778,0.7058091594547413
typical,binary_early,M5.C3,THR,LODO+LOSO-within-class,noise-robustness-only,6,1,"['Normal', 'MCI']",Normal:2|MCI:1,False,,1440,0.0,0.7020833333333333,0.7020833333333334,0.6947631543710049,0.6298611111111111,0.8306783719074222
typical,binary_early,M5.C3[k3],LDA,LODO+LOSO-within-class,noise-robustness-only,6,1,"['Normal', 'MCI']",Normal:2|MCI:1,False,,1440,0.0,0.6395833333333333,0.6395833333333334,0.6376568124795462,0.94375,
typical,binary_early,M5.C3[k3],LR,LODO+LOSO-within-class,noise-robustness-only,6,1,"['Normal', 'MCI']",Normal:2|MCI:1,False,,1440,0.0,0.6381944444444444,0.6381944444444445,0.6366128622113509,0.9201388888888888,0.08333333333333333
typical,binary_early,M5.C3[k3],LSVM,LODO+LOSO-within-class,noise-robustness-only,6,1,"['Normal', 'MCI']",Normal:2|MCI:1,False,,1440,0.0,0.6395833333333333,0.6395833333333334,0.6376568124795462,0.9284722222222223,
typical,binary_early,M5.C3[k3],RBF,LODO+LOSO-within-class,noise-robustness-only,6,1,"['Normal', 'MCI']",Normal:2|MCI:1,False,,1440,0.0,0.6340277777777777,0.6340277777777777,0.5965290696530717,0.9847222222222223,0.5
typical,binary_early,M5.C3[k3],kNN,LODO+LOSO-within-class,noise-robustness-only,6,1,"['Normal', 'MCI']",Normal:2|MCI:1,False,,1440,0.0,0.6020833333333333,0.6020833333333333,0.5931824333618804,0.96875,0.5
typical,binary_early,M5.C3[k3],ORD,LODO+LOSO-within-class,noise-robustness-only,6,1,"['Normal', 'MCI']",Normal:2|MCI:1,False,,1440,0.0,0.6368055555555555,0.6368055555555556,0.6351500418323692,0.9368055555555556,
typical,binary_early,M5.C3[k3],THR,LODO+LOSO-within-class,noise-robustness-only,6,1,"['Normal', 'MCI']",Normal:2|MCI:1,False,,1440,0.0,0.6402777777777777,0.6402777777777777,0.6028614082575352,0.68125,0.20162366084455374
typical,binary_early,M5.C3[nested],LDA,LODO+LOSO-within-class,noise-robustness-only,6,1,"['Normal', 'MCI']",Normal:2|MCI:1,False,"windows 3.60-3.70×3, 3.80-4.00×2, 3.80-4.05×1",1440,0.0,0.8548611111111111,0.8548611111111111,0.8518587795183541,0.03749999999999998,0.86049361361595
typical,binary_early,M5.C3[nested],LR,LODO+LOSO-within-class,noise-robustness-only,6,1,"['Normal', 'MCI']",Normal:2|MCI:1,False,"windows 3.60-3.70×3, 3.80-4.00×2, 3.80-4.05×1",1440,0.0,0.8590277777777777,0.8590277777777777,0.8563943848789655,0.027083333333333348,0.8783981324797652
typical,binary_early,M5.C3[nested],LSVM,LODO+LOSO-within-class,noise-robustness-only,6,1,"['Normal', 'MCI']",Normal:2|MCI:1,False,"windows 3.60-3.70×3, 3.80-4.00×2, 3.80-4.05×1",1440,0.0,0.8694444444444445,0.8694444444444445,0.8674186401399471,0.02083333333333337,0.8963421505964935
typical,binary_early,M5.C3[nested],RBF,LODO+LOSO-within-class,noise-robustness-only,6,1,"['Normal', 'MCI']",Normal:2|MCI:1,False,"windows 3.60-3.70×3, 3.80-4.00×2, 3.80-4.05×1",1440,0.0,0.8736111111111111,0.8736111111111111,0.8718670796958603,0.013194444444444398,0.8986251436269266
typical,binary_early,M5.C3[nested],kNN,LODO+LOSO-within-class,noise-robustness-only,6,1,"['Normal', 'MCI']",Normal:2|MCI:1,False,"windows 3.60-3.70×3, 3.80-4.00×2, 3.80-4.05×1",1440,0.0,0.8736111111111111,0.8736111111111111,0.8717384027202735,0.004166666666666652,0.903197507041596
typical,binary_early,M5.C3[nested],ORD,LODO+LOSO-within-class,noise-robustness-only,6,1,"['Normal', 'MCI']",Normal:2|MCI:1,False,"windows 3.60-3.70×3, 3.80-4.00×2, 3.80-4.05×1",1440,0.0,0.8611111111111112,0.8611111111111112,0.8585436677662277,0.03541666666666665,0.8882374302255608
typical,binary_early,M5.C3[nested],THR,LODO+LOSO-within-class,noise-robustness-only,6,1,"['Normal', 'MCI']",Normal:2|MCI:1,False,"windows 3.60-3.70×3, 3.80-4.00×2, 3.80-4.05×1",1440,0.0,0.8666666666666667,0.8666666666666667,0.8645022043876036,0.026388888888888906,0.8901873963009335
typical,binary_early,M6,LDA,LODO+LOSO-within-class,noise-robustness-only,6,22,"['Normal', 'MCI']",Normal:2|MCI:1,False,,1440,0.0,0.9118055555555555,0.9118055555555555,0.9111141785230509,0.17013888888888884,0.9578947368421052
typical,binary_early,M6,LR,LODO+LOSO-within-class,noise-robustness-only,6,22,"['Normal', 'MCI']",Normal:2|MCI:1,False,,1440,0.0,0.7506944444444444,0.7506944444444444,0.7341723920011066,0.022222222222222254,0.7616279069767442
typical,binary_early,M6,LSVM,LODO+LOSO-within-class,noise-robustness-only,6,22,"['Normal', 'MCI']",Normal:2|MCI:1,False,,1440,0.0,0.7513888888888889,0.7513888888888889,0.735010558044572,0.053472222222222254,0.78149300155521
typical,binary_early,M6,RBF,LODO+LOSO-within-class,noise-robustness-only,6,22,"['Normal', 'MCI']",Normal:2|MCI:1,False,,1440,0.0,0.6597222222222222,0.6597222222222222,0.6151622579765476,0.009722222222222188,0.5849858356940509
typical,binary_early,M6,kNN,LODO+LOSO-within-class,noise-robustness-only,6,22,"['Normal', 'MCI']",Normal:2|MCI:1,False,,1440,0.0,0.7527777777777778,0.7527777777777778,0.7366842265304613,0.001388888888888884,0.7506963788300836
typical,binary_early,M6,ORD,LODO+LOSO-within-class,noise-robustness-only,6,22,"['Normal', 'MCI']",Normal:2|MCI:1,False,,1440,0.0,0.7513888888888889,0.7513888888888889,0.735010558044572,0.030555555555555558,0.7662721893491125
typical,binary_early,M7,LDA,LODO+LOSO-within-class,noise-robustness-only,6,6,"['Normal', 'MCI']",Normal:2|MCI:1,False,,1440,0.0,0.6,0.6000000000000001,0.5778286761337609,0.10624999999999996,0.5476987508332609
typical,binary_early,M7,LR,LODO+LOSO-within-class,noise-robustness-only,6,6,"['Normal', 'MCI']",Normal:2|MCI:1,False,,1440,0.0,0.56875,0.56875,0.524117418854261,0.09444444444444444,0.5847536575554191
typical,binary_early,M7,LSVM,LODO+LOSO-within-class,noise-robustness-only,6,6,"['Normal', 'MCI']",Normal:2|MCI:1,False,,1440,0.0,0.5368055555555555,0.5368055555555555,0.4753055227633647,0.09930555555555554,0.5589236879027847
typical,binary_early,M7,RBF,LODO+LOSO-within-class,noise-robustness-only,6,6,"['Normal', 'MCI']",Normal:2|MCI:1,False,,1440,0.0,0.5784722222222223,0.5784722222222222,0.5230172238323313,0.0756944444444444,0.5795027072918502
typical,binary_early,M7,kNN,LODO+LOSO-within-class,noise-robustness-only,6,6,"['Normal', 'MCI']",Normal:2|MCI:1,False,,1440,0.0,0.5909722222222222,0.5909722222222222,0.5433555420956996,0.06319444444444444,0.5953828061460005
typical,binary_early,M7,ORD,LODO+LOSO-within-class,noise-robustness-only,6,6,"['Normal', 'MCI']",Normal:2|MCI:1,False,,1440,0.0,0.5805555555555556,0.5805555555555556,0.5427619750563031,0.10277777777777775,0.6001313354998898
typical,binary_early,M8,LDA,LODO+LOSO-within-class,noise-robustness-only,6,4,"['Normal', 'MCI']",Normal:2|MCI:1,False,,1440,0.0,0.7902777777777777,0.7902777777777777,0.7883338297909621,0.2104166666666667,0.8476450128955462
typical,binary_early,M8,LR,LODO+LOSO-within-class,noise-robustness-only,6,4,"['Normal', 'MCI']",Normal:2|MCI:1,False,,1440,0.0,0.7673611111111112,0.7673611111111112,0.7655374000411184,0.2777777777777778,0.8269242181472909
typical,binary_early,M8,LSVM,LODO+LOSO-within-class,noise-robustness-only,6,4,"['Normal', 'MCI']",Normal:2|MCI:1,False,,1440,0.0,0.6270833333333333,0.6270833333333333,0.626014003194899,0.9194444444444444,0.6887323943661972
typical,binary_early,M8,RBF,LODO+LOSO-within-class,noise-robustness-only,6,4,"['Normal', 'MCI']",Normal:2|MCI:1,False,,1440,0.0,0.5145833333333333,0.5145833333333334,0.5137107048286398,1.0,
typical,binary_early,M8,kNN,LODO+LOSO-within-class,noise-robustness-only,6,4,"['Normal', 'MCI']",Normal:2|MCI:1,False,,1440,0.0,0.5027777777777778,0.5027777777777778,0.4983027622932952,0.9923611111111111,0.5
typical,binary_early,M8,ORD,LODO+LOSO-within-class,noise-robustness-only,6,4,"['Normal', 'MCI']",Normal:2|MCI:1,False,,1440,0.0,0.51875,0.51875,0.5187107745567612,0.9965277777777778,0.375
typical,binary_early,COMB,LDA,LODO+LOSO-within-class,noise-robustness-only,6,3,"['Normal', 'MCI']",Normal:2|MCI:1,False,chosen M6.A[3.60]+M6.A[3.40]+M7.D2×3; M6.A[3.60]+M6.A[3.45]+M6.A[3.55]×2; M6.A[3.60]+M6.A[3.45]+M6.A[3.50]×1,1440,0.0,1.0,1.0,1.0,0.002083333333333326,1.0
typical,binary_early,COMB,LR,LODO+LOSO-within-class,noise-robustness-only,6,3,"['Normal', 'MCI']",Normal:2|MCI:1,False,chosen M6.A[3.60]+M6.A[3.40]+M7.D2×3; M6.A[3.60]+M6.A[3.45]+M6.A[3.55]×2; M6.A[3.60]+M6.A[3.45]+M6.A[3.50]×1,1440,0.0,0.9472222222222222,0.9472222222222222,0.9470747994026572,0.06319444444444444,0.9570747217806042
typical,binary_early,COMB,LSVM,LODO+LOSO-within-class,noise-robustness-only,6,3,"['Normal', 'MCI']",Normal:2|MCI:1,False,chosen M6.A[3.60]+M6.A[3.40]+M7.D2×3; M6.A[3.60]+M6.A[3.45]+M6.A[3.55]×2; M6.A[3.60]+M6.A[3.45]+M6.A[3.50]×1,1440,0.0,0.9875,0.9875,0.9874980465697765,0.029166666666666674,0.995575221238938
typical,binary_early,COMB,RBF,LODO+LOSO-within-class,noise-robustness-only,6,3,"['Normal', 'MCI']",Normal:2|MCI:1,False,chosen M6.A[3.60]+M6.A[3.40]+M7.D2×3; M6.A[3.60]+M6.A[3.45]+M6.A[3.55]×2; M6.A[3.60]+M6.A[3.45]+M6.A[3.50]×1,1440,0.0,0.88125,0.88125,0.8795514877768533,0.19166666666666665,0.8344594594594594
typical,binary_early,COMB,kNN,LODO+LOSO-within-class,noise-robustness-only,6,3,"['Normal', 'MCI']",Normal:2|MCI:1,False,chosen M6.A[3.60]+M6.A[3.40]+M7.D2×3; M6.A[3.60]+M6.A[3.45]+M6.A[3.55]×2; M6.A[3.60]+M6.A[3.45]+M6.A[3.50]×1,1440,0.0,0.975,0.975,0.9749843652282677,0.02777777777777779,0.9786764705882354
typical,binary_early,COMB,ORD,LODO+LOSO-within-class,noise-robustness-only,6,3,"['Normal', 'MCI']",Normal:2|MCI:1,False,chosen M6.A[3.60]+M6.A[3.40]+M7.D2×3; M6.A[3.60]+M6.A[3.45]+M6.A[3.55]×2; M6.A[3.60]+M6.A[3.45]+M6.A[3.50]×1,1440,0.0,0.9513888888888888,0.9513888888888888,0.9512737467975056,0.0625,0.9746031746031746
typical,binary_early,M9,LDA,LODO+LOSO-within-class,noise-robustness-only,6,3618,"['Normal', 'MCI']",Normal:2|MCI:1,False,,1440,0.0,0.7673611111111112,0.7673611111111112,0.7540500924096616,0.07499999999999996,0.7973856209150327
typical,binary_early,M9,LR,LODO+LOSO-within-class,noise-robustness-only,6,3618,"['Normal', 'MCI']",Normal:2|MCI:1,False,,1440,0.0,0.7819444444444444,0.7819444444444444,0.7710586915267007,0.0625,0.8103174603174603
typical,binary_early,M9,LSVM,LODO+LOSO-within-class,noise-robustness-only,6,3618,"['Normal', 'MCI']",Normal:2|MCI:1,False,,1440,0.0,0.7513888888888889,0.7513888888888889,0.735010558044572,0.06944444444444442,0.8048387096774193
typical,binary_early,M9,RBF,LODO+LOSO-within-class,noise-robustness-only,6,3618,"['Normal', 'MCI']",Normal:2|MCI:1,False,,1440,0.0,0.7826388888888889,0.7826388888888889,0.7718602309844298,0.07152777777777775,0.8047001620745543
typical,binary_early,M9,kNN,LODO+LOSO-within-class,noise-robustness-only,6,3618,"['Normal', 'MCI']",Normal:2|MCI:1,False,,1440,0.0,0.7618055555555555,0.7618055555555556,0.7474783366249973,0.011111111111111072,0.8075284090909092
typical,binary_early,M9,ORD,LODO+LOSO-within-class,noise-robustness-only,6,3618,"['Normal', 'MCI']",Normal:2|MCI:1,False,,1440,0.0,0.7770833333333333,0.7770833333333333,0.7654269676776996,0.07847222222222228,0.8311367380560132
noisy,binary,M0,LDA,LOSO,cross-solve-same-head,8,1,"['Normal', 'AD']",Normal:2|AD:6,False,,0,1.0,,,,,
noisy,binary,M0,LR,LOSO,cross-solve-same-head,8,1,"['Normal', 'AD']",Normal:2|AD:6,False,,0,1.0,,,,,
noisy,binary,M0,LSVM,LOSO,cross-solve-same-head,8,1,"['Normal', 'AD']",Normal:2|AD:6,False,,0,1.0,,,,,
noisy,binary,M0,RBF,LOSO,cross-solve-same-head,8,1,"['Normal', 'AD']",Normal:2|AD:6,False,,0,1.0,,,,,
noisy,binary,M0,kNN,LOSO,cross-solve-same-head,8,1,"['Normal', 'AD']",Normal:2|AD:6,False,,0,1.0,,,,,
noisy,binary,M0,ORD,LOSO,cross-solve-same-head,8,1,"['Normal', 'AD']",Normal:2|AD:6,False,,0,1.0,,,,,
noisy,binary,M0,THR,LOSO,cross-solve-same-head,8,1,"['Normal', 'AD']",Normal:2|AD:6,False,,0,1.0,,,,,
noisy,binary,M1,LDA,LOSO,cross-solve-same-head,8,1,"['Normal', 'AD']",Normal:2|AD:6,False,,0,1.0,,,,,
noisy,binary,M1,LR,LOSO,cross-solve-same-head,8,1,"['Normal', 'AD']",Normal:2|AD:6,False,,0,1.0,,,,,
noisy,binary,M1,LSVM,LOSO,cross-solve-same-head,8,1,"['Normal', 'AD']",Normal:2|AD:6,False,,0,1.0,,,,,
noisy,binary,M1,RBF,LOSO,cross-solve-same-head,8,1,"['Normal', 'AD']",Normal:2|AD:6,False,,0,1.0,,,,,
noisy,binary,M1,kNN,LOSO,cross-solve-same-head,8,1,"['Normal', 'AD']",Normal:2|AD:6,False,,0,1.0,,,,,
noisy,binary,M1,ORD,LOSO,cross-solve-same-head,8,1,"['Normal', 'AD']",Normal:2|AD:6,False,,0,1.0,,,,,
noisy,binary,M1,THR,LOSO,cross-solve-same-head,8,1,"['Normal', 'AD']",Normal:2|AD:6,False,,0,1.0,,,,,
noisy,binary,M2,LDA,LOSO,cross-solve-same-head,8,1,"['Normal', 'AD']",Normal:2|AD:6,False,,0,1.0,,,,,
noisy,binary,M2,LR,LOSO,cross-solve-same-head,8,1,"['Normal', 'AD']",Normal:2|AD:6,False,,0,1.0,,,,,
noisy,binary,M2,LSVM,LOSO,cross-solve-same-head,8,1,"['Normal', 'AD']",Normal:2|AD:6,False,,0,1.0,,,,,
noisy,binary,M2,RBF,LOSO,cross-solve-same-head,8,1,"['Normal', 'AD']",Normal:2|AD:6,False,,0,1.0,,,,,
noisy,binary,M2,kNN,LOSO,cross-solve-same-head,8,1,"['Normal', 'AD']",Normal:2|AD:6,False,,0,1.0,,,,,
noisy,binary,M2,ORD,LOSO,cross-solve-same-head,8,1,"['Normal', 'AD']",Normal:2|AD:6,False,,0,1.0,,,,,
noisy,binary,M2,THR,LOSO,cross-solve-same-head,8,1,"['Normal', 'AD']",Normal:2|AD:6,False,,0,1.0,,,,,
noisy,binary,M5,LDA,LOSO,cross-solve-same-head,8,4,"['Normal', 'AD']",Normal:2|AD:6,False,,0,1.0,,,,,
noisy,binary,M5,LR,LOSO,cross-solve-same-head,8,4,"['Normal', 'AD']",Normal:2|AD:6,False,,0,1.0,,,,,
noisy,binary,M5,LSVM,LOSO,cross-solve-same-head,8,4,"['Normal', 'AD']",Normal:2|AD:6,False,,0,1.0,,,,,
noisy,binary,M5,RBF,LOSO,cross-solve-same-head,8,4,"['Normal', 'AD']",Normal:2|AD:6,False,,0,1.0,,,,,
noisy,binary,M5,kNN,LOSO,cross-solve-same-head,8,4,"['Normal', 'AD']",Normal:2|AD:6,False,,0,1.0,,,,,
noisy,binary,M5,ORD,LOSO,cross-solve-same-head,8,4,"['Normal', 'AD']",Normal:2|AD:6,False,,0,1.0,,,,,
noisy,binary,M5.C3,LDA,LOSO,cross-solve-same-head,8,1,"['Normal', 'AD']",Normal:2|AD:6,False,,0,1.0,,,,,
noisy,binary,M5.C3,LR,LOSO,cross-solve-same-head,8,1,"['Normal', 'AD']",Normal:2|AD:6,False,,0,1.0,,,,,
noisy,binary,M5.C3,LSVM,LOSO,cross-solve-same-head,8,1,"['Normal', 'AD']",Normal:2|AD:6,False,,0,1.0,,,,,
noisy,binary,M5.C3,RBF,LOSO,cross-solve-same-head,8,1,"['Normal', 'AD']",Normal:2|AD:6,False,,0,1.0,,,,,
noisy,binary,M5.C3,kNN,LOSO,cross-solve-same-head,8,1,"['Normal', 'AD']",Normal:2|AD:6,False,,0,1.0,,,,,
noisy,binary,M5.C3,ORD,LOSO,cross-solve-same-head,8,1,"['Normal', 'AD']",Normal:2|AD:6,False,,0,1.0,,,,,
noisy,binary,M5.C3,THR,LOSO,cross-solve-same-head,8,1,"['Normal', 'AD']",Normal:2|AD:6,False,,0,1.0,,,,,
noisy,binary,M5.C3[k3],LDA,LOSO,cross-solve-same-head,8,1,"['Normal', 'AD']",Normal:2|AD:6,False,,0,1.0,,,,,
noisy,binary,M5.C3[k3],LR,LOSO,cross-solve-same-head,8,1,"['Normal', 'AD']",Normal:2|AD:6,False,,0,1.0,,,,,
noisy,binary,M5.C3[k3],LSVM,LOSO,cross-solve-same-head,8,1,"['Normal', 'AD']",Normal:2|AD:6,False,,0,1.0,,,,,
noisy,binary,M5.C3[k3],RBF,LOSO,cross-solve-same-head,8,1,"['Normal', 'AD']",Normal:2|AD:6,False,,0,1.0,,,,,
noisy,binary,M5.C3[k3],kNN,LOSO,cross-solve-same-head,8,1,"['Normal', 'AD']",Normal:2|AD:6,False,,0,1.0,,,,,
noisy,binary,M5.C3[k3],ORD,LOSO,cross-solve-same-head,8,1,"['Normal', 'AD']",Normal:2|AD:6,False,,0,1.0,,,,,
noisy,binary,M5.C3[k3],THR,LOSO,cross-solve-same-head,8,1,"['Normal', 'AD']",Normal:2|AD:6,False,,0,1.0,,,,,
noisy,binary,M5.C3[nested],LDA,LOSO,cross-solve-same-head,8,1,"['Normal', 'AD']",Normal:2|AD:6,False,"windows 3.35-3.60×6, 3.40-3.60×1, 3.35-3.55×1",0,1.0,,,,,
noisy,binary,M5.C3[nested],LR,LOSO,cross-solve-same-head,8,1,"['Normal', 'AD']",Normal:2|AD:6,False,"windows 3.35-3.60×6, 3.40-3.60×1, 3.35-3.55×1",0,1.0,,,,,
noisy,binary,M5.C3[nested],LSVM,LOSO,cross-solve-same-head,8,1,"['Normal', 'AD']",Normal:2|AD:6,False,"windows 3.35-3.60×6, 3.40-3.60×1, 3.35-3.55×1",0,1.0,,,,,
noisy,binary,M5.C3[nested],RBF,LOSO,cross-solve-same-head,8,1,"['Normal', 'AD']",Normal:2|AD:6,False,"windows 3.35-3.60×6, 3.40-3.60×1, 3.35-3.55×1",0,1.0,,,,,
noisy,binary,M5.C3[nested],kNN,LOSO,cross-solve-same-head,8,1,"['Normal', 'AD']",Normal:2|AD:6,False,"windows 3.35-3.60×6, 3.40-3.60×1, 3.35-3.55×1",0,1.0,,,,,
noisy,binary,M5.C3[nested],ORD,LOSO,cross-solve-same-head,8,1,"['Normal', 'AD']",Normal:2|AD:6,False,"windows 3.35-3.60×6, 3.40-3.60×1, 3.35-3.55×1",0,1.0,,,,,
noisy,binary,M5.C3[nested],THR,LOSO,cross-solve-same-head,8,1,"['Normal', 'AD']",Normal:2|AD:6,False,"windows 3.35-3.60×6, 3.40-3.60×1, 3.35-3.55×1",0,1.0,,,,,
noisy,binary,M6,LDA,LOSO,cross-solve-same-head,8,22,"['Normal', 'AD']",Normal:2|AD:6,False,,0,1.0,,,,,
noisy,binary,M6,LR,LOSO,cross-solve-same-head,8,22,"['Normal', 'AD']",Normal:2|AD:6,False,,0,1.0,,,,,
noisy,binary,M6,LSVM,LOSO,cross-solve-same-head,8,22,"['Normal', 'AD']",Normal:2|AD:6,False,,0,1.0,,,,,
noisy,binary,M6,RBF,LOSO,cross-solve-same-head,8,22,"['Normal', 'AD']",Normal:2|AD:6,False,,0,1.0,,,,,
noisy,binary,M6,kNN,LOSO,cross-solve-same-head,8,22,"['Normal', 'AD']",Normal:2|AD:6,False,,0,1.0,,,,,
noisy,binary,M6,ORD,LOSO,cross-solve-same-head,8,22,"['Normal', 'AD']",Normal:2|AD:6,False,,0,1.0,,,,,
noisy,binary,M7,LDA,LOSO,cross-solve-same-head,8,6,"['Normal', 'AD']",Normal:2|AD:6,False,,0,1.0,,,,,
noisy,binary,M7,LR,LOSO,cross-solve-same-head,8,6,"['Normal', 'AD']",Normal:2|AD:6,False,,0,1.0,,,,,
noisy,binary,M7,LSVM,LOSO,cross-solve-same-head,8,6,"['Normal', 'AD']",Normal:2|AD:6,False,,0,1.0,,,,,
noisy,binary,M7,RBF,LOSO,cross-solve-same-head,8,6,"['Normal', 'AD']",Normal:2|AD:6,False,,0,1.0,,,,,
noisy,binary,M7,kNN,LOSO,cross-solve-same-head,8,6,"['Normal', 'AD']",Normal:2|AD:6,False,,0,1.0,,,,,
noisy,binary,M7,ORD,LOSO,cross-solve-same-head,8,6,"['Normal', 'AD']",Normal:2|AD:6,False,,0,1.0,,,,,
noisy,binary,M8,LDA,LOSO,cross-solve-same-head,8,4,"['Normal', 'AD']",Normal:2|AD:6,False,,0,1.0,,,,,
noisy,binary,M8,LR,LOSO,cross-solve-same-head,8,4,"['Normal', 'AD']",Normal:2|AD:6,False,,0,1.0,,,,,
noisy,binary,M8,LSVM,LOSO,cross-solve-same-head,8,4,"['Normal', 'AD']",Normal:2|AD:6,False,,0,1.0,,,,,
noisy,binary,M8,RBF,LOSO,cross-solve-same-head,8,4,"['Normal', 'AD']",Normal:2|AD:6,False,,0,1.0,,,,,
noisy,binary,M8,kNN,LOSO,cross-solve-same-head,8,4,"['Normal', 'AD']",Normal:2|AD:6,False,,0,1.0,,,,,
noisy,binary,M8,ORD,LOSO,cross-solve-same-head,8,4,"['Normal', 'AD']",Normal:2|AD:6,False,,0,1.0,,,,,
noisy,binary,COMB,LDA,LOSO,cross-solve-same-head,8,3,"['Normal', 'AD']",Normal:2|AD:6,False,chosen M5.C3+M5.C2+M7.D2×5; M5.C3+M5.C2+M6.A[3.40]×2; M5.C3+M5.C2+M6.A[3.65]×1,0,1.0,,,,,
noisy,binary,COMB,LR,LOSO,cross-solve-same-head,8,3,"['Normal', 'AD']",Normal:2|AD:6,False,chosen M5.C3+M5.C2+M7.D2×5; M5.C3+M5.C2+M6.A[3.40]×2; M5.C3+M5.C2+M6.A[3.65]×1,0,1.0,,,,,
noisy,binary,COMB,LSVM,LOSO,cross-solve-same-head,8,3,"['Normal', 'AD']",Normal:2|AD:6,False,chosen M5.C3+M5.C2+M7.D2×5; M5.C3+M5.C2+M6.A[3.40]×2; M5.C3+M5.C2+M6.A[3.65]×1,0,1.0,,,,,
noisy,binary,COMB,RBF,LOSO,cross-solve-same-head,8,3,"['Normal', 'AD']",Normal:2|AD:6,False,chosen M5.C3+M5.C2+M7.D2×5; M5.C3+M5.C2+M6.A[3.40]×2; M5.C3+M5.C2+M6.A[3.65]×1,0,1.0,,,,,
noisy,binary,COMB,kNN,LOSO,cross-solve-same-head,8,3,"['Normal', 'AD']",Normal:2|AD:6,False,chosen M5.C3+M5.C2+M7.D2×5; M5.C3+M5.C2+M6.A[3.40]×2; M5.C3+M5.C2+M6.A[3.65]×1,0,1.0,,,,,
noisy,binary,COMB,ORD,LOSO,cross-solve-same-head,8,3,"['Normal', 'AD']",Normal:2|AD:6,False,chosen M5.C3+M5.C2+M7.D2×5; M5.C3+M5.C2+M6.A[3.40]×2; M5.C3+M5.C2+M6.A[3.65]×1,0,1.0,,,,,
noisy,binary,M9,LDA,LOSO,cross-solve-same-head,8,3618,"['Normal', 'AD']",Normal:2|AD:6,False,,0,1.0,,,,,
noisy,binary,M9,LR,LOSO,cross-solve-same-head,8,3618,"['Normal', 'AD']",Normal:2|AD:6,False,,0,1.0,,,,,
noisy,binary,M9,LSVM,LOSO,cross-solve-same-head,8,3618,"['Normal', 'AD']",Normal:2|AD:6,False,,0,1.0,,,,,
noisy,binary,M9,RBF,LOSO,cross-solve-same-head,8,3618,"['Normal', 'AD']",Normal:2|AD:6,False,,0,1.0,,,,,
noisy,binary,M9,kNN,LOSO,cross-solve-same-head,8,3618,"['Normal', 'AD']",Normal:2|AD:6,False,,0,1.0,,,,,
noisy,binary,M9,ORD,LOSO,cross-solve-same-head,8,3618,"['Normal', 'AD']",Normal:2|AD:6,False,,0,1.0,,,,,
noisy,three_merged,M0,LDA,LOSO,cross-solve-same-head,8,1,"['Normal', 'Mild+Moderate', 'Severe']",Normal:2|Mild+Moderate:4|Severe:2,True,,0,1.0,,,,,
noisy,three_merged,M0,LR,LOSO,cross-solve-same-head,8,1,"['Normal', 'Mild+Moderate', 'Severe']",Normal:2|Mild+Moderate:4|Severe:2,True,,0,1.0,,,,,
noisy,three_merged,M0,LSVM,LOSO,cross-solve-same-head,8,1,"['Normal', 'Mild+Moderate', 'Severe']",Normal:2|Mild+Moderate:4|Severe:2,True,,0,1.0,,,,,
noisy,three_merged,M0,RBF,LOSO,cross-solve-same-head,8,1,"['Normal', 'Mild+Moderate', 'Severe']",Normal:2|Mild+Moderate:4|Severe:2,True,,0,1.0,,,,,
noisy,three_merged,M0,kNN,LOSO,cross-solve-same-head,8,1,"['Normal', 'Mild+Moderate', 'Severe']",Normal:2|Mild+Moderate:4|Severe:2,True,,0,1.0,,,,,
noisy,three_merged,M0,ORD,LOSO,cross-solve-same-head,8,1,"['Normal', 'Mild+Moderate', 'Severe']",Normal:2|Mild+Moderate:4|Severe:2,True,,0,1.0,,,,,
noisy,three_merged,M1,LDA,LOSO,cross-solve-same-head,8,1,"['Normal', 'Mild+Moderate', 'Severe']",Normal:2|Mild+Moderate:4|Severe:2,True,,0,1.0,,,,,
noisy,three_merged,M1,LR,LOSO,cross-solve-same-head,8,1,"['Normal', 'Mild+Moderate', 'Severe']",Normal:2|Mild+Moderate:4|Severe:2,True,,0,1.0,,,,,
noisy,three_merged,M1,LSVM,LOSO,cross-solve-same-head,8,1,"['Normal', 'Mild+Moderate', 'Severe']",Normal:2|Mild+Moderate:4|Severe:2,True,,0,1.0,,,,,
noisy,three_merged,M1,RBF,LOSO,cross-solve-same-head,8,1,"['Normal', 'Mild+Moderate', 'Severe']",Normal:2|Mild+Moderate:4|Severe:2,True,,0,1.0,,,,,
noisy,three_merged,M1,kNN,LOSO,cross-solve-same-head,8,1,"['Normal', 'Mild+Moderate', 'Severe']",Normal:2|Mild+Moderate:4|Severe:2,True,,0,1.0,,,,,
noisy,three_merged,M1,ORD,LOSO,cross-solve-same-head,8,1,"['Normal', 'Mild+Moderate', 'Severe']",Normal:2|Mild+Moderate:4|Severe:2,True,,0,1.0,,,,,
noisy,three_merged,M2,LDA,LOSO,cross-solve-same-head,8,1,"['Normal', 'Mild+Moderate', 'Severe']",Normal:2|Mild+Moderate:4|Severe:2,True,,0,1.0,,,,,
noisy,three_merged,M2,LR,LOSO,cross-solve-same-head,8,1,"['Normal', 'Mild+Moderate', 'Severe']",Normal:2|Mild+Moderate:4|Severe:2,True,,0,1.0,,,,,
noisy,three_merged,M2,LSVM,LOSO,cross-solve-same-head,8,1,"['Normal', 'Mild+Moderate', 'Severe']",Normal:2|Mild+Moderate:4|Severe:2,True,,0,1.0,,,,,
noisy,three_merged,M2,RBF,LOSO,cross-solve-same-head,8,1,"['Normal', 'Mild+Moderate', 'Severe']",Normal:2|Mild+Moderate:4|Severe:2,True,,0,1.0,,,,,
noisy,three_merged,M2,kNN,LOSO,cross-solve-same-head,8,1,"['Normal', 'Mild+Moderate', 'Severe']",Normal:2|Mild+Moderate:4|Severe:2,True,,0,1.0,,,,,
noisy,three_merged,M2,ORD,LOSO,cross-solve-same-head,8,1,"['Normal', 'Mild+Moderate', 'Severe']",Normal:2|Mild+Moderate:4|Severe:2,True,,0,1.0,,,,,
noisy,three_merged,M5,LDA,LOSO,cross-solve-same-head,8,4,"['Normal', 'Mild+Moderate', 'Severe']",Normal:2|Mild+Moderate:4|Severe:2,True,,0,1.0,,,,,
noisy,three_merged,M5,LR,LOSO,cross-solve-same-head,8,4,"['Normal', 'Mild+Moderate', 'Severe']",Normal:2|Mild+Moderate:4|Severe:2,True,,0,1.0,,,,,
noisy,three_merged,M5,LSVM,LOSO,cross-solve-same-head,8,4,"['Normal', 'Mild+Moderate', 'Severe']",Normal:2|Mild+Moderate:4|Severe:2,True,,0,1.0,,,,,
noisy,three_merged,M5,RBF,LOSO,cross-solve-same-head,8,4,"['Normal', 'Mild+Moderate', 'Severe']",Normal:2|Mild+Moderate:4|Severe:2,True,,0,1.0,,,,,
noisy,three_merged,M5,kNN,LOSO,cross-solve-same-head,8,4,"['Normal', 'Mild+Moderate', 'Severe']",Normal:2|Mild+Moderate:4|Severe:2,True,,0,1.0,,,,,
noisy,three_merged,M5,ORD,LOSO,cross-solve-same-head,8,4,"['Normal', 'Mild+Moderate', 'Severe']",Normal:2|Mild+Moderate:4|Severe:2,True,,0,1.0,,,,,
noisy,three_merged,M5.C3,LDA,LOSO,cross-solve-same-head,8,1,"['Normal', 'Mild+Moderate', 'Severe']",Normal:2|Mild+Moderate:4|Severe:2,True,,0,1.0,,,,,
noisy,three_merged,M5.C3,LR,LOSO,cross-solve-same-head,8,1,"['Normal', 'Mild+Moderate', 'Severe']",Normal:2|Mild+Moderate:4|Severe:2,True,,0,1.0,,,,,
noisy,three_merged,M5.C3,LSVM,LOSO,cross-solve-same-head,8,1,"['Normal', 'Mild+Moderate', 'Severe']",Normal:2|Mild+Moderate:4|Severe:2,True,,0,1.0,,,,,
noisy,three_merged,M5.C3,RBF,LOSO,cross-solve-same-head,8,1,"['Normal', 'Mild+Moderate', 'Severe']",Normal:2|Mild+Moderate:4|Severe:2,True,,0,1.0,,,,,
noisy,three_merged,M5.C3,kNN,LOSO,cross-solve-same-head,8,1,"['Normal', 'Mild+Moderate', 'Severe']",Normal:2|Mild+Moderate:4|Severe:2,True,,0,1.0,,,,,
noisy,three_merged,M5.C3,ORD,LOSO,cross-solve-same-head,8,1,"['Normal', 'Mild+Moderate', 'Severe']",Normal:2|Mild+Moderate:4|Severe:2,True,,0,1.0,,,,,
noisy,three_merged,M5.C3[k3],LDA,LOSO,cross-solve-same-head,8,1,"['Normal', 'Mild+Moderate', 'Severe']",Normal:2|Mild+Moderate:4|Severe:2,True,,0,1.0,,,,,
noisy,three_merged,M5.C3[k3],LR,LOSO,cross-solve-same-head,8,1,"['Normal', 'Mild+Moderate', 'Severe']",Normal:2|Mild+Moderate:4|Severe:2,True,,0,1.0,,,,,
noisy,three_merged,M5.C3[k3],LSVM,LOSO,cross-solve-same-head,8,1,"['Normal', 'Mild+Moderate', 'Severe']",Normal:2|Mild+Moderate:4|Severe:2,True,,0,1.0,,,,,
noisy,three_merged,M5.C3[k3],RBF,LOSO,cross-solve-same-head,8,1,"['Normal', 'Mild+Moderate', 'Severe']",Normal:2|Mild+Moderate:4|Severe:2,True,,0,1.0,,,,,
noisy,three_merged,M5.C3[k3],kNN,LOSO,cross-solve-same-head,8,1,"['Normal', 'Mild+Moderate', 'Severe']",Normal:2|Mild+Moderate:4|Severe:2,True,,0,1.0,,,,,
noisy,three_merged,M5.C3[k3],ORD,LOSO,cross-solve-same-head,8,1,"['Normal', 'Mild+Moderate', 'Severe']",Normal:2|Mild+Moderate:4|Severe:2,True,,0,1.0,,,,,
noisy,three_merged,M5.C3[nested],LDA,LOSO,cross-solve-same-head,8,1,"['Normal', 'Mild+Moderate', 'Severe']",Normal:2|Mild+Moderate:4|Severe:2,True,"windows 3.60-3.75×3, 3.60-3.70×2, 3.60-3.90×2, 3.60-4.00×1",0,1.0,,,,,
noisy,three_merged,M5.C3[nested],LR,LOSO,cross-solve-same-head,8,1,"['Normal', 'Mild+Moderate', 'Severe']",Normal:2|Mild+Moderate:4|Severe:2,True,"windows 3.60-3.75×3, 3.60-3.70×2, 3.60-3.90×2, 3.60-4.00×1",0,1.0,,,,,
noisy,three_merged,M5.C3[nested],LSVM,LOSO,cross-solve-same-head,8,1,"['Normal', 'Mild+Moderate', 'Severe']",Normal:2|Mild+Moderate:4|Severe:2,True,"windows 3.60-3.75×3, 3.60-3.70×2, 3.60-3.90×2, 3.60-4.00×1",0,1.0,,,,,
noisy,three_merged,M5.C3[nested],RBF,LOSO,cross-solve-same-head,8,1,"['Normal', 'Mild+Moderate', 'Severe']",Normal:2|Mild+Moderate:4|Severe:2,True,"windows 3.60-3.75×3, 3.60-3.70×2, 3.60-3.90×2, 3.60-4.00×1",0,1.0,,,,,
noisy,three_merged,M5.C3[nested],kNN,LOSO,cross-solve-same-head,8,1,"['Normal', 'Mild+Moderate', 'Severe']",Normal:2|Mild+Moderate:4|Severe:2,True,"windows 3.60-3.75×3, 3.60-3.70×2, 3.60-3.90×2, 3.60-4.00×1",0,1.0,,,,,
noisy,three_merged,M5.C3[nested],ORD,LOSO,cross-solve-same-head,8,1,"['Normal', 'Mild+Moderate', 'Severe']",Normal:2|Mild+Moderate:4|Severe:2,True,"windows 3.60-3.75×3, 3.60-3.70×2, 3.60-3.90×2, 3.60-4.00×1",0,1.0,,,,,
noisy,three_merged,M6,LDA,LOSO,cross-solve-same-head,8,22,"['Normal', 'Mild+Moderate', 'Severe']",Normal:2|Mild+Moderate:4|Severe:2,True,,0,1.0,,,,,
noisy,three_merged,M6,LR,LOSO,cross-solve-same-head,8,22,"['Normal', 'Mild+Moderate', 'Severe']",Normal:2|Mild+Moderate:4|Severe:2,True,,0,1.0,,,,,
noisy,three_merged,M6,LSVM,LOSO,cross-solve-same-head,8,22,"['Normal', 'Mild+Moderate', 'Severe']",Normal:2|Mild+Moderate:4|Severe:2,True,,0,1.0,,,,,
noisy,three_merged,M6,RBF,LOSO,cross-solve-same-head,8,22,"['Normal', 'Mild+Moderate', 'Severe']",Normal:2|Mild+Moderate:4|Severe:2,True,,0,1.0,,,,,
noisy,three_merged,M6,kNN,LOSO,cross-solve-same-head,8,22,"['Normal', 'Mild+Moderate', 'Severe']",Normal:2|Mild+Moderate:4|Severe:2,True,,0,1.0,,,,,
noisy,three_merged,M6,ORD,LOSO,cross-solve-same-head,8,22,"['Normal', 'Mild+Moderate', 'Severe']",Normal:2|Mild+Moderate:4|Severe:2,True,,0,1.0,,,,,
noisy,three_merged,M7,LDA,LOSO,cross-solve-same-head,8,6,"['Normal', 'Mild+Moderate', 'Severe']",Normal:2|Mild+Moderate:4|Severe:2,True,,0,1.0,,,,,
noisy,three_merged,M7,LR,LOSO,cross-solve-same-head,8,6,"['Normal', 'Mild+Moderate', 'Severe']",Normal:2|Mild+Moderate:4|Severe:2,True,,0,1.0,,,,,
noisy,three_merged,M7,LSVM,LOSO,cross-solve-same-head,8,6,"['Normal', 'Mild+Moderate', 'Severe']",Normal:2|Mild+Moderate:4|Severe:2,True,,0,1.0,,,,,
noisy,three_merged,M7,RBF,LOSO,cross-solve-same-head,8,6,"['Normal', 'Mild+Moderate', 'Severe']",Normal:2|Mild+Moderate:4|Severe:2,True,,0,1.0,,,,,
noisy,three_merged,M7,kNN,LOSO,cross-solve-same-head,8,6,"['Normal', 'Mild+Moderate', 'Severe']",Normal:2|Mild+Moderate:4|Severe:2,True,,0,1.0,,,,,
noisy,three_merged,M7,ORD,LOSO,cross-solve-same-head,8,6,"['Normal', 'Mild+Moderate', 'Severe']",Normal:2|Mild+Moderate:4|Severe:2,True,,0,1.0,,,,,
noisy,three_merged,M8,LDA,LOSO,cross-solve-same-head,8,4,"['Normal', 'Mild+Moderate', 'Severe']",Normal:2|Mild+Moderate:4|Severe:2,True,,0,1.0,,,,,
noisy,three_merged,M8,LR,LOSO,cross-solve-same-head,8,4,"['Normal', 'Mild+Moderate', 'Severe']",Normal:2|Mild+Moderate:4|Severe:2,True,,0,1.0,,,,,
noisy,three_merged,M8,LSVM,LOSO,cross-solve-same-head,8,4,"['Normal', 'Mild+Moderate', 'Severe']",Normal:2|Mild+Moderate:4|Severe:2,True,,0,1.0,,,,,
noisy,three_merged,M8,RBF,LOSO,cross-solve-same-head,8,4,"['Normal', 'Mild+Moderate', 'Severe']",Normal:2|Mild+Moderate:4|Severe:2,True,,0,1.0,,,,,
noisy,three_merged,M8,kNN,LOSO,cross-solve-same-head,8,4,"['Normal', 'Mild+Moderate', 'Severe']",Normal:2|Mild+Moderate:4|Severe:2,True,,0,1.0,,,,,
noisy,three_merged,M8,ORD,LOSO,cross-solve-same-head,8,4,"['Normal', 'Mild+Moderate', 'Severe']",Normal:2|Mild+Moderate:4|Severe:2,True,,0,1.0,,,,,
noisy,three_merged,COMB,LDA,LOSO,cross-solve-same-head,8,3,"['Normal', 'Mild+Moderate', 'Severe']",Normal:2|Mild+Moderate:4|Severe:2,True,chosen M5.C2+M5.C+M6.A[3.40]×2; M5.C2+M6.A[3.35]+M6.A[3.70]×1; M5.C2+M6.A[3.60]+M6.A[3.55]×1; M5.C2+M5.C+M7.D2×1; M5.C2+M6.A[3.60]+M6.A[3.40]×1; M5.C2+M7.D2+M6.A[3.65]×1; M5.C2+M6.A[3.40]+M6.A[3.60]×1,0,1.0,,,,,
noisy,three_merged,COMB,LR,LOSO,cross-solve-same-head,8,3,"['Normal', 'Mild+Moderate', 'Severe']",Normal:2|Mild+Moderate:4|Severe:2,True,chosen M5.C2+M5.C+M6.A[3.40]×2; M5.C2+M6.A[3.35]+M6.A[3.70]×1; M5.C2+M6.A[3.60]+M6.A[3.55]×1; M5.C2+M5.C+M7.D2×1; M5.C2+M6.A[3.60]+M6.A[3.40]×1; M5.C2+M7.D2+M6.A[3.65]×1; M5.C2+M6.A[3.40]+M6.A[3.60]×1,0,1.0,,,,,
noisy,three_merged,COMB,LSVM,LOSO,cross-solve-same-head,8,3,"['Normal', 'Mild+Moderate', 'Severe']",Normal:2|Mild+Moderate:4|Severe:2,True,chosen M5.C2+M5.C+M6.A[3.40]×2; M5.C2+M6.A[3.35]+M6.A[3.70]×1; M5.C2+M6.A[3.60]+M6.A[3.55]×1; M5.C2+M5.C+M7.D2×1; M5.C2+M6.A[3.60]+M6.A[3.40]×1; M5.C2+M7.D2+M6.A[3.65]×1; M5.C2+M6.A[3.40]+M6.A[3.60]×1,0,1.0,,,,,
noisy,three_merged,COMB,RBF,LOSO,cross-solve-same-head,8,3,"['Normal', 'Mild+Moderate', 'Severe']",Normal:2|Mild+Moderate:4|Severe:2,True,chosen M5.C2+M5.C+M6.A[3.40]×2; M5.C2+M6.A[3.35]+M6.A[3.70]×1; M5.C2+M6.A[3.60]+M6.A[3.55]×1; M5.C2+M5.C+M7.D2×1; M5.C2+M6.A[3.60]+M6.A[3.40]×1; M5.C2+M7.D2+M6.A[3.65]×1; M5.C2+M6.A[3.40]+M6.A[3.60]×1,0,1.0,,,,,
noisy,three_merged,COMB,kNN,LOSO,cross-solve-same-head,8,3,"['Normal', 'Mild+Moderate', 'Severe']",Normal:2|Mild+Moderate:4|Severe:2,True,chosen M5.C2+M5.C+M6.A[3.40]×2; M5.C2+M6.A[3.35]+M6.A[3.70]×1; M5.C2+M6.A[3.60]+M6.A[3.55]×1; M5.C2+M5.C+M7.D2×1; M5.C2+M6.A[3.60]+M6.A[3.40]×1; M5.C2+M7.D2+M6.A[3.65]×1; M5.C2+M6.A[3.40]+M6.A[3.60]×1,0,1.0,,,,,
noisy,three_merged,COMB,ORD,LOSO,cross-solve-same-head,8,3,"['Normal', 'Mild+Moderate', 'Severe']",Normal:2|Mild+Moderate:4|Severe:2,True,chosen M5.C2+M5.C+M6.A[3.40]×2; M5.C2+M6.A[3.35]+M6.A[3.70]×1; M5.C2+M6.A[3.60]+M6.A[3.55]×1; M5.C2+M5.C+M7.D2×1; M5.C2+M6.A[3.60]+M6.A[3.40]×1; M5.C2+M7.D2+M6.A[3.65]×1; M5.C2+M6.A[3.40]+M6.A[3.60]×1,0,1.0,,,,,
noisy,three_merged,M9,LDA,LOSO,cross-solve-same-head,8,3618,"['Normal', 'Mild+Moderate', 'Severe']",Normal:2|Mild+Moderate:4|Severe:2,True,,0,1.0,,,,,
noisy,three_merged,M9,LR,LOSO,cross-solve-same-head,8,3618,"['Normal', 'Mild+Moderate', 'Severe']",Normal:2|Mild+Moderate:4|Severe:2,True,,0,1.0,,,,,
noisy,three_merged,M9,LSVM,LOSO,cross-solve-same-head,8,3618,"['Normal', 'Mild+Moderate', 'Severe']",Normal:2|Mild+Moderate:4|Severe:2,True,,0,1.0,,,,,
noisy,three_merged,M9,RBF,LOSO,cross-solve-same-head,8,3618,"['Normal', 'Mild+Moderate', 'Severe']",Normal:2|Mild+Moderate:4|Severe:2,True,,0,1.0,,,,,
noisy,three_merged,M9,kNN,LOSO,cross-solve-same-head,8,3618,"['Normal', 'Mild+Moderate', 'Severe']",Normal:2|Mild+Moderate:4|Severe:2,True,,0,1.0,,,,,
noisy,three_merged,M9,ORD,LOSO,cross-solve-same-head,8,3618,"['Normal', 'Mild+Moderate', 'Severe']",Normal:2|Mild+Moderate:4|Severe:2,True,,0,1.0,,,,,
noisy,three,M0,LDA,LOSO,cross-solve-same-head,6,1,"['Normal', 'Mild', 'Severe']",Normal:2|Mild:2|Severe:2,True,,0,1.0,,,,,
noisy,three,M0,LR,LOSO,cross-solve-same-head,6,1,"['Normal', 'Mild', 'Severe']",Normal:2|Mild:2|Severe:2,True,,0,1.0,,,,,
noisy,three,M0,LSVM,LOSO,cross-solve-same-head,6,1,"['Normal', 'Mild', 'Severe']",Normal:2|Mild:2|Severe:2,True,,0,1.0,,,,,
noisy,three,M0,RBF,LOSO,cross-solve-same-head,6,1,"['Normal', 'Mild', 'Severe']",Normal:2|Mild:2|Severe:2,True,,0,1.0,,,,,
noisy,three,M0,kNN,LOSO,cross-solve-same-head,6,1,"['Normal', 'Mild', 'Severe']",Normal:2|Mild:2|Severe:2,True,,0,1.0,,,,,
noisy,three,M0,ORD,LOSO,cross-solve-same-head,6,1,"['Normal', 'Mild', 'Severe']",Normal:2|Mild:2|Severe:2,True,,0,1.0,,,,,
noisy,three,M1,LDA,LOSO,cross-solve-same-head,6,1,"['Normal', 'Mild', 'Severe']",Normal:2|Mild:2|Severe:2,True,,0,1.0,,,,,
noisy,three,M1,LR,LOSO,cross-solve-same-head,6,1,"['Normal', 'Mild', 'Severe']",Normal:2|Mild:2|Severe:2,True,,0,1.0,,,,,
noisy,three,M1,LSVM,LOSO,cross-solve-same-head,6,1,"['Normal', 'Mild', 'Severe']",Normal:2|Mild:2|Severe:2,True,,0,1.0,,,,,
noisy,three,M1,RBF,LOSO,cross-solve-same-head,6,1,"['Normal', 'Mild', 'Severe']",Normal:2|Mild:2|Severe:2,True,,0,1.0,,,,,
noisy,three,M1,kNN,LOSO,cross-solve-same-head,6,1,"['Normal', 'Mild', 'Severe']",Normal:2|Mild:2|Severe:2,True,,0,1.0,,,,,
noisy,three,M1,ORD,LOSO,cross-solve-same-head,6,1,"['Normal', 'Mild', 'Severe']",Normal:2|Mild:2|Severe:2,True,,0,1.0,,,,,
noisy,three,M2,LDA,LOSO,cross-solve-same-head,6,1,"['Normal', 'Mild', 'Severe']",Normal:2|Mild:2|Severe:2,True,,0,1.0,,,,,
noisy,three,M2,LR,LOSO,cross-solve-same-head,6,1,"['Normal', 'Mild', 'Severe']",Normal:2|Mild:2|Severe:2,True,,0,1.0,,,,,
noisy,three,M2,LSVM,LOSO,cross-solve-same-head,6,1,"['Normal', 'Mild', 'Severe']",Normal:2|Mild:2|Severe:2,True,,0,1.0,,,,,
noisy,three,M2,RBF,LOSO,cross-solve-same-head,6,1,"['Normal', 'Mild', 'Severe']",Normal:2|Mild:2|Severe:2,True,,0,1.0,,,,,
noisy,three,M2,kNN,LOSO,cross-solve-same-head,6,1,"['Normal', 'Mild', 'Severe']",Normal:2|Mild:2|Severe:2,True,,0,1.0,,,,,
noisy,three,M2,ORD,LOSO,cross-solve-same-head,6,1,"['Normal', 'Mild', 'Severe']",Normal:2|Mild:2|Severe:2,True,,0,1.0,,,,,
noisy,three,M5,LDA,LOSO,cross-solve-same-head,6,4,"['Normal', 'Mild', 'Severe']",Normal:2|Mild:2|Severe:2,True,,0,1.0,,,,,
noisy,three,M5,LR,LOSO,cross-solve-same-head,6,4,"['Normal', 'Mild', 'Severe']",Normal:2|Mild:2|Severe:2,True,,0,1.0,,,,,
noisy,three,M5,LSVM,LOSO,cross-solve-same-head,6,4,"['Normal', 'Mild', 'Severe']",Normal:2|Mild:2|Severe:2,True,,0,1.0,,,,,
noisy,three,M5,RBF,LOSO,cross-solve-same-head,6,4,"['Normal', 'Mild', 'Severe']",Normal:2|Mild:2|Severe:2,True,,0,1.0,,,,,
noisy,three,M5,kNN,LOSO,cross-solve-same-head,6,4,"['Normal', 'Mild', 'Severe']",Normal:2|Mild:2|Severe:2,True,,0,1.0,,,,,
noisy,three,M5,ORD,LOSO,cross-solve-same-head,6,4,"['Normal', 'Mild', 'Severe']",Normal:2|Mild:2|Severe:2,True,,0,1.0,,,,,
noisy,three,M5.C3,LDA,LOSO,cross-solve-same-head,6,1,"['Normal', 'Mild', 'Severe']",Normal:2|Mild:2|Severe:2,True,,0,1.0,,,,,
noisy,three,M5.C3,LR,LOSO,cross-solve-same-head,6,1,"['Normal', 'Mild', 'Severe']",Normal:2|Mild:2|Severe:2,True,,0,1.0,,,,,
noisy,three,M5.C3,LSVM,LOSO,cross-solve-same-head,6,1,"['Normal', 'Mild', 'Severe']",Normal:2|Mild:2|Severe:2,True,,0,1.0,,,,,
noisy,three,M5.C3,RBF,LOSO,cross-solve-same-head,6,1,"['Normal', 'Mild', 'Severe']",Normal:2|Mild:2|Severe:2,True,,0,1.0,,,,,
noisy,three,M5.C3,kNN,LOSO,cross-solve-same-head,6,1,"['Normal', 'Mild', 'Severe']",Normal:2|Mild:2|Severe:2,True,,0,1.0,,,,,
noisy,three,M5.C3,ORD,LOSO,cross-solve-same-head,6,1,"['Normal', 'Mild', 'Severe']",Normal:2|Mild:2|Severe:2,True,,0,1.0,,,,,
noisy,three,M5.C3[k3],LDA,LOSO,cross-solve-same-head,6,1,"['Normal', 'Mild', 'Severe']",Normal:2|Mild:2|Severe:2,True,,0,1.0,,,,,
noisy,three,M5.C3[k3],LR,LOSO,cross-solve-same-head,6,1,"['Normal', 'Mild', 'Severe']",Normal:2|Mild:2|Severe:2,True,,0,1.0,,,,,
noisy,three,M5.C3[k3],LSVM,LOSO,cross-solve-same-head,6,1,"['Normal', 'Mild', 'Severe']",Normal:2|Mild:2|Severe:2,True,,0,1.0,,,,,
noisy,three,M5.C3[k3],RBF,LOSO,cross-solve-same-head,6,1,"['Normal', 'Mild', 'Severe']",Normal:2|Mild:2|Severe:2,True,,0,1.0,,,,,
noisy,three,M5.C3[k3],kNN,LOSO,cross-solve-same-head,6,1,"['Normal', 'Mild', 'Severe']",Normal:2|Mild:2|Severe:2,True,,0,1.0,,,,,
noisy,three,M5.C3[k3],ORD,LOSO,cross-solve-same-head,6,1,"['Normal', 'Mild', 'Severe']",Normal:2|Mild:2|Severe:2,True,,0,1.0,,,,,
noisy,three,M5.C3[nested],LDA,LOSO,cross-solve-same-head,6,1,"['Normal', 'Mild', 'Severe']",Normal:2|Mild:2|Severe:2,True,"windows 3.60-3.90×2, 3.60-3.70×1, 3.50-3.70×1, 3.80-3.90×1, 3.55-3.65×1",0,1.0,,,,,
noisy,three,M5.C3[nested],LR,LOSO,cross-solve-same-head,6,1,"['Normal', 'Mild', 'Severe']",Normal:2|Mild:2|Severe:2,True,"windows 3.60-3.90×2, 3.60-3.70×1, 3.50-3.70×1, 3.80-3.90×1, 3.55-3.65×1",0,1.0,,,,,
noisy,three,M5.C3[nested],LSVM,LOSO,cross-solve-same-head,6,1,"['Normal', 'Mild', 'Severe']",Normal:2|Mild:2|Severe:2,True,"windows 3.60-3.90×2, 3.60-3.70×1, 3.50-3.70×1, 3.80-3.90×1, 3.55-3.65×1",0,1.0,,,,,
noisy,three,M5.C3[nested],RBF,LOSO,cross-solve-same-head,6,1,"['Normal', 'Mild', 'Severe']",Normal:2|Mild:2|Severe:2,True,"windows 3.60-3.90×2, 3.60-3.70×1, 3.50-3.70×1, 3.80-3.90×1, 3.55-3.65×1",0,1.0,,,,,
noisy,three,M5.C3[nested],kNN,LOSO,cross-solve-same-head,6,1,"['Normal', 'Mild', 'Severe']",Normal:2|Mild:2|Severe:2,True,"windows 3.60-3.90×2, 3.60-3.70×1, 3.50-3.70×1, 3.80-3.90×1, 3.55-3.65×1",0,1.0,,,,,
noisy,three,M5.C3[nested],ORD,LOSO,cross-solve-same-head,6,1,"['Normal', 'Mild', 'Severe']",Normal:2|Mild:2|Severe:2,True,"windows 3.60-3.90×2, 3.60-3.70×1, 3.50-3.70×1, 3.80-3.90×1, 3.55-3.65×1",0,1.0,,,,,
noisy,three,M6,LDA,LOSO,cross-solve-same-head,6,22,"['Normal', 'Mild', 'Severe']",Normal:2|Mild:2|Severe:2,True,,0,1.0,,,,,
noisy,three,M6,LR,LOSO,cross-solve-same-head,6,22,"['Normal', 'Mild', 'Severe']",Normal:2|Mild:2|Severe:2,True,,0,1.0,,,,,
noisy,three,M6,LSVM,LOSO,cross-solve-same-head,6,22,"['Normal', 'Mild', 'Severe']",Normal:2|Mild:2|Severe:2,True,,0,1.0,,,,,
noisy,three,M6,RBF,LOSO,cross-solve-same-head,6,22,"['Normal', 'Mild', 'Severe']",Normal:2|Mild:2|Severe:2,True,,0,1.0,,,,,
noisy,three,M6,kNN,LOSO,cross-solve-same-head,6,22,"['Normal', 'Mild', 'Severe']",Normal:2|Mild:2|Severe:2,True,,0,1.0,,,,,
noisy,three,M6,ORD,LOSO,cross-solve-same-head,6,22,"['Normal', 'Mild', 'Severe']",Normal:2|Mild:2|Severe:2,True,,0,1.0,,,,,
noisy,three,M7,LDA,LOSO,cross-solve-same-head,6,6,"['Normal', 'Mild', 'Severe']",Normal:2|Mild:2|Severe:2,True,,0,1.0,,,,,
noisy,three,M7,LR,LOSO,cross-solve-same-head,6,6,"['Normal', 'Mild', 'Severe']",Normal:2|Mild:2|Severe:2,True,,0,1.0,,,,,
noisy,three,M7,LSVM,LOSO,cross-solve-same-head,6,6,"['Normal', 'Mild', 'Severe']",Normal:2|Mild:2|Severe:2,True,,0,1.0,,,,,
noisy,three,M7,RBF,LOSO,cross-solve-same-head,6,6,"['Normal', 'Mild', 'Severe']",Normal:2|Mild:2|Severe:2,True,,0,1.0,,,,,
noisy,three,M7,kNN,LOSO,cross-solve-same-head,6,6,"['Normal', 'Mild', 'Severe']",Normal:2|Mild:2|Severe:2,True,,0,1.0,,,,,
noisy,three,M7,ORD,LOSO,cross-solve-same-head,6,6,"['Normal', 'Mild', 'Severe']",Normal:2|Mild:2|Severe:2,True,,0,1.0,,,,,
noisy,three,M8,LDA,LOSO,cross-solve-same-head,6,4,"['Normal', 'Mild', 'Severe']",Normal:2|Mild:2|Severe:2,True,,0,1.0,,,,,
noisy,three,M8,LR,LOSO,cross-solve-same-head,6,4,"['Normal', 'Mild', 'Severe']",Normal:2|Mild:2|Severe:2,True,,0,1.0,,,,,
noisy,three,M8,LSVM,LOSO,cross-solve-same-head,6,4,"['Normal', 'Mild', 'Severe']",Normal:2|Mild:2|Severe:2,True,,0,1.0,,,,,
noisy,three,M8,RBF,LOSO,cross-solve-same-head,6,4,"['Normal', 'Mild', 'Severe']",Normal:2|Mild:2|Severe:2,True,,0,1.0,,,,,
noisy,three,M8,kNN,LOSO,cross-solve-same-head,6,4,"['Normal', 'Mild', 'Severe']",Normal:2|Mild:2|Severe:2,True,,0,1.0,,,,,
noisy,three,M8,ORD,LOSO,cross-solve-same-head,6,4,"['Normal', 'Mild', 'Severe']",Normal:2|Mild:2|Severe:2,True,,0,1.0,,,,,
noisy,three,COMB,LDA,LOSO,cross-solve-same-head,6,3,"['Normal', 'Mild', 'Severe']",Normal:2|Mild:2|Severe:2,True,chosen M5.C2+M5.C+M6.A[3.40]×1; M5.C2+M6.A[3.35]+M6.A[3.60]×1; M5.C2+M5.C3+M6.A[3.65]×1; M5.C2+M5.C1+M7.D2×1; M5.C2+M7.D2+M6.A[3.65]×1; M5.C2+M6.A[3.60]+M6.A[3.40]×1,0,1.0,,,,,
noisy,three,COMB,LR,LOSO,cross-solve-same-head,6,3,"['Normal', 'Mild', 'Severe']",Normal:2|Mild:2|Severe:2,True,chosen M5.C2+M5.C+M6.A[3.40]×1; M5.C2+M6.A[3.35]+M6.A[3.60]×1; M5.C2+M5.C3+M6.A[3.65]×1; M5.C2+M5.C1+M7.D2×1; M5.C2+M7.D2+M6.A[3.65]×1; M5.C2+M6.A[3.60]+M6.A[3.40]×1,0,1.0,,,,,
noisy,three,COMB,LSVM,LOSO,cross-solve-same-head,6,3,"['Normal', 'Mild', 'Severe']",Normal:2|Mild:2|Severe:2,True,chosen M5.C2+M5.C+M6.A[3.40]×1; M5.C2+M6.A[3.35]+M6.A[3.60]×1; M5.C2+M5.C3+M6.A[3.65]×1; M5.C2+M5.C1+M7.D2×1; M5.C2+M7.D2+M6.A[3.65]×1; M5.C2+M6.A[3.60]+M6.A[3.40]×1,0,1.0,,,,,
noisy,three,COMB,RBF,LOSO,cross-solve-same-head,6,3,"['Normal', 'Mild', 'Severe']",Normal:2|Mild:2|Severe:2,True,chosen M5.C2+M5.C+M6.A[3.40]×1; M5.C2+M6.A[3.35]+M6.A[3.60]×1; M5.C2+M5.C3+M6.A[3.65]×1; M5.C2+M5.C1+M7.D2×1; M5.C2+M7.D2+M6.A[3.65]×1; M5.C2+M6.A[3.60]+M6.A[3.40]×1,0,1.0,,,,,
noisy,three,COMB,kNN,LOSO,cross-solve-same-head,6,3,"['Normal', 'Mild', 'Severe']",Normal:2|Mild:2|Severe:2,True,chosen M5.C2+M5.C+M6.A[3.40]×1; M5.C2+M6.A[3.35]+M6.A[3.60]×1; M5.C2+M5.C3+M6.A[3.65]×1; M5.C2+M5.C1+M7.D2×1; M5.C2+M7.D2+M6.A[3.65]×1; M5.C2+M6.A[3.60]+M6.A[3.40]×1,0,1.0,,,,,
noisy,three,COMB,ORD,LOSO,cross-solve-same-head,6,3,"['Normal', 'Mild', 'Severe']",Normal:2|Mild:2|Severe:2,True,chosen M5.C2+M5.C+M6.A[3.40]×1; M5.C2+M6.A[3.35]+M6.A[3.60]×1; M5.C2+M5.C3+M6.A[3.65]×1; M5.C2+M5.C1+M7.D2×1; M5.C2+M7.D2+M6.A[3.65]×1; M5.C2+M6.A[3.60]+M6.A[3.40]×1,0,1.0,,,,,
noisy,three,M9,LDA,LOSO,cross-solve-same-head,6,3618,"['Normal', 'Mild', 'Severe']",Normal:2|Mild:2|Severe:2,True,,0,1.0,,,,,
noisy,three,M9,LR,LOSO,cross-solve-same-head,6,3618,"['Normal', 'Mild', 'Severe']",Normal:2|Mild:2|Severe:2,True,,0,1.0,,,,,
noisy,three,M9,LSVM,LOSO,cross-solve-same-head,6,3618,"['Normal', 'Mild', 'Severe']",Normal:2|Mild:2|Severe:2,True,,0,1.0,,,,,
noisy,three,M9,RBF,LOSO,cross-solve-same-head,6,3618,"['Normal', 'Mild', 'Severe']",Normal:2|Mild:2|Severe:2,True,,0,1.0,,,,,
noisy,three,M9,kNN,LOSO,cross-solve-same-head,6,3618,"['Normal', 'Mild', 'Severe']",Normal:2|Mild:2|Severe:2,True,,0,1.0,,,,,
noisy,three,M9,ORD,LOSO,cross-solve-same-head,6,3618,"['Normal', 'Mild', 'Severe']",Normal:2|Mild:2|Severe:2,True,,0,1.0,,,,,
noisy,binary_early,M0,LDA,LODO+LOSO-within-class,noise-robustness-only,6,1,"['Normal', 'MCI']",Normal:2|MCI:1,False,,0,1.0,,,,,
noisy,binary_early,M0,LR,LODO+LOSO-within-class,noise-robustness-only,6,1,"['Normal', 'MCI']",Normal:2|MCI:1,False,,0,1.0,,,,,
noisy,binary_early,M0,LSVM,LODO+LOSO-within-class,noise-robustness-only,6,1,"['Normal', 'MCI']",Normal:2|MCI:1,False,,0,1.0,,,,,
noisy,binary_early,M0,RBF,LODO+LOSO-within-class,noise-robustness-only,6,1,"['Normal', 'MCI']",Normal:2|MCI:1,False,,0,1.0,,,,,
noisy,binary_early,M0,kNN,LODO+LOSO-within-class,noise-robustness-only,6,1,"['Normal', 'MCI']",Normal:2|MCI:1,False,,0,1.0,,,,,
noisy,binary_early,M0,ORD,LODO+LOSO-within-class,noise-robustness-only,6,1,"['Normal', 'MCI']",Normal:2|MCI:1,False,,0,1.0,,,,,
noisy,binary_early,M0,THR,LODO+LOSO-within-class,noise-robustness-only,6,1,"['Normal', 'MCI']",Normal:2|MCI:1,False,,0,1.0,,,,,
noisy,binary_early,M1,LDA,LODO+LOSO-within-class,noise-robustness-only,6,1,"['Normal', 'MCI']",Normal:2|MCI:1,False,,0,1.0,,,,,
noisy,binary_early,M1,LR,LODO+LOSO-within-class,noise-robustness-only,6,1,"['Normal', 'MCI']",Normal:2|MCI:1,False,,0,1.0,,,,,
noisy,binary_early,M1,LSVM,LODO+LOSO-within-class,noise-robustness-only,6,1,"['Normal', 'MCI']",Normal:2|MCI:1,False,,0,1.0,,,,,
noisy,binary_early,M1,RBF,LODO+LOSO-within-class,noise-robustness-only,6,1,"['Normal', 'MCI']",Normal:2|MCI:1,False,,0,1.0,,,,,
noisy,binary_early,M1,kNN,LODO+LOSO-within-class,noise-robustness-only,6,1,"['Normal', 'MCI']",Normal:2|MCI:1,False,,0,1.0,,,,,
noisy,binary_early,M1,ORD,LODO+LOSO-within-class,noise-robustness-only,6,1,"['Normal', 'MCI']",Normal:2|MCI:1,False,,0,1.0,,,,,
noisy,binary_early,M1,THR,LODO+LOSO-within-class,noise-robustness-only,6,1,"['Normal', 'MCI']",Normal:2|MCI:1,False,,0,1.0,,,,,
noisy,binary_early,M2,LDA,LODO+LOSO-within-class,noise-robustness-only,6,1,"['Normal', 'MCI']",Normal:2|MCI:1,False,,0,1.0,,,,,
noisy,binary_early,M2,LR,LODO+LOSO-within-class,noise-robustness-only,6,1,"['Normal', 'MCI']",Normal:2|MCI:1,False,,0,1.0,,,,,
noisy,binary_early,M2,LSVM,LODO+LOSO-within-class,noise-robustness-only,6,1,"['Normal', 'MCI']",Normal:2|MCI:1,False,,0,1.0,,,,,
noisy,binary_early,M2,RBF,LODO+LOSO-within-class,noise-robustness-only,6,1,"['Normal', 'MCI']",Normal:2|MCI:1,False,,0,1.0,,,,,
noisy,binary_early,M2,kNN,LODO+LOSO-within-class,noise-robustness-only,6,1,"['Normal', 'MCI']",Normal:2|MCI:1,False,,0,1.0,,,,,
noisy,binary_early,M2,ORD,LODO+LOSO-within-class,noise-robustness-only,6,1,"['Normal', 'MCI']",Normal:2|MCI:1,False,,0,1.0,,,,,
noisy,binary_early,M2,THR,LODO+LOSO-within-class,noise-robustness-only,6,1,"['Normal', 'MCI']",Normal:2|MCI:1,False,,0,1.0,,,,,
noisy,binary_early,M5,LDA,LODO+LOSO-within-class,noise-robustness-only,6,4,"['Normal', 'MCI']",Normal:2|MCI:1,False,,0,1.0,,,,,
noisy,binary_early,M5,LR,LODO+LOSO-within-class,noise-robustness-only,6,4,"['Normal', 'MCI']",Normal:2|MCI:1,False,,0,1.0,,,,,
noisy,binary_early,M5,LSVM,LODO+LOSO-within-class,noise-robustness-only,6,4,"['Normal', 'MCI']",Normal:2|MCI:1,False,,0,1.0,,,,,
noisy,binary_early,M5,RBF,LODO+LOSO-within-class,noise-robustness-only,6,4,"['Normal', 'MCI']",Normal:2|MCI:1,False,,0,1.0,,,,,
noisy,binary_early,M5,kNN,LODO+LOSO-within-class,noise-robustness-only,6,4,"['Normal', 'MCI']",Normal:2|MCI:1,False,,0,1.0,,,,,
noisy,binary_early,M5,ORD,LODO+LOSO-within-class,noise-robustness-only,6,4,"['Normal', 'MCI']",Normal:2|MCI:1,False,,0,1.0,,,,,
noisy,binary_early,M5.C3,LDA,LODO+LOSO-within-class,noise-robustness-only,6,1,"['Normal', 'MCI']",Normal:2|MCI:1,False,,0,1.0,,,,,
noisy,binary_early,M5.C3,LR,LODO+LOSO-within-class,noise-robustness-only,6,1,"['Normal', 'MCI']",Normal:2|MCI:1,False,,0,1.0,,,,,
noisy,binary_early,M5.C3,LSVM,LODO+LOSO-within-class,noise-robustness-only,6,1,"['Normal', 'MCI']",Normal:2|MCI:1,False,,0,1.0,,,,,
noisy,binary_early,M5.C3,RBF,LODO+LOSO-within-class,noise-robustness-only,6,1,"['Normal', 'MCI']",Normal:2|MCI:1,False,,0,1.0,,,,,
noisy,binary_early,M5.C3,kNN,LODO+LOSO-within-class,noise-robustness-only,6,1,"['Normal', 'MCI']",Normal:2|MCI:1,False,,0,1.0,,,,,
noisy,binary_early,M5.C3,ORD,LODO+LOSO-within-class,noise-robustness-only,6,1,"['Normal', 'MCI']",Normal:2|MCI:1,False,,0,1.0,,,,,
noisy,binary_early,M5.C3,THR,LODO+LOSO-within-class,noise-robustness-only,6,1,"['Normal', 'MCI']",Normal:2|MCI:1,False,,0,1.0,,,,,
noisy,binary_early,M5.C3[k3],LDA,LODO+LOSO-within-class,noise-robustness-only,6,1,"['Normal', 'MCI']",Normal:2|MCI:1,False,,0,1.0,,,,,
noisy,binary_early,M5.C3[k3],LR,LODO+LOSO-within-class,noise-robustness-only,6,1,"['Normal', 'MCI']",Normal:2|MCI:1,False,,0,1.0,,,,,
noisy,binary_early,M5.C3[k3],LSVM,LODO+LOSO-within-class,noise-robustness-only,6,1,"['Normal', 'MCI']",Normal:2|MCI:1,False,,0,1.0,,,,,
noisy,binary_early,M5.C3[k3],RBF,LODO+LOSO-within-class,noise-robustness-only,6,1,"['Normal', 'MCI']",Normal:2|MCI:1,False,,0,1.0,,,,,
noisy,binary_early,M5.C3[k3],kNN,LODO+LOSO-within-class,noise-robustness-only,6,1,"['Normal', 'MCI']",Normal:2|MCI:1,False,,0,1.0,,,,,
noisy,binary_early,M5.C3[k3],ORD,LODO+LOSO-within-class,noise-robustness-only,6,1,"['Normal', 'MCI']",Normal:2|MCI:1,False,,0,1.0,,,,,
noisy,binary_early,M5.C3[k3],THR,LODO+LOSO-within-class,noise-robustness-only,6,1,"['Normal', 'MCI']",Normal:2|MCI:1,False,,0,1.0,,,,,
noisy,binary_early,M5.C3[nested],LDA,LODO+LOSO-within-class,noise-robustness-only,6,1,"['Normal', 'MCI']",Normal:2|MCI:1,False,"windows 3.60-3.70×5, 3.80-4.10×1",0,1.0,,,,,
noisy,binary_early,M5.C3[nested],LR,LODO+LOSO-within-class,noise-robustness-only,6,1,"['Normal', 'MCI']",Normal:2|MCI:1,False,"windows 3.60-3.70×5, 3.80-4.10×1",0,1.0,,,,,
noisy,binary_early,M5.C3[nested],LSVM,LODO+LOSO-within-class,noise-robustness-only,6,1,"['Normal', 'MCI']",Normal:2|MCI:1,False,"windows 3.60-3.70×5, 3.80-4.10×1",0,1.0,,,,,
noisy,binary_early,M5.C3[nested],RBF,LODO+LOSO-within-class,noise-robustness-only,6,1,"['Normal', 'MCI']",Normal:2|MCI:1,False,"windows 3.60-3.70×5, 3.80-4.10×1",0,1.0,,,,,
noisy,binary_early,M5.C3[nested],kNN,LODO+LOSO-within-class,noise-robustness-only,6,1,"['Normal', 'MCI']",Normal:2|MCI:1,False,"windows 3.60-3.70×5, 3.80-4.10×1",0,1.0,,,,,
noisy,binary_early,M5.C3[nested],ORD,LODO+LOSO-within-class,noise-robustness-only,6,1,"['Normal', 'MCI']",Normal:2|MCI:1,False,"windows 3.60-3.70×5, 3.80-4.10×1",0,1.0,,,,,
noisy,binary_early,M5.C3[nested],THR,LODO+LOSO-within-class,noise-robustness-only,6,1,"['Normal', 'MCI']",Normal:2|MCI:1,False,"windows 3.60-3.70×5, 3.80-4.10×1",0,1.0,,,,,
noisy,binary_early,M6,LDA,LODO+LOSO-within-class,noise-robustness-only,6,22,"['Normal', 'MCI']",Normal:2|MCI:1,False,,0,1.0,,,,,
noisy,binary_early,M6,LR,LODO+LOSO-within-class,noise-robustness-only,6,22,"['Normal', 'MCI']",Normal:2|MCI:1,False,,0,1.0,,,,,
noisy,binary_early,M6,LSVM,LODO+LOSO-within-class,noise-robustness-only,6,22,"['Normal', 'MCI']",Normal:2|MCI:1,False,,0,1.0,,,,,
noisy,binary_early,M6,RBF,LODO+LOSO-within-class,noise-robustness-only,6,22,"['Normal', 'MCI']",Normal:2|MCI:1,False,,0,1.0,,,,,
noisy,binary_early,M6,kNN,LODO+LOSO-within-class,noise-robustness-only,6,22,"['Normal', 'MCI']",Normal:2|MCI:1,False,,0,1.0,,,,,
noisy,binary_early,M6,ORD,LODO+LOSO-within-class,noise-robustness-only,6,22,"['Normal', 'MCI']",Normal:2|MCI:1,False,,0,1.0,,,,,
noisy,binary_early,M7,LDA,LODO+LOSO-within-class,noise-robustness-only,6,6,"['Normal', 'MCI']",Normal:2|MCI:1,False,,0,1.0,,,,,
noisy,binary_early,M7,LR,LODO+LOSO-within-class,noise-robustness-only,6,6,"['Normal', 'MCI']",Normal:2|MCI:1,False,,0,1.0,,,,,
noisy,binary_early,M7,LSVM,LODO+LOSO-within-class,noise-robustness-only,6,6,"['Normal', 'MCI']",Normal:2|MCI:1,False,,0,1.0,,,,,
noisy,binary_early,M7,RBF,LODO+LOSO-within-class,noise-robustness-only,6,6,"['Normal', 'MCI']",Normal:2|MCI:1,False,,0,1.0,,,,,
noisy,binary_early,M7,kNN,LODO+LOSO-within-class,noise-robustness-only,6,6,"['Normal', 'MCI']",Normal:2|MCI:1,False,,0,1.0,,,,,
noisy,binary_early,M7,ORD,LODO+LOSO-within-class,noise-robustness-only,6,6,"['Normal', 'MCI']",Normal:2|MCI:1,False,,0,1.0,,,,,
noisy,binary_early,M8,LDA,LODO+LOSO-within-class,noise-robustness-only,6,4,"['Normal', 'MCI']",Normal:2|MCI:1,False,,0,1.0,,,,,
noisy,binary_early,M8,LR,LODO+LOSO-within-class,noise-robustness-only,6,4,"['Normal', 'MCI']",Normal:2|MCI:1,False,,0,1.0,,,,,
noisy,binary_early,M8,LSVM,LODO+LOSO-within-class,noise-robustness-only,6,4,"['Normal', 'MCI']",Normal:2|MCI:1,False,,0,1.0,,,,,
noisy,binary_early,M8,RBF,LODO+LOSO-within-class,noise-robustness-only,6,4,"['Normal', 'MCI']",Normal:2|MCI:1,False,,0,1.0,,,,,
noisy,binary_early,M8,kNN,LODO+LOSO-within-class,noise-robustness-only,6,4,"['Normal', 'MCI']",Normal:2|MCI:1,False,,0,1.0,,,,,
noisy,binary_early,M8,ORD,LODO+LOSO-within-class,noise-robustness-only,6,4,"['Normal', 'MCI']",Normal:2|MCI:1,False,,0,1.0,,,,,
noisy,binary_early,COMB,LDA,LODO+LOSO-within-class,noise-robustness-only,6,3,"['Normal', 'MCI']",Normal:2|MCI:1,False,chosen M6.A[3.60]+M6.A[3.45]+M6.A[3.55]×2; M6.A[3.60]+M6.A[3.50]+M7.D2×2; M6.A[3.60]+M6.A[3.45]+M6.A[3.50]×1; M6.A[3.60]+M6.A[3.80]+M7.D2×1,0,1.0,,,,,
noisy,binary_early,COMB,LR,LODO+LOSO-within-class,noise-robustness-only,6,3,"['Normal', 'MCI']",Normal:2|MCI:1,False,chosen M6.A[3.60]+M6.A[3.45]+M6.A[3.55]×2; M6.A[3.60]+M6.A[3.50]+M7.D2×2; M6.A[3.60]+M6.A[3.45]+M6.A[3.50]×1; M6.A[3.60]+M6.A[3.80]+M7.D2×1,0,1.0,,,,,
noisy,binary_early,COMB,LSVM,LODO+LOSO-within-class,noise-robustness-only,6,3,"['Normal', 'MCI']",Normal:2|MCI:1,False,chosen M6.A[3.60]+M6.A[3.45]+M6.A[3.55]×2; M6.A[3.60]+M6.A[3.50]+M7.D2×2; M6.A[3.60]+M6.A[3.45]+M6.A[3.50]×1; M6.A[3.60]+M6.A[3.80]+M7.D2×1,0,1.0,,,,,
noisy,binary_early,COMB,RBF,LODO+LOSO-within-class,noise-robustness-only,6,3,"['Normal', 'MCI']",Normal:2|MCI:1,False,chosen M6.A[3.60]+M6.A[3.45]+M6.A[3.55]×2; M6.A[3.60]+M6.A[3.50]+M7.D2×2; M6.A[3.60]+M6.A[3.45]+M6.A[3.50]×1; M6.A[3.60]+M6.A[3.80]+M7.D2×1,0,1.0,,,,,
noisy,binary_early,COMB,kNN,LODO+LOSO-within-class,noise-robustness-only,6,3,"['Normal', 'MCI']",Normal:2|MCI:1,False,chosen M6.A[3.60]+M6.A[3.45]+M6.A[3.55]×2; M6.A[3.60]+M6.A[3.50]+M7.D2×2; M6.A[3.60]+M6.A[3.45]+M6.A[3.50]×1; M6.A[3.60]+M6.A[3.80]+M7.D2×1,0,1.0,,,,,
noisy,binary_early,COMB,ORD,LODO+LOSO-within-class,noise-robustness-only,6,3,"['Normal', 'MCI']",Normal:2|MCI:1,False,chosen M6.A[3.60]+M6.A[3.45]+M6.A[3.55]×2; M6.A[3.60]+M6.A[3.50]+M7.D2×2; M6.A[3.60]+M6.A[3.45]+M6.A[3.50]×1; M6.A[3.60]+M6.A[3.80]+M7.D2×1,0,1.0,,,,,
noisy,binary_early,M9,LDA,LODO+LOSO-within-class,noise-robustness-only,6,3618,"['Normal', 'MCI']",Normal:2|MCI:1,False,,0,1.0,,,,,
noisy,binary_early,M9,LR,LODO+LOSO-within-class,noise-robustness-only,6,3618,"['Normal', 'MCI']",Normal:2|MCI:1,False,,0,1.0,,,,,
noisy,binary_early,M9,LSVM,LODO+LOSO-within-class,noise-robustness-only,6,3618,"['Normal', 'MCI']",Normal:2|MCI:1,False,,0,1.0,,,,,
noisy,binary_early,M9,RBF,LODO+LOSO-within-class,noise-robustness-only,6,3618,"['Normal', 'MCI']",Normal:2|MCI:1,False,,0,1.0,,,,,
noisy,binary_early,M9,kNN,LODO+LOSO-within-class,noise-robustness-only,6,3618,"['Normal', 'MCI']",Normal:2|MCI:1,False,,0,1.0,,,,,
noisy,binary_early,M9,ORD,LODO+LOSO-within-class,noise-robustness-only,6,3618,"['Normal', 'MCI']",Normal:2|MCI:1,False,,0,1.0,,,,,
very_noisy,binary,M0,LDA,LOSO,cross-solve-same-head,8,1,"['Normal', 'AD']",Normal:2|AD:6,False,,0,1.0,,,,,
very_noisy,binary,M0,LR,LOSO,cross-solve-same-head,8,1,"['Normal', 'AD']",Normal:2|AD:6,False,,0,1.0,,,,,
very_noisy,binary,M0,LSVM,LOSO,cross-solve-same-head,8,1,"['Normal', 'AD']",Normal:2|AD:6,False,,0,1.0,,,,,
very_noisy,binary,M0,RBF,LOSO,cross-solve-same-head,8,1,"['Normal', 'AD']",Normal:2|AD:6,False,,0,1.0,,,,,
very_noisy,binary,M0,kNN,LOSO,cross-solve-same-head,8,1,"['Normal', 'AD']",Normal:2|AD:6,False,,0,1.0,,,,,
very_noisy,binary,M0,ORD,LOSO,cross-solve-same-head,8,1,"['Normal', 'AD']",Normal:2|AD:6,False,,0,1.0,,,,,
very_noisy,binary,M0,THR,LOSO,cross-solve-same-head,8,1,"['Normal', 'AD']",Normal:2|AD:6,False,,0,1.0,,,,,
very_noisy,binary,M1,LDA,LOSO,cross-solve-same-head,8,1,"['Normal', 'AD']",Normal:2|AD:6,False,,0,1.0,,,,,
very_noisy,binary,M1,LR,LOSO,cross-solve-same-head,8,1,"['Normal', 'AD']",Normal:2|AD:6,False,,0,1.0,,,,,
very_noisy,binary,M1,LSVM,LOSO,cross-solve-same-head,8,1,"['Normal', 'AD']",Normal:2|AD:6,False,,0,1.0,,,,,
very_noisy,binary,M1,RBF,LOSO,cross-solve-same-head,8,1,"['Normal', 'AD']",Normal:2|AD:6,False,,0,1.0,,,,,
very_noisy,binary,M1,kNN,LOSO,cross-solve-same-head,8,1,"['Normal', 'AD']",Normal:2|AD:6,False,,0,1.0,,,,,
very_noisy,binary,M1,ORD,LOSO,cross-solve-same-head,8,1,"['Normal', 'AD']",Normal:2|AD:6,False,,0,1.0,,,,,
very_noisy,binary,M1,THR,LOSO,cross-solve-same-head,8,1,"['Normal', 'AD']",Normal:2|AD:6,False,,0,1.0,,,,,
very_noisy,binary,M2,LDA,LOSO,cross-solve-same-head,8,1,"['Normal', 'AD']",Normal:2|AD:6,False,,0,1.0,,,,,
very_noisy,binary,M2,LR,LOSO,cross-solve-same-head,8,1,"['Normal', 'AD']",Normal:2|AD:6,False,,0,1.0,,,,,
very_noisy,binary,M2,LSVM,LOSO,cross-solve-same-head,8,1,"['Normal', 'AD']",Normal:2|AD:6,False,,0,1.0,,,,,
very_noisy,binary,M2,RBF,LOSO,cross-solve-same-head,8,1,"['Normal', 'AD']",Normal:2|AD:6,False,,0,1.0,,,,,
very_noisy,binary,M2,kNN,LOSO,cross-solve-same-head,8,1,"['Normal', 'AD']",Normal:2|AD:6,False,,0,1.0,,,,,
very_noisy,binary,M2,ORD,LOSO,cross-solve-same-head,8,1,"['Normal', 'AD']",Normal:2|AD:6,False,,0,1.0,,,,,
very_noisy,binary,M2,THR,LOSO,cross-solve-same-head,8,1,"['Normal', 'AD']",Normal:2|AD:6,False,,0,1.0,,,,,
very_noisy,binary,M5,LDA,LOSO,cross-solve-same-head,8,4,"['Normal', 'AD']",Normal:2|AD:6,False,,0,1.0,,,,,
very_noisy,binary,M5,LR,LOSO,cross-solve-same-head,8,4,"['Normal', 'AD']",Normal:2|AD:6,False,,0,1.0,,,,,
very_noisy,binary,M5,LSVM,LOSO,cross-solve-same-head,8,4,"['Normal', 'AD']",Normal:2|AD:6,False,,0,1.0,,,,,
very_noisy,binary,M5,RBF,LOSO,cross-solve-same-head,8,4,"['Normal', 'AD']",Normal:2|AD:6,False,,0,1.0,,,,,
very_noisy,binary,M5,kNN,LOSO,cross-solve-same-head,8,4,"['Normal', 'AD']",Normal:2|AD:6,False,,0,1.0,,,,,
very_noisy,binary,M5,ORD,LOSO,cross-solve-same-head,8,4,"['Normal', 'AD']",Normal:2|AD:6,False,,0,1.0,,,,,
very_noisy,binary,M5.C3,LDA,LOSO,cross-solve-same-head,8,1,"['Normal', 'AD']",Normal:2|AD:6,False,,0,1.0,,,,,
very_noisy,binary,M5.C3,LR,LOSO,cross-solve-same-head,8,1,"['Normal', 'AD']",Normal:2|AD:6,False,,0,1.0,,,,,
very_noisy,binary,M5.C3,LSVM,LOSO,cross-solve-same-head,8,1,"['Normal', 'AD']",Normal:2|AD:6,False,,0,1.0,,,,,
very_noisy,binary,M5.C3,RBF,LOSO,cross-solve-same-head,8,1,"['Normal', 'AD']",Normal:2|AD:6,False,,0,1.0,,,,,
very_noisy,binary,M5.C3,kNN,LOSO,cross-solve-same-head,8,1,"['Normal', 'AD']",Normal:2|AD:6,False,,0,1.0,,,,,
very_noisy,binary,M5.C3,ORD,LOSO,cross-solve-same-head,8,1,"['Normal', 'AD']",Normal:2|AD:6,False,,0,1.0,,,,,
very_noisy,binary,M5.C3,THR,LOSO,cross-solve-same-head,8,1,"['Normal', 'AD']",Normal:2|AD:6,False,,0,1.0,,,,,
very_noisy,binary,M5.C3[k3],LDA,LOSO,cross-solve-same-head,8,1,"['Normal', 'AD']",Normal:2|AD:6,False,,0,1.0,,,,,
very_noisy,binary,M5.C3[k3],LR,LOSO,cross-solve-same-head,8,1,"['Normal', 'AD']",Normal:2|AD:6,False,,0,1.0,,,,,
very_noisy,binary,M5.C3[k3],LSVM,LOSO,cross-solve-same-head,8,1,"['Normal', 'AD']",Normal:2|AD:6,False,,0,1.0,,,,,
very_noisy,binary,M5.C3[k3],RBF,LOSO,cross-solve-same-head,8,1,"['Normal', 'AD']",Normal:2|AD:6,False,,0,1.0,,,,,
very_noisy,binary,M5.C3[k3],kNN,LOSO,cross-solve-same-head,8,1,"['Normal', 'AD']",Normal:2|AD:6,False,,0,1.0,,,,,
very_noisy,binary,M5.C3[k3],ORD,LOSO,cross-solve-same-head,8,1,"['Normal', 'AD']",Normal:2|AD:6,False,,0,1.0,,,,,
very_noisy,binary,M5.C3[k3],THR,LOSO,cross-solve-same-head,8,1,"['Normal', 'AD']",Normal:2|AD:6,False,,0,1.0,,,,,
very_noisy,binary,M5.C3[nested],LDA,LOSO,cross-solve-same-head,8,1,"['Normal', 'AD']",Normal:2|AD:6,False,"windows 3.35-3.75×6, 3.40-3.70×1, 3.30-3.60×1",0,1.0,,,,,
very_noisy,binary,M5.C3[nested],LR,LOSO,cross-solve-same-head,8,1,"['Normal', 'AD']",Normal:2|AD:6,False,"windows 3.35-3.75×6, 3.40-3.70×1, 3.30-3.60×1",0,1.0,,,,,
very_noisy,binary,M5.C3[nested],LSVM,LOSO,cross-solve-same-head,8,1,"['Normal', 'AD']",Normal:2|AD:6,False,"windows 3.35-3.75×6, 3.40-3.70×1, 3.30-3.60×1",0,1.0,,,,,
very_noisy,binary,M5.C3[nested],RBF,LOSO,cross-solve-same-head,8,1,"['Normal', 'AD']",Normal:2|AD:6,False,"windows 3.35-3.75×6, 3.40-3.70×1, 3.30-3.60×1",0,1.0,,,,,
very_noisy,binary,M5.C3[nested],kNN,LOSO,cross-solve-same-head,8,1,"['Normal', 'AD']",Normal:2|AD:6,False,"windows 3.35-3.75×6, 3.40-3.70×1, 3.30-3.60×1",0,1.0,,,,,
very_noisy,binary,M5.C3[nested],ORD,LOSO,cross-solve-same-head,8,1,"['Normal', 'AD']",Normal:2|AD:6,False,"windows 3.35-3.75×6, 3.40-3.70×1, 3.30-3.60×1",0,1.0,,,,,
very_noisy,binary,M5.C3[nested],THR,LOSO,cross-solve-same-head,8,1,"['Normal', 'AD']",Normal:2|AD:6,False,"windows 3.35-3.75×6, 3.40-3.70×1, 3.30-3.60×1",0,1.0,,,,,
very_noisy,binary,M6,LDA,LOSO,cross-solve-same-head,8,22,"['Normal', 'AD']",Normal:2|AD:6,False,,0,1.0,,,,,
very_noisy,binary,M6,LR,LOSO,cross-solve-same-head,8,22,"['Normal', 'AD']",Normal:2|AD:6,False,,0,1.0,,,,,
very_noisy,binary,M6,LSVM,LOSO,cross-solve-same-head,8,22,"['Normal', 'AD']",Normal:2|AD:6,False,,0,1.0,,,,,
very_noisy,binary,M6,RBF,LOSO,cross-solve-same-head,8,22,"['Normal', 'AD']",Normal:2|AD:6,False,,0,1.0,,,,,
very_noisy,binary,M6,kNN,LOSO,cross-solve-same-head,8,22,"['Normal', 'AD']",Normal:2|AD:6,False,,0,1.0,,,,,
very_noisy,binary,M6,ORD,LOSO,cross-solve-same-head,8,22,"['Normal', 'AD']",Normal:2|AD:6,False,,0,1.0,,,,,
very_noisy,binary,M7,LDA,LOSO,cross-solve-same-head,8,6,"['Normal', 'AD']",Normal:2|AD:6,False,,0,1.0,,,,,
very_noisy,binary,M7,LR,LOSO,cross-solve-same-head,8,6,"['Normal', 'AD']",Normal:2|AD:6,False,,0,1.0,,,,,
very_noisy,binary,M7,LSVM,LOSO,cross-solve-same-head,8,6,"['Normal', 'AD']",Normal:2|AD:6,False,,0,1.0,,,,,
very_noisy,binary,M7,RBF,LOSO,cross-solve-same-head,8,6,"['Normal', 'AD']",Normal:2|AD:6,False,,0,1.0,,,,,
very_noisy,binary,M7,kNN,LOSO,cross-solve-same-head,8,6,"['Normal', 'AD']",Normal:2|AD:6,False,,0,1.0,,,,,
very_noisy,binary,M7,ORD,LOSO,cross-solve-same-head,8,6,"['Normal', 'AD']",Normal:2|AD:6,False,,0,1.0,,,,,
very_noisy,binary,M8,LDA,LOSO,cross-solve-same-head,8,4,"['Normal', 'AD']",Normal:2|AD:6,False,,0,1.0,,,,,
very_noisy,binary,M8,LR,LOSO,cross-solve-same-head,8,4,"['Normal', 'AD']",Normal:2|AD:6,False,,0,1.0,,,,,
very_noisy,binary,M8,LSVM,LOSO,cross-solve-same-head,8,4,"['Normal', 'AD']",Normal:2|AD:6,False,,0,1.0,,,,,
very_noisy,binary,M8,RBF,LOSO,cross-solve-same-head,8,4,"['Normal', 'AD']",Normal:2|AD:6,False,,0,1.0,,,,,
very_noisy,binary,M8,kNN,LOSO,cross-solve-same-head,8,4,"['Normal', 'AD']",Normal:2|AD:6,False,,0,1.0,,,,,
very_noisy,binary,M8,ORD,LOSO,cross-solve-same-head,8,4,"['Normal', 'AD']",Normal:2|AD:6,False,,0,1.0,,,,,
very_noisy,binary,COMB,LDA,LOSO,cross-solve-same-head,8,3,"['Normal', 'AD']",Normal:2|AD:6,False,chosen M5.C3+M6.A[3.40]+M5.C×3; M5.C3+M6.A[3.65]+M6.A[3.55]×1; M5.C3+M6.A[3.40]+M6.A[3.65]×1; M5.C3+M6.A[3.40]+M6.A[3.60]×1; M5.C3+M6.A[3.60]+M6.A[3.40]×1; M5.C3+M6.A[3.40]+M6.A[3.55]×1,0,1.0,,,,,
very_noisy,binary,COMB,LR,LOSO,cross-solve-same-head,8,3,"['Normal', 'AD']",Normal:2|AD:6,False,chosen M5.C3+M6.A[3.40]+M5.C×3; M5.C3+M6.A[3.65]+M6.A[3.55]×1; M5.C3+M6.A[3.40]+M6.A[3.65]×1; M5.C3+M6.A[3.40]+M6.A[3.60]×1; M5.C3+M6.A[3.60]+M6.A[3.40]×1; M5.C3+M6.A[3.40]+M6.A[3.55]×1,0,1.0,,,,,
very_noisy,binary,COMB,LSVM,LOSO,cross-solve-same-head,8,3,"['Normal', 'AD']",Normal:2|AD:6,False,chosen M5.C3+M6.A[3.40]+M5.C×3; M5.C3+M6.A[3.65]+M6.A[3.55]×1; M5.C3+M6.A[3.40]+M6.A[3.65]×1; M5.C3+M6.A[3.40]+M6.A[3.60]×1; M5.C3+M6.A[3.60]+M6.A[3.40]×1; M5.C3+M6.A[3.40]+M6.A[3.55]×1,0,1.0,,,,,
very_noisy,binary,COMB,RBF,LOSO,cross-solve-same-head,8,3,"['Normal', 'AD']",Normal:2|AD:6,False,chosen M5.C3+M6.A[3.40]+M5.C×3; M5.C3+M6.A[3.65]+M6.A[3.55]×1; M5.C3+M6.A[3.40]+M6.A[3.65]×1; M5.C3+M6.A[3.40]+M6.A[3.60]×1; M5.C3+M6.A[3.60]+M6.A[3.40]×1; M5.C3+M6.A[3.40]+M6.A[3.55]×1,0,1.0,,,,,
very_noisy,binary,COMB,kNN,LOSO,cross-solve-same-head,8,3,"['Normal', 'AD']",Normal:2|AD:6,False,chosen M5.C3+M6.A[3.40]+M5.C×3; M5.C3+M6.A[3.65]+M6.A[3.55]×1; M5.C3+M6.A[3.40]+M6.A[3.65]×1; M5.C3+M6.A[3.40]+M6.A[3.60]×1; M5.C3+M6.A[3.60]+M6.A[3.40]×1; M5.C3+M6.A[3.40]+M6.A[3.55]×1,0,1.0,,,,,
very_noisy,binary,COMB,ORD,LOSO,cross-solve-same-head,8,3,"['Normal', 'AD']",Normal:2|AD:6,False,chosen M5.C3+M6.A[3.40]+M5.C×3; M5.C3+M6.A[3.65]+M6.A[3.55]×1; M5.C3+M6.A[3.40]+M6.A[3.65]×1; M5.C3+M6.A[3.40]+M6.A[3.60]×1; M5.C3+M6.A[3.60]+M6.A[3.40]×1; M5.C3+M6.A[3.40]+M6.A[3.55]×1,0,1.0,,,,,
very_noisy,binary,M9,LDA,LOSO,cross-solve-same-head,8,3618,"['Normal', 'AD']",Normal:2|AD:6,False,,0,1.0,,,,,
very_noisy,binary,M9,LR,LOSO,cross-solve-same-head,8,3618,"['Normal', 'AD']",Normal:2|AD:6,False,,0,1.0,,,,,
very_noisy,binary,M9,LSVM,LOSO,cross-solve-same-head,8,3618,"['Normal', 'AD']",Normal:2|AD:6,False,,0,1.0,,,,,
very_noisy,binary,M9,RBF,LOSO,cross-solve-same-head,8,3618,"['Normal', 'AD']",Normal:2|AD:6,False,,0,1.0,,,,,
very_noisy,binary,M9,kNN,LOSO,cross-solve-same-head,8,3618,"['Normal', 'AD']",Normal:2|AD:6,False,,0,1.0,,,,,
very_noisy,binary,M9,ORD,LOSO,cross-solve-same-head,8,3618,"['Normal', 'AD']",Normal:2|AD:6,False,,0,1.0,,,,,
very_noisy,three_merged,M0,LDA,LOSO,cross-solve-same-head,8,1,"['Normal', 'Mild+Moderate', 'Severe']",Normal:2|Mild+Moderate:4|Severe:2,True,,0,1.0,,,,,
very_noisy,three_merged,M0,LR,LOSO,cross-solve-same-head,8,1,"['Normal', 'Mild+Moderate', 'Severe']",Normal:2|Mild+Moderate:4|Severe:2,True,,0,1.0,,,,,
very_noisy,three_merged,M0,LSVM,LOSO,cross-solve-same-head,8,1,"['Normal', 'Mild+Moderate', 'Severe']",Normal:2|Mild+Moderate:4|Severe:2,True,,0,1.0,,,,,
very_noisy,three_merged,M0,RBF,LOSO,cross-solve-same-head,8,1,"['Normal', 'Mild+Moderate', 'Severe']",Normal:2|Mild+Moderate:4|Severe:2,True,,0,1.0,,,,,
very_noisy,three_merged,M0,kNN,LOSO,cross-solve-same-head,8,1,"['Normal', 'Mild+Moderate', 'Severe']",Normal:2|Mild+Moderate:4|Severe:2,True,,0,1.0,,,,,
very_noisy,three_merged,M0,ORD,LOSO,cross-solve-same-head,8,1,"['Normal', 'Mild+Moderate', 'Severe']",Normal:2|Mild+Moderate:4|Severe:2,True,,0,1.0,,,,,
very_noisy,three_merged,M1,LDA,LOSO,cross-solve-same-head,8,1,"['Normal', 'Mild+Moderate', 'Severe']",Normal:2|Mild+Moderate:4|Severe:2,True,,0,1.0,,,,,
very_noisy,three_merged,M1,LR,LOSO,cross-solve-same-head,8,1,"['Normal', 'Mild+Moderate', 'Severe']",Normal:2|Mild+Moderate:4|Severe:2,True,,0,1.0,,,,,
very_noisy,three_merged,M1,LSVM,LOSO,cross-solve-same-head,8,1,"['Normal', 'Mild+Moderate', 'Severe']",Normal:2|Mild+Moderate:4|Severe:2,True,,0,1.0,,,,,
very_noisy,three_merged,M1,RBF,LOSO,cross-solve-same-head,8,1,"['Normal', 'Mild+Moderate', 'Severe']",Normal:2|Mild+Moderate:4|Severe:2,True,,0,1.0,,,,,
very_noisy,three_merged,M1,kNN,LOSO,cross-solve-same-head,8,1,"['Normal', 'Mild+Moderate', 'Severe']",Normal:2|Mild+Moderate:4|Severe:2,True,,0,1.0,,,,,
very_noisy,three_merged,M1,ORD,LOSO,cross-solve-same-head,8,1,"['Normal', 'Mild+Moderate', 'Severe']",Normal:2|Mild+Moderate:4|Severe:2,True,,0,1.0,,,,,
very_noisy,three_merged,M2,LDA,LOSO,cross-solve-same-head,8,1,"['Normal', 'Mild+Moderate', 'Severe']",Normal:2|Mild+Moderate:4|Severe:2,True,,0,1.0,,,,,
very_noisy,three_merged,M2,LR,LOSO,cross-solve-same-head,8,1,"['Normal', 'Mild+Moderate', 'Severe']",Normal:2|Mild+Moderate:4|Severe:2,True,,0,1.0,,,,,
very_noisy,three_merged,M2,LSVM,LOSO,cross-solve-same-head,8,1,"['Normal', 'Mild+Moderate', 'Severe']",Normal:2|Mild+Moderate:4|Severe:2,True,,0,1.0,,,,,
very_noisy,three_merged,M2,RBF,LOSO,cross-solve-same-head,8,1,"['Normal', 'Mild+Moderate', 'Severe']",Normal:2|Mild+Moderate:4|Severe:2,True,,0,1.0,,,,,
very_noisy,three_merged,M2,kNN,LOSO,cross-solve-same-head,8,1,"['Normal', 'Mild+Moderate', 'Severe']",Normal:2|Mild+Moderate:4|Severe:2,True,,0,1.0,,,,,
very_noisy,three_merged,M2,ORD,LOSO,cross-solve-same-head,8,1,"['Normal', 'Mild+Moderate', 'Severe']",Normal:2|Mild+Moderate:4|Severe:2,True,,0,1.0,,,,,
very_noisy,three_merged,M5,LDA,LOSO,cross-solve-same-head,8,4,"['Normal', 'Mild+Moderate', 'Severe']",Normal:2|Mild+Moderate:4|Severe:2,True,,0,1.0,,,,,
very_noisy,three_merged,M5,LR,LOSO,cross-solve-same-head,8,4,"['Normal', 'Mild+Moderate', 'Severe']",Normal:2|Mild+Moderate:4|Severe:2,True,,0,1.0,,,,,
very_noisy,three_merged,M5,LSVM,LOSO,cross-solve-same-head,8,4,"['Normal', 'Mild+Moderate', 'Severe']",Normal:2|Mild+Moderate:4|Severe:2,True,,0,1.0,,,,,
very_noisy,three_merged,M5,RBF,LOSO,cross-solve-same-head,8,4,"['Normal', 'Mild+Moderate', 'Severe']",Normal:2|Mild+Moderate:4|Severe:2,True,,0,1.0,,,,,
very_noisy,three_merged,M5,kNN,LOSO,cross-solve-same-head,8,4,"['Normal', 'Mild+Moderate', 'Severe']",Normal:2|Mild+Moderate:4|Severe:2,True,,0,1.0,,,,,
very_noisy,three_merged,M5,ORD,LOSO,cross-solve-same-head,8,4,"['Normal', 'Mild+Moderate', 'Severe']",Normal:2|Mild+Moderate:4|Severe:2,True,,0,1.0,,,,,
very_noisy,three_merged,M5.C3,LDA,LOSO,cross-solve-same-head,8,1,"['Normal', 'Mild+Moderate', 'Severe']",Normal:2|Mild+Moderate:4|Severe:2,True,,0,1.0,,,,,
very_noisy,three_merged,M5.C3,LR,LOSO,cross-solve-same-head,8,1,"['Normal', 'Mild+Moderate', 'Severe']",Normal:2|Mild+Moderate:4|Severe:2,True,,0,1.0,,,,,
very_noisy,three_merged,M5.C3,LSVM,LOSO,cross-solve-same-head,8,1,"['Normal', 'Mild+Moderate', 'Severe']",Normal:2|Mild+Moderate:4|Severe:2,True,,0,1.0,,,,,
very_noisy,three_merged,M5.C3,RBF,LOSO,cross-solve-same-head,8,1,"['Normal', 'Mild+Moderate', 'Severe']",Normal:2|Mild+Moderate:4|Severe:2,True,,0,1.0,,,,,
very_noisy,three_merged,M5.C3,kNN,LOSO,cross-solve-same-head,8,1,"['Normal', 'Mild+Moderate', 'Severe']",Normal:2|Mild+Moderate:4|Severe:2,True,,0,1.0,,,,,
very_noisy,three_merged,M5.C3,ORD,LOSO,cross-solve-same-head,8,1,"['Normal', 'Mild+Moderate', 'Severe']",Normal:2|Mild+Moderate:4|Severe:2,True,,0,1.0,,,,,
very_noisy,three_merged,M5.C3[k3],LDA,LOSO,cross-solve-same-head,8,1,"['Normal', 'Mild+Moderate', 'Severe']",Normal:2|Mild+Moderate:4|Severe:2,True,,0,1.0,,,,,
very_noisy,three_merged,M5.C3[k3],LR,LOSO,cross-solve-same-head,8,1,"['Normal', 'Mild+Moderate', 'Severe']",Normal:2|Mild+Moderate:4|Severe:2,True,,0,1.0,,,,,
very_noisy,three_merged,M5.C3[k3],LSVM,LOSO,cross-solve-same-head,8,1,"['Normal', 'Mild+Moderate', 'Severe']",Normal:2|Mild+Moderate:4|Severe:2,True,,0,1.0,,,,,
very_noisy,three_merged,M5.C3[k3],RBF,LOSO,cross-solve-same-head,8,1,"['Normal', 'Mild+Moderate', 'Severe']",Normal:2|Mild+Moderate:4|Severe:2,True,,0,1.0,,,,,
very_noisy,three_merged,M5.C3[k3],kNN,LOSO,cross-solve-same-head,8,1,"['Normal', 'Mild+Moderate', 'Severe']",Normal:2|Mild+Moderate:4|Severe:2,True,,0,1.0,,,,,
very_noisy,three_merged,M5.C3[k3],ORD,LOSO,cross-solve-same-head,8,1,"['Normal', 'Mild+Moderate', 'Severe']",Normal:2|Mild+Moderate:4|Severe:2,True,,0,1.0,,,,,
very_noisy,three_merged,M5.C3[nested],LDA,LOSO,cross-solve-same-head,8,1,"['Normal', 'Mild+Moderate', 'Severe']",Normal:2|Mild+Moderate:4|Severe:2,True,"windows 3.55-3.65×5, 3.55-3.95×1, 3.55-3.85×1, 3.60-4.00×1",0,1.0,,,,,
very_noisy,three_merged,M5.C3[nested],LR,LOSO,cross-solve-same-head,8,1,"['Normal', 'Mild+Moderate', 'Severe']",Normal:2|Mild+Moderate:4|Severe:2,True,"windows 3.55-3.65×5, 3.55-3.95×1, 3.55-3.85×1, 3.60-4.00×1",0,1.0,,,,,
very_noisy,three_merged,M5.C3[nested],LSVM,LOSO,cross-solve-same-head,8,1,"['Normal', 'Mild+Moderate', 'Severe']",Normal:2|Mild+Moderate:4|Severe:2,True,"windows 3.55-3.65×5, 3.55-3.95×1, 3.55-3.85×1, 3.60-4.00×1",0,1.0,,,,,
very_noisy,three_merged,M5.C3[nested],RBF,LOSO,cross-solve-same-head,8,1,"['Normal', 'Mild+Moderate', 'Severe']",Normal:2|Mild+Moderate:4|Severe:2,True,"windows 3.55-3.65×5, 3.55-3.95×1, 3.55-3.85×1, 3.60-4.00×1",0,1.0,,,,,
very_noisy,three_merged,M5.C3[nested],kNN,LOSO,cross-solve-same-head,8,1,"['Normal', 'Mild+Moderate', 'Severe']",Normal:2|Mild+Moderate:4|Severe:2,True,"windows 3.55-3.65×5, 3.55-3.95×1, 3.55-3.85×1, 3.60-4.00×1",0,1.0,,,,,
very_noisy,three_merged,M5.C3[nested],ORD,LOSO,cross-solve-same-head,8,1,"['Normal', 'Mild+Moderate', 'Severe']",Normal:2|Mild+Moderate:4|Severe:2,True,"windows 3.55-3.65×5, 3.55-3.95×1, 3.55-3.85×1, 3.60-4.00×1",0,1.0,,,,,
very_noisy,three_merged,M6,LDA,LOSO,cross-solve-same-head,8,22,"['Normal', 'Mild+Moderate', 'Severe']",Normal:2|Mild+Moderate:4|Severe:2,True,,0,1.0,,,,,
very_noisy,three_merged,M6,LR,LOSO,cross-solve-same-head,8,22,"['Normal', 'Mild+Moderate', 'Severe']",Normal:2|Mild+Moderate:4|Severe:2,True,,0,1.0,,,,,
very_noisy,three_merged,M6,LSVM,LOSO,cross-solve-same-head,8,22,"['Normal', 'Mild+Moderate', 'Severe']",Normal:2|Mild+Moderate:4|Severe:2,True,,0,1.0,,,,,
very_noisy,three_merged,M6,RBF,LOSO,cross-solve-same-head,8,22,"['Normal', 'Mild+Moderate', 'Severe']",Normal:2|Mild+Moderate:4|Severe:2,True,,0,1.0,,,,,
very_noisy,three_merged,M6,kNN,LOSO,cross-solve-same-head,8,22,"['Normal', 'Mild+Moderate', 'Severe']",Normal:2|Mild+Moderate:4|Severe:2,True,,0,1.0,,,,,
very_noisy,three_merged,M6,ORD,LOSO,cross-solve-same-head,8,22,"['Normal', 'Mild+Moderate', 'Severe']",Normal:2|Mild+Moderate:4|Severe:2,True,,0,1.0,,,,,
very_noisy,three_merged,M7,LDA,LOSO,cross-solve-same-head,8,6,"['Normal', 'Mild+Moderate', 'Severe']",Normal:2|Mild+Moderate:4|Severe:2,True,,0,1.0,,,,,
very_noisy,three_merged,M7,LR,LOSO,cross-solve-same-head,8,6,"['Normal', 'Mild+Moderate', 'Severe']",Normal:2|Mild+Moderate:4|Severe:2,True,,0,1.0,,,,,
very_noisy,three_merged,M7,LSVM,LOSO,cross-solve-same-head,8,6,"['Normal', 'Mild+Moderate', 'Severe']",Normal:2|Mild+Moderate:4|Severe:2,True,,0,1.0,,,,,
very_noisy,three_merged,M7,RBF,LOSO,cross-solve-same-head,8,6,"['Normal', 'Mild+Moderate', 'Severe']",Normal:2|Mild+Moderate:4|Severe:2,True,,0,1.0,,,,,
very_noisy,three_merged,M7,kNN,LOSO,cross-solve-same-head,8,6,"['Normal', 'Mild+Moderate', 'Severe']",Normal:2|Mild+Moderate:4|Severe:2,True,,0,1.0,,,,,
very_noisy,three_merged,M7,ORD,LOSO,cross-solve-same-head,8,6,"['Normal', 'Mild+Moderate', 'Severe']",Normal:2|Mild+Moderate:4|Severe:2,True,,0,1.0,,,,,
very_noisy,three_merged,M8,LDA,LOSO,cross-solve-same-head,8,4,"['Normal', 'Mild+Moderate', 'Severe']",Normal:2|Mild+Moderate:4|Severe:2,True,,0,1.0,,,,,
very_noisy,three_merged,M8,LR,LOSO,cross-solve-same-head,8,4,"['Normal', 'Mild+Moderate', 'Severe']",Normal:2|Mild+Moderate:4|Severe:2,True,,0,1.0,,,,,
very_noisy,three_merged,M8,LSVM,LOSO,cross-solve-same-head,8,4,"['Normal', 'Mild+Moderate', 'Severe']",Normal:2|Mild+Moderate:4|Severe:2,True,,0,1.0,,,,,
very_noisy,three_merged,M8,RBF,LOSO,cross-solve-same-head,8,4,"['Normal', 'Mild+Moderate', 'Severe']",Normal:2|Mild+Moderate:4|Severe:2,True,,0,1.0,,,,,
very_noisy,three_merged,M8,kNN,LOSO,cross-solve-same-head,8,4,"['Normal', 'Mild+Moderate', 'Severe']",Normal:2|Mild+Moderate:4|Severe:2,True,,0,1.0,,,,,
very_noisy,three_merged,M8,ORD,LOSO,cross-solve-same-head,8,4,"['Normal', 'Mild+Moderate', 'Severe']",Normal:2|Mild+Moderate:4|Severe:2,True,,0,1.0,,,,,
very_noisy,three_merged,COMB,LDA,LOSO,cross-solve-same-head,8,3,"['Normal', 'Mild+Moderate', 'Severe']",Normal:2|Mild+Moderate:4|Severe:2,True,chosen M5.C2+M6.A[3.60]+M6.A[3.40]×2; M5.C+M6.A[3.40]+M5.C2×1; M5.C2+M6.A[3.35]+M6.A[3.60]×1; M5.C+M5.C2+M6.A[3.40]×1; M5.C2+M5.C+M6.A[3.40]×1; M5.C2+M7.D2+M6.A[3.65]×1; M6.A[3.40]+M6.A[3.60]+M5.C2×1,0,1.0,,,,,
very_noisy,three_merged,COMB,LR,LOSO,cross-solve-same-head,8,3,"['Normal', 'Mild+Moderate', 'Severe']",Normal:2|Mild+Moderate:4|Severe:2,True,chosen M5.C2+M6.A[3.60]+M6.A[3.40]×2; M5.C+M6.A[3.40]+M5.C2×1; M5.C2+M6.A[3.35]+M6.A[3.60]×1; M5.C+M5.C2+M6.A[3.40]×1; M5.C2+M5.C+M6.A[3.40]×1; M5.C2+M7.D2+M6.A[3.65]×1; M6.A[3.40]+M6.A[3.60]+M5.C2×1,0,1.0,,,,,
very_noisy,three_merged,COMB,LSVM,LOSO,cross-solve-same-head,8,3,"['Normal', 'Mild+Moderate', 'Severe']",Normal:2|Mild+Moderate:4|Severe:2,True,chosen M5.C2+M6.A[3.60]+M6.A[3.40]×2; M5.C+M6.A[3.40]+M5.C2×1; M5.C2+M6.A[3.35]+M6.A[3.60]×1; M5.C+M5.C2+M6.A[3.40]×1; M5.C2+M5.C+M6.A[3.40]×1; M5.C2+M7.D2+M6.A[3.65]×1; M6.A[3.40]+M6.A[3.60]+M5.C2×1,0,1.0,,,,,
very_noisy,three_merged,COMB,RBF,LOSO,cross-solve-same-head,8,3,"['Normal', 'Mild+Moderate', 'Severe']",Normal:2|Mild+Moderate:4|Severe:2,True,chosen M5.C2+M6.A[3.60]+M6.A[3.40]×2; M5.C+M6.A[3.40]+M5.C2×1; M5.C2+M6.A[3.35]+M6.A[3.60]×1; M5.C+M5.C2+M6.A[3.40]×1; M5.C2+M5.C+M6.A[3.40]×1; M5.C2+M7.D2+M6.A[3.65]×1; M6.A[3.40]+M6.A[3.60]+M5.C2×1,0,1.0,,,,,
very_noisy,three_merged,COMB,kNN,LOSO,cross-solve-same-head,8,3,"['Normal', 'Mild+Moderate', 'Severe']",Normal:2|Mild+Moderate:4|Severe:2,True,chosen M5.C2+M6.A[3.60]+M6.A[3.40]×2; M5.C+M6.A[3.40]+M5.C2×1; M5.C2+M6.A[3.35]+M6.A[3.60]×1; M5.C+M5.C2+M6.A[3.40]×1; M5.C2+M5.C+M6.A[3.40]×1; M5.C2+M7.D2+M6.A[3.65]×1; M6.A[3.40]+M6.A[3.60]+M5.C2×1,0,1.0,,,,,
very_noisy,three_merged,COMB,ORD,LOSO,cross-solve-same-head,8,3,"['Normal', 'Mild+Moderate', 'Severe']",Normal:2|Mild+Moderate:4|Severe:2,True,chosen M5.C2+M6.A[3.60]+M6.A[3.40]×2; M5.C+M6.A[3.40]+M5.C2×1; M5.C2+M6.A[3.35]+M6.A[3.60]×1; M5.C+M5.C2+M6.A[3.40]×1; M5.C2+M5.C+M6.A[3.40]×1; M5.C2+M7.D2+M6.A[3.65]×1; M6.A[3.40]+M6.A[3.60]+M5.C2×1,0,1.0,,,,,
very_noisy,three_merged,M9,LDA,LOSO,cross-solve-same-head,8,3618,"['Normal', 'Mild+Moderate', 'Severe']",Normal:2|Mild+Moderate:4|Severe:2,True,,0,1.0,,,,,
very_noisy,three_merged,M9,LR,LOSO,cross-solve-same-head,8,3618,"['Normal', 'Mild+Moderate', 'Severe']",Normal:2|Mild+Moderate:4|Severe:2,True,,0,1.0,,,,,
very_noisy,three_merged,M9,LSVM,LOSO,cross-solve-same-head,8,3618,"['Normal', 'Mild+Moderate', 'Severe']",Normal:2|Mild+Moderate:4|Severe:2,True,,0,1.0,,,,,
very_noisy,three_merged,M9,RBF,LOSO,cross-solve-same-head,8,3618,"['Normal', 'Mild+Moderate', 'Severe']",Normal:2|Mild+Moderate:4|Severe:2,True,,0,1.0,,,,,
very_noisy,three_merged,M9,kNN,LOSO,cross-solve-same-head,8,3618,"['Normal', 'Mild+Moderate', 'Severe']",Normal:2|Mild+Moderate:4|Severe:2,True,,0,1.0,,,,,
very_noisy,three_merged,M9,ORD,LOSO,cross-solve-same-head,8,3618,"['Normal', 'Mild+Moderate', 'Severe']",Normal:2|Mild+Moderate:4|Severe:2,True,,0,1.0,,,,,
very_noisy,three,M0,LDA,LOSO,cross-solve-same-head,6,1,"['Normal', 'Mild', 'Severe']",Normal:2|Mild:2|Severe:2,True,,0,1.0,,,,,
very_noisy,three,M0,LR,LOSO,cross-solve-same-head,6,1,"['Normal', 'Mild', 'Severe']",Normal:2|Mild:2|Severe:2,True,,0,1.0,,,,,
very_noisy,three,M0,LSVM,LOSO,cross-solve-same-head,6,1,"['Normal', 'Mild', 'Severe']",Normal:2|Mild:2|Severe:2,True,,0,1.0,,,,,
very_noisy,three,M0,RBF,LOSO,cross-solve-same-head,6,1,"['Normal', 'Mild', 'Severe']",Normal:2|Mild:2|Severe:2,True,,0,1.0,,,,,
very_noisy,three,M0,kNN,LOSO,cross-solve-same-head,6,1,"['Normal', 'Mild', 'Severe']",Normal:2|Mild:2|Severe:2,True,,0,1.0,,,,,
very_noisy,three,M0,ORD,LOSO,cross-solve-same-head,6,1,"['Normal', 'Mild', 'Severe']",Normal:2|Mild:2|Severe:2,True,,0,1.0,,,,,
very_noisy,three,M1,LDA,LOSO,cross-solve-same-head,6,1,"['Normal', 'Mild', 'Severe']",Normal:2|Mild:2|Severe:2,True,,0,1.0,,,,,
very_noisy,three,M1,LR,LOSO,cross-solve-same-head,6,1,"['Normal', 'Mild', 'Severe']",Normal:2|Mild:2|Severe:2,True,,0,1.0,,,,,
very_noisy,three,M1,LSVM,LOSO,cross-solve-same-head,6,1,"['Normal', 'Mild', 'Severe']",Normal:2|Mild:2|Severe:2,True,,0,1.0,,,,,
very_noisy,three,M1,RBF,LOSO,cross-solve-same-head,6,1,"['Normal', 'Mild', 'Severe']",Normal:2|Mild:2|Severe:2,True,,0,1.0,,,,,
very_noisy,three,M1,kNN,LOSO,cross-solve-same-head,6,1,"['Normal', 'Mild', 'Severe']",Normal:2|Mild:2|Severe:2,True,,0,1.0,,,,,
very_noisy,three,M1,ORD,LOSO,cross-solve-same-head,6,1,"['Normal', 'Mild', 'Severe']",Normal:2|Mild:2|Severe:2,True,,0,1.0,,,,,
very_noisy,three,M2,LDA,LOSO,cross-solve-same-head,6,1,"['Normal', 'Mild', 'Severe']",Normal:2|Mild:2|Severe:2,True,,0,1.0,,,,,
very_noisy,three,M2,LR,LOSO,cross-solve-same-head,6,1,"['Normal', 'Mild', 'Severe']",Normal:2|Mild:2|Severe:2,True,,0,1.0,,,,,
very_noisy,three,M2,LSVM,LOSO,cross-solve-same-head,6,1,"['Normal', 'Mild', 'Severe']",Normal:2|Mild:2|Severe:2,True,,0,1.0,,,,,
very_noisy,three,M2,RBF,LOSO,cross-solve-same-head,6,1,"['Normal', 'Mild', 'Severe']",Normal:2|Mild:2|Severe:2,True,,0,1.0,,,,,
very_noisy,three,M2,kNN,LOSO,cross-solve-same-head,6,1,"['Normal', 'Mild', 'Severe']",Normal:2|Mild:2|Severe:2,True,,0,1.0,,,,,
very_noisy,three,M2,ORD,LOSO,cross-solve-same-head,6,1,"['Normal', 'Mild', 'Severe']",Normal:2|Mild:2|Severe:2,True,,0,1.0,,,,,
very_noisy,three,M5,LDA,LOSO,cross-solve-same-head,6,4,"['Normal', 'Mild', 'Severe']",Normal:2|Mild:2|Severe:2,True,,0,1.0,,,,,
very_noisy,three,M5,LR,LOSO,cross-solve-same-head,6,4,"['Normal', 'Mild', 'Severe']",Normal:2|Mild:2|Severe:2,True,,0,1.0,,,,,
very_noisy,three,M5,LSVM,LOSO,cross-solve-same-head,6,4,"['Normal', 'Mild', 'Severe']",Normal:2|Mild:2|Severe:2,True,,0,1.0,,,,,
very_noisy,three,M5,RBF,LOSO,cross-solve-same-head,6,4,"['Normal', 'Mild', 'Severe']",Normal:2|Mild:2|Severe:2,True,,0,1.0,,,,,
very_noisy,three,M5,kNN,LOSO,cross-solve-same-head,6,4,"['Normal', 'Mild', 'Severe']",Normal:2|Mild:2|Severe:2,True,,0,1.0,,,,,
very_noisy,three,M5,ORD,LOSO,cross-solve-same-head,6,4,"['Normal', 'Mild', 'Severe']",Normal:2|Mild:2|Severe:2,True,,0,1.0,,,,,
very_noisy,three,M5.C3,LDA,LOSO,cross-solve-same-head,6,1,"['Normal', 'Mild', 'Severe']",Normal:2|Mild:2|Severe:2,True,,0,1.0,,,,,
very_noisy,three,M5.C3,LR,LOSO,cross-solve-same-head,6,1,"['Normal', 'Mild', 'Severe']",Normal:2|Mild:2|Severe:2,True,,0,1.0,,,,,
very_noisy,three,M5.C3,LSVM,LOSO,cross-solve-same-head,6,1,"['Normal', 'Mild', 'Severe']",Normal:2|Mild:2|Severe:2,True,,0,1.0,,,,,
very_noisy,three,M5.C3,RBF,LOSO,cross-solve-same-head,6,1,"['Normal', 'Mild', 'Severe']",Normal:2|Mild:2|Severe:2,True,,0,1.0,,,,,
very_noisy,three,M5.C3,kNN,LOSO,cross-solve-same-head,6,1,"['Normal', 'Mild', 'Severe']",Normal:2|Mild:2|Severe:2,True,,0,1.0,,,,,
very_noisy,three,M5.C3,ORD,LOSO,cross-solve-same-head,6,1,"['Normal', 'Mild', 'Severe']",Normal:2|Mild:2|Severe:2,True,,0,1.0,,,,,
very_noisy,three,M5.C3[k3],LDA,LOSO,cross-solve-same-head,6,1,"['Normal', 'Mild', 'Severe']",Normal:2|Mild:2|Severe:2,True,,0,1.0,,,,,
very_noisy,three,M5.C3[k3],LR,LOSO,cross-solve-same-head,6,1,"['Normal', 'Mild', 'Severe']",Normal:2|Mild:2|Severe:2,True,,0,1.0,,,,,
very_noisy,three,M5.C3[k3],LSVM,LOSO,cross-solve-same-head,6,1,"['Normal', 'Mild', 'Severe']",Normal:2|Mild:2|Severe:2,True,,0,1.0,,,,,
very_noisy,three,M5.C3[k3],RBF,LOSO,cross-solve-same-head,6,1,"['Normal', 'Mild', 'Severe']",Normal:2|Mild:2|Severe:2,True,,0,1.0,,,,,
very_noisy,three,M5.C3[k3],kNN,LOSO,cross-solve-same-head,6,1,"['Normal', 'Mild', 'Severe']",Normal:2|Mild:2|Severe:2,True,,0,1.0,,,,,
very_noisy,three,M5.C3[k3],ORD,LOSO,cross-solve-same-head,6,1,"['Normal', 'Mild', 'Severe']",Normal:2|Mild:2|Severe:2,True,,0,1.0,,,,,
very_noisy,three,M5.C3[nested],LDA,LOSO,cross-solve-same-head,6,1,"['Normal', 'Mild', 'Severe']",Normal:2|Mild:2|Severe:2,True,"windows 3.55-3.65×3, 3.55-3.95×2, 3.50-3.70×1",0,1.0,,,,,
very_noisy,three,M5.C3[nested],LR,LOSO,cross-solve-same-head,6,1,"['Normal', 'Mild', 'Severe']",Normal:2|Mild:2|Severe:2,True,"windows 3.55-3.65×3, 3.55-3.95×2, 3.50-3.70×1",0,1.0,,,,,
very_noisy,three,M5.C3[nested],LSVM,LOSO,cross-solve-same-head,6,1,"['Normal', 'Mild', 'Severe']",Normal:2|Mild:2|Severe:2,True,"windows 3.55-3.65×3, 3.55-3.95×2, 3.50-3.70×1",0,1.0,,,,,
very_noisy,three,M5.C3[nested],RBF,LOSO,cross-solve-same-head,6,1,"['Normal', 'Mild', 'Severe']",Normal:2|Mild:2|Severe:2,True,"windows 3.55-3.65×3, 3.55-3.95×2, 3.50-3.70×1",0,1.0,,,,,
very_noisy,three,M5.C3[nested],kNN,LOSO,cross-solve-same-head,6,1,"['Normal', 'Mild', 'Severe']",Normal:2|Mild:2|Severe:2,True,"windows 3.55-3.65×3, 3.55-3.95×2, 3.50-3.70×1",0,1.0,,,,,
very_noisy,three,M5.C3[nested],ORD,LOSO,cross-solve-same-head,6,1,"['Normal', 'Mild', 'Severe']",Normal:2|Mild:2|Severe:2,True,"windows 3.55-3.65×3, 3.55-3.95×2, 3.50-3.70×1",0,1.0,,,,,
very_noisy,three,M6,LDA,LOSO,cross-solve-same-head,6,22,"['Normal', 'Mild', 'Severe']",Normal:2|Mild:2|Severe:2,True,,0,1.0,,,,,
very_noisy,three,M6,LR,LOSO,cross-solve-same-head,6,22,"['Normal', 'Mild', 'Severe']",Normal:2|Mild:2|Severe:2,True,,0,1.0,,,,,
very_noisy,three,M6,LSVM,LOSO,cross-solve-same-head,6,22,"['Normal', 'Mild', 'Severe']",Normal:2|Mild:2|Severe:2,True,,0,1.0,,,,,
very_noisy,three,M6,RBF,LOSO,cross-solve-same-head,6,22,"['Normal', 'Mild', 'Severe']",Normal:2|Mild:2|Severe:2,True,,0,1.0,,,,,
very_noisy,three,M6,kNN,LOSO,cross-solve-same-head,6,22,"['Normal', 'Mild', 'Severe']",Normal:2|Mild:2|Severe:2,True,,0,1.0,,,,,
very_noisy,three,M6,ORD,LOSO,cross-solve-same-head,6,22,"['Normal', 'Mild', 'Severe']",Normal:2|Mild:2|Severe:2,True,,0,1.0,,,,,
very_noisy,three,M7,LDA,LOSO,cross-solve-same-head,6,6,"['Normal', 'Mild', 'Severe']",Normal:2|Mild:2|Severe:2,True,,0,1.0,,,,,
very_noisy,three,M7,LR,LOSO,cross-solve-same-head,6,6,"['Normal', 'Mild', 'Severe']",Normal:2|Mild:2|Severe:2,True,,0,1.0,,,,,
very_noisy,three,M7,LSVM,LOSO,cross-solve-same-head,6,6,"['Normal', 'Mild', 'Severe']",Normal:2|Mild:2|Severe:2,True,,0,1.0,,,,,
very_noisy,three,M7,RBF,LOSO,cross-solve-same-head,6,6,"['Normal', 'Mild', 'Severe']",Normal:2|Mild:2|Severe:2,True,,0,1.0,,,,,
very_noisy,three,M7,kNN,LOSO,cross-solve-same-head,6,6,"['Normal', 'Mild', 'Severe']",Normal:2|Mild:2|Severe:2,True,,0,1.0,,,,,
very_noisy,three,M7,ORD,LOSO,cross-solve-same-head,6,6,"['Normal', 'Mild', 'Severe']",Normal:2|Mild:2|Severe:2,True,,0,1.0,,,,,
very_noisy,three,M8,LDA,LOSO,cross-solve-same-head,6,4,"['Normal', 'Mild', 'Severe']",Normal:2|Mild:2|Severe:2,True,,0,1.0,,,,,
very_noisy,three,M8,LR,LOSO,cross-solve-same-head,6,4,"['Normal', 'Mild', 'Severe']",Normal:2|Mild:2|Severe:2,True,,0,1.0,,,,,
very_noisy,three,M8,LSVM,LOSO,cross-solve-same-head,6,4,"['Normal', 'Mild', 'Severe']",Normal:2|Mild:2|Severe:2,True,,0,1.0,,,,,
very_noisy,three,M8,RBF,LOSO,cross-solve-same-head,6,4,"['Normal', 'Mild', 'Severe']",Normal:2|Mild:2|Severe:2,True,,0,1.0,,,,,
very_noisy,three,M8,kNN,LOSO,cross-solve-same-head,6,4,"['Normal', 'Mild', 'Severe']",Normal:2|Mild:2|Severe:2,True,,0,1.0,,,,,
very_noisy,three,M8,ORD,LOSO,cross-solve-same-head,6,4,"['Normal', 'Mild', 'Severe']",Normal:2|Mild:2|Severe:2,True,,0,1.0,,,,,
very_noisy,three,COMB,LDA,LOSO,cross-solve-same-head,6,3,"['Normal', 'Mild', 'Severe']",Normal:2|Mild:2|Severe:2,True,chosen M5.C+M6.A[3.40]+M5.C2×1; M6.A[3.60]+M5.C2+M6.A[3.35]×1; M6.A[3.65]+M6.A[3.55]+M5.C2×1; M5.C1+M5.C2+M6.A[3.60]×1; M5.C2+M6.A[3.65]+M6.A[3.55]×1; M6.A[3.60]+M6.A[3.40]+M5.C2×1,0,1.0,,,,,
very_noisy,three,COMB,LR,LOSO,cross-solve-same-head,6,3,"['Normal', 'Mild', 'Severe']",Normal:2|Mild:2|Severe:2,True,chosen M5.C+M6.A[3.40]+M5.C2×1; M6.A[3.60]+M5.C2+M6.A[3.35]×1; M6.A[3.65]+M6.A[3.55]+M5.C2×1; M5.C1+M5.C2+M6.A[3.60]×1; M5.C2+M6.A[3.65]+M6.A[3.55]×1; M6.A[3.60]+M6.A[3.40]+M5.C2×1,0,1.0,,,,,
very_noisy,three,COMB,LSVM,LOSO,cross-solve-same-head,6,3,"['Normal', 'Mild', 'Severe']",Normal:2|Mild:2|Severe:2,True,chosen M5.C+M6.A[3.40]+M5.C2×1; M6.A[3.60]+M5.C2+M6.A[3.35]×1; M6.A[3.65]+M6.A[3.55]+M5.C2×1; M5.C1+M5.C2+M6.A[3.60]×1; M5.C2+M6.A[3.65]+M6.A[3.55]×1; M6.A[3.60]+M6.A[3.40]+M5.C2×1,0,1.0,,,,,
very_noisy,three,COMB,RBF,LOSO,cross-solve-same-head,6,3,"['Normal', 'Mild', 'Severe']",Normal:2|Mild:2|Severe:2,True,chosen M5.C+M6.A[3.40]+M5.C2×1; M6.A[3.60]+M5.C2+M6.A[3.35]×1; M6.A[3.65]+M6.A[3.55]+M5.C2×1; M5.C1+M5.C2+M6.A[3.60]×1; M5.C2+M6.A[3.65]+M6.A[3.55]×1; M6.A[3.60]+M6.A[3.40]+M5.C2×1,0,1.0,,,,,
very_noisy,three,COMB,kNN,LOSO,cross-solve-same-head,6,3,"['Normal', 'Mild', 'Severe']",Normal:2|Mild:2|Severe:2,True,chosen M5.C+M6.A[3.40]+M5.C2×1; M6.A[3.60]+M5.C2+M6.A[3.35]×1; M6.A[3.65]+M6.A[3.55]+M5.C2×1; M5.C1+M5.C2+M6.A[3.60]×1; M5.C2+M6.A[3.65]+M6.A[3.55]×1; M6.A[3.60]+M6.A[3.40]+M5.C2×1,0,1.0,,,,,
very_noisy,three,COMB,ORD,LOSO,cross-solve-same-head,6,3,"['Normal', 'Mild', 'Severe']",Normal:2|Mild:2|Severe:2,True,chosen M5.C+M6.A[3.40]+M5.C2×1; M6.A[3.60]+M5.C2+M6.A[3.35]×1; M6.A[3.65]+M6.A[3.55]+M5.C2×1; M5.C1+M5.C2+M6.A[3.60]×1; M5.C2+M6.A[3.65]+M6.A[3.55]×1; M6.A[3.60]+M6.A[3.40]+M5.C2×1,0,1.0,,,,,
very_noisy,three,M9,LDA,LOSO,cross-solve-same-head,6,3618,"['Normal', 'Mild', 'Severe']",Normal:2|Mild:2|Severe:2,True,,0,1.0,,,,,
very_noisy,three,M9,LR,LOSO,cross-solve-same-head,6,3618,"['Normal', 'Mild', 'Severe']",Normal:2|Mild:2|Severe:2,True,,0,1.0,,,,,
very_noisy,three,M9,LSVM,LOSO,cross-solve-same-head,6,3618,"['Normal', 'Mild', 'Severe']",Normal:2|Mild:2|Severe:2,True,,0,1.0,,,,,
very_noisy,three,M9,RBF,LOSO,cross-solve-same-head,6,3618,"['Normal', 'Mild', 'Severe']",Normal:2|Mild:2|Severe:2,True,,0,1.0,,,,,
very_noisy,three,M9,kNN,LOSO,cross-solve-same-head,6,3618,"['Normal', 'Mild', 'Severe']",Normal:2|Mild:2|Severe:2,True,,0,1.0,,,,,
very_noisy,three,M9,ORD,LOSO,cross-solve-same-head,6,3618,"['Normal', 'Mild', 'Severe']",Normal:2|Mild:2|Severe:2,True,,0,1.0,,,,,
very_noisy,binary_early,M0,LDA,LODO+LOSO-within-class,noise-robustness-only,6,1,"['Normal', 'MCI']",Normal:2|MCI:1,False,,0,1.0,,,,,
very_noisy,binary_early,M0,LR,LODO+LOSO-within-class,noise-robustness-only,6,1,"['Normal', 'MCI']",Normal:2|MCI:1,False,,0,1.0,,,,,
very_noisy,binary_early,M0,LSVM,LODO+LOSO-within-class,noise-robustness-only,6,1,"['Normal', 'MCI']",Normal:2|MCI:1,False,,0,1.0,,,,,
very_noisy,binary_early,M0,RBF,LODO+LOSO-within-class,noise-robustness-only,6,1,"['Normal', 'MCI']",Normal:2|MCI:1,False,,0,1.0,,,,,
very_noisy,binary_early,M0,kNN,LODO+LOSO-within-class,noise-robustness-only,6,1,"['Normal', 'MCI']",Normal:2|MCI:1,False,,0,1.0,,,,,
very_noisy,binary_early,M0,ORD,LODO+LOSO-within-class,noise-robustness-only,6,1,"['Normal', 'MCI']",Normal:2|MCI:1,False,,0,1.0,,,,,
very_noisy,binary_early,M0,THR,LODO+LOSO-within-class,noise-robustness-only,6,1,"['Normal', 'MCI']",Normal:2|MCI:1,False,,0,1.0,,,,,
very_noisy,binary_early,M1,LDA,LODO+LOSO-within-class,noise-robustness-only,6,1,"['Normal', 'MCI']",Normal:2|MCI:1,False,,0,1.0,,,,,
very_noisy,binary_early,M1,LR,LODO+LOSO-within-class,noise-robustness-only,6,1,"['Normal', 'MCI']",Normal:2|MCI:1,False,,0,1.0,,,,,
very_noisy,binary_early,M1,LSVM,LODO+LOSO-within-class,noise-robustness-only,6,1,"['Normal', 'MCI']",Normal:2|MCI:1,False,,0,1.0,,,,,
very_noisy,binary_early,M1,RBF,LODO+LOSO-within-class,noise-robustness-only,6,1,"['Normal', 'MCI']",Normal:2|MCI:1,False,,0,1.0,,,,,
very_noisy,binary_early,M1,kNN,LODO+LOSO-within-class,noise-robustness-only,6,1,"['Normal', 'MCI']",Normal:2|MCI:1,False,,0,1.0,,,,,
very_noisy,binary_early,M1,ORD,LODO+LOSO-within-class,noise-robustness-only,6,1,"['Normal', 'MCI']",Normal:2|MCI:1,False,,0,1.0,,,,,
very_noisy,binary_early,M1,THR,LODO+LOSO-within-class,noise-robustness-only,6,1,"['Normal', 'MCI']",Normal:2|MCI:1,False,,0,1.0,,,,,
very_noisy,binary_early,M2,LDA,LODO+LOSO-within-class,noise-robustness-only,6,1,"['Normal', 'MCI']",Normal:2|MCI:1,False,,0,1.0,,,,,
very_noisy,binary_early,M2,LR,LODO+LOSO-within-class,noise-robustness-only,6,1,"['Normal', 'MCI']",Normal:2|MCI:1,False,,0,1.0,,,,,
very_noisy,binary_early,M2,LSVM,LODO+LOSO-within-class,noise-robustness-only,6,1,"['Normal', 'MCI']",Normal:2|MCI:1,False,,0,1.0,,,,,
very_noisy,binary_early,M2,RBF,LODO+LOSO-within-class,noise-robustness-only,6,1,"['Normal', 'MCI']",Normal:2|MCI:1,False,,0,1.0,,,,,
very_noisy,binary_early,M2,kNN,LODO+LOSO-within-class,noise-robustness-only,6,1,"['Normal', 'MCI']",Normal:2|MCI:1,False,,0,1.0,,,,,
very_noisy,binary_early,M2,ORD,LODO+LOSO-within-class,noise-robustness-only,6,1,"['Normal', 'MCI']",Normal:2|MCI:1,False,,0,1.0,,,,,
very_noisy,binary_early,M2,THR,LODO+LOSO-within-class,noise-robustness-only,6,1,"['Normal', 'MCI']",Normal:2|MCI:1,False,,0,1.0,,,,,
very_noisy,binary_early,M5,LDA,LODO+LOSO-within-class,noise-robustness-only,6,4,"['Normal', 'MCI']",Normal:2|MCI:1,False,,0,1.0,,,,,
very_noisy,binary_early,M5,LR,LODO+LOSO-within-class,noise-robustness-only,6,4,"['Normal', 'MCI']",Normal:2|MCI:1,False,,0,1.0,,,,,
very_noisy,binary_early,M5,LSVM,LODO+LOSO-within-class,noise-robustness-only,6,4,"['Normal', 'MCI']",Normal:2|MCI:1,False,,0,1.0,,,,,
very_noisy,binary_early,M5,RBF,LODO+LOSO-within-class,noise-robustness-only,6,4,"['Normal', 'MCI']",Normal:2|MCI:1,False,,0,1.0,,,,,
very_noisy,binary_early,M5,kNN,LODO+LOSO-within-class,noise-robustness-only,6,4,"['Normal', 'MCI']",Normal:2|MCI:1,False,,0,1.0,,,,,
very_noisy,binary_early,M5,ORD,LODO+LOSO-within-class,noise-robustness-only,6,4,"['Normal', 'MCI']",Normal:2|MCI:1,False,,0,1.0,,,,,
very_noisy,binary_early,M5.C3,LDA,LODO+LOSO-within-class,noise-robustness-only,6,1,"['Normal', 'MCI']",Normal:2|MCI:1,False,,0,1.0,,,,,
very_noisy,binary_early,M5.C3,LR,LODO+LOSO-within-class,noise-robustness-only,6,1,"['Normal', 'MCI']",Normal:2|MCI:1,False,,0,1.0,,,,,
very_noisy,binary_early,M5.C3,LSVM,LODO+LOSO-within-class,noise-robustness-only,6,1,"['Normal', 'MCI']",Normal:2|MCI:1,False,,0,1.0,,,,,
very_noisy,binary_early,M5.C3,RBF,LODO+LOSO-within-class,noise-robustness-only,6,1,"['Normal', 'MCI']",Normal:2|MCI:1,False,,0,1.0,,,,,
very_noisy,binary_early,M5.C3,kNN,LODO+LOSO-within-class,noise-robustness-only,6,1,"['Normal', 'MCI']",Normal:2|MCI:1,False,,0,1.0,,,,,
very_noisy,binary_early,M5.C3,ORD,LODO+LOSO-within-class,noise-robustness-only,6,1,"['Normal', 'MCI']",Normal:2|MCI:1,False,,0,1.0,,,,,
very_noisy,binary_early,M5.C3,THR,LODO+LOSO-within-class,noise-robustness-only,6,1,"['Normal', 'MCI']",Normal:2|MCI:1,False,,0,1.0,,,,,
very_noisy,binary_early,M5.C3[k3],LDA,LODO+LOSO-within-class,noise-robustness-only,6,1,"['Normal', 'MCI']",Normal:2|MCI:1,False,,0,1.0,,,,,
very_noisy,binary_early,M5.C3[k3],LR,LODO+LOSO-within-class,noise-robustness-only,6,1,"['Normal', 'MCI']",Normal:2|MCI:1,False,,0,1.0,,,,,
very_noisy,binary_early,M5.C3[k3],LSVM,LODO+LOSO-within-class,noise-robustness-only,6,1,"['Normal', 'MCI']",Normal:2|MCI:1,False,,0,1.0,,,,,
very_noisy,binary_early,M5.C3[k3],RBF,LODO+LOSO-within-class,noise-robustness-only,6,1,"['Normal', 'MCI']",Normal:2|MCI:1,False,,0,1.0,,,,,
very_noisy,binary_early,M5.C3[k3],kNN,LODO+LOSO-within-class,noise-robustness-only,6,1,"['Normal', 'MCI']",Normal:2|MCI:1,False,,0,1.0,,,,,
very_noisy,binary_early,M5.C3[k3],ORD,LODO+LOSO-within-class,noise-robustness-only,6,1,"['Normal', 'MCI']",Normal:2|MCI:1,False,,0,1.0,,,,,
very_noisy,binary_early,M5.C3[k3],THR,LODO+LOSO-within-class,noise-robustness-only,6,1,"['Normal', 'MCI']",Normal:2|MCI:1,False,,0,1.0,,,,,
very_noisy,binary_early,M5.C3[nested],LDA,LODO+LOSO-within-class,noise-robustness-only,6,1,"['Normal', 'MCI']",Normal:2|MCI:1,False,windows 3.60-3.70×6,0,1.0,,,,,
very_noisy,binary_early,M5.C3[nested],LR,LODO+LOSO-within-class,noise-robustness-only,6,1,"['Normal', 'MCI']",Normal:2|MCI:1,False,windows 3.60-3.70×6,0,1.0,,,,,
very_noisy,binary_early,M5.C3[nested],LSVM,LODO+LOSO-within-class,noise-robustness-only,6,1,"['Normal', 'MCI']",Normal:2|MCI:1,False,windows 3.60-3.70×6,0,1.0,,,,,
very_noisy,binary_early,M5.C3[nested],RBF,LODO+LOSO-within-class,noise-robustness-only,6,1,"['Normal', 'MCI']",Normal:2|MCI:1,False,windows 3.60-3.70×6,0,1.0,,,,,
very_noisy,binary_early,M5.C3[nested],kNN,LODO+LOSO-within-class,noise-robustness-only,6,1,"['Normal', 'MCI']",Normal:2|MCI:1,False,windows 3.60-3.70×6,0,1.0,,,,,
very_noisy,binary_early,M5.C3[nested],ORD,LODO+LOSO-within-class,noise-robustness-only,6,1,"['Normal', 'MCI']",Normal:2|MCI:1,False,windows 3.60-3.70×6,0,1.0,,,,,
very_noisy,binary_early,M5.C3[nested],THR,LODO+LOSO-within-class,noise-robustness-only,6,1,"['Normal', 'MCI']",Normal:2|MCI:1,False,windows 3.60-3.70×6,0,1.0,,,,,
very_noisy,binary_early,M6,LDA,LODO+LOSO-within-class,noise-robustness-only,6,22,"['Normal', 'MCI']",Normal:2|MCI:1,False,,0,1.0,,,,,
very_noisy,binary_early,M6,LR,LODO+LOSO-within-class,noise-robustness-only,6,22,"['Normal', 'MCI']",Normal:2|MCI:1,False,,0,1.0,,,,,
very_noisy,binary_early,M6,LSVM,LODO+LOSO-within-class,noise-robustness-only,6,22,"['Normal', 'MCI']",Normal:2|MCI:1,False,,0,1.0,,,,,
very_noisy,binary_early,M6,RBF,LODO+LOSO-within-class,noise-robustness-only,6,22,"['Normal', 'MCI']",Normal:2|MCI:1,False,,0,1.0,,,,,
very_noisy,binary_early,M6,kNN,LODO+LOSO-within-class,noise-robustness-only,6,22,"['Normal', 'MCI']",Normal:2|MCI:1,False,,0,1.0,,,,,
very_noisy,binary_early,M6,ORD,LODO+LOSO-within-class,noise-robustness-only,6,22,"['Normal', 'MCI']",Normal:2|MCI:1,False,,0,1.0,,,,,
very_noisy,binary_early,M7,LDA,LODO+LOSO-within-class,noise-robustness-only,6,6,"['Normal', 'MCI']",Normal:2|MCI:1,False,,0,1.0,,,,,
very_noisy,binary_early,M7,LR,LODO+LOSO-within-class,noise-robustness-only,6,6,"['Normal', 'MCI']",Normal:2|MCI:1,False,,0,1.0,,,,,
very_noisy,binary_early,M7,LSVM,LODO+LOSO-within-class,noise-robustness-only,6,6,"['Normal', 'MCI']",Normal:2|MCI:1,False,,0,1.0,,,,,
very_noisy,binary_early,M7,RBF,LODO+LOSO-within-class,noise-robustness-only,6,6,"['Normal', 'MCI']",Normal:2|MCI:1,False,,0,1.0,,,,,
very_noisy,binary_early,M7,kNN,LODO+LOSO-within-class,noise-robustness-only,6,6,"['Normal', 'MCI']",Normal:2|MCI:1,False,,0,1.0,,,,,
very_noisy,binary_early,M7,ORD,LODO+LOSO-within-class,noise-robustness-only,6,6,"['Normal', 'MCI']",Normal:2|MCI:1,False,,0,1.0,,,,,
very_noisy,binary_early,M8,LDA,LODO+LOSO-within-class,noise-robustness-only,6,4,"['Normal', 'MCI']",Normal:2|MCI:1,False,,0,1.0,,,,,
very_noisy,binary_early,M8,LR,LODO+LOSO-within-class,noise-robustness-only,6,4,"['Normal', 'MCI']",Normal:2|MCI:1,False,,0,1.0,,,,,
very_noisy,binary_early,M8,LSVM,LODO+LOSO-within-class,noise-robustness-only,6,4,"['Normal', 'MCI']",Normal:2|MCI:1,False,,0,1.0,,,,,
very_noisy,binary_early,M8,RBF,LODO+LOSO-within-class,noise-robustness-only,6,4,"['Normal', 'MCI']",Normal:2|MCI:1,False,,0,1.0,,,,,
very_noisy,binary_early,M8,kNN,LODO+LOSO-within-class,noise-robustness-only,6,4,"['Normal', 'MCI']",Normal:2|MCI:1,False,,0,1.0,,,,,
very_noisy,binary_early,M8,ORD,LODO+LOSO-within-class,noise-robustness-only,6,4,"['Normal', 'MCI']",Normal:2|MCI:1,False,,0,1.0,,,,,
very_noisy,binary_early,COMB,LDA,LODO+LOSO-within-class,noise-robustness-only,6,3,"['Normal', 'MCI']",Normal:2|MCI:1,False,chosen M6.A[3.60]+M6.A[3.65]+M6.A[3.45]×2; M6.A[3.60]+M6.A[3.80]+M6.A[3.50]×2; M6.A[3.60]+M6.A[3.45]+M6.A[3.65]×1; M6.A[3.60]+M6.A[3.50]+M7.D1×1,0,1.0,,,,,
very_noisy,binary_early,COMB,LR,LODO+LOSO-within-class,noise-robustness-only,6,3,"['Normal', 'MCI']",Normal:2|MCI:1,False,chosen M6.A[3.60]+M6.A[3.65]+M6.A[3.45]×2; M6.A[3.60]+M6.A[3.80]+M6.A[3.50]×2; M6.A[3.60]+M6.A[3.45]+M6.A[3.65]×1; M6.A[3.60]+M6.A[3.50]+M7.D1×1,0,1.0,,,,,
very_noisy,binary_early,COMB,LSVM,LODO+LOSO-within-class,noise-robustness-only,6,3,"['Normal', 'MCI']",Normal:2|MCI:1,False,chosen M6.A[3.60]+M6.A[3.65]+M6.A[3.45]×2; M6.A[3.60]+M6.A[3.80]+M6.A[3.50]×2; M6.A[3.60]+M6.A[3.45]+M6.A[3.65]×1; M6.A[3.60]+M6.A[3.50]+M7.D1×1,0,1.0,,,,,
very_noisy,binary_early,COMB,RBF,LODO+LOSO-within-class,noise-robustness-only,6,3,"['Normal', 'MCI']",Normal:2|MCI:1,False,chosen M6.A[3.60]+M6.A[3.65]+M6.A[3.45]×2; M6.A[3.60]+M6.A[3.80]+M6.A[3.50]×2; M6.A[3.60]+M6.A[3.45]+M6.A[3.65]×1; M6.A[3.60]+M6.A[3.50]+M7.D1×1,0,1.0,,,,,
very_noisy,binary_early,COMB,kNN,LODO+LOSO-within-class,noise-robustness-only,6,3,"['Normal', 'MCI']",Normal:2|MCI:1,False,chosen M6.A[3.60]+M6.A[3.65]+M6.A[3.45]×2; M6.A[3.60]+M6.A[3.80]+M6.A[3.50]×2; M6.A[3.60]+M6.A[3.45]+M6.A[3.65]×1; M6.A[3.60]+M6.A[3.50]+M7.D1×1,0,1.0,,,,,
very_noisy,binary_early,COMB,ORD,LODO+LOSO-within-class,noise-robustness-only,6,3,"['Normal', 'MCI']",Normal:2|MCI:1,False,chosen M6.A[3.60]+M6.A[3.65]+M6.A[3.45]×2; M6.A[3.60]+M6.A[3.80]+M6.A[3.50]×2; M6.A[3.60]+M6.A[3.45]+M6.A[3.65]×1; M6.A[3.60]+M6.A[3.50]+M7.D1×1,0,1.0,,,,,
very_noisy,binary_early,M9,LDA,LODO+LOSO-within-class,noise-robustness-only,6,3618,"['Normal', 'MCI']",Normal:2|MCI:1,False,,0,1.0,,,,,
very_noisy,binary_early,M9,LR,LODO+LOSO-within-class,noise-robustness-only,6,3618,"['Normal', 'MCI']",Normal:2|MCI:1,False,,0,1.0,,,,,
very_noisy,binary_early,M9,LSVM,LODO+LOSO-within-class,noise-robustness-only,6,3618,"['Normal', 'MCI']",Normal:2|MCI:1,False,,0,1.0,,,,,
very_noisy,binary_early,M9,RBF,LODO+LOSO-within-class,noise-robustness-only,6,3618,"['Normal', 'MCI']",Normal:2|MCI:1,False,,0,1.0,,,,,
very_noisy,binary_early,M9,kNN,LODO+LOSO-within-class,noise-robustness-only,6,3618,"['Normal', 'MCI']",Normal:2|MCI:1,False,,0,1.0,,,,,
very_noisy,binary_early,M9,ORD,LODO+LOSO-within-class,noise-robustness-only,6,3618,"['Normal', 'MCI']",Normal:2|MCI:1,False,,0,1.0,,,,,
typical_jitter,binary,M0,LDA,LOSO,cross-solve-same-head,8,1,"['Normal', 'AD']",Normal:2|AD:6,False,,2880,0.0,0.6177083333333333,0.6159722222222223,0.5766397219895723,0.7857638888888889,0.7771186440677966
typical_jitter,binary,M0,LR,LOSO,cross-solve-same-head,8,1,"['Normal', 'AD']",Normal:2|AD:6,False,,2880,0.0,0.6184027777777777,0.6164351851851853,0.5772060026723842,0.7600694444444445,0.7695114602629054
typical_jitter,binary,M0,LSVM,LOSO,cross-solve-same-head,8,1,"['Normal', 'AD']",Normal:2|AD:6,False,,2880,0.0,0.6177083333333333,0.6159722222222223,0.5766397219895723,0.7850694444444444,0.7765822784810127
typical_jitter,binary,M0,RBF,LOSO,cross-solve-same-head,8,1,"['Normal', 'AD']",Normal:2|AD:6,False,,2880,0.0,0.6048611111111111,0.612037037037037,0.5681214421252372,0.9885416666666667,
typical_jitter,binary,M0,kNN,LOSO,cross-solve-same-head,8,1,"['Normal', 'AD']",Normal:2|AD:6,False,,2880,0.0,0.5958333333333333,0.6078703703703703,0.5614880982591484,0.8784722222222222,0.7481343283582089
typical_jitter,binary,M0,ORD,LOSO,cross-solve-same-head,8,1,"['Normal', 'AD']",Normal:2|AD:6,False,,2880,0.0,0.6184027777777777,0.6164351851851853,0.5772060026723842,0.7861111111111111,0.7764241996233522
typical_jitter,binary,M0,THR,LOSO,cross-solve-same-head,8,1,"['Normal', 'AD']",Normal:2|AD:6,False,,2880,0.0,0.5458333333333333,0.5976851851851852,0.5278544137560731,0.7888888888888889,0.7813070918452085
typical_jitter,binary,M1,LDA,LOSO,cross-solve-same-head,8,1,"['Normal', 'AD']",Normal:2|AD:6,False,,2880,0.0,0.4809027777777778,0.3914351851851852,0.39614249836504345,0.9642361111111111,0.1256578947368421
typical_jitter,binary,M1,LR,LOSO,cross-solve-same-head,8,1,"['Normal', 'AD']",Normal:2|AD:6,False,,2880,0.0,0.48020833333333335,0.3909722222222222,0.39570011567781266,0.9586805555555555,0.11919191919191918
typical_jitter,binary,M1,LSVM,LOSO,cross-solve-same-head,8,1,"['Normal', 'AD']",Normal:2|AD:6,False,,2880,0.0,0.4809027777777778,0.3914351851851852,0.39614249836504345,0.9638888888888889,0.125
typical_jitter,binary,M1,RBF,LOSO,cross-solve-same-head,8,1,"['Normal', 'AD']",Normal:2|AD:6,False,,2880,0.0,0.5125,0.4300925925925926,0.4302946757507224,0.9444444444444444,
typical_jitter,binary,M1,kNN,LOSO,cross-solve-same-head,8,1,"['Normal', 'AD']",Normal:2|AD:6,False,,2880,0.0,0.46944444444444444,0.44027777777777777,0.42484286116837156,0.9722222222222222,
typical_jitter,binary,M1,ORD,LOSO,cross-solve-same-head,8,1,"['Normal', 'AD']",Normal:2|AD:6,False,,2880,0.0,0.48055555555555557,0.3912037037037037,0.39592132485436704,0.9642361111111111,0.1256578947368421
typical_jitter,binary,M1,THR,LOSO,cross-solve-same-head,8,1,"['Normal', 'AD']",Normal:2|AD:6,False,,2880,0.0,0.51875,0.4601851851851852,0.4527747313007239,0.9652777777777778,0.12148962148962149
typical_jitter,binary,M2,LDA,LOSO,cross-solve-same-head,8,1,"['Normal', 'AD']",Normal:2|AD:6,False,,2880,0.0,0.5427083333333333,0.5423611111111111,0.5062092916170169,0.9944444444444445,0.4181818181818182
typical_jitter,binary,M2,LR,LOSO,cross-solve-same-head,8,1,"['Normal', 'AD']",Normal:2|AD:6,False,,2880,0.0,0.5423611111111111,0.5421296296296296,0.5059350170430968,0.9909722222222223,0.5606060606060606
typical_jitter,binary,M2,LSVM,LOSO,cross-solve-same-head,8,1,"['Normal', 'AD']",Normal:2|AD:6,False,,2880,0.0,0.5427083333333333,0.5423611111111111,0.5062092916170169,0.9944444444444445,0.4181818181818182
typical_jitter,binary,M2,RBF,LOSO,cross-solve-same-head,8,1,"['Normal', 'AD']",Normal:2|AD:6,False,,2880,0.0,0.4888888888888889,0.513425925925926,0.4658600271444548,1.0,
typical_jitter,binary,M2,kNN,LOSO,cross-solve-same-head,8,1,"['Normal', 'AD']",Normal:2|AD:6,False,,2880,0.0,0.5142361111111111,0.4965277777777778,0.471723217958096,0.9892361111111111,0.5454545454545454
typical_jitter,binary,M2,ORD,LOSO,cross-solve-same-head,8,1,"['Normal', 'AD']",Normal:2|AD:6,False,,2880,0.0,0.5423611111111111,0.5421296296296296,0.5059350170430968,0.9944444444444445,0.4181818181818182
typical_jitter,binary,M2,THR,LOSO,cross-solve-same-head,8,1,"['Normal', 'AD']",Normal:2|AD:6,False,,2880,0.0,0.44513888888888886,0.4912037037037037,0.4317545940035333,0.9951388888888889,0.25
typical_jitter,binary,M5,LDA,LOSO,cross-solve-same-head,8,4,"['Normal', 'AD']",Normal:2|AD:6,False,,2880,0.0,1.0,1.0,1.0,0.0,1.0
typical_jitter,binary,M5,LR,LOSO,cross-solve-same-head,8,4,"['Normal', 'AD']",Normal:2|AD:6,False,,2880,0.0,0.9989583333333333,0.9979166666666667,0.9986091774008713,0.0003472222222222765,1.0
typical_jitter,binary,M5,LSVM,LOSO,cross-solve-same-head,8,4,"['Normal', 'AD']",Normal:2|AD:6,False,,2880,0.0,1.0,1.0,1.0,0.0,1.0
typical_jitter,binary,M5,RBF,LOSO,cross-solve-same-head,8,4,"['Normal', 'AD']",Normal:2|AD:6,False,,2880,0.0,0.9996527777777777,0.9993055555555556,0.9995368225285662,0.0,1.0
typical_jitter,binary,M5,kNN,LOSO,cross-solve-same-head,8,4,"['Normal', 'AD']",Normal:2|AD:6,False,,2880,0.0,0.9986111111111111,0.9972222222222222,0.9981447076497312,0.002777777777777768,1.0
typical_jitter,binary,M5,ORD,LOSO,cross-solve-same-head,8,4,"['Normal', 'AD']",Normal:2|AD:6,False,,2880,0.0,0.9979166666666667,0.9958333333333333,0.9972144685147895,0.0010416666666667185,0.9993036211699164
typical_jitter,binary,M5.C3,LDA,LOSO,cross-solve-same-head,8,1,"['Normal', 'AD']",Normal:2|AD:6,False,,2880,0.0,0.9993055555555556,0.999074074074074,0.999074074074074,0.004861111111111094,0.9993013507219376
typical_jitter,binary,M5.C3,LR,LOSO,cross-solve-same-head,8,1,"['Normal', 'AD']",Normal:2|AD:6,False,,2880,0.0,0.9982638888888888,0.9983796296296297,0.997688392406947,0.01041666666666663,0.997887323943662
typical_jitter,binary,M5.C3,LSVM,LOSO,cross-solve-same-head,8,1,"['Normal', 'AD']",Normal:2|AD:6,False,,2880,0.0,0.9979166666666667,0.9981481481481482,0.9972273496286446,0.008333333333333304,0.9978932584269663
typical_jitter,binary,M5.C3,RBF,LOSO,cross-solve-same-head,8,1,"['Normal', 'AD']",Normal:2|AD:6,False,,2880,0.0,0.9979166666666667,0.9981481481481482,0.9972273496286446,0.006597222222222254,0.9978981784212985
typical_jitter,binary,M5.C3,kNN,LOSO,cross-solve-same-head,8,1,"['Normal', 'AD']",Normal:2|AD:6,False,,2880,0.0,0.9975694444444444,0.9979166666666667,0.9967667306851853,0.013194444444444398,0.9971849146507488
typical_jitter,binary,M5.C3,ORD,LOSO,cross-solve-same-head,8,1,"['Normal', 'AD']",Normal:2|AD:6,False,,2880,0.0,0.9989583333333333,0.9988425925925926,0.9986117535946182,0.0017361111111111605,0.9990719257540603
typical_jitter,binary,M5.C3,THR,LOSO,cross-solve-same-head,8,1,"['Normal', 'AD']",Normal:2|AD:6,False,,2880,0.0,0.9972222222222222,0.9981481481481482,0.9963099252759868,0.0017361111111111605,0.9993042671614101
typical_jitter,binary,M5.C3[k3],LDA,LOSO,cross-solve-same-head,8,1,"['Normal', 'AD']",Normal:2|AD:6,False,,2880,0.0,0.9996527777777777,0.9993055555555556,0.9995368225285662,0.0003472222222222765,0.9997684113015285
typical_jitter,binary,M5.C3[k3],LR,LOSO,cross-solve-same-head,8,1,"['Normal', 'AD']",Normal:2|AD:6,False,,2880,0.0,0.9996527777777777,0.9993055555555556,0.9995368225285662,0.0003472222222222765,0.9997684113015285
typical_jitter,binary,M5.C3[k3],LSVM,LOSO,cross-solve-same-head,8,1,"['Normal', 'AD']",Normal:2|AD:6,False,,2880,0.0,0.9996527777777777,0.9997685185185186,0.9995372511982061,0.000694444444444442,0.9995366079703429
typical_jitter,binary,M5.C3[k3],RBF,LOSO,cross-solve-same-head,8,1,"['Normal', 'AD']",Normal:2|AD:6,False,,2880,0.0,0.9996527777777777,0.9997685185185186,0.9995372511982061,0.0003472222222222765,0.999536822603057
typical_jitter,binary,M5.C3[k3],kNN,LOSO,cross-solve-same-head,8,1,"['Normal', 'AD']",Normal:2|AD:6,False,,2880,0.0,0.9996527777777777,0.9997685185185186,0.9995372511982061,0.000694444444444442,0.9995366079703429
typical_jitter,binary,M5.C3[k3],ORD,LOSO,cross-solve-same-head,8,1,"['Normal', 'AD']",Normal:2|AD:6,False,,2880,0.0,0.9996527777777777,0.9993055555555556,0.9995368225285662,0.0003472222222222765,0.9997684113015285
typical_jitter,binary,M5.C3[k3],THR,LOSO,cross-solve-same-head,8,1,"['Normal', 'AD']",Normal:2|AD:6,False,,2880,0.0,0.9993055555555556,0.9995370370370371,0.999074930025523,0.000694444444444442,1.0
typical_jitter,binary,M5.C3[nested],LDA,LOSO,cross-solve-same-head,8,1,"['Normal', 'AD']",Normal:2|AD:6,False,"windows 3.45-3.55×6, 3.35-3.55×1, 3.40-3.55×1",2880,0.0,1.0,1.0,1.0,0.0,1.0
typical_jitter,binary,M5.C3[nested],LR,LOSO,cross-solve-same-head,8,1,"['Normal', 'AD']",Normal:2|AD:6,False,"windows 3.45-3.55×6, 3.35-3.55×1, 3.40-3.55×1",2880,0.0,1.0,1.0,1.0,0.0,1.0
typical_jitter,binary,M5.C3[nested],LSVM,LOSO,cross-solve-same-head,8,1,"['Normal', 'AD']",Normal:2|AD:6,False,"windows 3.45-3.55×6, 3.35-3.55×1, 3.40-3.55×1",2880,0.0,1.0,1.0,1.0,0.0010416666666667185,1.0
typical_jitter,binary,M5.C3[nested],RBF,LOSO,cross-solve-same-head,8,1,"['Normal', 'AD']",Normal:2|AD:6,False,"windows 3.45-3.55×6, 3.35-3.55×1, 3.40-3.55×1",2880,0.0,1.0,1.0,1.0,0.000694444444444442,1.0
typical_jitter,binary,M5.C3[nested],kNN,LOSO,cross-solve-same-head,8,1,"['Normal', 'AD']",Normal:2|AD:6,False,"windows 3.45-3.55×6, 3.35-3.55×1, 3.40-3.55×1",2880,0.0,1.0,1.0,1.0,0.000694444444444442,1.0
typical_jitter,binary,M5.C3[nested],ORD,LOSO,cross-solve-same-head,8,1,"['Normal', 'AD']",Normal:2|AD:6,False,"windows 3.45-3.55×6, 3.35-3.55×1, 3.40-3.55×1",2880,0.0,1.0,1.0,1.0,0.0,1.0
typical_jitter,binary,M5.C3[nested],THR,LOSO,cross-solve-same-head,8,1,"['Normal', 'AD']",Normal:2|AD:6,False,"windows 3.45-3.55×6, 3.35-3.55×1, 3.40-3.55×1",2880,0.0,0.9989583333333333,0.9993055555555556,0.9986130354441682,0.0,1.0
typical_jitter,binary,M6,LDA,LOSO,cross-solve-same-head,8,22,"['Normal', 'AD']",Normal:2|AD:6,False,,2880,0.0,1.0,1.0,1.0,0.0024305555555556024,0.9992997198879552
typical_jitter,binary,M6,LR,LOSO,cross-solve-same-head,8,22,"['Normal', 'AD']",Normal:2|AD:6,False,,2880,0.0,0.9638888888888889,0.9333333333333333,0.9499465240641711,0.01388888888888884,0.9357783703107444
typical_jitter,binary,M6,LSVM,LOSO,cross-solve-same-head,8,22,"['Normal', 'AD']",Normal:2|AD:6,False,,2880,0.0,0.9979166666666667,0.9972222222222222,0.9972222222222222,0.002083333333333326,0.9990725711464428
typical_jitter,binary,M6,RBF,LOSO,cross-solve-same-head,8,22,"['Normal', 'AD']",Normal:2|AD:6,False,,2880,0.0,0.8368055555555556,0.675,0.7100992378968145,0.03645833333333337,0.7858298923158036
typical_jitter,binary,M6,kNN,LOSO,cross-solve-same-head,8,22,"['Normal', 'AD']",Normal:2|AD:6,False,,2880,0.0,0.7079861111111111,0.48032407407407407,0.4344094222129647,0.009375000000000022,0.48758383871624905
typical_jitter,binary,M6,ORD,LOSO,cross-solve-same-head,8,22,"['Normal', 'AD']",Normal:2|AD:6,False,,2880,0.0,0.9423611111111111,0.8958333333333334,0.9185142208092809,0.021527777777777812,0.8801383361561668
typical_jitter,binary,M7,LDA,LOSO,cross-solve-same-head,8,6,"['Normal', 'AD']",Normal:2|AD:6,False,,2880,0.0,0.6125,0.549537037037037,0.5383849101869337,0.26631944444444444,0.5331123560954478
typical_jitter,binary,M7,LR,LOSO,cross-solve-same-head,8,6,"['Normal', 'AD']",Normal:2|AD:6,False,,2880,0.0,0.6107638888888889,0.44930555555555557,0.4440815976524033,0.22499999999999998,0.4631932892530128
typical_jitter,binary,M7,LSVM,LOSO,cross-solve-same-head,8,6,"['Normal', 'AD']",Normal:2|AD:6,False,,2880,0.0,0.6027777777777777,0.4444444444444444,0.44021573659257973,0.22499999999999998,0.4629739646696231
typical_jitter,binary,M7,RBF,LOSO,cross-solve-same-head,8,6,"['Normal', 'AD']",Normal:2|AD:6,False,,2880,0.0,0.6256944444444444,0.4532407407407407,0.444119372242208,0.16631944444444446,0.45990140330742346
typical_jitter,binary,M7,kNN,LOSO,cross-solve-same-head,8,6,"['Normal', 'AD']",Normal:2|AD:6,False,,2880,0.0,0.6052083333333333,0.45625,0.454164947680306,0.2802083333333333,0.44209897679306104
typical_jitter,binary,M7,ORD,LOSO,cross-solve-same-head,8,6,"['Normal', 'AD']",Normal:2|AD:6,False,,2880,0.0,0.5819444444444445,0.43472222222222223,0.43357132729276915,0.23750000000000004,0.44771908793239246
typical_jitter,binary,M8,LDA,LOSO,cross-solve-same-head,8,4,"['Normal', 'AD']",Normal:2|AD:6,False,,2880,0.0,0.8229166666666666,0.8342592592592593,0.7902883877334698,0.18541666666666667,0.8905164146621417
typical_jitter,binary,M8,LR,LOSO,cross-solve-same-head,8,4,"['Normal', 'AD']",Normal:2|AD:6,False,,2880,0.0,0.8173611111111111,0.8217592592592593,0.7821393624677067,0.17118055555555556,0.8706818464720358
typical_jitter,binary,M8,LSVM,LOSO,cross-solve-same-head,8,4,"['Normal', 'AD']",Normal:2|AD:6,False,,2880,0.0,0.6767361111111111,0.6516203703703703,0.6234956317556766,0.5118055555555556,0.7397502382377058
typical_jitter,binary,M8,RBF,LOSO,cross-solve-same-head,8,4,"['Normal', 'AD']",Normal:2|AD:6,False,,2880,0.0,0.490625,0.5136574074074074,0.46694598540919574,1.0,
typical_jitter,binary,M8,kNN,LOSO,cross-solve-same-head,8,4,"['Normal', 'AD']",Normal:2|AD:6,False,,2880,0.0,0.5434027777777778,0.5233796296296296,0.49766813334873716,0.9857638888888889,0.48333333333333334
typical_jitter,binary,M8,ORD,LOSO,cross-solve-same-head,8,4,"['Normal', 'AD']",Normal:2|AD:6,False,,2880,0.0,0.5434027777777778,0.5428240740740741,0.5067577907510574,0.9940972222222222,0.4015151515151515
typical_jitter,binary,COMB,LDA,LOSO,cross-solve-same-head,8,3,"['Normal', 'AD']",Normal:2|AD:6,False,chosen M5.C3+M5.C2+M7.D2×4; M5.C3+M5.C2+M6.A[3.40]×3; M5.C3+M5.C2+M6.A[3.65]×1,2880,0.0,1.0,1.0,1.0,0.0003472222222222765,1.0
typical_jitter,binary,COMB,LR,LOSO,cross-solve-same-head,8,3,"['Normal', 'AD']",Normal:2|AD:6,False,chosen M5.C3+M5.C2+M7.D2×4; M5.C3+M5.C2+M6.A[3.40]×3; M5.C3+M5.C2+M6.A[3.65]×1,2880,0.0,0.9989583333333333,0.9979166666666667,0.9986091774008713,0.0031250000000000444,0.9978962131837308
typical_jitter,binary,COMB,LSVM,LOSO,cross-solve-same-head,8,3,"['Normal', 'AD']",Normal:2|AD:6,False,chosen M5.C3+M5.C2+M7.D2×4; M5.C3+M5.C2+M6.A[3.40]×3; M5.C3+M5.C2+M6.A[3.65]×1,2880,0.0,1.0,1.0,1.0,0.0,1.0
typical_jitter,binary,COMB,RBF,LOSO,cross-solve-same-head,8,3,"['Normal', 'AD']",Normal:2|AD:6,False,chosen M5.C3+M5.C2+M7.D2×4; M5.C3+M5.C2+M6.A[3.40]×3; M5.C3+M5.C2+M6.A[3.65]×1,2880,0.0,0.9972222222222222,0.9944444444444445,0.9962824894928696,0.001388888888888884,0.9983768371106023
typical_jitter,binary,COMB,kNN,LOSO,cross-solve-same-head,8,3,"['Normal', 'AD']",Normal:2|AD:6,False,chosen M5.C3+M5.C2+M7.D2×4; M5.C3+M5.C2+M6.A[3.40]×3; M5.C3+M5.C2+M6.A[3.65]×1,2880,0.0,0.9993055555555556,0.999074074074074,0.999074074074074,0.0017361111111111605,0.9958187645687646
typical_jitter,binary,COMB,ORD,LOSO,cross-solve-same-head,8,3,"['Normal', 'AD']",Normal:2|AD:6,False,chosen M5.C3+M5.C2+M7.D2×4; M5.C3+M5.C2+M6.A[3.40]×3; M5.C3+M5.C2+M6.A[3.65]×1,2880,0.0,0.9989583333333333,0.9979166666666667,0.9986091774008713,0.0038194444444444864,0.9992977528089888
typical_jitter,binary,M9,LDA,LOSO,cross-solve-same-head,8,3618,"['Normal', 'AD']",Normal:2|AD:6,False,,2880,0.0,1.0,1.0,1.0,0.0010416666666667185,1.0
typical_jitter,binary,M9,LR,LOSO,cross-solve-same-head,8,3618,"['Normal', 'AD']",Normal:2|AD:6,False,,2880,0.0,0.9902777777777778,0.9805555555555556,0.9868651146305423,0.009027777777777746,0.994956772334294
typical_jitter,binary,M9,LSVM,LOSO,cross-solve-same-head,8,3618,"['Normal', 'AD']",Normal:2|AD:6,False,,2880,0.0,0.9892361111111111,0.9928240740740741,0.9858490543608387,0.0,1.0
typical_jitter,binary,M9,RBF,LOSO,cross-solve-same-head,8,3618,"['Normal', 'AD']",Normal:2|AD:6,False,,2880,0.0,0.9180555555555555,0.8361111111111111,0.8760934432780402,0.02777777777777779,0.9461778471138845
typical_jitter,binary,M9,kNN,LOSO,cross-solve-same-head,8,3618,"['Normal', 'AD']",Normal:2|AD:6,False,,2880,0.0,0.81875,0.6444444444444445,0.6704441428075382,0.024652777777777746,0.5983355026101753
typical_jitter,binary,M9,ORD,LOSO,cross-solve-same-head,8,3618,"['Normal', 'AD']",Normal:2|AD:6,False,,2880,0.0,0.9920138888888889,0.9840277777777777,0.9892363233139385,0.006597222222222254,0.9971469329529243
typical_jitter,three_merged,M0,LDA,LOSO,cross-solve-same-head,8,1,"['Normal', 'Mild+Moderate', 'Severe']",Normal:2|Mild+Moderate:4|Severe:2,True,,2880,0.0,0.4076388888888889,0.4208333333333334,0.3936949728348958,0.9892361111111111,0.3333333333333333
typical_jitter,three_merged,M0,LR,LOSO,cross-solve-same-head,8,1,"['Normal', 'Mild+Moderate', 'Severe']",Normal:2|Mild+Moderate:4|Severe:2,True,,2880,0.0,0.4065972222222222,0.41944444444444445,0.39185753326110967,0.9871527777777778,0.3333333333333333
typical_jitter,three_merged,M0,LSVM,LOSO,cross-solve-same-head,8,1,"['Normal', 'Mild+Moderate', 'Severe']",Normal:2|Mild+Moderate:4|Severe:2,True,,2880,0.0,0.40694444444444444,0.32407407407407407,0.2780129432139276,0.9888888888888889,0.3333333333333333
typical_jitter,three_merged,M0,RBF,LOSO,cross-solve-same-head,8,1,"['Normal', 'Mild+Moderate', 'Severe']",Normal:2|Mild+Moderate:4|Severe:2,True,,2880,0.0,0.3486111111111111,0.39606481481481487,0.34722823096454497,1.0,
typical_jitter,three_merged,M0,kNN,LOSO,cross-solve-same-head,8,1,"['Normal', 'Mild+Moderate', 'Severe']",Normal:2|Mild+Moderate:4|Severe:2,True,,2880,0.0,0.39166666666666666,0.40625,0.3847609469720841,0.9979166666666667,0.3333333333333333
typical_jitter,three_merged,M0,ORD,LOSO,cross-solve-same-head,8,1,"['Normal', 'Mild+Moderate', 'Severe']",Normal:2|Mild+Moderate:4|Severe:2,True,,2880,0.0,0.3659722222222222,0.4231481481481481,0.36741753504114766,0.9892361111111111,0.3333333333333333
typical_jitter,three_merged,M1,LDA,LOSO,cross-solve-same-head,8,1,"['Normal', 'Mild+Moderate', 'Severe']",Normal:2|Mild+Moderate:4|Severe:2,True,,2880,0.0,0.41041666666666665,0.35277777777777786,0.3593183316301698,0.9996527777777777,
typical_jitter,three_merged,M1,LR,LOSO,cross-solve-same-head,8,1,"['Normal', 'Mild+Moderate', 'Severe']",Normal:2|Mild+Moderate:4|Severe:2,True,,2880,0.0,0.4111111111111111,0.35347222222222224,0.3600719686097886,0.9996527777777777,
typical_jitter,three_merged,M1,LSVM,LOSO,cross-solve-same-head,8,1,"['Normal', 'Mild+Moderate', 'Severe']",Normal:2|Mild+Moderate:4|Severe:2,True,,2880,0.0,0.39861111111111114,0.28124999999999994,0.23871171687183093,0.9996527777777777,
typical_jitter,three_merged,M1,RBF,LOSO,cross-solve-same-head,8,1,"['Normal', 'Mild+Moderate', 'Severe']",Normal:2|Mild+Moderate:4|Severe:2,True,,2880,0.0,0.3628472222222222,0.33217592592592593,0.3319399138423646,1.0,
typical_jitter,three_merged,M1,kNN,LOSO,cross-solve-same-head,8,1,"['Normal', 'Mild+Moderate', 'Severe']",Normal:2|Mild+Moderate:4|Severe:2,True,,2880,0.0,0.325,0.30949074074074073,0.30649628409259516,0.9996527777777777,
typical_jitter,three_merged,M1,ORD,LOSO,cross-solve-same-head,8,1,"['Normal', 'Mild+Moderate', 'Severe']",Normal:2|Mild+Moderate:4|Severe:2,True,,2880,0.0,0.13576388888888888,0.1726851851851852,0.12844187251409614,0.9996527777777777,
typical_jitter,three_merged,M2,LDA,LOSO,cross-solve-same-head,8,1,"['Normal', 'Mild+Moderate', 'Severe']",Normal:2|Mild+Moderate:4|Severe:2,True,,2880,0.0,0.22916666666666666,0.2805555555555555,0.22367201148596058,0.9996527777777777,
typical_jitter,three_merged,M2,LR,LOSO,cross-solve-same-head,8,1,"['Normal', 'Mild+Moderate', 'Severe']",Normal:2|Mild+Moderate:4|Severe:2,True,,2880,0.0,0.2267361111111111,0.2789351851851852,0.22092117617020954,0.9996527777777777,
typical_jitter,three_merged,M2,LSVM,LOSO,cross-solve-same-head,8,1,"['Normal', 'Mild+Moderate', 'Severe']",Normal:2|Mild+Moderate:4|Severe:2,True,,2880,0.0,0.3458333333333333,0.23657407407407408,0.18631569745606458,0.9996527777777777,
typical_jitter,three_merged,M2,RBF,LOSO,cross-solve-same-head,8,1,"['Normal', 'Mild+Moderate', 'Severe']",Normal:2|Mild+Moderate:4|Severe:2,True,,2880,0.0,0.21875,0.26828703703703705,0.21027871288849986,1.0,
typical_jitter,three_merged,M2,kNN,LOSO,cross-solve-same-head,8,1,"['Normal', 'Mild+Moderate', 'Severe']",Normal:2|Mild+Moderate:4|Severe:2,True,,2880,0.0,0.33958333333333335,0.3453703703703704,0.3314000058613433,0.9958333333333333,
typical_jitter,three_merged,M2,ORD,LOSO,cross-solve-same-head,8,1,"['Normal', 'Mild+Moderate', 'Severe']",Normal:2|Mild+Moderate:4|Severe:2,True,,2880,0.0,0.3104166666666667,0.3773148148148148,0.30486195462391974,0.9996527777777777,
typical_jitter,three_merged,M5,LDA,LOSO,cross-solve-same-head,8,4,"['Normal', 'Mild+Moderate', 'Severe']",Normal:2|Mild+Moderate:4|Severe:2,True,,2880,0.0,0.9743055555555555,0.9812500000000001,0.9748106531481251,0.004513888888888928,0.9813323567721014
typical_jitter,three_merged,M5,LR,LOSO,cross-solve-same-head,8,4,"['Normal', 'Mild+Moderate', 'Severe']",Normal:2|Mild+Moderate:4|Severe:2,True,,2880,0.0,0.9642361111111111,0.9694444444444444,0.9647693869916093,0.012847222222222232,0.9609102633859298
typical_jitter,three_merged,M5,LSVM,LOSO,cross-solve-same-head,8,4,"['Normal', 'Mild+Moderate', 'Severe']",Normal:2|Mild+Moderate:4|Severe:2,True,,2880,0.0,0.9402777777777778,0.9453703703703704,0.9410533701215197,0.00347222222222221,0.9788330661935959
typical_jitter,three_merged,M5,RBF,LOSO,cross-solve-same-head,8,4,"['Normal', 'Mild+Moderate', 'Severe']",Normal:2|Mild+Moderate:4|Severe:2,True,,2880,0.0,0.9628472222222222,0.9682870370370371,0.9634246301218395,0.0038194444444444864,0.9711611893949273
typical_jitter,three_merged,M5,kNN,LOSO,cross-solve-same-head,8,4,"['Normal', 'Mild+Moderate', 'Severe']",Normal:2|Mild+Moderate:4|Severe:2,True,,2880,0.0,0.9697916666666667,0.9766203703703704,0.9703850579868747,0.018055555555555602,0.9811121161324446
typical_jitter,three_merged,M5,ORD,LOSO,cross-solve-same-head,8,4,"['Normal', 'Mild+Moderate', 'Severe']",Normal:2|Mild+Moderate:4|Severe:2,True,,2880,0.0,0.9392361111111112,0.9395833333333333,0.9395180930637311,0.03645833333333337,0.9388451887480743
typical_jitter,three_merged,M5.C3,LDA,LOSO,cross-solve-same-head,8,1,"['Normal', 'Mild+Moderate', 'Severe']",Normal:2|Mild+Moderate:4|Severe:2,True,,2880,0.0,0.44166666666666665,0.5400462962962963,0.5017276136140012,0.6239583333333334,0.3333333333333333
typical_jitter,three_merged,M5.C3,LR,LOSO,cross-solve-same-head,8,1,"['Normal', 'Mild+Moderate', 'Severe']",Normal:2|Mild+Moderate:4|Severe:2,True,,2880,0.0,0.44722222222222224,0.5594907407407407,0.5014165943182102,0.6680555555555556,0.3333333333333333
typical_jitter,three_merged,M5.C3,LSVM,LOSO,cross-solve-same-head,8,1,"['Normal', 'Mild+Moderate', 'Severe']",Normal:2|Mild+Moderate:4|Severe:2,True,,2880,0.0,0.7069444444444445,0.637962962962963,0.5836603315964901,0.5753472222222222,0.4272300469483568
typical_jitter,three_merged,M5.C3,RBF,LOSO,cross-solve-same-head,8,1,"['Normal', 'Mild+Moderate', 'Severe']",Normal:2|Mild+Moderate:4|Severe:2,True,,2880,0.0,0.3576388888888889,0.44768518518518513,0.4280264689823128,0.6541666666666667,0.33287037037037037
typical_jitter,three_merged,M5.C3,kNN,LOSO,cross-solve-same-head,8,1,"['Normal', 'Mild+Moderate', 'Severe']",Normal:2|Mild+Moderate:4|Severe:2,True,,2880,0.0,0.5399305555555556,0.5888888888888889,0.5825273459682062,0.6913194444444444,0.37295224817009415
typical_jitter,three_merged,M5.C3,ORD,LOSO,cross-solve-same-head,8,1,"['Normal', 'Mild+Moderate', 'Severe']",Normal:2|Mild+Moderate:4|Severe:2,True,,2880,0.0,0.6395833333333333,0.6583333333333333,0.6577971388909223,0.7486111111111111,
typical_jitter,three_merged,M5.C3[k3],LDA,LOSO,cross-solve-same-head,8,1,"['Normal', 'Mild+Moderate', 'Severe']",Normal:2|Mild+Moderate:4|Severe:2,True,,2880,0.0,0.3246527777777778,0.41643518518518513,0.3990524395159312,0.5444444444444445,0.3393094289508632
typical_jitter,three_merged,M5.C3[k3],LR,LOSO,cross-solve-same-head,8,1,"['Normal', 'Mild+Moderate', 'Severe']",Normal:2|Mild+Moderate:4|Severe:2,True,,2880,0.0,0.3246527777777778,0.42175925925925933,0.3976538820738678,0.6892361111111112,0.5904237570904237
typical_jitter,three_merged,M5.C3[k3],LSVM,LOSO,cross-solve-same-head,8,1,"['Normal', 'Mild+Moderate', 'Severe']",Normal:2|Mild+Moderate:4|Severe:2,True,,2880,0.0,0.7489583333333333,0.6659722222222223,0.5989733879642136,0.4267361111111111,0.33690987124463523
typical_jitter,three_merged,M5.C3[k3],RBF,LOSO,cross-solve-same-head,8,1,"['Normal', 'Mild+Moderate', 'Severe']",Normal:2|Mild+Moderate:4|Severe:2,True,,2880,0.0,0.4840277777777778,0.5347222222222222,0.5332107762655128,0.5850694444444444,0.5662949194547707
typical_jitter,three_merged,M5.C3[k3],kNN,LOSO,cross-solve-same-head,8,1,"['Normal', 'Mild+Moderate', 'Severe']",Normal:2|Mild+Moderate:4|Severe:2,True,,2880,0.0,0.6013888888888889,0.6504629629629629,0.6387352275723682,0.6493055555555556,0.3333333333333333
typical_jitter,three_merged,M5.C3[k3],ORD,LOSO,cross-solve-same-head,8,1,"['Normal', 'Mild+Moderate', 'Severe']",Normal:2|Mild+Moderate:4|Severe:2,True,,2880,0.0,0.5958333333333333,0.6226851851851852,0.6215232118683819,0.7027777777777777,0.35802469135802467
typical_jitter,three_merged,M5.C3[nested],LDA,LOSO,cross-solve-same-head,8,1,"['Normal', 'Mild+Moderate', 'Severe']",Normal:2|Mild+Moderate:4|Severe:2,True,"windows 3.60-3.75×3, 3.60-3.70×2, 3.20-3.45×1, 3.60-3.90×1, 3.80-3.90×1",2880,0.0,0.4701388888888889,0.4798611111111111,0.49238505510438957,0.4600694444444444,0.3491472859931883
typical_jitter,three_merged,M5.C3[nested],LR,LOSO,cross-solve-same-head,8,1,"['Normal', 'Mild+Moderate', 'Severe']",Normal:2|Mild+Moderate:4|Severe:2,True,"windows 3.60-3.75×3, 3.60-3.70×2, 3.20-3.45×1, 3.60-3.90×1, 3.80-3.90×1",2880,0.0,0.4878472222222222,0.5025462962962962,0.5080113789890869,0.5951388888888889,0.381250561134768
typical_jitter,three_merged,M5.C3[nested],LSVM,LOSO,cross-solve-same-head,8,1,"['Normal', 'Mild+Moderate', 'Severe']",Normal:2|Mild+Moderate:4|Severe:2,True,"windows 3.60-3.75×3, 3.60-3.70×2, 3.20-3.45×1, 3.60-3.90×1, 3.80-3.90×1",2880,0.0,0.42118055555555556,0.37916666666666665,0.3878970793071468,0.5128472222222222,0.23268141833301992
typical_jitter,three_merged,M5.C3[nested],RBF,LOSO,cross-solve-same-head,8,1,"['Normal', 'Mild+Moderate', 'Severe']",Normal:2|Mild+Moderate:4|Severe:2,True,"windows 3.60-3.75×3, 3.60-3.70×2, 3.20-3.45×1, 3.60-3.90×1, 3.80-3.90×1",2880,0.0,0.4322916666666667,0.4437499999999999,0.44573126623126286,0.6201388888888889,0.1900009989146927
typical_jitter,three_merged,M5.C3[nested],kNN,LOSO,cross-solve-same-head,8,1,"['Normal', 'Mild+Moderate', 'Severe']",Normal:2|Mild+Moderate:4|Severe:2,True,"windows 3.60-3.75×3, 3.60-3.70×2, 3.20-3.45×1, 3.60-3.90×1, 3.80-3.90×1",2880,0.0,0.45416666666666666,0.4766203703703704,0.47930943859577074,0.6347222222222222,0.10302074350605639
typical_jitter,three_merged,M5.C3[nested],ORD,LOSO,cross-solve-same-head,8,1,"['Normal', 'Mild+Moderate', 'Severe']",Normal:2|Mild+Moderate:4|Severe:2,True,"windows 3.60-3.75×3, 3.60-3.70×2, 3.20-3.45×1, 3.60-3.90×1, 3.80-3.90×1",2880,0.0,0.5305555555555556,0.5050925925925925,0.5225665707223515,0.6322916666666667,0.24891774891774895
typical_jitter,three_merged,M6,LDA,LOSO,cross-solve-same-head,8,22,"['Normal', 'Mild+Moderate', 'Severe']",Normal:2|Mild+Moderate:4|Severe:2,True,,2880,0.0,0.9298611111111111,0.9270833333333334,0.9293354090704721,0.04756944444444444,0.9486637980341946
typical_jitter,three_merged,M6,LR,LOSO,cross-solve-same-head,8,22,"['Normal', 'Mild+Moderate', 'Severe']",Normal:2|Mild+Moderate:4|Severe:2,True,,2880,0.0,0.6819444444444445,0.6173611111111111,0.6322646847296134,0.05902777777777779,0.7804362143755329
typical_jitter,three_merged,M6,LSVM,LOSO,cross-solve-same-head,8,22,"['Normal', 'Mild+Moderate', 'Severe']",Normal:2|Mild+Moderate:4|Severe:2,True,,2880,0.0,0.7295138888888889,0.7111111111111111,0.7217835517749428,0.05138888888888893,0.9030332853862265
typical_jitter,three_merged,M6,RBF,LOSO,cross-solve-same-head,8,22,"['Normal', 'Mild+Moderate', 'Severe']",Normal:2|Mild+Moderate:4|Severe:2,True,,2880,0.0,0.44305555555555554,0.3509259259259259,0.35316690495578085,0.004861111111111094,0.3578640022116854
typical_jitter,three_merged,M6,kNN,LOSO,cross-solve-same-head,8,22,"['Normal', 'Mild+Moderate', 'Severe']",Normal:2|Mild+Moderate:4|Severe:2,True,,2880,0.0,0.3121527777777778,0.2113425925925926,0.1720799347471452,0.10972222222222228,0.22549214226633582
typical_jitter,three_merged,M6,ORD,LOSO,cross-solve-same-head,8,22,"['Normal', 'Mild+Moderate', 'Severe']",Normal:2|Mild+Moderate:4|Severe:2,True,,2880,0.0,0.8059027777777777,0.7831018518518519,0.7958265224543649,0.09375,0.7929901523227292
typical_jitter,three_merged,M7,LDA,LOSO,cross-solve-same-head,8,6,"['Normal', 'Mild+Moderate', 'Severe']",Normal:2|Mild+Moderate:4|Severe:2,True,,2880,0.0,0.21354166666666666,0.2041666666666667,0.19934858025271093,0.6847222222222222,0.13389602441993678
typical_jitter,three_merged,M7,LR,LOSO,cross-solve-same-head,8,6,"['Normal', 'Mild+Moderate', 'Severe']",Normal:2|Mild+Moderate:4|Severe:2,True,,2880,0.0,0.18368055555555557,0.15347222222222223,0.15372607463477375,0.6569444444444444,0.0624616914120951
typical_jitter,three_merged,M7,LSVM,LOSO,cross-solve-same-head,8,6,"['Normal', 'Mild+Moderate', 'Severe']",Normal:2|Mild+Moderate:4|Severe:2,True,,2880,0.0,0.15,0.11967592592592595,0.11774947143363124,0.6614583333333333,0.06344295476324817
typical_jitter,three_merged,M7,RBF,LOSO,cross-solve-same-head,8,6,"['Normal', 'Mild+Moderate', 'Severe']",Normal:2|Mild+Moderate:4|Severe:2,True,,2880,0.0,0.18333333333333332,0.15231481481481482,0.15251209741335683,0.7357638888888889,0.3675555555555556
typical_jitter,three_merged,M7,kNN,LOSO,cross-solve-same-head,8,6,"['Normal', 'Mild+Moderate', 'Severe']",Normal:2|Mild+Moderate:4|Severe:2,True,,2880,0.0,0.2076388888888889,0.17129629629629628,0.1719961458160583,0.7833333333333333,0.055245332048643035
typical_jitter,three_merged,M7,ORD,LOSO,cross-solve-same-head,8,6,"['Normal', 'Mild+Moderate', 'Severe']",Normal:2|Mild+Moderate:4|Severe:2,True,,2880,0.0,0.3440972222222222,0.331712962962963,0.32557658603341966,0.8013888888888889,0.44765283663480177
typical_jitter,three_merged,M8,LDA,LOSO,cross-solve-same-head,8,4,"['Normal', 'Mild+Moderate', 'Severe']",Normal:2|Mild+Moderate:4|Severe:2,True,,2880,0.0,0.6277777777777778,0.6601851851851852,0.6359324972288656,0.421875,0.6333114020353038
typical_jitter,three_merged,M8,LR,LOSO,cross-solve-same-head,8,4,"['Normal', 'Mild+Moderate', 'Severe']",Normal:2|Mild+Moderate:4|Severe:2,True,,2880,0.0,0.5763888888888888,0.6261574074074074,0.5871565865814009,0.4364583333333333,0.6415809731743839
typical_jitter,three_merged,M8,LSVM,LOSO,cross-solve-same-head,8,4,"['Normal', 'Mild+Moderate', 'Severe']",Normal:2|Mild+Moderate:4|Severe:2,True,,2880,0.0,0.2951388888888889,0.23078703703703704,0.22078636800709994,0.740625,0.5048375825612588
typical_jitter,three_merged,M8,RBF,LOSO,cross-solve-same-head,8,4,"['Normal', 'Mild+Moderate', 'Severe']",Normal:2|Mild+Moderate:4|Severe:2,True,,2880,0.0,0.21354166666666666,0.26296296296296295,0.2051653830367677,1.0,
typical_jitter,three_merged,M8,kNN,LOSO,cross-solve-same-head,8,4,"['Normal', 'Mild+Moderate', 'Severe']",Normal:2|Mild+Moderate:4|Severe:2,True,,2880,0.0,0.32916666666666666,0.3361111111111111,0.32295383439246217,0.990625,0.0
typical_jitter,three_merged,M8,ORD,LOSO,cross-solve-same-head,8,4,"['Normal', 'Mild+Moderate', 'Severe']",Normal:2|Mild+Moderate:4|Severe:2,True,,2880,0.0,0.3138888888888889,0.3814814814814815,0.3087205324312617,0.9996527777777777,
typical_jitter,three_merged,COMB,LDA,LOSO,cross-solve-same-head,8,3,"['Normal', 'Mild+Moderate', 'Severe']",Normal:2|Mild+Moderate:4|Severe:2,True,chosen M5.C2+M5.C+M6.A[3.40]×2; M5.C2+M6.A[3.60]+M6.A[3.40]×2; M5.C2+M6.A[3.70]+M6.A[3.35]×1; M5.C2+M5.C+M7.D2×1; M5.C2+M7.D2+M5.C×1; M5.C2+M6.A[3.40]+M6.A[3.60]×1,2880,0.0,0.8402777777777778,0.8569444444444444,0.8422827517047983,0.07187500000000002,0.8489915544832091
typical_jitter,three_merged,COMB,LR,LOSO,cross-solve-same-head,8,3,"['Normal', 'Mild+Moderate', 'Severe']",Normal:2|Mild+Moderate:4|Severe:2,True,chosen M5.C2+M5.C+M6.A[3.40]×2; M5.C2+M6.A[3.60]+M6.A[3.40]×2; M5.C2+M6.A[3.70]+M6.A[3.35]×1; M5.C2+M5.C+M7.D2×1; M5.C2+M7.D2+M5.C×1; M5.C2+M6.A[3.40]+M6.A[3.60]×1,2880,0.0,0.7420138888888889,0.7212962962962964,0.735746339051984,0.09965277777777781,0.8318758159978374
typical_jitter,three_merged,COMB,LSVM,LOSO,cross-solve-same-head,8,3,"['Normal', 'Mild+Moderate', 'Severe']",Normal:2|Mild+Moderate:4|Severe:2,True,chosen M5.C2+M5.C+M6.A[3.40]×2; M5.C2+M6.A[3.60]+M6.A[3.40]×2; M5.C2+M6.A[3.70]+M6.A[3.35]×1; M5.C2+M5.C+M7.D2×1; M5.C2+M7.D2+M5.C×1; M5.C2+M6.A[3.40]+M6.A[3.60]×1,2880,0.0,0.5913194444444444,0.5395833333333334,0.557323225318747,0.08784722222222219,0.8489271644256599
typical_jitter,three_merged,COMB,RBF,LOSO,cross-solve-same-head,8,3,"['Normal', 'Mild+Moderate', 'Severe']",Normal:2|Mild+Moderate:4|Severe:2,True,chosen M5.C2+M5.C+M6.A[3.40]×2; M5.C2+M6.A[3.60]+M6.A[3.40]×2; M5.C2+M6.A[3.70]+M6.A[3.35]×1; M5.C2+M5.C+M7.D2×1; M5.C2+M7.D2+M5.C×1; M5.C2+M6.A[3.40]+M6.A[3.60]×1,2880,0.0,0.6479166666666667,0.575462962962963,0.5985660409628611,0.08020833333333333,0.5767450660474823
typical_jitter,three_merged,COMB,kNN,LOSO,cross-solve-same-head,8,3,"['Normal', 'Mild+Moderate', 'Severe']",Normal:2|Mild+Moderate:4|Severe:2,True,chosen M5.C2+M5.C+M6.A[3.40]×2; M5.C2+M6.A[3.60]+M6.A[3.40]×2; M5.C2+M6.A[3.70]+M6.A[3.35]×1; M5.C2+M5.C+M7.D2×1; M5.C2+M7.D2+M5.C×1; M5.C2+M6.A[3.40]+M6.A[3.60]×1,2880,0.0,0.6944444444444444,0.6293981481481481,0.6612337193724408,0.2149305555555555,0.6520325170181018
typical_jitter,three_merged,COMB,ORD,LOSO,cross-solve-same-head,8,3,"['Normal', 'Mild+Moderate', 'Severe']",Normal:2|Mild+Moderate:4|Severe:2,True,chosen M5.C2+M5.C+M6.A[3.40]×2; M5.C2+M6.A[3.60]+M6.A[3.40]×2; M5.C2+M6.A[3.70]+M6.A[3.35]×1; M5.C2+M5.C+M7.D2×1; M5.C2+M7.D2+M5.C×1; M5.C2+M6.A[3.40]+M6.A[3.60]×1,2880,0.0,0.8378472222222222,0.8375,0.836464303050644,0.09548611111111116,0.8376382021201895
typical_jitter,three_merged,M9,LDA,LOSO,cross-solve-same-head,8,3618,"['Normal', 'Mild+Moderate', 'Severe']",Normal:2|Mild+Moderate:4|Severe:2,True,,2880,0.0,0.9850694444444444,0.9800925925925926,0.9848362810587469,0.02777777777777779,0.98436828902965
typical_jitter,three_merged,M9,LR,LOSO,cross-solve-same-head,8,3618,"['Normal', 'Mild+Moderate', 'Severe']",Normal:2|Mild+Moderate:4|Severe:2,True,,2880,0.0,0.8916666666666667,0.8590277777777778,0.8821893377377746,0.018750000000000044,0.8779462764290252
typical_jitter,three_merged,M9,LSVM,LOSO,cross-solve-same-head,8,3618,"['Normal', 'Mild+Moderate', 'Severe']",Normal:2|Mild+Moderate:4|Severe:2,True,,2880,0.0,0.8465277777777778,0.8222222222222221,0.8414263136029115,0.01909722222222221,0.9356257242934639
typical_jitter,three_merged,M9,RBF,LOSO,cross-solve-same-head,8,3618,"['Normal', 'Mild+Moderate', 'Severe']",Normal:2|Mild+Moderate:4|Severe:2,True,,2880,0.0,0.6833333333333333,0.5796296296296296,0.5632080955919119,0.0038194444444444864,0.5766734675380649
typical_jitter,three_merged,M9,kNN,LOSO,cross-solve-same-head,8,3618,"['Normal', 'Mild+Moderate', 'Severe']",Normal:2|Mild+Moderate:4|Severe:2,True,,2880,0.0,0.4979166666666667,0.3770833333333334,0.35120162443919084,0.08194444444444449,0.3696195453267424
typical_jitter,three_merged,M9,ORD,LOSO,cross-solve-same-head,8,3618,"['Normal', 'Mild+Moderate', 'Severe']",Normal:2|Mild+Moderate:4|Severe:2,True,,2880,0.0,0.9583333333333334,0.9444444444444445,0.9564501601582857,0.015625,0.9685883906641487
typical_jitter,three,M0,LDA,LOSO,cross-solve-same-head,6,1,"['Normal', 'Mild', 'Severe']",Normal:2|Mild:2|Severe:2,True,,2160,0.0,0.37777777777777777,0.37777777777777777,0.3644121112789951,0.9814814814814815,0.3333333333333333
typical_jitter,three,M0,LR,LOSO,cross-solve-same-head,6,1,"['Normal', 'Mild', 'Severe']",Normal:2|Mild:2|Severe:2,True,,2160,0.0,0.38055555555555554,0.38055555555555554,0.3671942830648929,0.9768518518518519,0.3333333333333333
typical_jitter,three,M0,LSVM,LOSO,cross-solve-same-head,6,1,"['Normal', 'Mild', 'Severe']",Normal:2|Mild:2|Severe:2,True,,2160,0.0,0.18194444444444444,0.18194444444444444,0.15393984662459523,0.9810185185185185,0.3333333333333333
typical_jitter,three,M0,RBF,LOSO,cross-solve-same-head,6,1,"['Normal', 'Mild', 'Severe']",Normal:2|Mild:2|Severe:2,True,,2160,0.0,0.4115740740740741,0.4115740740740741,0.40092174498770466,1.0,
typical_jitter,three,M0,kNN,LOSO,cross-solve-same-head,6,1,"['Normal', 'Mild', 'Severe']",Normal:2|Mild:2|Severe:2,True,,2160,0.0,0.39675925925925926,0.39675925925925926,0.3896747387993999,0.9819444444444444,0.3333333333333333
typical_jitter,three,M0,ORD,LOSO,cross-solve-same-head,6,1,"['Normal', 'Mild', 'Severe']",Normal:2|Mild:2|Severe:2,True,,2160,0.0,0.4222222222222222,0.4222222222222222,0.4052704173229098,0.9814814814814815,0.3333333333333333
typical_jitter,three,M1,LDA,LOSO,cross-solve-same-head,6,1,"['Normal', 'Mild', 'Severe']",Normal:2|Mild:2|Severe:2,True,,2160,0.0,0.3300925925925926,0.33009259259259255,0.30483800488540536,0.9921296296296296,0.4166666666666667
typical_jitter,three,M1,LR,LOSO,cross-solve-same-head,6,1,"['Normal', 'Mild', 'Severe']",Normal:2|Mild:2|Severe:2,True,,2160,0.0,0.3300925925925926,0.33009259259259255,0.30414585640591724,0.9893518518518518,0.4047619047619047
typical_jitter,three,M1,LSVM,LOSO,cross-solve-same-head,6,1,"['Normal', 'Mild', 'Severe']",Normal:2|Mild:2|Severe:2,True,,2160,0.0,0.1685185185185185,0.1685185185185185,0.15301041997091874,0.9925925925925926,0.4166666666666667
typical_jitter,three,M1,RBF,LOSO,cross-solve-same-head,6,1,"['Normal', 'Mild', 'Severe']",Normal:2|Mild:2|Severe:2,True,,2160,0.0,0.36342592592592593,0.363425925925926,0.3386750591589776,1.0,
typical_jitter,three,M1,kNN,LOSO,cross-solve-same-head,6,1,"['Normal', 'Mild', 'Severe']",Normal:2|Mild:2|Severe:2,True,,2160,0.0,0.34814814814814815,0.34814814814814815,0.34185990999793825,0.9967592592592592,
typical_jitter,three,M1,ORD,LOSO,cross-solve-same-head,6,1,"['Normal', 'Mild', 'Severe']",Normal:2|Mild:2|Severe:2,True,,2160,0.0,0.18101851851851852,0.18101851851851855,0.1607974084769395,0.9958333333333333,0.38095238095238093
typical_jitter,three,M2,LDA,LOSO,cross-solve-same-head,6,1,"['Normal', 'Mild', 'Severe']",Normal:2|Mild:2|Severe:2,True,,2160,0.0,0.32083333333333336,0.32083333333333336,0.3072045669065638,0.999537037037037,
typical_jitter,three,M2,LR,LOSO,cross-solve-same-head,6,1,"['Normal', 'Mild', 'Severe']",Normal:2|Mild:2|Severe:2,True,,2160,0.0,0.32222222222222224,0.32222222222222224,0.3083094881421066,0.999537037037037,
typical_jitter,three,M2,LSVM,LOSO,cross-solve-same-head,6,1,"['Normal', 'Mild', 'Severe']",Normal:2|Mild:2|Severe:2,True,,2160,0.0,0.08611111111111111,0.0861111111111111,0.08297398494362236,0.999537037037037,
typical_jitter,three,M2,RBF,LOSO,cross-solve-same-head,6,1,"['Normal', 'Mild', 'Severe']",Normal:2|Mild:2|Severe:2,True,,2160,0.0,0.2625,0.2625,0.25035798128372083,1.0,
typical_jitter,three,M2,kNN,LOSO,cross-solve-same-head,6,1,"['Normal', 'Mild', 'Severe']",Normal:2|Mild:2|Severe:2,True,,2160,0.0,0.3458333333333333,0.3458333333333334,0.3441498717887714,0.9967592592592592,
typical_jitter,three,M2,ORD,LOSO,cross-solve-same-head,6,1,"['Normal', 'Mild', 'Severe']",Normal:2|Mild:2|Severe:2,True,,2160,0.0,0.3768518518518518,0.3768518518518518,0.34574114287826063,0.999537037037037,
typical_jitter,three,M5,LDA,LOSO,cross-solve-same-head,6,4,"['Normal', 'Mild', 'Severe']",Normal:2|Mild:2|Severe:2,True,,2160,0.0,0.9592592592592593,0.9592592592592593,0.9592500952042541,0.007407407407407418,0.9566095350669818
typical_jitter,three,M5,LR,LOSO,cross-solve-same-head,6,4,"['Normal', 'Mild', 'Severe']",Normal:2|Mild:2|Severe:2,True,,2160,0.0,0.9282407407407407,0.9282407407407408,0.9280118729229825,0.02268518518518514,0.9204181482400285
typical_jitter,three,M5,LSVM,LOSO,cross-solve-same-head,6,4,"['Normal', 'Mild', 'Severe']",Normal:2|Mild:2|Severe:2,True,,2160,0.0,0.8805555555555555,0.8805555555555555,0.877545297948871,0.010185185185185186,0.9467639707106339
typical_jitter,three,M5,RBF,LOSO,cross-solve-same-head,6,4,"['Normal', 'Mild', 'Severe']",Normal:2|Mild:2|Severe:2,True,,2160,0.0,0.8930555555555556,0.8930555555555556,0.8898549948137778,0.009722222222222188,0.8709306946431411
typical_jitter,three,M5,kNN,LOSO,cross-solve-same-head,6,4,"['Normal', 'Mild', 'Severe']",Normal:2|Mild:2|Severe:2,True,,2160,0.0,0.8671296296296296,0.8671296296296296,0.859617536206331,0.02777777777777779,0.8056043907572291
typical_jitter,three,M5,ORD,LOSO,cross-solve-same-head,6,4,"['Normal', 'Mild', 'Severe']",Normal:2|Mild:2|Severe:2,True,,2160,0.0,0.9018518518518519,0.9018518518518519,0.9018308733040677,0.04120370370370374,0.8979126944502481
typical_jitter,three,M5.C3,LDA,LOSO,cross-solve-same-head,6,1,"['Normal', 'Mild', 'Severe']",Normal:2|Mild:2|Severe:2,True,,2160,0.0,0.5092592592592593,0.5092592592592592,0.4926406599069299,0.3481481481481481,0.6668255986437804
typical_jitter,three,M5.C3,LR,LOSO,cross-solve-same-head,6,1,"['Normal', 'Mild', 'Severe']",Normal:2|Mild:2|Severe:2,True,,2160,0.0,0.575462962962963,0.575462962962963,0.535811263823123,0.4476851851851852,0.6100649350649351
typical_jitter,three,M5.C3,LSVM,LOSO,cross-solve-same-head,6,1,"['Normal', 'Mild', 'Severe']",Normal:2|Mild:2|Severe:2,True,,2160,0.0,0.33564814814814814,0.33564814814814814,0.3335697450335633,0.30092592592592593,0.6185110753840657
typical_jitter,three,M5.C3,RBF,LOSO,cross-solve-same-head,6,1,"['Normal', 'Mild', 'Severe']",Normal:2|Mild:2|Severe:2,True,,2160,0.0,0.4166666666666667,0.4166666666666667,0.4153751109379899,0.3731481481481481,0.4669665197188133
typical_jitter,three,M5.C3,kNN,LOSO,cross-solve-same-head,6,1,"['Normal', 'Mild', 'Severe']",Normal:2|Mild:2|Severe:2,True,,2160,0.0,0.5,0.5,0.48699012406556674,0.5287037037037037,0.4151749261981031
typical_jitter,three,M5.C3,ORD,LOSO,cross-solve-same-head,6,1,"['Normal', 'Mild', 'Severe']",Normal:2|Mild:2|Severe:2,True,,2160,0.0,0.6685185185185185,0.6685185185185185,0.6694259928127885,0.563425925925926,
typical_jitter,three,M5.C3[k3],LDA,LOSO,cross-solve-same-head,6,1,"['Normal', 'Mild', 'Severe']",Normal:2|Mild:2|Severe:2,True,,2160,0.0,0.4013888888888889,0.40138888888888885,0.3972907632081693,0.2962962962962963,0.3338242513500245
typical_jitter,three,M5.C3[k3],LR,LOSO,cross-solve-same-head,6,1,"['Normal', 'Mild', 'Severe']",Normal:2|Mild:2|Severe:2,True,,2160,0.0,0.42453703703703705,0.424537037037037,0.4146660185192907,0.33379629629629626,0.34421530850102283
typical_jitter,three,M5.C3[k3],LSVM,LOSO,cross-solve-same-head,6,1,"['Normal', 'Mild', 'Severe']",Normal:2|Mild:2|Severe:2,True,,2160,0.0,0.3333333333333333,0.3333333333333333,0.332871012482663,0.20370370370370372,0.3480532172880577
typical_jitter,three,M5.C3[k3],RBF,LOSO,cross-solve-same-head,6,1,"['Normal', 'Mild', 'Severe']",Normal:2|Mild:2|Severe:2,True,,2160,0.0,0.42962962962962964,0.4296296296296296,0.41998078407758616,0.3222222222222222,0.33608360836083606
typical_jitter,three,M5.C3[k3],kNN,LOSO,cross-solve-same-head,6,1,"['Normal', 'Mild', 'Severe']",Normal:2|Mild:2|Severe:2,True,,2160,0.0,0.5050925925925925,0.5050925925925925,0.47411783830465387,0.45925925925925926,0.3333333333333333
typical_jitter,three,M5.C3[k3],ORD,LOSO,cross-solve-same-head,6,1,"['Normal', 'Mild', 'Severe']",Normal:2|Mild:2|Severe:2,True,,2160,0.0,0.6282407407407408,0.6282407407407408,0.6269124013293245,0.3842592592592593,0.3333333333333333
typical_jitter,three,M5.C3[nested],LDA,LOSO,cross-solve-same-head,6,1,"['Normal', 'Mild', 'Severe']",Normal:2|Mild:2|Severe:2,True,"windows 3.60-3.70×2, 3.60-3.90×2, 3.55-3.85×1, 3.35-3.45×1",2160,0.0,0.5074074074074074,0.5074074074074074,0.5216000635259722,0.1680555555555555,0.5570388045689251
typical_jitter,three,M5.C3[nested],LR,LOSO,cross-solve-same-head,6,1,"['Normal', 'Mild', 'Severe']",Normal:2|Mild:2|Severe:2,True,"windows 3.60-3.70×2, 3.60-3.90×2, 3.55-3.85×1, 3.35-3.45×1",2160,0.0,0.4912037037037037,0.49120370370370364,0.49951851927783214,0.3495370370370371,0.6788033495215816
typical_jitter,three,M5.C3[nested],LSVM,LOSO,cross-solve-same-head,6,1,"['Normal', 'Mild', 'Severe']",Normal:2|Mild:2|Severe:2,True,"windows 3.60-3.70×2, 3.60-3.90×2, 3.55-3.85×1, 3.35-3.45×1",2160,0.0,0.44537037037037036,0.44537037037037036,0.446783025524135,0.11018518518518516,0.4389582332791823
typical_jitter,three,M5.C3[nested],RBF,LOSO,cross-solve-same-head,6,1,"['Normal', 'Mild', 'Severe']",Normal:2|Mild:2|Severe:2,True,"windows 3.60-3.70×2, 3.60-3.90×2, 3.55-3.85×1, 3.35-3.45×1",2160,0.0,0.49583333333333335,0.49583333333333335,0.5009143558410479,0.2305555555555555,0.38939927989104345
typical_jitter,three,M5.C3[nested],kNN,LOSO,cross-solve-same-head,6,1,"['Normal', 'Mild', 'Severe']",Normal:2|Mild:2|Severe:2,True,"windows 3.60-3.70×2, 3.60-3.90×2, 3.55-3.85×1, 3.35-3.45×1",2160,0.0,0.46064814814814814,0.4606481481481482,0.47104365017500155,0.32546296296296295,0.5081161470827377
typical_jitter,three,M5.C3[nested],ORD,LOSO,cross-solve-same-head,6,1,"['Normal', 'Mild', 'Severe']",Normal:2|Mild:2|Severe:2,True,"windows 3.60-3.70×2, 3.60-3.90×2, 3.55-3.85×1, 3.35-3.45×1",2160,0.0,0.6351851851851852,0.6351851851851852,0.6454441677143009,0.48657407407407405,0.6448394069739514
typical_jitter,three,M6,LDA,LOSO,cross-solve-same-head,6,22,"['Normal', 'Mild', 'Severe']",Normal:2|Mild:2|Severe:2,True,,2160,0.0,0.65,0.65,0.649671978054266,0.04583333333333328,0.547961520444285
typical_jitter,three,M6,LR,LOSO,cross-solve-same-head,6,22,"['Normal', 'Mild', 'Severe']",Normal:2|Mild:2|Severe:2,True,,2160,0.0,0.20324074074074075,0.20324074074074075,0.23009317976746776,0.04814814814814816,0.33118431466842996
typical_jitter,three,M6,LSVM,LOSO,cross-solve-same-head,6,22,"['Normal', 'Mild', 'Severe']",Normal:2|Mild:2|Severe:2,True,,2160,0.0,0.37083333333333335,0.3708333333333333,0.382218014337608,0.11064814814814816,0.480711604637601
typical_jitter,three,M6,RBF,LOSO,cross-solve-same-head,6,22,"['Normal', 'Mild', 'Severe']",Normal:2|Mild:2|Severe:2,True,,2160,0.0,0.0763888888888889,0.07638888888888888,0.09499136442141624,0.054166666666666696,0.14759535655058043
typical_jitter,three,M6,kNN,LOSO,cross-solve-same-head,6,22,"['Normal', 'Mild', 'Severe']",Normal:2|Mild:2|Severe:2,True,,2160,0.0,0.018518518518518517,0.018518518518518517,0.02442002442002442,0.04629629629629628,0.010628019323671497
typical_jitter,three,M6,ORD,LOSO,cross-solve-same-head,6,22,"['Normal', 'Mild', 'Severe']",Normal:2|Mild:2|Severe:2,True,,2160,0.0,0.6273148148148148,0.6273148148148149,0.6349127081054968,0.09444444444444444,0.622876893413649
typical_jitter,three,M7,LDA,LOSO,cross-solve-same-head,6,6,"['Normal', 'Mild', 'Severe']",Normal:2|Mild:2|Severe:2,True,,2160,0.0,0.1527777777777778,0.1527777777777778,0.1593688708334874,0.5773148148148148,0.11448803382823637
typical_jitter,three,M7,LR,LOSO,cross-solve-same-head,6,6,"['Normal', 'Mild', 'Severe']",Normal:2|Mild:2|Severe:2,True,,2160,0.0,0.1087962962962963,0.1087962962962963,0.11737875786251621,0.5384259259259259,0.07288364210239275
typical_jitter,three,M7,LSVM,LOSO,cross-solve-same-head,6,6,"['Normal', 'Mild', 'Severe']",Normal:2|Mild:2|Severe:2,True,,2160,0.0,0.09259259259259259,0.0925925925925926,0.106008762062476,0.5407407407407407,0.07339723835790189
typical_jitter,three,M7,RBF,LOSO,cross-solve-same-head,6,6,"['Normal', 'Mild', 'Severe']",Normal:2|Mild:2|Severe:2,True,,2160,0.0,0.10833333333333334,0.10833333333333332,0.11270832067331066,0.4833333333333333,0.1928431853256444
typical_jitter,three,M7,kNN,LOSO,cross-solve-same-head,6,6,"['Normal', 'Mild', 'Severe']",Normal:2|Mild:2|Severe:2,True,,2160,0.0,0.12407407407407407,0.12407407407407406,0.12742739234699543,0.7018518518518518,0.0486509669967879
typical_jitter,three,M7,ORD,LOSO,cross-solve-same-head,6,6,"['Normal', 'Mild', 'Severe']",Normal:2|Mild:2|Severe:2,True,,2160,0.0,0.30694444444444446,0.30694444444444446,0.3041549798761693,0.7509259259259259,0.4380165289256199
typical_jitter,three,M8,LDA,LOSO,cross-solve-same-head,6,4,"['Normal', 'Mild', 'Severe']",Normal:2|Mild:2|Severe:2,True,,2160,0.0,0.5745370370370371,0.574537037037037,0.5639935849790585,0.32731481481481484,0.5060934374608036
typical_jitter,three,M8,LR,LOSO,cross-solve-same-head,6,4,"['Normal', 'Mild', 'Severe']",Normal:2|Mild:2|Severe:2,True,,2160,0.0,0.5083333333333333,0.5083333333333333,0.470420930546031,0.38101851851851853,0.5406689209474657
typical_jitter,three,M8,LSVM,LOSO,cross-solve-same-head,6,4,"['Normal', 'Mild', 'Severe']",Normal:2|Mild:2|Severe:2,True,,2160,0.0,0.19583333333333333,0.19583333333333333,0.19473770063134457,0.5504629629629629,0.5504222608948981
typical_jitter,three,M8,RBF,LOSO,cross-solve-same-head,6,4,"['Normal', 'Mild', 'Severe']",Normal:2|Mild:2|Severe:2,True,,2160,0.0,0.2550925925925926,0.2550925925925926,0.24470085314809006,1.0,
typical_jitter,three,M8,kNN,LOSO,cross-solve-same-head,6,4,"['Normal', 'Mild', 'Severe']",Normal:2|Mild:2|Severe:2,True,,2160,0.0,0.3541666666666667,0.3541666666666667,0.35292219450867757,0.9925925925925926,0.2777777777777778
typical_jitter,three,M8,ORD,LOSO,cross-solve-same-head,6,4,"['Normal', 'Mild', 'Severe']",Normal:2|Mild:2|Severe:2,True,,2160,0.0,0.3837962962962963,0.38379629629629636,0.35471464215417825,0.999537037037037,
typical_jitter,three,COMB,LDA,LOSO,cross-solve-same-head,6,3,"['Normal', 'Mild', 'Severe']",Normal:2|Mild:2|Severe:2,True,chosen M5.C2+M5.C1+M6.A[3.40]×1; M5.C2+M6.A[3.60]+M6.A[3.55]×1; M5.C2+M5.C3+M6.A[3.65]×1; M5.C2+M7.D2+M5.C1×1; M5.C2+M5.C+M7.D2×1; M5.C2+M6.A[3.60]+M6.A[3.40]×1,2160,0.0,0.8972222222222223,0.8972222222222221,0.897730904742709,0.05555555555555558,0.8334096920101651
typical_jitter,three,COMB,LR,LOSO,cross-solve-same-head,6,3,"['Normal', 'Mild', 'Severe']",Normal:2|Mild:2|Severe:2,True,chosen M5.C2+M5.C1+M6.A[3.40]×1; M5.C2+M6.A[3.60]+M6.A[3.55]×1; M5.C2+M5.C3+M6.A[3.65]×1; M5.C2+M7.D2+M5.C1×1; M5.C2+M5.C+M7.D2×1; M5.C2+M6.A[3.60]+M6.A[3.40]×1,2160,0.0,0.6333333333333333,0.6333333333333333,0.641424113483525,0.09722222222222221,0.6852343209544803
typical_jitter,three,COMB,LSVM,LOSO,cross-solve-same-head,6,3,"['Normal', 'Mild', 'Severe']",Normal:2|Mild:2|Severe:2,True,chosen M5.C2+M5.C1+M6.A[3.40]×1; M5.C2+M6.A[3.60]+M6.A[3.55]×1; M5.C2+M5.C3+M6.A[3.65]×1; M5.C2+M7.D2+M5.C1×1; M5.C2+M5.C+M7.D2×1; M5.C2+M6.A[3.60]+M6.A[3.40]×1,2160,0.0,0.4648148148148148,0.4648148148148148,0.44983165779843776,0.1967592592592593,0.6077126315319488
typical_jitter,three,COMB,RBF,LOSO,cross-solve-same-head,6,3,"['Normal', 'Mild', 'Severe']",Normal:2|Mild:2|Severe:2,True,chosen M5.C2+M5.C1+M6.A[3.40]×1; M5.C2+M6.A[3.60]+M6.A[3.55]×1; M5.C2+M5.C3+M6.A[3.65]×1; M5.C2+M7.D2+M5.C1×1; M5.C2+M5.C+M7.D2×1; M5.C2+M6.A[3.60]+M6.A[3.40]×1,2160,0.0,0.5300925925925926,0.5300925925925926,0.5218389936145978,0.06990740740740742,0.5086853624244164
typical_jitter,three,COMB,kNN,LOSO,cross-solve-same-head,6,3,"['Normal', 'Mild', 'Severe']",Normal:2|Mild:2|Severe:2,True,chosen M5.C2+M5.C1+M6.A[3.40]×1; M5.C2+M6.A[3.60]+M6.A[3.55]×1; M5.C2+M5.C3+M6.A[3.65]×1; M5.C2+M7.D2+M5.C1×1; M5.C2+M5.C+M7.D2×1; M5.C2+M6.A[3.60]+M6.A[3.40]×1,2160,0.0,0.5861111111111111,0.5861111111111111,0.5760453164909755,0.16574074074074074,0.5752336639870229
typical_jitter,three,COMB,ORD,LOSO,cross-solve-same-head,6,3,"['Normal', 'Mild', 'Severe']",Normal:2|Mild:2|Severe:2,True,chosen M5.C2+M5.C1+M6.A[3.40]×1; M5.C2+M6.A[3.60]+M6.A[3.55]×1; M5.C2+M5.C3+M6.A[3.65]×1; M5.C2+M7.D2+M5.C1×1; M5.C2+M5.C+M7.D2×1; M5.C2+M6.A[3.60]+M6.A[3.40]×1,2160,0.0,0.836574074074074,0.836574074074074,0.8395976080665285,0.09583333333333333,0.8320353588250967
typical_jitter,three,M9,LDA,LOSO,cross-solve-same-head,6,3618,"['Normal', 'Mild', 'Severe']",Normal:2|Mild:2|Severe:2,True,,2160,0.0,0.9101851851851852,0.9101851851851852,0.910174095567354,0.13194444444444442,0.8046958433265538
typical_jitter,three,M9,LR,LOSO,cross-solve-same-head,6,3618,"['Normal', 'Mild', 'Severe']",Normal:2|Mild:2|Severe:2,True,,2160,0.0,0.3990740740740741,0.3990740740740741,0.4025649006812067,0.07222222222222219,0.4626373322021693
typical_jitter,three,M9,LSVM,LOSO,cross-solve-same-head,6,3618,"['Normal', 'Mild', 'Severe']",Normal:2|Mild:2|Severe:2,True,,2160,0.0,0.5120370370370371,0.512037037037037,0.47523848193805884,0.023611111111111138,0.5280050551376914
typical_jitter,three,M9,RBF,LOSO,cross-solve-same-head,6,3618,"['Normal', 'Mild', 'Severe']",Normal:2|Mild:2|Severe:2,True,,2160,0.0,0.2162037037037037,0.21620370370370368,0.26494425058451704,0.001388888888888884,0.216730590423059
typical_jitter,three,M9,kNN,LOSO,cross-solve-same-head,6,3618,"['Normal', 'Mild', 'Severe']",Normal:2|Mild:2|Severe:2,True,,2160,0.0,0.11296296296296296,0.11296296296296295,0.16551654928946472,0.036111111111111094,0.10343137254901962
typical_jitter,three,M9,ORD,LOSO,cross-solve-same-head,6,3618,"['Normal', 'Mild', 'Severe']",Normal:2|Mild:2|Severe:2,True,,2160,0.0,0.9398148148148148,0.9398148148148149,0.9394615571186029,0.04351851851851851,0.9512376106429214
typical_jitter,binary_early,M0,LDA,LODO+LOSO-within-class,noise-robustness-only,6,1,"['Normal', 'MCI']",Normal:2|MCI:1,False,,1440,0.0,0.53125,0.53125,0.5311846606707822,1.0,
typical_jitter,binary_early,M0,LR,LODO+LOSO-within-class,noise-robustness-only,6,1,"['Normal', 'MCI']",Normal:2|MCI:1,False,,1440,0.0,0.5319444444444444,0.5319444444444444,0.5318712993349656,1.0,
typical_jitter,binary_early,M0,LSVM,LODO+LOSO-within-class,noise-robustness-only,6,1,"['Normal', 'MCI']",Normal:2|MCI:1,False,,1440,0.0,0.53125,0.53125,0.5311846606707822,1.0,
typical_jitter,binary_early,M0,RBF,LODO+LOSO-within-class,noise-robustness-only,6,1,"['Normal', 'MCI']",Normal:2|MCI:1,False,,1440,0.0,0.5215277777777778,0.5215277777777778,0.517656890584596,1.0,
typical_jitter,binary_early,M0,kNN,LODO+LOSO-within-class,noise-robustness-only,6,1,"['Normal', 'MCI']",Normal:2|MCI:1,False,,1440,0.0,0.5243055555555556,0.5243055555555556,0.5241841692831553,0.9993055555555556,
typical_jitter,binary_early,M0,ORD,LODO+LOSO-within-class,noise-robustness-only,6,1,"['Normal', 'MCI']",Normal:2|MCI:1,False,,1440,0.0,0.5305555555555556,0.5305555555555556,0.5304975922953451,1.0,
typical_jitter,binary_early,M0,THR,LODO+LOSO-within-class,noise-robustness-only,6,1,"['Normal', 'MCI']",Normal:2|MCI:1,False,,1440,0.0,0.5201388888888889,0.5201388888888889,0.5163771445624263,0.9986111111111111,
typical_jitter,binary_early,M1,LDA,LODO+LOSO-within-class,noise-robustness-only,6,1,"['Normal', 'MCI']",Normal:2|MCI:1,False,,1440,0.0,0.4111111111111111,0.4111111111111111,0.38762614865230816,0.8958333333333334,0.40555555555555556
typical_jitter,binary_early,M1,LR,LODO+LOSO-within-class,noise-robustness-only,6,1,"['Normal', 'MCI']",Normal:2|MCI:1,False,,1440,0.0,0.4111111111111111,0.4111111111111111,0.38762614865230816,0.8222222222222222,0.399874213836478
typical_jitter,binary_early,M1,LSVM,LODO+LOSO-within-class,noise-robustness-only,6,1,"['Normal', 'MCI']",Normal:2|MCI:1,False,,1440,0.0,0.4111111111111111,0.4111111111111111,0.38762614865230816,0.8944444444444445,0.40507246376811595
typical_jitter,binary_early,M1,RBF,LODO+LOSO-within-class,noise-robustness-only,6,1,"['Normal', 'MCI']",Normal:2|MCI:1,False,,1440,0.0,0.41875,0.41874999999999996,0.40498775941813914,1.0,
typical_jitter,binary_early,M1,kNN,LODO+LOSO-within-class,noise-robustness-only,6,1,"['Normal', 'MCI']",Normal:2|MCI:1,False,,1440,0.0,0.43472222222222223,0.43472222222222223,0.42470674846625767,0.9368055555555556,0.4387755102040816
typical_jitter,binary_early,M1,ORD,LODO+LOSO-within-class,noise-robustness-only,6,1,"['Normal', 'MCI']",Normal:2|MCI:1,False,,1440,0.0,0.4111111111111111,0.4111111111111111,0.38762614865230816,0.8923611111111112,0.4036449250087199
typical_jitter,binary_early,M1,THR,LODO+LOSO-within-class,noise-robustness-only,6,1,"['Normal', 'MCI']",Normal:2|MCI:1,False,,1440,0.0,0.40694444444444444,0.40694444444444444,0.39169456513996725,0.8756944444444444,0.399178590355061
typical_jitter,binary_early,M2,LDA,LODO+LOSO-within-class,noise-robustness-only,6,1,"['Normal', 'MCI']",Normal:2|MCI:1,False,,1440,0.0,0.5243055555555556,0.5243055555555556,0.5241382604127319,1.0,
typical_jitter,binary_early,M2,LR,LODO+LOSO-within-class,noise-robustness-only,6,1,"['Normal', 'MCI']",Normal:2|MCI:1,False,,1440,0.0,0.525,0.5249999999999999,0.5248203410239982,0.9993055555555556,
typical_jitter,binary_early,M2,LSVM,LODO+LOSO-within-class,noise-robustness-only,6,1,"['Normal', 'MCI']",Normal:2|MCI:1,False,,1440,0.0,0.5243055555555556,0.5243055555555556,0.5241382604127319,1.0,
typical_jitter,binary_early,M2,RBF,LODO+LOSO-within-class,noise-robustness-only,6,1,"['Normal', 'MCI']",Normal:2|MCI:1,False,,1440,0.0,0.5194444444444445,0.5194444444444444,0.5185519452534502,1.0,
typical_jitter,binary_early,M2,kNN,LODO+LOSO-within-class,noise-robustness-only,6,1,"['Normal', 'MCI']",Normal:2|MCI:1,False,,1440,0.0,0.4965277777777778,0.4965277777777778,0.4964731416169289,0.9847222222222223,0.5427350427350428
typical_jitter,binary_early,M2,ORD,LODO+LOSO-within-class,noise-robustness-only,6,1,"['Normal', 'MCI']",Normal:2|MCI:1,False,,1440,0.0,0.5243055555555556,0.5243055555555556,0.5241382604127319,1.0,
typical_jitter,binary_early,M2,THR,LODO+LOSO-within-class,noise-robustness-only,6,1,"['Normal', 'MCI']",Normal:2|MCI:1,False,,1440,0.0,0.525,0.525,0.522509385374329,0.9972222222222222,0.5
typical_jitter,binary_early,M5,LDA,LODO+LOSO-within-class,noise-robustness-only,6,4,"['Normal', 'MCI']",Normal:2|MCI:1,False,,1440,0.0,0.70625,0.70625,0.7034872088942155,0.6555555555555556,0.7635593220338983
typical_jitter,binary_early,M5,LR,LODO+LOSO-within-class,noise-robustness-only,6,4,"['Normal', 'MCI']",Normal:2|MCI:1,False,,1440,0.0,0.7486111111111111,0.7486111111111111,0.7480156620099578,0.36111111111111116,0.8174229410742893
typical_jitter,binary_early,M5,LSVM,LODO+LOSO-within-class,noise-robustness-only,6,4,"['Normal', 'MCI']",Normal:2|MCI:1,False,,1440,0.0,0.7166666666666667,0.7166666666666666,0.7149422431996025,0.7333333333333334,0.8078289884165695
typical_jitter,binary_early,M5,RBF,LODO+LOSO-within-class,noise-robustness-only,6,4,"['Normal', 'MCI']",Normal:2|MCI:1,False,,1440,0.0,0.7694444444444445,0.7694444444444445,0.7691879866518354,0.4527777777777777,0.7791664242729806
typical_jitter,binary_early,M5,kNN,LODO+LOSO-within-class,noise-robustness-only,6,4,"['Normal', 'MCI']",Normal:2|MCI:1,False,,1440,0.0,0.7715277777777778,0.7715277777777778,0.7701121537865065,0.37083333333333335,0.8239956086467836
typical_jitter,binary_early,M5,ORD,LODO+LOSO-within-class,noise-robustness-only,6,4,"['Normal', 'MCI']",Normal:2|MCI:1,False,,1440,0.0,0.7298611111111111,0.7298611111111111,0.7285782190998251,0.58125,0.7667620515078142
typical_jitter,binary_early,M5.C3,LDA,LODO+LOSO-within-class,noise-robustness-only,6,1,"['Normal', 'MCI']",Normal:2|MCI:1,False,,1440,0.0,0.71875,0.71875,0.718475073313783,0.7652777777777777,0.8084363047955281
typical_jitter,binary_early,M5.C3,LR,LODO+LOSO-within-class,noise-robustness-only,6,1,"['Normal', 'MCI']",Normal:2|MCI:1,False,,1440,0.0,0.7159722222222222,0.7159722222222222,0.7158569809611248,0.6972222222222222,0.7738224695622508
typical_jitter,binary_early,M5.C3,LSVM,LODO+LOSO-within-class,noise-robustness-only,6,1,"['Normal', 'MCI']",Normal:2|MCI:1,False,,1440,0.0,0.71875,0.71875,0.7186195955976897,0.7263888888888889,0.7768570897405254
typical_jitter,binary_early,M5.C3,RBF,LODO+LOSO-within-class,noise-robustness-only,6,1,"['Normal', 'MCI']",Normal:2|MCI:1,False,,1440,0.0,0.7263888888888889,0.7263888888888889,0.7199710178690237,0.7722222222222223,0.6336300829971716
typical_jitter,binary_early,M5.C3,kNN,LODO+LOSO-within-class,noise-robustness-only,6,1,"['Normal', 'MCI']",Normal:2|MCI:1,False,,1440,0.0,0.7048611111111112,0.7048611111111112,0.7019215829717347,0.74375,0.7857465691511217
typical_jitter,binary_early,M5.C3,ORD,LODO+LOSO-within-class,noise-robustness-only,6,1,"['Normal', 'MCI']",Normal:2|MCI:1,False,,1440,0.0,0.7180555555555556,0.7180555555555556,0.7179331306990882,0.7430555555555556,0.7970787059391597
typical_jitter,binary_early,M5.C3,THR,LODO+LOSO-within-class,noise-robustness-only,6,1,"['Normal', 'MCI']",Normal:2|MCI:1,False,,1440,0.0,0.7215277777777778,0.7215277777777778,0.7169565773627024,0.6097222222222223,0.8108943481053308
typical_jitter,binary_early,M5.C3[k3],LDA,LODO+LOSO-within-class,noise-robustness-only,6,1,"['Normal', 'MCI']",Normal:2|MCI:1,False,,1440,0.0,0.6444444444444445,0.6444444444444445,0.6441121726303107,0.9770833333333333,0.078125
typical_jitter,binary_early,M5.C3[k3],LR,LODO+LOSO-within-class,noise-robustness-only,6,1,"['Normal', 'MCI']",Normal:2|MCI:1,False,,1440,0.0,0.6479166666666667,0.6479166666666667,0.6476840661103902,0.9340277777777778,0.06043956043956044
typical_jitter,binary_early,M5.C3[k3],LSVM,LODO+LOSO-within-class,noise-robustness-only,6,1,"['Normal', 'MCI']",Normal:2|MCI:1,False,,1440,0.0,0.6451388888888889,0.6451388888888889,0.6448221818162511,0.9597222222222223,0.26666666666666666
typical_jitter,binary_early,M5.C3[k3],RBF,LODO+LOSO-within-class,noise-robustness-only,6,1,"['Normal', 'MCI']",Normal:2|MCI:1,False,,1440,0.0,0.65625,0.65625,0.634798460292274,0.9826388888888888,0.5
typical_jitter,binary_early,M5.C3[k3],kNN,LODO+LOSO-within-class,noise-robustness-only,6,1,"['Normal', 'MCI']",Normal:2|MCI:1,False,,1440,0.0,0.6256944444444444,0.6256944444444444,0.6216435710459058,0.8597222222222223,0.2990788716177317
typical_jitter,binary_early,M5.C3[k3],ORD,LODO+LOSO-within-class,noise-robustness-only,6,1,"['Normal', 'MCI']",Normal:2|MCI:1,False,,1440,0.0,0.6465277777777778,0.6465277777777778,0.6462683131289878,0.9763888888888889,0.07575757575757576
typical_jitter,binary_early,M5.C3[k3],THR,LODO+LOSO-within-class,noise-robustness-only,6,1,"['Normal', 'MCI']",Normal:2|MCI:1,False,,1440,0.0,0.6541666666666667,0.6541666666666667,0.638255928684279,0.9388888888888889,0.45302773061686474
typical_jitter,binary_early,M5.C3[nested],LDA,LODO+LOSO-within-class,noise-robustness-only,6,1,"['Normal', 'MCI']",Normal:2|MCI:1,False,"windows 3.60-3.70×3, 3.80-4.00×2, 3.80-4.05×1",1440,0.0,0.8680555555555556,0.8680555555555556,0.8657675973969903,0.02013888888888893,0.882306832707598
typical_jitter,binary_early,M5.C3[nested],LR,LODO+LOSO-within-class,noise-robustness-only,6,1,"['Normal', 'MCI']",Normal:2|MCI:1,False,"windows 3.60-3.70×3, 3.80-4.00×2, 3.80-4.05×1",1440,0.0,0.8708333333333333,0.8708333333333333,0.8687830687830688,0.01666666666666672,0.8993016759776536
typical_jitter,binary_early,M5.C3[nested],LSVM,LODO+LOSO-within-class,noise-robustness-only,6,1,"['Normal', 'MCI']",Normal:2|MCI:1,False,"windows 3.60-3.70×3, 3.80-4.00×2, 3.80-4.05×1",1440,0.0,0.8923611111111112,0.8923611111111112,0.8911643705697145,0.01041666666666663,0.9118683565648368
typical_jitter,binary_early,M5.C3[nested],RBF,LODO+LOSO-within-class,noise-robustness-only,6,1,"['Normal', 'MCI']",Normal:2|MCI:1,False,"windows 3.60-3.70×3, 3.80-4.00×2, 3.80-4.05×1",1440,0.0,0.8909722222222223,0.8909722222222223,0.8897600398673883,0.009722222222222188,0.9075153832837606
typical_jitter,binary_early,M5.C3[nested],kNN,LODO+LOSO-within-class,noise-robustness-only,6,1,"['Normal', 'MCI']",Normal:2|MCI:1,False,"windows 3.60-3.70×3, 3.80-4.00×2, 3.80-4.05×1",1440,0.0,0.8930555555555556,0.8930555555555555,0.8919447795724178,0.0,0.9069444444444444
typical_jitter,binary_early,M5.C3[nested],ORD,LODO+LOSO-within-class,noise-robustness-only,6,1,"['Normal', 'MCI']",Normal:2|MCI:1,False,"windows 3.60-3.70×3, 3.80-4.00×2, 3.80-4.05×1",1440,0.0,0.8729166666666667,0.8729166666666667,0.8708766345605901,0.02083333333333337,0.8961763480591933
typical_jitter,binary_early,M5.C3[nested],THR,LODO+LOSO-within-class,noise-robustness-only,6,1,"['Normal', 'MCI']",Normal:2|MCI:1,False,"windows 3.60-3.70×3, 3.80-4.00×2, 3.80-4.05×1",1440,0.0,0.8923611111111112,0.8923611111111112,0.8912275931034785,0.013194444444444398,0.910681881215579
typical_jitter,binary_early,M6,LDA,LODO+LOSO-within-class,noise-robustness-only,6,22,"['Normal', 'MCI']",Normal:2|MCI:1,False,,1440,0.0,0.8152777777777778,0.8152777777777778,0.8087519547203876,0.11875000000000002,0.8515482695810564
typical_jitter,binary_early,M6,LR,LODO+LOSO-within-class,noise-robustness-only,6,22,"['Normal', 'MCI']",Normal:2|MCI:1,False,,1440,0.0,0.7798611111111111,0.7798611111111111,0.7686496096773066,0.05555555555555558,0.8078125
typical_jitter,binary_early,M6,LSVM,LODO+LOSO-within-class,noise-robustness-only,6,22,"['Normal', 'MCI']",Normal:2|MCI:1,False,,1440,0.0,0.7569444444444444,0.7569444444444444,0.741684178155912,0.05833333333333335,0.7845911949685535
typical_jitter,binary_early,M6,RBF,LODO+LOSO-within-class,noise-robustness-only,6,22,"['Normal', 'MCI']",Normal:2|MCI:1,False,,1440,0.0,0.7715277777777778,0.7715277777777778,0.7589448034684757,0.12361111111111112,0.7149446494464945
typical_jitter,binary_early,M6,kNN,LODO+LOSO-within-class,noise-robustness-only,6,22,"['Normal', 'MCI']",Normal:2|MCI:1,False,,1440,0.0,0.7694444444444445,0.7694444444444444,0.7565010471758848,0.029861111111111116,0.7725258493353029
typical_jitter,binary_early,M6,ORD,LODO+LOSO-within-class,noise-robustness-only,6,22,"['Normal', 'MCI']",Normal:2|MCI:1,False,,1440,0.0,0.7777777777777778,0.7777777777777778,0.7662337662337663,0.060416666666666674,0.8056872037914692
typical_jitter,binary_early,M7,LDA,LODO+LOSO-within-class,noise-robustness-only,6,6,"['Normal', 'MCI']",Normal:2|MCI:1,False,,1440,0.0,0.6340277777777777,0.6340277777777777,0.6175383618276191,0.11944444444444446,0.5706322662844402
typical_jitter,binary_early,M7,LR,LODO+LOSO-within-class,noise-robustness-only,6,6,"['Normal', 'MCI']",Normal:2|MCI:1,False,,1440,0.0,0.5756944444444444,0.5756944444444444,0.5295473904113948,0.08819444444444446,0.584429641385455
typical_jitter,binary_early,M7,LSVM,LODO+LOSO-within-class,noise-robustness-only,6,6,"['Normal', 'MCI']",Normal:2|MCI:1,False,,1440,0.0,0.5680555555555555,0.5680555555555555,0.5170432486994332,0.10555555555555551,0.5813157799558755
typical_jitter,binary_early,M7,RBF,LODO+LOSO-within-class,noise-robustness-only,6,6,"['Normal', 'MCI']",Normal:2|MCI:1,False,,1440,0.0,0.5805555555555556,0.5805555555555556,0.5324263126318438,0.07777777777777772,0.5684781004914479
typical_jitter,binary_early,M7,kNN,LODO+LOSO-within-class,noise-robustness-only,6,6,"['Normal', 'MCI']",Normal:2|MCI:1,False,,1440,0.0,0.6013888888888889,0.6013888888888889,0.5590936925903245,0.08472222222222225,0.5981838780317631
typical_jitter,binary_early,M7,ORD,LODO+LOSO-within-class,noise-robustness-only,6,6,"['Normal', 'MCI']",Normal:2|MCI:1,False,,1440,0.0,0.6041666666666666,0.6041666666666666,0.5688749569295157,0.10277777777777775,0.6081029917448451
typical_jitter,binary_early,M8,LDA,LODO+LOSO-within-class,noise-robustness-only,6,4,"['Normal', 'MCI']",Normal:2|MCI:1,False,,1440,0.0,0.7951388888888888,0.7951388888888888,0.7925456089553098,0.17500000000000004,0.8558244997449125
typical_jitter,binary_early,M8,LR,LODO+LOSO-within-class,noise-robustness-only,6,4,"['Normal', 'MCI']",Normal:2|MCI:1,False,,1440,0.0,0.7659722222222223,0.7659722222222223,0.7635077346830468,0.2368055555555556,0.8369354240364615
typical_jitter,binary_early,M8,LSVM,LODO+LOSO-within-class,noise-robustness-only,6,4,"['Normal', 'MCI']",Normal:2|MCI:1,False,,1440,0.0,0.6548611111111111,0.6548611111111111,0.6537106542714487,0.8402777777777778,0.7235867446393762
typical_jitter,binary_early,M8,RBF,LODO+LOSO-within-class,noise-robustness-only,6,4,"['Normal', 'MCI']",Normal:2|MCI:1,False,,1440,0.0,0.5208333333333334,0.5208333333333334,0.52,1.0,
typical_jitter,binary_early,M8,kNN,LODO+LOSO-within-class,noise-robustness-only,6,4,"['Normal', 'MCI']",Normal:2|MCI:1,False,,1440,0.0,0.4930555555555556,0.4930555555555556,0.49273851712876104,0.9881944444444445,0.6285714285714286
typical_jitter,binary_early,M8,ORD,LODO+LOSO-within-class,noise-robustness-only,6,4,"['Normal', 'MCI']",Normal:2|MCI:1,False,,1440,0.0,0.53125,0.53125,0.5310326593294828,1.0,
typical_jitter,binary_early,COMB,LDA,LODO+LOSO-within-class,noise-robustness-only,6,3,"['Normal', 'MCI']",Normal:2|MCI:1,False,chosen M6.A[3.75]+M6.A[3.45]+M6.A[3.55]×2; M6.A[3.75]+M6.A[3.50]+M7.D2×2; M6.A[3.60]+M6.A[3.45]+M6.A[3.55]×1; M6.A[3.75]+M6.A[3.50]+M7.D1×1,1440,0.0,0.8854166666666666,0.8854166666666667,0.8838922484881804,0.13055555555555554,0.9229323308270676
typical_jitter,binary_early,COMB,LR,LODO+LOSO-within-class,noise-robustness-only,6,3,"['Normal', 'MCI']",Normal:2|MCI:1,False,chosen M6.A[3.75]+M6.A[3.45]+M6.A[3.55]×2; M6.A[3.75]+M6.A[3.50]+M7.D2×2; M6.A[3.60]+M6.A[3.45]+M6.A[3.55]×1; M6.A[3.75]+M6.A[3.50]+M7.D1×1,1440,0.0,0.8986111111111111,0.8986111111111111,0.897558037776448,0.07430555555555551,0.8898858075040783
typical_jitter,binary_early,COMB,LSVM,LODO+LOSO-within-class,noise-robustness-only,6,3,"['Normal', 'MCI']",Normal:2|MCI:1,False,chosen M6.A[3.75]+M6.A[3.45]+M6.A[3.55]×2; M6.A[3.75]+M6.A[3.50]+M7.D2×2; M6.A[3.60]+M6.A[3.45]+M6.A[3.55]×1; M6.A[3.75]+M6.A[3.50]+M7.D1×1,1440,0.0,0.8722222222222222,0.8722222222222222,0.8701013460512692,0.10624999999999996,0.9056437389770723
typical_jitter,binary_early,COMB,RBF,LODO+LOSO-within-class,noise-robustness-only,6,3,"['Normal', 'MCI']",Normal:2|MCI:1,False,chosen M6.A[3.75]+M6.A[3.45]+M6.A[3.55]×2; M6.A[3.75]+M6.A[3.50]+M7.D2×2; M6.A[3.60]+M6.A[3.45]+M6.A[3.55]×1; M6.A[3.75]+M6.A[3.50]+M7.D1×1,1440,0.0,0.8729166666666667,0.8729166666666667,0.8708305577490636,0.21875,0.8358024691358025
typical_jitter,binary_early,COMB,kNN,LODO+LOSO-within-class,noise-robustness-only,6,3,"['Normal', 'MCI']",Normal:2|MCI:1,False,chosen M6.A[3.75]+M6.A[3.45]+M6.A[3.55]×2; M6.A[3.75]+M6.A[3.50]+M7.D2×2; M6.A[3.60]+M6.A[3.45]+M6.A[3.55]×1; M6.A[3.75]+M6.A[3.50]+M7.D1×1,1440,0.0,0.8631944444444445,0.8631944444444444,0.8605851903217578,0.05277777777777781,0.8775193798449612
typical_jitter,binary_early,COMB,ORD,LODO+LOSO-within-class,noise-robustness-only,6,3,"['Normal', 'MCI']",Normal:2|MCI:1,False,chosen M6.A[3.75]+M6.A[3.45]+M6.A[3.55]×2; M6.A[3.75]+M6.A[3.50]+M7.D2×2; M6.A[3.60]+M6.A[3.45]+M6.A[3.55]×1; M6.A[3.75]+M6.A[3.50]+M7.D1×1,1440,0.0,0.8861111111111111,0.8861111111111111,0.8846144826022717,0.09652777777777777,0.9113597246127367
typical_jitter,binary_early,M9,LDA,LODO+LOSO-within-class,noise-robustness-only,6,3618,"['Normal', 'MCI']",Normal:2|MCI:1,False,,1440,0.0,0.8569444444444444,0.8569444444444445,0.8539556628612953,0.10902777777777772,0.9076376554174068
typical_jitter,binary_early,M9,LR,LODO+LOSO-within-class,noise-robustness-only,6,3618,"['Normal', 'MCI']",Normal:2|MCI:1,False,,1440,0.0,0.8159722222222222,0.8159722222222222,0.8095214325825171,0.057638888888888906,0.8320251177394035
typical_jitter,binary_early,M9,LSVM,LODO+LOSO-within-class,noise-robustness-only,6,3618,"['Normal', 'MCI']",Normal:2|MCI:1,False,,1440,0.0,0.8534722222222222,0.8534722222222222,0.8502571856492527,0.061111111111111116,0.9264240506329113
typical_jitter,binary_early,M9,RBF,LODO+LOSO-within-class,noise-robustness-only,6,3618,"['Normal', 'MCI']",Normal:2|MCI:1,False,,1440,0.0,0.8263888888888888,0.8263888888888888,0.8213431422565155,0.04861111111111116,0.8129539279183827
typical_jitter,binary_early,M9,kNN,LODO+LOSO-within-class,noise-robustness-only,6,3618,"['Normal', 'MCI']",Normal:2|MCI:1,False,,1440,0.0,0.7847222222222222,0.7847222222222222,0.7746801912391782,0.033333333333333326,0.8174263826058563
typical_jitter,binary_early,M9,ORD,LODO+LOSO-within-class,noise-robustness-only,6,3618,"['Normal', 'MCI']",Normal:2|MCI:1,False,,1440,0.0,0.8152777777777778,0.8152777777777778,0.8087519547203876,0.06319444444444444,0.8473767885532592
typical+gain0.5dB,binary,M0,LR,LOSO,cross-solve-same-head,8,1,"['Normal', 'AD']",Normal:2|AD:6,False,,2622,0.08958333333333333,0.5549199084668193,0.537702715225651,0.5103577208165585,1.0,
typical+gain0.5dB,binary,M0,THR,LOSO,cross-solve-same-head,8,1,"['Normal', 'AD']",Normal:2|AD:6,False,,2622,0.08958333333333333,0.5347063310450039,0.47241451209341123,0.4654119792477892,1.0,
typical+gain0.5dB,binary,M5.C3,LR,LOSO,cross-solve-same-head,8,1,"['Normal', 'AD']",Normal:2|AD:6,False,,2622,0.08958333333333333,0.9565217391304348,0.9422921879343897,0.9422921879343897,0.06445461479786418,0.9671027654110509
typical+gain0.5dB,binary,M5.C3,THR,LOSO,cross-solve-same-head,8,1,"['Normal', 'AD']",Normal:2|AD:6,False,,2622,0.08958333333333333,0.9488939740655988,0.9316652766194051,0.9320996863832185,0.07170099160945842,0.9614684783449254
typical+gain0.5dB,binary,M5.C3[nested],LR,LOSO,cross-solve-same-head,8,1,"['Normal', 'AD']",Normal:2|AD:6,False,windows 3.45-3.55×8,2622,0.08958333333333333,0.988558352402746,0.9838082661477157,0.9847830864373309,0.02631578947368418,0.9909365203316444
typical+gain0.5dB,binary,M5.C3[nested],THR,LOSO,cross-solve-same-head,8,1,"['Normal', 'AD']",Normal:2|AD:6,False,windows 3.45-3.55×8,2622,0.08958333333333333,0.986651411136537,0.9825340561579095,0.9822915884755812,0.032418001525552964,0.9872797744890769
typical+gain0.5dB,binary,COMB,LR,LOSO,cross-solve-same-head,8,3,"['Normal', 'AD']",Normal:2|AD:6,False,chosen M5.C3+M5.C2+M7.D2×7; M5.C3+M7.D2+M5.C2×1,2622,0.08958333333333333,0.9763539282990084,0.9595658419052915,0.9680284149910319,0.01067887109077037,0.9622415989807294
typical+gain0.5dB,binary,M9,LR,LOSO,cross-solve-same-head,8,3618,"['Normal', 'AD']",Normal:2|AD:6,False,,2622,0.08958333333333333,0.9877955758962624,0.9757575757575758,0.9835331503683373,0.009534706331045029,0.9905511811023622
typical+gain0.5dB,three_merged,M0,LR,LOSO,cross-solve-same-head,8,1,"['Normal', 'Mild+Moderate', 'Severe']",Normal:2|Mild+Moderate:4|Severe:2,True,,2622,0.08958333333333333,0.2776506483600305,0.31622769753610874,0.275515108925965,1.0,
typical+gain0.5dB,three_merged,M5.C3,LR,LOSO,cross-solve-same-head,8,1,"['Normal', 'Mild+Moderate', 'Severe']",Normal:2|Mild+Moderate:4|Severe:2,True,,2622,0.08958333333333333,0.5579710144927537,0.6288681204569054,0.5914473916481539,0.7761250953470633,0.3333333333333333
typical+gain0.5dB,three_merged,M5.C3[nested],LR,LOSO,cross-solve-same-head,8,1,"['Normal', 'Mild+Moderate', 'Severe']",Normal:2|Mild+Moderate:4|Severe:2,True,"windows 3.60-3.70×4, 3.60-3.75×3, 3.80-3.90×1",2622,0.08958333333333333,0.4073226544622426,0.4482582837723024,0.41616055184577627,0.5877192982456141,0.3214308707548688
typical+gain0.5dB,three_merged,COMB,LR,LOSO,cross-solve-same-head,8,3,"['Normal', 'Mild+Moderate', 'Severe']",Normal:2|Mild+Moderate:4|Severe:2,True,chosen M5.C2+M6.A[3.60]+M6.A[3.40]×3; M5.C2+M7.D2+M5.C×2; M5.C2+M5.C+M6.A[3.40]×1; M5.C2+M6.A[3.60]+M6.A[3.35]×1; M5.C2+M7.D2+M6.A[3.65]×1,2622,0.08958333333333333,0.5263157894736842,0.4720310582460115,0.44480578377003194,0.21815408085430965,0.4916773569018851
typical+gain0.5dB,three_merged,M9,LR,LOSO,cross-solve-same-head,8,3618,"['Normal', 'Mild+Moderate', 'Severe']",Normal:2|Mild+Moderate:4|Severe:2,True,,2622,0.08958333333333333,0.8508771929824561,0.8048475408288492,0.8361424954640455,0.03852021357742186,0.8941215965625613
typical+gain0.5dB,three,M0,LR,LOSO,cross-solve-same-head,6,1,"['Normal', 'Mild', 'Severe']",Normal:2|Mild:2|Severe:2,True,,1992,0.07777777777777778,0.35040160642570284,0.3509678253481585,0.3457753942026393,1.0,
typical+gain0.5dB,three,M5.C3,LR,LOSO,cross-solve-same-head,6,1,"['Normal', 'Mild', 'Severe']",Normal:2|Mild:2|Severe:2,True,,1992,0.07777777777777778,0.6139558232931727,0.6200284026777322,0.5987829275908338,0.6139558232931727,0.6585365853658537
typical+gain0.5dB,three,M5.C3[nested],LR,LOSO,cross-solve-same-head,6,1,"['Normal', 'Mild', 'Severe']",Normal:2|Mild:2|Severe:2,True,"windows 3.60-3.70×1, 3.60-3.90×1, 3.50-3.70×1, 3.80-3.90×1, 3.60-3.85×1, 3.55-3.65×1",1992,0.07777777777777778,0.37650602409638556,0.38183234211271594,0.40177006894184736,0.49849397590361444,0.5160877859536062
typical+gain0.5dB,three,COMB,LR,LOSO,cross-solve-same-head,6,3,"['Normal', 'Mild', 'Severe']",Normal:2|Mild:2|Severe:2,True,chosen M5.C2+M5.C+M6.A[3.40]×1; M5.C2+M6.A[3.60]+M6.A[3.55]×1; M5.C2+M6.A[3.65]+M5.C3×1; M5.C2+M7.D2+M6.A[3.45]×1; M5.C2+M7.D2+M6.A[3.65]×1; M5.C2+M6.A[3.60]+M6.A[3.40]×1,1992,0.07777777777777778,0.25853413654618473,0.26039550318298793,0.27529938046715224,0.14608433734939763,0.2562189054726368
typical+gain0.5dB,three,M9,LR,LOSO,cross-solve-same-head,6,3618,"['Normal', 'Mild', 'Severe']",Normal:2|Mild:2|Severe:2,True,,1992,0.07777777777777778,0.35843373493975905,0.36372768727502575,0.37677270450045874,0.04166666666666663,0.45027075948128575
typical+gain0.5dB,binary_early,M0,LR,LODO+LOSO-within-class,noise-robustness-only,6,1,"['Normal', 'MCI']",Normal:2|MCI:1,False,,1308,0.09166666666666666,0.5084097859327217,0.5086560044893378,0.5081680187927298,1.0,
typical+gain0.5dB,binary_early,M0,THR,LODO+LOSO-within-class,noise-robustness-only,6,1,"['Normal', 'MCI']",Normal:2|MCI:1,False,,1308,0.09166666666666666,0.5076452599388379,0.5092171717171717,0.4935779816513761,0.9992354740061162,
typical+gain0.5dB,binary_early,M5.C3,LR,LODO+LOSO-within-class,noise-robustness-only,6,1,"['Normal', 'MCI']",Normal:2|MCI:1,False,,1308,0.09166666666666666,0.6215596330275229,0.6210998877665544,0.6203771836989567,0.8944954128440367,0.6252897787144363
typical+gain0.5dB,binary_early,M5.C3,THR,LODO+LOSO-within-class,noise-robustness-only,6,1,"['Normal', 'MCI']",Normal:2|MCI:1,False,,1308,0.09166666666666666,0.6429663608562691,0.6429854096520763,0.6429611436260221,0.904434250764526,0.5196500286861733
typical+gain0.5dB,binary_early,M5.C3[nested],LR,LODO+LOSO-within-class,noise-robustness-only,6,1,"['Normal', 'MCI']",Normal:2|MCI:1,False,"windows 3.60-3.70×3, 3.80-3.90×2, 3.80-4.00×1",1308,0.09166666666666666,0.8532110091743119,0.8543771043771045,0.8510928961748634,0.024464831804281384,0.8760404689603664
typical+gain0.5dB,binary_early,M5.C3[nested],THR,LODO+LOSO-within-class,noise-robustness-only,6,1,"['Normal', 'MCI']",Normal:2|MCI:1,False,"windows 3.60-3.70×3, 3.80-3.90×2, 3.80-4.00×1",1308,0.09166666666666666,0.8700305810397554,0.8709034792368125,0.8690357554297508,0.03975535168195721,0.8970988363394774
typical+gain0.5dB,binary_early,COMB,LR,LODO+LOSO-within-class,noise-robustness-only,6,3,"['Normal', 'MCI']",Normal:2|MCI:1,False,chosen M6.A[3.60]+M6.A[3.65]+M7.D2×5; M6.A[3.60]+M6.A[3.65]+M7.D1×1,1308,0.09166666666666666,0.9747706422018348,0.975,0.974764137292354,0.02675840978593269,0.9743999999999999
typical+gain0.5dB,binary_early,M9,LR,LODO+LOSO-within-class,noise-robustness-only,6,3618,"['Normal', 'MCI']",Normal:2|MCI:1,False,,1308,0.09166666666666666,0.7790519877675841,0.781060606060606,0.7686776184342174,0.051223241590214075,0.800168634064081
typical+gain1.0dB,binary,M0,LR,LOSO,cross-solve-same-head,8,1,"['Normal', 'AD']",Normal:2|AD:6,False,,774,0.73125,0.5891472868217055,0.5423031727379554,0.535056103366202,1.0,
typical+gain1.0dB,binary,M0,THR,LOSO,cross-solve-same-head,8,1,"['Normal', 'AD']",Normal:2|AD:6,False,,774,0.73125,0.3798449612403101,0.4049892283587936,0.3717234988128496,1.0,
typical+gain1.0dB,binary,M5.C3,LR,LOSO,cross-solve-same-head,8,1,"['Normal', 'AD']",Normal:2|AD:6,False,,774,0.73125,0.896640826873385,0.8494418331374853,0.8668730650154799,0.17183462532299743,0.895628587153078
typical+gain1.0dB,binary,M5.C3,THR,LOSO,cross-solve-same-head,8,1,"['Normal', 'AD']",Normal:2|AD:6,False,,774,0.73125,0.8901808785529716,0.8476057579318449,0.8605041696086102,0.17829457364341084,0.8988551942516136
typical+gain1.0dB,binary,M5.C3[nested],LR,LOSO,cross-solve-same-head,8,1,"['Normal', 'AD']",Normal:2|AD:6,False,"windows 3.50-3.60×6, 3.55-3.65×1, 3.45-3.55×1",774,0.73125,0.8811369509043928,0.8022179788484136,0.8353998502121994,0.08785529715762275,0.8360912936088114
typical+gain1.0dB,binary,M5.C3[nested],THR,LOSO,cross-solve-same-head,8,1,"['Normal', 'AD']",Normal:2|AD:6,False,"windows 3.50-3.60×6, 3.55-3.65×1, 3.45-3.55×1",774,0.73125,0.8992248062015504,0.8337495103799453,0.8639780100937275,0.08656330749354002,0.8418079096045198
typical+gain1.0dB,binary,COMB,LR,LOSO,cross-solve-same-head,8,3,"['Normal', 'AD']",Normal:2|AD:6,False,chosen M5.C3+M7.D2+M5.C2×5; M5.C3+M5.C2+M7.D2×3,774,0.73125,0.9470284237726099,0.9278544849197023,0.9342702389212814,0.06330749354005172,0.9404761904761905
typical+gain1.0dB,binary,M9,LR,LOSO,cross-solve-same-head,8,3618,"['Normal', 'AD']",Normal:2|AD:6,False,,774,0.73125,0.958656330749354,0.927927927927928,0.9470805415014358,0.018087855297157618,0.9350961538461539
typical+gain1.0dB,three_merged,M0,LR,LOSO,cross-solve-same-head,8,1,"['Normal', 'Mild+Moderate', 'Severe']",Normal:2|Mild+Moderate:4|Severe:2,True,,774,0.73125,0.20671834625322996,0.2777995386691039,0.20406304725563715,1.0,
typical+gain1.0dB,three_merged,M5.C3,LR,LOSO,cross-solve-same-head,8,1,"['Normal', 'Mild+Moderate', 'Severe']",Normal:2|Mild+Moderate:4|Severe:2,True,,774,0.73125,0.5077519379844961,0.5907429168298733,0.5352846361452377,0.8617571059431525,
typical+gain1.0dB,three_merged,M5.C3[nested],LR,LOSO,cross-solve-same-head,8,1,"['Normal', 'Mild+Moderate', 'Severe']",Normal:2|Mild+Moderate:4|Severe:2,True,"windows 3.60-3.70×4, 3.60-3.75×3, 3.80-3.90×1",774,0.73125,0.437984496124031,0.46605300953127043,0.438226405029109,0.6912144702842378,0.43110585452395034
typical+gain1.0dB,three_merged,COMB,LR,LOSO,cross-solve-same-head,8,3,"['Normal', 'Mild+Moderate', 'Severe']",Normal:2|Mild+Moderate:4|Severe:2,True,chosen M5.C2+M6.A[3.60]+M6.A[3.40]×3; M5.C2+M6.A[3.40]+M7.D2×1; M5.C2+M6.A[3.60]+M7.D1×1; M5.C2+M7.D2+M5.C×1; M5.C2+M7.D2+M6.A[3.60]×1; M5.C2+M7.D2+M6.A[3.65]×1,774,0.73125,0.28940568475452194,0.21795708752230492,0.20550193300640876,0.4444444444444444,0.18853741758382717
typical+gain1.0dB,three_merged,M9,LR,LOSO,cross-solve-same-head,8,3618,"['Normal', 'Mild+Moderate', 'Severe']",Normal:2|Mild+Moderate:4|Severe:2,True,,774,0.73125,0.789405684754522,0.6548069808939375,0.6661429928096595,0.07622739018087854,0.722996110290198
typical+gain1.0dB,three,M0,LR,LOSO,cross-solve-same-head,6,1,"['Normal', 'Mild', 'Severe']",Normal:2|Mild:2|Severe:2,True,,540,0.75,0.34814814814814815,0.3641119380249815,0.29131124813989834,1.0,
typical+gain1.0dB,three,M5.C3,LR,LOSO,cross-solve-same-head,6,1,"['Normal', 'Mild', 'Severe']",Normal:2|Mild:2|Severe:2,True,,540,0.75,0.6148148148148148,0.6163228445837142,0.6001371483324197,0.7888888888888889,
typical+gain1.0dB,three,M5.C3[nested],LR,LOSO,cross-solve-same-head,6,1,"['Normal', 'Mild', 'Severe']",Normal:2|Mild:2|Severe:2,True,"windows 3.60-3.70×1, 3.55-3.70×1, 3.50-3.70×1, 3.80-3.90×1, 3.60-3.85×1, 3.55-3.65×1",540,0.75,0.40925925925925927,0.4155503329416373,0.3982647177695304,0.5277777777777778,0.630718954248366
typical+gain1.0dB,three,COMB,LR,LOSO,cross-solve-same-head,6,3,"['Normal', 'Mild', 'Severe']",Normal:2|Mild:2|Severe:2,True,chosen M5.C2+M6.A[3.40]+M5.C×1; M5.C2+M6.A[3.60]+M7.D1×1; M5.C2+M6.A[3.65]+M5.C3×1; M5.C2+M7.D2+M6.A[3.45]×1; M5.C2+M7.D2+M7.D3×1; M5.C2+M6.A[3.60]+M6.A[3.40]×1,540,0.75,0.21851851851851853,0.1873678025851939,0.2018071454599112,0.43333333333333335,0.20305480682839172
typical+gain1.0dB,three,M9,LR,LOSO,cross-solve-same-head,6,3618,"['Normal', 'Mild', 'Severe']",Normal:2|Mild:2|Severe:2,True,,540,0.75,0.26481481481481484,0.23482177830003917,0.2714439519408079,0.05555555555555558,0.3842147435897436
typical+gain1.0dB,binary_early,M0,LR,LODO+LOSO-within-class,noise-robustness-only,6,1,"['Normal', 'MCI']",Normal:2|MCI:1,False,,438,0.6958333333333333,0.4771689497716895,0.47653903903903905,0.475723283589891,1.0,
typical+gain1.0dB,binary_early,M0,THR,LODO+LOSO-within-class,noise-robustness-only,6,1,"['Normal', 'MCI']",Normal:2|MCI:1,False,,438,0.6958333333333333,0.4794520547945205,0.4772272272272272,0.4641569368131868,1.0,
typical+gain1.0dB,binary_early,M5.C3,LR,LODO+LOSO-within-class,noise-robustness-only,6,1,"['Normal', 'MCI']",Normal:2|MCI:1,False,,438,0.6958333333333333,0.545662100456621,0.5430430430430431,0.527000407000407,0.9840182648401826,0.5
typical+gain1.0dB,binary_early,M5.C3,THR,LODO+LOSO-within-class,noise-robustness-only,6,1,"['Normal', 'MCI']",Normal:2|MCI:1,False,,438,0.6958333333333333,0.5547945205479452,0.5537412412412412,0.5515946974668591,0.9589041095890412,0.5
typical+gain1.0dB,binary_early,M5.C3[nested],LR,LODO+LOSO-within-class,noise-robustness-only,6,1,"['Normal', 'MCI']",Normal:2|MCI:1,False,"windows 3.60-3.70×3, 3.80-3.90×2, 3.65-3.75×1",438,0.6958333333333333,0.771689497716895,0.7722722722722722,0.7714560026715646,0.17579908675799083,0.8341623679685581
typical+gain1.0dB,binary_early,M5.C3[nested],THR,LODO+LOSO-within-class,noise-robustness-only,6,1,"['Normal', 'MCI']",Normal:2|MCI:1,False,"windows 3.60-3.70×3, 3.80-3.90×2, 3.65-3.75×1",438,0.6958333333333333,0.773972602739726,0.7747122122122122,0.7735464767107263,0.16210045662100458,0.805307760927743
typical+gain1.0dB,binary_early,COMB,LR,LODO+LOSO-within-class,noise-robustness-only,6,3,"['Normal', 'MCI']",Normal:2|MCI:1,False,chosen M6.A[3.60]+M6.A[3.65]+M7.D2×3; M7.D2+M6.A[3.60]+M6.A[3.65]×3,438,0.6958333333333333,0.9680365296803652,0.9684684684684685,0.9680258629679841,0.020547945205479423,0.9624413145539906
typical+gain1.0dB,binary_early,M9,LR,LODO+LOSO-within-class,noise-robustness-only,6,3618,"['Normal', 'MCI']",Normal:2|MCI:1,False,,438,0.6958333333333333,0.7876712328767124,0.7905405405405406,0.778949938949939,0.0547945205479452,0.8207070707070707
typical+gain2.0dB,binary,M0,LR,LOSO,cross-solve-same-head,8,1,"['Normal', 'AD']",Normal:2|AD:6,False,,102,0.9645833333333333,0.6176470588235294,0.5152777777777777,0.514582062233069,1.0,
typical+gain2.0dB,binary,M0,THR,LOSO,cross-solve-same-head,8,1,"['Normal', 'AD']",Normal:2|AD:6,False,,102,0.9645833333333333,0.28431372549019607,0.4638888888888889,0.2385724511708764,1.0,
typical+gain2.0dB,binary,M5.C3,LR,LOSO,cross-solve-same-head,8,1,"['Normal', 'AD']",Normal:2|AD:6,False,,102,0.9645833333333333,0.7156862745098039,0.5263888888888889,0.4758107389686337,0.3921568627450981,0.5
typical+gain2.0dB,binary,M5.C3,THR,LOSO,cross-solve-same-head,8,1,"['Normal', 'AD']",Normal:2|AD:6,False,,102,0.9645833333333333,0.7352941176470589,0.5888888888888889,0.5879096214275026,0.4607843137254902,0.5
typical+gain2.0dB,binary,M5.C3[nested],LR,LOSO,cross-solve-same-head,8,1,"['Normal', 'AD']",Normal:2|AD:6,False,"windows 3.50-3.60×7, 3.55-3.65×1",102,0.9645833333333333,0.7254901960784313,0.5333333333333333,0.4811046511627907,0.1470588235294118,0.5227272727272727
typical+gain2.0dB,binary,M5.C3[nested],THR,LOSO,cross-solve-same-head,8,1,"['Normal', 'AD']",Normal:2|AD:6,False,"windows 3.50-3.60×7, 3.55-3.65×1",102,0.9645833333333333,0.7450980392156863,0.5666666666666667,0.5411764705882353,0.10784313725490191,0.5
typical+gain2.0dB,binary,COMB,LR,LOSO,cross-solve-same-head,8,3,"['Normal', 'AD']",Normal:2|AD:6,False,chosen M7.D2+M5.C3+M5.C2×5; M7.D2+M7.D3+M5.C3×1; M7.D2+M7.D3+M7.D1×1; M7.D2+M5.C2+M5.C3×1,102,0.9645833333333333,0.6666666666666666,0.5013888888888889,0.4713414634146342,0.28431372549019607,0.5384615384615384
typical+gain2.0dB,binary,M9,LR,LOSO,cross-solve-same-head,8,3618,"['Normal', 'AD']",Normal:2|AD:6,False,,102,0.9645833333333333,0.9215686274509803,0.8666666666666667,0.8967611336032388,0.0490196078431373,0.94
typical+gain2.0dB,three_merged,M0,LR,LOSO,cross-solve-same-head,8,1,"['Normal', 'Mild+Moderate', 'Severe']",Normal:2|Mild+Moderate:4|Severe:2,True,,102,0.9645833333333333,0.24509803921568626,0.22361111111111112,0.22690058479532163,1.0,
typical+gain2.0dB,three_merged,M5.C3,LR,LOSO,cross-solve-same-head,8,1,"['Normal', 'Mild+Moderate', 'Severe']",Normal:2|Mild+Moderate:4|Severe:2,True,,102,0.9645833333333333,0.4117647058823529,0.4388888888888889,0.35326086956521735,1.0,
typical+gain2.0dB,three_merged,M5.C3[nested],LR,LOSO,cross-solve-same-head,8,1,"['Normal', 'Mild+Moderate', 'Severe']",Normal:2|Mild+Moderate:4|Severe:2,True,"windows 3.60-3.70×4, 3.55-3.70×2, 3.60-3.75×1, 3.75-3.85×1",102,0.9645833333333333,0.2647058823529412,0.29305555555555557,0.23563609375966355,0.9509803921568627,
typical+gain2.0dB,three_merged,COMB,LR,LOSO,cross-solve-same-head,8,3,"['Normal', 'Mild+Moderate', 'Severe']",Normal:2|Mild+Moderate:4|Severe:2,True,chosen M5.C2+M6.A[3.60]+M7.D1×3; M5.C2+M7.D2+M7.D3×3; M5.C2+M7.D2+M6.A[3.40]×1; M5.C2+M7.D3+M6.A[3.40]×1,102,0.9645833333333333,0.19607843137254902,0.1638888888888889,0.14345131992190815,0.8725490196078431,0.16666666666666666
typical+gain2.0dB,three_merged,M9,LR,LOSO,cross-solve-same-head,8,3618,"['Normal', 'Mild+Moderate', 'Severe']",Normal:2|Mild+Moderate:4|Severe:2,True,,102,0.9645833333333333,0.696078431372549,0.5916666666666667,0.5606864526549566,0.02941176470588236,0.6454545454545455
typical+gain2.0dB,three,M0,LR,LOSO,cross-solve-same-head,6,1,"['Normal', 'Mild', 'Severe']",Normal:2|Mild:2|Severe:2,True,,60,0.9722222222222222,0.13333333333333333,0.10555555555555556,0.1452991452991453,1.0,
typical+gain2.0dB,three,M5.C3,LR,LOSO,cross-solve-same-head,6,1,"['Normal', 'Mild', 'Severe']",Normal:2|Mild:2|Severe:2,True,,60,0.9722222222222222,0.36666666666666664,0.3,0.23088023088023088,1.0,
typical+gain2.0dB,three,M5.C3[nested],LR,LOSO,cross-solve-same-head,6,1,"['Normal', 'Mild', 'Severe']",Normal:2|Mild:2|Severe:2,True,"windows 3.60-3.70×1, 3.55-3.70×1, 3.50-3.75×1, 3.75-3.85×1, 3.80-3.90×1, 3.55-3.65×1",60,0.9722222222222222,0.26666666666666666,0.21666666666666667,0.1816849816849817,0.9,
typical+gain2.0dB,three,COMB,LR,LOSO,cross-solve-same-head,6,3,"['Normal', 'Mild', 'Severe']",Normal:2|Mild:2|Severe:2,True,chosen M5.C2+M6.A[3.40]+M5.C×1; M6.A[3.60]+M5.C2+M7.D1×1; M7.D3+M6.A[3.65]+M7.D2×1; M7.D2+M5.C2+M7.D3×1; M5.C2+M7.D2+M7.D3×1; M5.C2+M7.D3+M6.A[3.75]×1,60,0.9722222222222222,0.2833333333333333,0.18888888888888888,0.18579234972677594,0.9,
typical+gain2.0dB,three,M9,LR,LOSO,cross-solve-same-head,6,3618,"['Normal', 'Mild', 'Severe']",Normal:2|Mild:2|Severe:2,True,,60,0.9722222222222222,0.18333333333333332,0.12222222222222222,0.17886178861788618,0.08333333333333337,0.3107890499194847
typical+gain2.0dB,binary_early,M0,LR,LODO+LOSO-within-class,noise-robustness-only,6,1,"['Normal', 'MCI']",Normal:2|MCI:1,False,,54,0.9625,0.37037037037037035,0.3833333333333333,0.36689655172413793,1.0,
typical+gain2.0dB,binary_early,M0,THR,LODO+LOSO-within-class,noise-robustness-only,6,1,"['Normal', 'MCI']",Normal:2|MCI:1,False,,54,0.9625,0.3888888888888889,0.4125,0.37142857142857144,1.0,
typical+gain2.0dB,binary_early,M5.C3,LR,LODO+LOSO-within-class,noise-robustness-only,6,1,"['Normal', 'MCI']",Normal:2|MCI:1,False,,54,0.9625,0.6296296296296297,0.5833333333333334,0.5178571428571428,1.0,
typical+gain2.0dB,binary_early,M5.C3,THR,LODO+LOSO-within-class,noise-robustness-only,6,1,"['Normal', 'MCI']",Normal:2|MCI:1,False,,54,0.9625,0.5370370370370371,0.5083333333333333,0.48610582413399317,1.0,
typical+gain2.0dB,binary_early,M5.C3[nested],LR,LODO+LOSO-within-class,noise-robustness-only,6,1,"['Normal', 'MCI']",Normal:2|MCI:1,False,"windows 3.80-3.90×3, 3.60-3.70×3",54,0.9625,0.5740740740740741,0.5916666666666667,0.5703908682116915,0.4814814814814815,0.6888888888888889
typical+gain2.0dB,binary_early,M5.C3[nested],THR,LODO+LOSO-within-class,noise-robustness-only,6,1,"['Normal', 'MCI']",Normal:2|MCI:1,False,"windows 3.80-3.90×3, 3.60-3.70×3",54,0.9625,0.5925925925925926,0.6083333333333334,0.5903448275862069,0.4814814814814815,0.6888888888888889
typical+gain2.0dB,binary_early,COMB,LR,LODO+LOSO-within-class,noise-robustness-only,6,3,"['Normal', 'MCI']",Normal:2|MCI:1,False,chosen M6.A[3.60]+M7.D2+M7.D1×3; M7.D2+M7.D3+M6.A[3.60]×3,54,0.9625,0.6296296296296297,0.65,0.625,0.2962962962962963,0.6694444444444444
typical+gain2.0dB,binary_early,M9,LR,LODO+LOSO-within-class,noise-robustness-only,6,3618,"['Normal', 'MCI']",Normal:2|MCI:1,False,,54,0.9625,0.8888888888888888,0.9,0.8888888888888888,0.0,0.9
