metric,method_id,perturbation,max_abs_delta,gap_N_Mi,ratio_to_gap_N_Mi,finite,lands_in_class_range
M0.old_score,M0,shift-20,0.0053560554337072075,0.01573714547420413,0.3403447875910341,,
M0.old_score,M0,shift-10,0.002555339783535837,0.01573714547420413,0.16237632089787032,,
M0.old_score,M0,shift-5,0.0012479804825891172,0.01573714547420413,0.07930157884317525,,
M0.old_score,M0,shift-2,0.0004965249857141751,0.01573714547420413,0.03155114671387289,,
M0.old_score,M0,shift+2,0.0004784677682544425,0.01573714547420413,0.030403720232410187,,
M0.old_score,M0,shift+5,0.001215141696355837,0.01573714547420413,0.07721487345641317,,
M0.old_score,M0,shift+10,0.002422929757483372,0.01573714547420413,0.15396246806353592,,
M0.old_score,M0,shift+20,0.004815774716810051,0.01573714547420413,0.3060132299535471,,
M0.old_score,M0,band_shrink10,0.03451537579716646,0.01573714547420413,2.1932424691468384,,
M0.old_score,M0,band_lo10,0.04801102198987406,0.01573714547420413,3.050808805737504,,
M0.old_score,M0,band_hi10,0.013496891077387385,0.01573714547420413,0.8576454414500455,,
M0.old_score,M0,band_3.3-4.1,0.06750950874891226,0.01573714547420413,4.289819196217756,,
M0.old_score,M0,band_3.4-3.9,0.19000174885157328,0.01573714547420413,12.073456978777926,,
M0.old_score,M0,band_3.2-3.5_nodip,0.1599150461799821,0.01573714547420413,10.16162978490033,,
M0.old_score,M0,flatten_notch,0.019211947184706535,0.01573714547420413,1.2208025411087544,,
M0.old_score,M0,detune-200,0.10616457192894585,0.01573714547420413,6.746113652121202,,
M0.old_score,M0,detune+200,0.04043625076538038,0.01573714547420413,2.5694781071740302,,
M0.old_score,M0,open_all,0.5587959459278175,0.01573714547420413,35.508087972102665,True,False
M0.old_score,M0,short_all,0.5583541291331345,0.01573714547420413,35.48001319860533,True,False
M0.old_score,M0,one_open,0.09328815255566753,0.01573714547420413,5.927895418427869,True,False
M1.Sii_dBavg,M1,shift-20,0.02399243230041659,0.18530098032623155,0.1294781725286975,,
M1.Sii_dBavg,M1,shift-10,0.011352623116350102,0.18530098032623155,0.06126585567093735,,
M1.Sii_dBavg,M1,shift-5,0.005523240642590466,0.18530098032623155,0.029806861425484783,,
M1.Sii_dBavg,M1,shift-2,0.010793318123191398,0.18530098032623155,0.05824749606930966,,
M1.Sii_dBavg,M1,shift+2,0.022172634052329165,0.18530098032623155,0.11965740285503695,,
M1.Sii_dBavg,M1,shift+5,0.005359840252083359,0.18530098032623155,0.028925050707487326,,
M1.Sii_dBavg,M1,shift+10,0.010691181510891212,0.18530098032623155,0.057696303020463566,,
M1.Sii_dBavg,M1,shift+20,0.021265604013620987,0.18530098032623155,0.11476250139735818,,
M1.Sii_dBavg,M1,band_shrink10,0.534865956063598,0.18530098032623155,2.8864712702649493,,
M1.Sii_dBavg,M1,band_lo10,0.5903220441833721,0.18530098032623155,3.1857470108581234,,
M1.Sii_dBavg,M1,band_hi10,0.42757435572256774,0.18530098032623155,2.307458681383131,,
M1.Sii_dBavg,M1,band_3.3-4.1,1.1451334498941819,0.18530098032623155,6.179856403771409,,
M1.Sii_dBavg,M1,band_3.4-3.9,3.8518196103125275,0.18530098032623155,20.786828021801117,,
M1.Sii_dBavg,M1,band_3.2-3.5_nodip,0.8974451100573368,0.18530098032623155,4.843175187078559,,
M1.Sii_dBavg,M1,flatten_notch,1.470849336671117,0.18530098032623155,7.9376230718348815,,
M1.Sii_dBavg,M1,detune-200,0.7232903042403933,0.18530098032623155,3.9033269169272873,,
M1.Sii_dBavg,M1,detune+200,0.18179496770893255,0.18530098032623155,0.9810793628229787,,
M1.Sii_dBavg,M1,open_all,5.811078249329368,0.18530098032623155,31.360213200700166,True,False
M1.Sii_dBavg,M1,short_all,5.813335433566972,0.18530098032623155,31.372394378768572,True,False
M1.Sii_dBavg,M1,one_open,0.9673860719700436,0.18530098032623155,5.220620367290624,True,False
M2.R,M2,shift-20,0.004343022292713161,0.00350992183813853,1.2373558423786617,,
M2.R,M2,shift-10,0.002070338315502962,0.00350992183813853,0.5898531109743902,,
M2.R,M2,shift-5,0.0010107438089227427,0.00350992183813853,0.2879676116829957,,
M2.R,M2,shift-2,0.00039780916254816834,0.00350992183813853,0.11333846760506339,,
M2.R,M2,shift+2,0.0003999386351756229,0.00350992183813853,0.11394516847353171,,
M2.R,M2,shift+5,0.000983828212111959,0.00350992183813853,0.2802991797201181,,
M2.R,M2,shift+10,0.001961757068569492,0.00350992183813853,0.5589175939057094,,
M2.R,M2,shift+20,0.0038993774260918657,0.00350992183813853,1.1109584788246685,,
M2.R,M2,band_shrink10,0.041200837323446204,0.00350992183813853,11.738391686037335,,
M2.R,M2,band_lo10,0.051256432464232005,0.00350992183813853,14.60329740317397,,
M2.R,M2,band_hi10,0.02397086737580989,0.00350992183813853,6.829459025367563,,
M2.R,M2,band_3.3-4.1,0.08425308398881337,0.00350992183813853,24.00426216713036,,
M2.R,M2,band_3.4-3.9,0.26028701806024857,0.00350992183813853,74.15749696531434,,
M2.R,M2,band_3.2-3.5_nodip,0.10248885218341319,0.00350992183813853,29.199753416095344,,
M2.R,M2,flatten_notch,0.05761470552047576,0.00350992183813853,16.414811547778353,,
M2.R,M2,detune-200,0.09345727628423234,0.00350992183813853,26.62659756941965,,
M2.R,M2,detune+200,0.03278939376618906,0.00350992183813853,9.341915654617184,,
M2.R,M2,open_all,0.5775410914491741,0.00350992183813853,164.54528564529807,True,False
M2.R,M2,short_all,0.5759055215554549,0.00350992183813853,164.0793009398989,True,False
M2.R,M2,one_open,0.09651368403553306,0.00350992183813853,27.497388399599984,True,False
M2.R[k3],M2,shift-20,0.018741058525958504,0.01383906125692319,1.354214579878604,,
M2.R[k3],M2,shift-10,0.009550021123203078,0.01383906125692319,0.6900772347131235,,
M2.R[k3],M2,shift-5,0.004810663308857432,0.01383906125692319,0.34761485765162203,,
M2.R[k3],M2,shift-2,0.0019391071351616274,0.01383906125692319,0.1401184010361657,,
M2.R[k3],M2,shift+2,0.001966894324922114,0.01383906125692319,0.14212628215213272,,
M2.R[k3],M2,shift+5,0.0049680808532260035,0.01383906125692319,0.3589897292159646,,
M2.R[k3],M2,shift+10,0.010102808982135725,0.01383906125692319,0.7300212633340031,,
M2.R[k3],M2,shift+20,0.021046475406192214,0.01383906125692319,1.5208022434081943,,
M2.R[k3],M2,band_shrink10,0.009613263622878107,0.01383906125692319,0.6946470894526124,,
M2.R[k3],M2,band_lo10,0.026921816643049615,0.01383906125692319,1.9453499152322624,,
M2.R[k3],M2,band_hi10,0.02313563251727835,0.01383906125692319,1.6717631411382339,,
M2.R[k3],M2,band_3.3-4.1,,0.01383906125692319,,,
M2.R[k3],M2,band_3.4-3.9,,0.01383906125692319,,,
M2.R[k3],M2,band_3.2-3.5_nodip,,0.01383906125692319,,,
M2.R[k3],M2,flatten_notch,0.05001806770558492,0.01383906125692319,3.614267382519364,,
M2.R[k3],M2,detune-200,0.055966291331987064,0.01383906125692319,4.04408148016464,,
M2.R[k3],M2,detune+200,0.4296598135436417,0.01383906125692319,31.046890072019742,,
M2.R[k3],M2,open_all,0.8886752357181725,0.01383906125692319,64.21499401005974,True,False
M2.R[k3],M2,short_all,0.8899245627318633,0.01383906125692319,64.3052694261806,True,False
M2.R[k3],M2,one_open,0.1486465166772114,0.01383906125692319,10.741083800236005,True,False
M3.A,M3,shift-20,0.004343022292713217,0.0035099218381386965,1.2373558423786188,,
M3.A,M3,shift-10,0.002070338315503073,0.0035099218381386965,0.5898531109743939,,
M3.A,M3,shift-5,0.0010107438089227427,0.0035099218381386965,0.28796761168298207,,
M3.A,M3,shift-2,0.0003978091625485014,0.0035099218381386965,0.11333846760515291,,
M3.A,M3,shift+2,0.0003999386351756229,0.0035099218381386965,0.1139451684735263,,
M3.A,M3,shift+5,0.000983828212111959,0.0035099218381386965,0.28029917972010476,,
M3.A,M3,shift+10,0.001961757068569381,0.0035099218381386965,0.5589175939056512,,
M3.A,M3,shift+20,0.003899377426091921,0.0035099218381386965,1.1109584788246316,,
M3.A,M3,band_shrink10,0.04120083732344626,0.0035099218381386965,11.738391686036795,,
M3.A,M3,band_lo10,0.05125643246423195,0.0035099218381386965,14.603297403173261,,
M3.A,M3,band_hi10,0.02397086737580989,0.0035099218381386965,6.829459025367239,,
M3.A,M3,band_3.3-4.1,0.08425308398881326,0.0035099218381386965,24.00426216712919,,
M3.A,M3,band_3.4-3.9,0.26028701806024845,0.0035099218381386965,74.15749696531078,,
M3.A,M3,band_3.2-3.5_nodip,0.10248885218341341,0.0035099218381386965,29.199753416094023,,
M3.A,M3,flatten_notch,0.057614705520475984,0.0035099218381386965,16.414811547777635,,
M3.A,M3,detune-200,0.09345727628423223,0.0035099218381386965,26.626597569418358,,
M3.A,M3,detune+200,0.03278939376618917,0.0035099218381386965,9.341915654616773,,
M3.A,M3,open_all,0.5775410914491743,0.0035099218381386965,164.54528564529033,True,False
M3.A,M3,short_all,0.5759055215554546,0.0035099218381386965,164.079300939891,True,False
M3.A,M3,one_open,0.09651368403553295,0.0035099218381386965,27.49738839959865,True,False
M3.ML_of_powavg,M3,shift-20,0.03362691936288886,0.027089819508518076,1.241312049063866,,
M3.ML_of_powavg,M3,shift-10,0.015997629620924325,0.027089819508518076,0.5905402808569492,,
M3.ML_of_powavg,M3,shift-5,0.007802716382795172,0.027089819508518076,0.28803131672182974,,
M3.ML_of_powavg,M3,shift-2,0.003069325557187863,0.027089819508518076,0.113301809051284,,
M3.ML_of_powavg,M3,shift+2,0.003083569433931288,0.027089819508518076,0.11382761088392249,,
M3.ML_of_powavg,M3,shift+5,0.007581493541446882,0.027089819508518076,0.2798650444704133,,
M3.ML_of_powavg,M3,shift+10,0.015104432299695603,0.027089819508518076,0.557568583834462,,
M3.ML_of_powavg,M3,shift+20,0.029971635770220217,0.027089819508518076,1.1063800466000147,,
M3.ML_of_powavg,M3,band_shrink10,0.3060445585093543,0.027089819508518076,11.29740116626182,,
M3.ML_of_powavg,M3,band_lo10,0.3752068289930657,0.027089819508518076,13.850473565358614,,
M3.ML_of_powavg,M3,band_hi10,0.18067062652268673,0.027089819508518076,6.66931820885248,,
M3.ML_of_powavg,M3,band_3.3-4.1,0.6043498535676879,0.027089819508518076,22.309113332322394,,
M3.ML_of_powavg,M3,band_3.4-3.9,1.6472526145847715,0.027089819508518076,60.80707234194795,,
M3.ML_of_powavg,M3,band_3.2-3.5_nodip,0.7324975051505285,0.027089819508518076,27.039586030471824,,
M3.ML_of_powavg,M3,flatten_notch,0.4677143905698178,0.027089819508518076,17.265319557509436,,
M3.ML_of_powavg,M3,detune-200,0.7888934505722425,0.027089819508518076,29.12139928891679,,
M3.ML_of_powavg,M3,detune+200,0.24581150858765133,0.027089819508518076,9.073944125406918,,
M3.ML_of_powavg,M3,open_all,,0.027089819508518076,,False,False
M3.ML_of_powavg,M3,short_all,,0.027089819508518076,,False,False
M3.ML_of_powavg,M3,one_open,5.240819292311775,0.027089819508518076,193.4608420208876,False,False
M3.ML_dBavg,M3,shift-20,0.10030196873910802,0.08965795248778718,1.1187180384558828,,
M3.ML_dBavg,M3,shift-10,0.04876435318247374,0.08965795248778718,0.543893227866387,,
M3.ML_dBavg,M3,shift-5,0.02403645803877863,0.08965795248778718,0.268090641954519,,
M3.ML_dBavg,M3,shift-2,0.009501402324964214,0.08965795248778718,0.10597389368509674,,
M3.ML_dBavg,M3,shift+2,0.009539241014927757,0.08965795248778718,0.10639592752496943,,
M3.ML_dBavg,M3,shift+5,0.023565092850371006,0.08965795248778718,0.26283327018404684,,
M3.ML_dBavg,M3,shift+10,0.046876479772902435,0.08965795248778718,0.5228368312257381,,
M3.ML_dBavg,M3,shift+20,0.09272720117584754,0.08965795248778718,1.0342328661640856,,
M3.ML_dBavg,M3,band_shrink10,0.46335307551797156,0.08965795248778718,5.168008666951072,,
M3.ML_dBavg,M3,band_lo10,0.6888997892977704,0.08965795248778718,7.683644006833742,,
M3.ML_dBavg,M3,band_hi10,0.12355958620666385,0.08965795248778718,1.378121881865355,,
M3.ML_dBavg,M3,band_3.3-4.1,0.9140167974424882,0.08965795248778718,10.19448662478648,,
M3.ML_dBavg,M3,band_3.4-3.9,2.6238202423873993,0.08965795248778718,29.264779861494212,,
M3.ML_dBavg,M3,band_3.2-3.5_nodip,1.5180886582662145,0.08965795248778718,16.932002305908135,,
M3.ML_dBavg,M3,flatten_notch,0.5358717620629085,0.08965795248778718,5.976845859109962,,
M3.ML_dBavg,M3,detune-200,1.4671188737527134,0.08965795248778718,16.363510799028763,,
M3.ML_dBavg,M3,detune+200,0.7100283218188714,0.08965795248778718,7.919301100653491,,
M3.ML_dBavg,M3,open_all,69.02688791699029,0.08965795248778718,769.8914151133758,True,False
M3.ML_dBavg,M3,short_all,67.18645272065615,0.08965795248778718,749.3641205983149,True,False
M3.ML_dBavg,M3,one_open,11.669926248094228,0.08965795248778718,130.16052591301207,True,False
M4.N,M4,shift-20,0.004342504673653602,0.0035249290986869575,1.2319409985497844,,
M4.N,M4,shift-10,0.0020700993950690805,0.0035249290986869575,0.5872740520767343,,
M4.N,M4,shift-5,0.0010106289361146992,0.0035249290986869575,0.28670901110923347,,
M4.N,M4,shift-2,0.0003977634686697096,0.0035249290986869575,0.11284297003814267,,
M4.N,M4,shift+2,0.0003998942486126422,0.0035249290986869575,0.11344745877629242,,
M4.N,M4,shift+5,0.000983717793084038,0.0035249290986869575,0.27907449073244467,,
M4.N,M4,shift+10,0.0019615363275549136,0.0035249290986869575,0.5564753992599708,,
M4.N,M4,shift+20,0.00389893634541405,0.0035249290986869575,1.106103480738495,,
M4.N,M4,band_shrink10,0.041154535201421094,0.0035249290986869575,11.675280282020774,,
M4.N,M4,band_lo10,0.05121761626153998,0.0035249290986869575,14.530112472508634,,
M4.N,M4,band_hi10,0.023927129735057506,0.0035249290986869575,6.787974755001571,,
M4.N,M4,band_3.3-4.1,0.08415056328639448,0.0035249290986869575,23.872980400581877,,
M4.N,M4,band_3.4-3.9,0.25990159584381267,0.0035249290986869575,73.73243221845979,,
M4.N,M4,band_3.2-3.5_nodip,0.10261914064084499,0.0035249290986869575,29.11239851010643,,
M4.N,M4,flatten_notch,0.057614705520475984,0.0035249290986869575,16.344926070126508,,
M4.N,M4,detune-200,0.09342973131417459,0.0035249290986869575,26.505421442087258,,
M4.N,M4,detune+200,0.03278510594334194,0.0035249290986869575,9.300926352122785,,
M4.N,M4,open_all,0.5771907841645509,0.0035249290986869575,163.7453599788874,True,False
M4.N,M4,short_all,0.5755552143037135,0.0035249290986869575,163.28135919616335,True,False
M4.N,M4,one_open,0.0963960977284653,0.0035249290986869575,27.346960755713646,True,False
M4.N[k3],M4,shift-20,0.01864806065163871,0.013784996032958463,1.352779544299699,,
M4.N[k3],M4,shift-10,0.009504907377546279,0.013784996032958463,0.6895110709369124,,
M4.N[k3],M4,shift-5,0.004788533348715984,0.013784996032958463,0.34737284923891953,,
M4.N[k3],M4,shift-2,0.0019287905278289053,0.013784996032958463,0.1399195562492272,,
M4.N[k3],M4,shift+2,0.0019567060362837285,0.013784996032958463,0.1419446209201259,,
M4.N[k3],M4,shift+5,0.004942858919425586,0.013784996032958463,0.3585680335059752,,
M4.N[k3],M4,shift+10,0.010053230370718813,0.013784996032958463,0.7292878682505679,,
M4.N[k3],M4,shift+20,0.02095903234581098,0.013784996032958463,1.5204235311856569,,
M4.N[k3],M4,band_shrink10,0.009624720570252765,0.013784996032958463,0.6982026362025117,,
M4.N[k3],M4,band_lo10,0.02681537776959131,0.013784996032958463,1.9452582870157225,,
M4.N[k3],M4,band_hi10,0.02301815738299584,0.013784996032958463,1.6697978967829856,,
M4.N[k3],M4,band_3.3-4.1,,0.013784996032958463,,,
M4.N[k3],M4,band_3.4-3.9,,0.013784996032958463,,,
M4.N[k3],M4,band_3.2-3.5_nodip,,0.013784996032958463,,,
M4.N[k3],M4,flatten_notch,0.05001806770558492,0.013784996032958463,3.6284426622972563,,
M4.N[k3],M4,detune-200,0.055620821651411245,0.013784996032958463,4.034881222920033,,
M4.N[k3],M4,detune+200,0.4292192117281227,0.013784996032958463,31.13669461361506,,
M4.N[k3],M4,open_all,0.8881515150649876,0.013784996032958463,64.42885532513114,True,False
M4.N[k3],M4,short_all,0.889400841844207,0.013784996032958463,64.51948478749968,True,False
M4.N[k3],M4,one_open,0.1484714143602044,0.013784996032958463,10.770508312459793,True,False
M5.C,M5,shift-20,5.176190597326298e-07,1.5007260548516234e-05,0.03449124229297177,,
M5.C,M5,shift-10,2.3892043401037505e-07,1.5007260548516234e-05,0.0159203229155635,,
M5.C,M5,shift-5,1.1487280805852658e-07,1.5007260548516234e-05,0.007654482154631748,,
M5.C,M5,shift-2,4.569387853660921e-08,1.5007260548516234e-05,0.0030447847819319,,
M5.C,M5,shift+2,4.438656287083977e-08,1.5007260548516234e-05,0.0029576725697101503,,
M5.C,M5,shift+5,1.1041902785814467e-07,1.5007260548516234e-05,0.007357707124573231,,
M5.C,M5,shift+10,2.2074101458866013e-07,1.5007260548516234e-05,0.014708947970553145,,
M5.C,M5,shift+20,4.410806779249032e-07,1.5007260548516234e-05,0.02939115213592482,,
M5.C,M5,band_shrink10,4.63021220249564e-05,1.5007260548516234e-05,3.0853147298448342,,
M5.C,M5,band_lo10,4.7391872508711636e-05,1.5007260548516234e-05,3.1579296138359685,,
M5.C,M5,band_hi10,4.3737640752388124e-05,1.5007260548516234e-05,2.914432025151483,,
M5.C,M5,band_3.3-4.1,0.00010252070241873715,1.5007260548516234e-05,6.8314068438608775,,
M5.C,M5,band_3.4-3.9,0.0003854222164356611,1.5007260548516234e-05,25.682383216420387,,
M5.C,M5,band_3.2-3.5_nodip,0.00021649219564167418,1.5007260548516234e-05,14.425830413338078,,
M5.C,M5,flatten_notch,1.951563910473908e-18,1.5007260548516234e-05,1.3004131594602446e-13,,
M5.C,M5,detune-200,2.7544970057433204e-05,1.5007260548516234e-05,1.835442915673012,,
M5.C,M5,detune+200,4.287822847102475e-06,1.5007260548516234e-05,0.2857165592108289,,
M5.C,M5,open_all,0.0004274060953137721,1.5007260548516234e-05,28.47995434823244,True,False
M5.C,M5,short_all,0.0004274061627215684,1.5007260548516234e-05,28.47995883991139,True,False
M5.C,M5,one_open,0.00014125021577680868,1.5007260548516234e-05,9.41212523899134,True,False
M5.C1,M5,shift-20,2.100312045987191e-07,6.859906363708624e-06,0.030617211586131822,,
M5.C1,M5,shift-10,9.669143044872407e-08,6.859906363708624e-06,0.014095153100085531,,
M5.C1,M5,shift-5,4.6431598191287726e-08,6.859906363708624e-06,0.006768546934828091,,
M5.C1,M5,shift-2,1.851176792587385e-08,6.859906363708624e-06,0.002698545278082478,,
M5.C1,M5,shift+2,1.787694312084553e-08,6.859906363708624e-06,0.0026060039558879404,,
M5.C1,M5,shift+5,4.4579389113660016e-08,6.859906363708624e-06,0.0064985419260969865,,
M5.C1,M5,shift+10,8.912517015515712e-08,6.859906363708624e-06,0.012992184649437983,,
M5.C1,M5,shift+20,1.7811143858035249e-07,6.859906363708624e-06,0.025964120956902002,,
M5.C1,M5,band_shrink10,2.2676964416195163e-05,6.859906363708624e-06,3.3057250658936796,,
M5.C1,M5,band_lo10,2.311370594087594e-05,6.859906363708624e-06,3.36939088019565,,
M5.C1,M5,band_hi10,2.162006939987178e-05,6.859906363708624e-06,3.1516566340103034,,
M5.C1,M5,band_3.3-4.1,5.032549725834118e-05,6.859906363708624e-06,7.336178453481697,,
M5.C1,M5,band_3.4-3.9,0.0001904246338607557,6.859906363708624e-06,27.759071882988174,,
M5.C1,M5,band_3.2-3.5_nodip,0.00011308625397160526,6.859906363708624e-06,16.485101687374666,,
M5.C1,M5,flatten_notch,0.0,6.859906363708624e-06,0.0,,
M5.C1,M5,detune-200,1.241362764409031e-05,6.859906363708624e-06,1.809591412174789,,
M5.C1,M5,detune+200,1.7388026709897495e-06,6.859906363708624e-06,0.2534732369218102,,
M5.C1,M5,open_all,0.00020832458260921943,6.859906363708624e-06,30.368429474683726,True,False
M5.C1,M5,short_all,0.00020832460212198687,6.859906363708624e-06,30.368432319149292,True,False
M5.C1,M5,one_open,6.880515000378274e-05,6.859906363708624e-06,10.030042154479947,True,False
M5.C2,M5,shift-20,2.5698301073154956e-08,4.422772654051291e-07,0.05810450385600339,,
M5.C2,M5,shift-10,1.1984845348974217e-08,4.422772654051291e-07,0.027098036201331794,,
M5.C2,M5,shift-5,5.790223539379797e-09,4.422772654051291e-07,0.013091840780185505,,
M5.C2,M5,shift-2,2.286797994305114e-09,4.422772654051291e-07,0.00517050767285176,,
M5.C2,M5,shift+2,2.2647340059666477e-09,4.422772654051291e-07,0.005120620441324596,,
M5.C2,M5,shift+5,5.5919776224769e-09,4.422772654051291e-07,0.012643601785306801,,
M5.C2,M5,shift+10,1.1178449044407036e-08,4.422772654051291e-07,0.025274753912949827,,
M5.C2,M5,shift+20,2.233418945084135e-08,4.422772654051291e-07,0.05049816302536617,,
M5.C2,M5,band_shrink10,2.1130295728686298e-07,4.422772654051291e-07,0.4777612909705137,,
M5.C2,M5,band_lo10,2.891263216395865e-07,4.422772654051291e-07,0.6537218714480945,,
M5.C2,M5,band_hi10,6.119890508658635e-08,4.422772654051291e-07,0.13837226073677497,,
M5.C2,M5,band_3.3-4.1,3.941158800669446e-07,4.422772654051291e-07,0.8911058987079783,,
M5.C2,M5,band_3.4-3.9,9.304192671067195e-07,4.422772654051291e-07,2.1037013201536574,,
M5.C2,M5,band_3.2-3.5_nodip,2.729808098400419e-06,4.422772654051291e-07,6.172164639527415,,
M5.C2,M5,flatten_notch,0.0,4.422772654051291e-07,0.0,,
M5.C2,M5,detune-200,8.640368599122249e-07,4.422772654051291e-07,1.9536090310243759,,
M5.C2,M5,detune+200,2.1679915594065612e-07,4.422772654051291e-07,0.49018833410319335,,
M5.C2,M5,open_all,2.664091069914209e-06,4.422772654051291e-07,6.0235767883612175,True,False
M5.C2,M5,short_all,2.664099750047703e-06,4.422772654051291e-07,6.023596414360953,True,False
M5.C2,M5,one_open,9.208665148568996e-07,4.422772654051291e-07,2.0821023075047265,True,True
M5.C3,M5,shift-20,4.616004838926119e-08,2.1720023519079696e-06,0.02125230129180682,,
M5.C3,M5,shift-10,2.1567882415341858e-08,2.1720023519079696e-06,0.009929953527166215,,
M5.C3,M5,shift-5,1.042916459748376e-08,2.1720023519079696e-06,0.004801635959704364,,
M5.C3,M5,shift-2,4.096746698704288e-09,2.1720023519079696e-06,0.001886161262719421,,
M5.C3,M5,shift+2,4.103208615514577e-09,2.1720023519079696e-06,0.0018891363593184704,,
M5.C3,M5,shift+5,1.007629438598603e-08,2.1720023519079696e-06,0.004639172870662239,,
M5.C3,M5,shift+10,2.0133776190002773e-08,2.1720023519079696e-06,0.009269684340956858,,
M5.C3,M5,shift+20,4.018942186326433e-08,2.1720023519079696e-06,0.018503397028074308,,
M5.C3,M5,band_shrink10,6.664295239461025e-07,2.1720023519079696e-06,0.30682725705185604,,
M5.C3,M5,band_lo10,7.8182225319672e-07,2.1720023519079696e-06,0.3599546070978871,,
M5.C3,M5,band_hi10,4.1408468661866664e-07,2.1720023519079696e-06,0.19064651852467787,,
M5.C3,M5,band_3.3-4.1,1.3453953072923084e-06,2.1720023519079696e-06,0.6194262663253849,,
M5.C3,M5,band_3.4-3.9,3.5458827810187994e-06,2.1720023519079696e-06,1.632540949094259,,
M5.C3,M5,band_3.2-3.5_nodip,6.032868572951989e-06,2.1720023519079696e-06,2.777560792073953,,
M5.C3,M5,flatten_notch,0.0,2.1720023519079696e-06,0.0,,
M5.C3,M5,detune-200,1.7486135521013506e-06,2.1720023519079696e-06,0.8050698244250527,,
M5.C3,M5,detune+200,3.7661919324763387e-07,2.1720023519079696e-06,0.17339723086247913,,
M5.C3,M5,open_all,7.19931859083456e-06,2.1720023519079696e-06,3.3145998136283805,True,False
M5.C3,M5,short_all,7.199319983196309e-06,2.1720023519079696e-06,3.3146004546782155,True,False
M5.C3,M5,one_open,2.425957697140844e-06,2.1720023519079696e-06,1.1169222238685839,True,True
M5.C[k3],M5,shift-20,0.00010886798834192502,5.4065223964698734e-05,2.0136416786696216,,
M5.C[k3],M5,shift-10,5.2867841143917384e-05,5.4065223964698734e-05,0.9778529943469175,,
M5.C[k3],M5,shift-5,2.6032523655741325e-05,5.4065223964698734e-05,0.4815021884074495,,
M5.C[k3],M5,shift-2,1.0316607332709529e-05,5.4065223964698734e-05,0.19081780442536664,,
M5.C[k3],M5,shift+2,1.0188288638454126e-05,5.4065223964698734e-05,0.18844439903007618,,
M5.C[k3],M5,shift+5,2.5221933800327395e-05,5.4065223964698734e-05,0.46650937424758965,,
M5.C[k3],M5,shift+10,4.9578611416832194e-05,5.4065223964698734e-05,0.9170148162005947,,
M5.C[k3],M5,shift+20,9.55316235514501e-05,5.4065223964698734e-05,1.7669699031271262,,
M5.C[k3],M5,band_shrink10,1.862116334362771e-05,5.4065223964698734e-05,0.3444203496833045,,
M5.C[k3],M5,band_lo10,0.00011717650316413089,5.4065223964698734e-05,2.1673174468053613,,
M5.C[k3],M5,band_hi10,0.00013925688169508569,5.4065223964698734e-05,2.5757200559459785,,
M5.C[k3],M5,band_3.3-4.1,,5.4065223964698734e-05,,,
M5.C[k3],M5,band_3.4-3.9,,5.4065223964698734e-05,,,
M5.C[k3],M5,band_3.2-3.5_nodip,,5.4065223964698734e-05,,,
M5.C[k3],M5,flatten_notch,1.734723475976807e-18,5.4065223964698734e-05,3.208575399797613e-14,,
M5.C[k3],M5,detune-200,0.0007220669197367354,5.4065223964698734e-05,13.355478194415706,,
M5.C[k3],M5,detune+200,0.000547642887463793,5.4065223964698734e-05,10.129300265571269,,
M5.C[k3],M5,open_all,0.0006530387177866589,5.4065223964698734e-05,12.078720291865489,True,False
M5.C[k3],M5,short_all,0.0006530388214432396,5.4065223964698734e-05,12.078722209116044,True,False
M5.C[k3],M5,one_open,0.00022896067994655544,5.4065223964698734e-05,4.234897465625088,True,False
M5.C1[k3],M5,shift-20,5.46286223663944e-05,2.46963016217625e-05,2.21201632548314,,
M5.C1[k3],M5,shift-10,2.6567962285875188e-05,2.46963016217625e-05,1.0757870831340743,,
M5.C1[k3],M5,shift-5,1.3075507334207664e-05,2.46963016217625e-05,0.5294520424339757,,
M5.C1[k3],M5,shift-2,5.180427442644838e-06,2.46963016217625e-05,0.20976531312201907,,
M5.C1[k3],M5,shift+2,5.114138429615988e-06,2.46963016217625e-05,0.20708114550679865,,
M5.C1[k3],M5,shift+5,1.26578438906027e-05,2.46963016217625e-05,0.512540059012259,,
M5.C1[k3],M5,shift+10,2.4873405115837e-05,2.46963016217625e-05,1.0071712557121684,,
M5.C1[k3],M5,shift+20,4.7901941301199083e-05,2.46963016217625e-05,1.939640276299009,,
M5.C1[k3],M5,band_shrink10,9.309137959917241e-06,2.46963016217625e-05,0.3769446171532819,,
M5.C1[k3],M5,band_lo10,5.8739723832895404e-05,2.46963016217625e-05,2.3784826057167066,,
M5.C1[k3],M5,band_hi10,6.986341294258971e-05,2.46963016217625e-05,2.828901833666695,,
M5.C1[k3],M5,band_3.3-4.1,,2.46963016217625e-05,,,
M5.C1[k3],M5,band_3.4-3.9,,2.46963016217625e-05,,,
M5.C1[k3],M5,band_3.2-3.5_nodip,,2.46963016217625e-05,,,
M5.C1[k3],M5,flatten_notch,0.0,2.46963016217625e-05,0.0,,
M5.C1[k3],M5,detune-200,0.00036839793277416733,2.46963016217625e-05,14.917129634079837,,
M5.C1[k3],M5,detune+200,0.0002679271458234882,2.46963016217625e-05,10.848877290492334,,
M5.C1[k3],M5,open_all,0.00031407538793415114,2.46963016217625e-05,12.71750696701025,True,False
M5.C1[k3],M5,short_all,0.0003140754563091241,2.46963016217625e-05,12.71750973564233,True,False
M5.C1[k3],M5,one_open,0.00011061145420191438,2.46963016217625e-05,4.47886715573813,True,False
M5.C2[k3],M5,shift-20,2.43403741734364e-07,9.887893928722045e-07,0.24616338270714297,,
M5.C2[k3],M5,shift-10,1.1976340922120163e-07,9.887893928722045e-07,0.12112125199211192,,
M5.C2[k3],M5,shift-5,5.930878298286092e-08,9.887893928722045e-07,0.05998120874919848,,
M5.C2[k3],M5,shift-2,2.3577006634399615e-08,9.887893928722045e-07,0.023844315892096967,,
M5.C2[k3],M5,shift+2,2.3540885618488045e-08,9.887893928722045e-07,0.02380778534659157,,
M5.C2[k3],M5,shift+5,5.890951872572215e-08,9.887893928722045e-07,0.05957741774980375,,
M5.C2[k3],M5,shift+10,1.1775455524473192e-07,9.887893928722045e-07,0.1190896222123522,,
M5.C2[k3],M5,shift+20,2.3319823374487187e-07,9.887893928722045e-07,0.23584216763034335,,
M5.C2[k3],M5,band_shrink10,1.6369690031947202e-07,9.887893928722045e-07,0.16555284826020472,,
M5.C2[k3],M5,band_lo10,2.8862808518222326e-07,9.887893928722045e-07,0.2919004666340781,,
M5.C2[k3],M5,band_hi10,3.0625694296182604e-07,9.887893928722045e-07,0.30972919528618775,,
M5.C2[k3],M5,band_3.3-4.1,,9.887893928722045e-07,,,
M5.C2[k3],M5,band_3.4-3.9,,9.887893928722045e-07,,,
M5.C2[k3],M5,band_3.2-3.5_nodip,,9.887893928722045e-07,,,
M5.C2[k3],M5,flatten_notch,0.0,9.887893928722045e-07,0.0,,
M5.C2[k3],M5,detune-200,3.338175589380409e-06,9.887893928722045e-07,3.3760228552652465,,
M5.C2[k3],M5,detune+200,2.8326468443021768e-06,9.887893928722045e-07,2.8647625720114096,,
M5.C2[k3],M5,open_all,6.387026300354361e-06,9.887893928722045e-07,6.4594405506328565,True,False
M5.C2[k3],M5,short_all,6.387034013576704e-06,9.887893928722045e-07,6.459448351305476,True,False
M5.C2[k3],M5,one_open,2.1678551546787383e-06,9.887893928722045e-07,2.1924336671751914,True,True
M5.C3[k3],M5,shift-20,5.6823199488953e-07,6.650199506917399e-06,0.08544585681955359,,
M5.C3[k3],M5,shift-10,2.5772941553941235e-07,6.650199506917399e-06,0.038755140394108115,,
M5.C3[k3],M5,shift-5,1.2250827241317974e-07,6.650199506917399e-06,0.018421743932005224,,
M5.C3[k3],M5,shift-2,4.755866854816645e-08,6.650199506917399e-06,0.007151464929540371,,
M5.C3[k3],M5,shift+2,4.562468643748999e-08,6.650199506917399e-06,0.006860649276767131,,
M5.C3[k3],M5,shift+5,1.1071182393110844e-07,6.650199506917399e-06,0.01664789512193556,,
M5.C3[k3],M5,shift+10,2.1058573929536397e-07,6.650199506917399e-06,0.031666078450175376,,
M5.C3[k3],M5,shift+20,3.80618876100235e-07,6.650199506917399e-06,0.05723420413242086,,
M5.C3[k3],M5,band_shrink10,4.225006579226077e-07,6.650199506917399e-06,0.06353202749528511,,
M5.C3[k3],M5,band_lo10,4.6473955024680134e-07,6.650199506917399e-06,0.06988355007445851,,
M5.C3[k3],M5,band_hi10,7.430850651582775e-07,6.650199506917399e-06,0.11173876278227982,,
M5.C3[k3],M5,band_3.3-4.1,,6.650199506917399e-06,,,
M5.C3[k3],M5,band_3.4-3.9,,6.650199506917399e-06,,,
M5.C3[k3],M5,band_3.2-3.5_nodip,,6.650199506917399e-06,,,
M5.C3[k3],M5,flatten_notch,0.0,6.650199506917399e-06,0.0,,
M5.C3[k3],M5,detune-200,1.1684955257617848e-05,6.650199506917399e-06,1.7570834146349144,,
M5.C3[k3],M5,detune+200,1.1499369321553343e-05,6.650199506917399e-06,1.729176592310041,,
M5.C3[k3],M5,open_all,1.8604133280957736e-05,6.650199506917399e-06,2.7975300983987177,True,False
M5.C3[k3],M5,short_all,1.86041654188426e-05,6.650199506917399e-06,2.7975349310183755,True,False
M5.C3[k3],M5,one_open,6.235179001701244e-06,6.650199506917399e-06,0.9375927737529589,True,True
M5.C3_dBavg[k3],M5,shift-20,0.34206340005955127,2.0995010571472363,0.1629260432592212,,
M5.C3_dBavg[k3],M5,shift-10,0.15391097283799127,2.0995010571472363,0.07330835691367676,,
M5.C3_dBavg[k3],M5,shift-5,0.07327507180335147,2.0995010571472363,0.034901183571165374,,
M5.C3_dBavg[k3],M5,shift-2,0.02851925322166693,2.0995010571472363,0.013583824177930337,,
M5.C3_dBavg[k3],M5,shift+2,0.02750998844035024,2.0995010571472363,0.013103107686799792,,
M5.C3_dBavg[k3],M5,shift+5,0.06709131483162167,2.0995010571472363,0.03195583760399917,,
M5.C3_dBavg[k3],M5,shift+10,0.12894199827019293,2.0995010571472363,0.06141554338886447,,
M5.C3_dBavg[k3],M5,shift+20,0.2389112626641392,2.0995010571472363,0.113794304532891,,
M5.C3_dBavg[k3],M5,band_shrink10,0.10828930911534229,2.0995010571472363,0.05157859232635197,,
M5.C3_dBavg[k3],M5,band_lo10,0.28708646509975466,2.0995010571472363,0.13674032890930882,,
M5.C3_dBavg[k3],M5,band_hi10,0.4514683027119375,2.0995010571472363,0.21503599685031088,,
M5.C3_dBavg[k3],M5,band_3.3-4.1,,2.0995010571472363,,,
M5.C3_dBavg[k3],M5,band_3.4-3.9,,2.0995010571472363,,,
M5.C3_dBavg[k3],M5,band_3.2-3.5_nodip,,2.0995010571472363,,,
M5.C3_dBavg[k3],M5,flatten_notch,0.0,2.0995010571472363,0.0,,
M5.C3_dBavg[k3],M5,detune-200,6.183629969329061,2.0995010571472363,2.945285475460186,,
M5.C3_dBavg[k3],M5,detune+200,5.956426820998729,2.0995010571472363,2.8370677884259856,,
M5.C3_dBavg[k3],M5,open_all,45.20708005977034,2.0995010571472363,21.532296878762658,True,False
M5.C3_dBavg[k3],M5,short_all,45.095726122488806,2.0995010571472363,21.47925859287923,True,False
M5.C3_dBavg[k3],M5,one_open,15.140108457234078,2.0995010571472363,7.21128879916173,True,False
M6.fc_A,M6,shift-20,0.014322671183863545,0.0007891781884543647,18.148843180670056,,
M6.fc_A,M6,shift-10,0.0072171953936348565,0.0007891781884543647,9.145203832571712,,
M6.fc_A,M6,shift-5,0.0036220841918450652,0.0007891781884543647,4.589691206416961,,
M6.fc_A,M6,shift-2,0.0014513877724784408,0.0007891781884543647,1.8391128818715055,,
M6.fc_A,M6,shift+2,0.0014500704324102998,0.0007891781884543647,1.837443626325149,,
M6.fc_A,M6,shift+5,0.003631412240741483,0.0007891781884543647,4.601511159163865,,
M6.fc_A,M6,shift+10,0.007255002354858764,0.0007891781884543647,9.193110581360541,,
M6.fc_A,M6,shift+20,0.014478439504937324,0.0007891781884543647,18.346223599126446,,
M6.fc_A,M6,band_shrink10,0.00662626559626478,0.0007891781884543647,8.396412487327572,,
M6.fc_A,M6,band_lo10,0.011181776818037115,0.0007891781884543647,14.168887307867754,,
M6.fc_A,M6,band_hi10,0.02774480626798459,0.0007891781884543647,35.15658019176105,,
M6.fc_A,M6,band_3.3-4.1,0.016269311552525423,0.0007891781884543647,20.615510908112505,,
M6.fc_A,M6,band_3.4-3.9,0.028611373159474596,0.0007891781884543647,36.254642586500076,,
M6.fc_A,M6,band_3.2-3.5_nodip,0.2304711102721999,0.0007891781884543647,292.03938178218823,,
M6.fc_A,M6,flatten_notch,0.0035484190836001517,0.0007891781884543647,4.496347131121128,,
M6.fc_A,M6,detune-200,0.11146899647712205,0.0007891781884543647,141.2469301710407,,
M6.fc_A,M6,detune+200,0.13800133018074456,0.0007891781884543647,174.8671367248826,,
M6.fc_A,M6,open_all,1.3676222286397755,0.0007891781884543647,1732.9701310147905,True,False
M6.fc_A,M6,short_all,1.0174128818905772,0.0007891781884543647,1289.2055264264447,True,False
M6.fc_A,M6,one_open,0.12435927249306422,0.0007891781884543647,157.5807267768342,True,False
M6.spread_A,M6,shift-20,0.2909601367307175,2.815114863546455,0.10335639959080344,,
M6.spread_A,M6,shift-10,0.14981263191896232,2.815114863546455,0.053217235949736624,,
M6.spread_A,M6,shift-5,0.07601353014666756,2.815114863546455,0.02700192845804751,,
M6.spread_A,M6,shift-2,0.029800084165202634,2.815114863546455,0.010585743605381974,,
M6.spread_A,M6,shift+2,0.03497781970207825,2.815114863546455,0.012425006224439995,,
M6.spread_A,M6,shift+5,0.0859695514918144,2.815114863546455,0.03053855904959799,,
M6.spread_A,M6,shift+10,0.1894159323459803,2.815114863546455,0.06728532991629191,,
M6.spread_A,M6,shift+20,0.44849528027242513,2.815114863546455,0.1593168669883029,,
M6.spread_A,M6,band_shrink10,14.145092890719297,2.815114863546455,5.024694755403139,,
M6.spread_A,M6,band_lo10,12.650733411779612,2.815114863546455,4.493860472834255,,
M6.spread_A,M6,band_hi10,16.38613571351317,2.815114863546455,5.820769846978845,,
M6.spread_A,M6,band_3.3-4.1,29.877088127238125,2.815114863546455,10.61309736029714,,
M6.spread_A,M6,band_3.4-3.9,82.17465671260447,2.815114863546455,29.190516442757726,,
M6.spread_A,M6,band_3.2-3.5_nodip,135.96128215224297,2.815114863546455,48.29688618139021,,
M6.spread_A,M6,flatten_notch,4.473866740848479,2.815114863546455,1.5892306203137814,,
M6.spread_A,M6,detune-200,2.804379360314357,2.815114863546455,0.9961864777273871,,
M6.spread_A,M6,detune+200,16.033249044552576,2.815114863546455,5.695415576881308,,
M6.spread_A,M6,open_all,185.86509394511535,2.815114863546455,66.02398230776426,True,False
M6.spread_A,M6,short_all,184.72727739477148,2.815114863546455,65.61980109119021,True,False
M6.spread_A,M6,one_open,36.02952565737297,2.815114863546455,12.79859877972557,True,True
M6.fc_N,M6,shift-20,0.014318680785514903,0.0007883297490307584,18.16331402324921,,
M6.fc_N,M6,shift-10,0.007215238018453807,0.0007883297490307584,9.152563413121035,,
M6.fc_N,M6,shift-5,0.0036211146233178226,0.0007883297490307584,4.593400956604692,,
M6.fc_N,M6,shift-2,0.001451001369948468,0.0007883297490307584,1.8406020725875893,,
M6.fc_N,M6,shift+2,0.0014496841644433545,0.0007883297490307584,1.8389311911997779,,
M6.fc_N,M6,shift+5,0.003630449983086148,0.0007883297490307584,4.605242904444164,,
M6.fc_N,M6,shift+10,0.007253074601516474,0.0007883297490307584,9.200559296961758,,
M6.fc_N,M6,shift+20,0.014474570769246409,0.0007883297490307584,18.361061201917998,,
M6.fc_N,M6,band_shrink10,0.006629509472368511,0.0007883297490307584,8.409563993391611,,
M6.fc_N,M6,band_lo10,0.011188353239094173,0.0007883297490307584,14.192478785495682,,
M6.fc_N,M6,band_hi10,0.027759447244825264,0.0007883297490307584,35.212989588373595,,
M6.fc_N,M6,band_3.3-4.1,0.01627708697423058,0.0007883297490307584,20.647561498526546,,
M6.fc_N,M6,band_3.4-3.9,0.028621190494864557,0.0007883297490307584,36.30611496021044,,
M6.fc_N,M6,band_3.2-3.5_nodip,0.230476232586863,0.0007883297490307584,292.3601866734456,,
M6.fc_N,M6,flatten_notch,0.0035500680711906263,0.0007883297490307584,4.5032780705731215,,
M6.fc_N,M6,detune-200,0.11140783312468017,0.0007883297490307584,141.32136109496656,,
M6.fc_N,M6,detune+200,0.13795914529166842,0.0007883297490307584,175.00182564629517,,
M6.fc_N,M6,open_all,1.3681010089045342,0.0007883297490307584,1735.4425741088642,True,False
M6.fc_N,M6,short_all,1.0174801245080398,0.0007883297490307584,1290.678330684614,True,False
M6.fc_N,M6,one_open,0.12435084806130936,0.0007883297490307584,157.7396365089573,True,False
M6.spread_N,M6,shift-20,0.29076262490556815,2.812561687460601,0.10337999916655738,,
M6.spread_N,M6,shift-10,0.14971386319049884,2.812561687460601,0.05323042828108497,,
M6.spread_N,M6,shift-5,0.0759641944175371,2.812561687460601,0.027008898953652275,,
M6.spread_N,M6,shift-2,0.029780239346251847,2.812561687460601,0.01058829730882801,,
M6.spread_N,M6,shift+2,0.034958260145657505,2.812561687460601,0.012429330990859274,,
M6.spread_N,M6,shift+5,0.08592038889750597,2.812561687460601,0.03054880157138227,,
M6.spread_N,M6,shift+10,0.18931762864883694,2.812561687460601,0.0673114582669892,,
M6.spread_N,M6,shift+20,0.4482983075011191,2.812561687460601,0.15939145779443423,,
M6.spread_N,M6,band_shrink10,14.148451936260699,2.812561687460601,5.030450353974287,,
M6.spread_N,M6,band_lo10,12.654880820942623,2.812561687460601,4.499414493684735,,
M6.spread_N,M6,band_hi10,16.38934048482568,2.812561687460601,5.827193251580999,,
M6.spread_N,M6,band_3.3-4.1,29.88410734703527,2.812561687460601,10.62522734355276,,
M6.spread_N,M6,band_3.4-3.9,82.19469432178445,2.812561687460601,29.224139220923615,,
M6.spread_N,M6,band_3.2-3.5_nodip,136.00478271231566,2.812561687460601,48.356195463613574,,
M6.spread_N,M6,flatten_notch,4.470268306516402,2.812561687460601,1.589393870522537,,
M6.spread_N,M6,detune-200,2.810887034305324,2.812561687460601,0.9994045808265315,,
M6.spread_N,M6,detune+200,16.030238222345446,2.812561687460601,5.699515247546016,,
M6.spread_N,M6,open_all,185.92044455540685,2.812561687460601,66.10359708173023,True,False
M6.spread_N,M6,short_all,184.77228772416177,2.812561687460601,65.69537249545219,True,False
M6.spread_N,M6,one_open,36.044614415242705,2.812561687460601,12.815581814949127,True,True
M6.A[3.20],M6,shift-20,0.049751928389094535,0.02692041241156401,1.848111671859936,,
M6.A[3.20],M6,shift-10,0.02403224684872085,0.02692041241156401,0.8927146613250803,,
M6.A[3.20],M6,shift-5,0.011807004683701217,0.02692041241156401,0.4385892943686615,,
M6.A[3.20],M6,shift-2,0.004672951783086077,0.02692041241156401,0.17358395969739118,,
M6.A[3.20],M6,shift+2,0.004416517318315993,0.02692041241156401,0.16405830827535248,,
M6.A[3.20],M6,shift+5,0.010923913838395527,0.02692041241156401,0.40578553074851925,,
M6.A[3.20],M6,shift+10,0.020519068525225892,0.02692041241156401,0.7622122652330416,,
M6.A[3.20],M6,shift+20,0.035896376620162984,0.02692041241156401,1.3334259546760596,,
M6.A[3.20],M6,band_shrink10,0.00035860707077739473,0.02692041241156401,0.01332100954825456,,
M6.A[3.20],M6,band_lo10,0.00607462270192527,0.02692041241156401,0.2256511753629687,,
M6.A[3.20],M6,band_hi10,0.011807004683701217,0.02692041241156401,0.4385892943686615,,
M6.A[3.20],M6,band_3.3-4.1,,0.02692041241156401,,,
M6.A[3.20],M6,band_3.4-3.9,,0.02692041241156401,,,
M6.A[3.20],M6,band_3.2-3.5_nodip,,0.02692041241156401,,,
M6.A[3.20],M6,flatten_notch,0.04647590301482263,0.02692041241156401,1.7264186857277977,,
M6.A[3.20],M6,detune-200,0.6405431319162052,0.02692041241156401,23.793956872705696,,
M6.A[3.20],M6,detune+200,0.054567534066627954,0.02692041241156401,2.0269947292184782,,
M6.A[3.20],M6,open_all,0.34841383924184566,0.02692041241156401,12.942366332106413,True,False
M6.A[3.20],M6,short_all,0.351265787251923,0.02692041241156401,13.04830631424622,True,False
M6.A[3.20],M6,one_open,0.05827813291477757,0.02692041241156401,2.1648306134323354,True,True
M6.N[3.20],M6,shift-20,0.049739318632233465,0.026914283220426383,1.8480640270027404,,
M6.N[3.20],M6,shift-10,0.024026459300946823,0.026914283220426383,0.892702922985968,,
M6.N[3.20],M6,shift-5,0.011804230624200995,0.026914283220426383,0.438586104170973,,
M6.N[3.20],M6,shift-2,0.0046718697113548036,0.026914283220426383,0.17358328561427655,,
M6.N[3.20],M6,shift+2,0.0044155040678852675,0.026914283220426383,0.16405802197006517,,
M6.N[3.20],M6,shift+5,0.010921442657997549,0.026914283220426383,0.4057861236188823,,
M6.N[3.20],M6,shift+10,0.020514486966972667,0.026914283220426383,0.7622156161083777,,
M6.N[3.20],M6,shift+20,0.03588854493003768,0.026914283220426383,1.3334386294486325,,
M6.N[3.20],M6,band_shrink10,0.00035845466828288153,0.026914283220426383,0.01331838062887126,,
M6.N[3.20],M6,band_lo10,0.006073152965030804,0.026914283220426383,0.2256479548532666,,
M6.N[3.20],M6,band_hi10,0.011804230624200995,0.026914283220426383,0.438586104170973,,
M6.N[3.20],M6,band_3.3-4.1,,0.026914283220426383,,,
M6.N[3.20],M6,band_3.4-3.9,,0.026914283220426383,,,
M6.N[3.20],M6,band_3.2-3.5_nodip,,0.026914283220426383,,,
M6.N[3.20],M6,flatten_notch,0.046475903014822684,0.026914283220426383,1.726811843146176,,
M6.N[3.20],M6,detune-200,0.6401897740877267,0.026914283220426383,23.786246464177047,,
M6.N[3.20],M6,detune+200,0.05455604989469809,0.026914283220426383,2.027029642509417,,
M6.N[3.20],M6,open_all,0.3483797790652131,0.026914283220426383,12.944048192255517,True,False
M6.N[3.20],M6,short_all,0.35123172631470834,0.026914283220426383,13.050012271853623,True,False
M6.N[3.20],M6,one_open,0.058266851944314246,0.026914283220426383,2.1649044660454893,True,True
M6.A[3.25],M6,shift-20,0.0680879160969678,0.02842326322048483,2.3954996148329792,,
M6.A[3.25],M6,shift-10,0.033108380622113576,0.02842326322048483,1.164833902612989,,
M6.A[3.25],M6,shift-5,0.01630983618216547,0.02842326322048483,0.5738199747033573,,
M6.A[3.25],M6,shift-2,0.006464307112326928,0.02842326322048483,0.22743015332835043,,
M6.A[3.25],M6,shift+2,0.006383837119103786,0.02842326322048483,0.22459902192028794,,
M6.A[3.25],M6,shift+5,0.01580741398662483,0.02842326322048483,0.5561435315855051,,
M6.A[3.25],M6,shift+10,0.03110371350108021,0.02842326322048483,1.094304804476622,,
M6.A[3.25],M6,shift+20,0.06014970672344544,0.02842326322048483,2.116213970818634,,
M6.A[3.25],M6,band_shrink10,0.00041900497907643164,0.02842326322048483,0.014741621179318076,,
M6.A[3.25],M6,band_lo10,0.01580741398662483,0.02842326322048483,0.5561435315855051,,
M6.A[3.25],M6,band_hi10,0.01630983618216547,0.02842326322048483,0.5738199747033573,,
M6.A[3.25],M6,band_3.3-4.1,,0.02842326322048483,,,
M6.A[3.25],M6,band_3.4-3.9,,0.02842326322048483,,,
M6.A[3.25],M6,band_3.2-3.5_nodip,,0.02842326322048483,,,
M6.A[3.25],M6,flatten_notch,0.08715693337956004,0.02842326322048483,3.0663943370423943,,
M6.A[3.25],M6,detune-200,0.5408948080385454,0.02842326322048483,19.03000383322345,,
M6.A[3.25],M6,detune+200,0.19147639583528253,0.02842326322048483,6.73660847278381,,
M6.A[3.25],M6,open_all,0.4818248137518768,0.02842326322048483,16.951776789817103,True,False
M6.A[3.25],M6,short_all,0.48001806522681845,0.02842326322048483,16.888210952529416,True,False
M6.A[3.25],M6,one_open,0.07893412687084733,0.02842326322048483,2.7770958689204623,True,True
M6.N[3.25],M6,shift-20,0.0680629391180349,0.028412830186533622,2.3955001550776034,,
M6.N[3.25],M6,shift-10,0.0330969245860806,0.028412830186533622,1.1648584237752924,,
M6.N[3.25],M6,shift-5,0.016304349549134567,0.028412830186533622,0.5738375741555687,,
M6.N[3.25],M6,shift-2,0.006462168238103583,0.028412830186533622,0.22743838595728327,,
M6.N[3.25],M6,shift+2,0.006381770251116636,0.028412830186533622,0.22460874925938573,,
M6.N[3.25],M6,shift+5,0.015802377141548085,0.028412830186533622,0.556170470798002,,
M6.N[3.25],M6,shift+10,0.03109405750177313,0.028412830186533622,1.0943667806986115,,
M6.N[3.25],M6,shift+20,0.0601319432187436,0.028412830186533622,2.1163658397973806,,
M6.N[3.25],M6,band_shrink10,0.00041871621528238867,0.028412830186533622,0.014736871073154864,,
M6.N[3.25],M6,band_lo10,0.015802377141548085,0.028412830186533622,0.556170470798002,,
M6.N[3.25],M6,band_hi10,0.016304349549134567,0.028412830186533622,0.5738375741555687,,
M6.N[3.25],M6,band_3.3-4.1,,0.028412830186533622,,,
M6.N[3.25],M6,band_3.4-3.9,,0.028412830186533622,,,
M6.N[3.25],M6,band_3.2-3.5_nodip,,0.028412830186533622,,,
M6.N[3.25],M6,flatten_notch,0.08715693337955993,0.028412830186533622,3.0675203000674083,,
M6.N[3.25],M6,detune-200,0.5404522358124679,0.028412830186533622,19.021415053140938,,
M6.N[3.25],M6,detune+200,0.19142392865811558,0.028412830186533622,6.7372355165393465,,
M6.N[3.25],M6,open_all,0.48175235031298425,0.028412830186533622,16.955451011047565,True,False
M6.N[3.25],M6,short_all,0.4799459610069613,0.028412830186533622,16.89187447558229,True,False
M6.N[3.25],M6,one_open,0.07891015605812862,0.028412830186533622,2.7772719415867417,True,True
M6.A[3.30],M6,shift-20,0.07996349479473908,0.018569623966299575,4.306145075412297,,
M6.A[3.30],M6,shift-10,0.039609303642534455,0.018569623966299575,2.1330159250622414,,
M6.A[3.30],M6,shift-5,0.01971088362008666,0.018569623966299575,1.0614584148746502,,
M6.A[3.30],M6,shift-2,0.007857452675109955,0.018569623966299575,0.4231347220261312,,
M6.A[3.30],M6,shift+2,0.007816700290797618,0.018569623966299575,0.4209401496219568,,
M6.A[3.30],M6,shift+5,0.01945711624702895,0.018569623966299575,1.0477926899510732,,
M6.A[3.30],M6,shift+10,0.03870658259790183,0.018569623966299575,2.084403145058139,,
M6.A[3.30],M6,shift+20,0.07660992029065439,0.018569623966299575,4.125550438161117,,
M6.A[3.30],M6,band_shrink10,0.00027677799239400613,0.018569623966299575,0.014904878682320486,,
M6.A[3.30],M6,band_lo10,0.01945711624702895,0.018569623966299575,1.0477926899510732,,
M6.A[3.30],M6,band_hi10,0.01971088362008666,0.018569623966299575,1.0614584148746502,,
M6.A[3.30],M6,band_3.3-4.1,,0.018569623966299575,,,
M6.A[3.30],M6,band_3.4-3.9,,0.018569623966299575,,,
M6.A[3.30],M6,band_3.2-3.5_nodip,,0.018569623966299575,,,
M6.A[3.30],M6,flatten_notch,0.11322711651698969,0.018569623966299575,6.097437229880148,,
M6.A[3.30],M6,detune-200,0.3205374860754646,0.018569623966299575,17.261388095805316,,
M6.A[3.30],M6,detune+200,0.36823341150514677,0.018569623966299575,19.829879817352367,,
M6.A[3.30],M6,open_all,0.6500020105252856,0.018569623966299575,35.00350958667331,True,False
M6.A[3.30],M6,short_all,0.6486738132476355,0.018569623966299575,34.93198432153813,True,False
M6.A[3.30],M6,one_open,0.10719350188066623,0.018569623966299575,5.772518715252531,True,False
M6.N[3.30],M6,shift-20,0.07992335568830955,0.018557375672670573,4.306824256730039,,
M6.N[3.30],M6,shift-10,0.039589507081816744,0.018557375672670573,2.133356988624214,,
M6.N[3.30],M6,shift-5,0.019701297433773246,0.018557375672670573,1.0616424316282675,,
M6.N[3.30],M6,shift-2,0.007853692585809813,0.018557375672670573,0.4232113809807675,,
M6.N[3.30],M6,shift+2,0.007813038689407414,0.018557375672670573,0.4210206673195536,,
M6.N[3.30],M6,shift+5,0.01944814481461532,0.018557375672670573,1.0480008142130022,,
M6.N[3.30],M6,shift+10,0.038685429053154086,0.018557375672670573,2.084638999367032,,
M6.N[3.30],M6,shift+20,0.07657035286289227,0.018557375672670573,4.126141228883853,,
M6.N[3.30],M6,band_shrink10,0.00027628452340711096,0.018557375672670573,0.014888124715500311,,
M6.N[3.30],M6,band_lo10,0.01944814481461532,0.018557375672670573,1.0480008142130022,,
M6.N[3.30],M6,band_hi10,0.019701297433773246,0.018557375672670573,1.0616424316282675,,
M6.N[3.30],M6,band_3.3-4.1,,0.018557375672670573,,,
M6.N[3.30],M6,band_3.4-3.9,,0.018557375672670573,,,
M6.N[3.30],M6,band_3.2-3.5_nodip,,0.018557375672670573,,,
M6.N[3.30],M6,flatten_notch,0.11322711651698958,0.018557375672670573,6.101461678320121,,
M6.N[3.30],M6,detune-200,0.3200210401278404,0.018557375672670573,17.244951321384036,,
M6.N[3.30],M6,detune+200,0.3681088416480928,0.018557375672670573,19.83625530576537,,
M6.N[3.30],M6,open_all,0.6498439020834202,0.018557375672670573,35.01809272743477,True,False
M6.N[3.30],M6,short_all,0.6485201423002702,0.018557375672670573,34.94675937693847,True,False
M6.N[3.30],M6,one_open,0.10714079561209255,0.018557375672670573,5.773488531025358,True,False
M6.A[3.35],M6,shift-20,0.07048818599320494,0.004244188563246487,16.6081654815277,,
M6.A[3.35],M6,shift-10,0.036774628271140086,0.004244188563246487,8.664701797087508,,
M6.A[3.35],M6,shift-5,0.018714368445578167,0.004244188563246487,4.409410224521945,,
M6.A[3.35],M6,shift-2,0.00755701988080737,0.004244188563246487,1.78055705306053,,
M6.A[3.35],M6,shift+2,0.0076434983344322305,0.004244188563246487,1.8009327862156825,,
M6.A[3.35],M6,shift+5,0.019255231300739917,0.004244188563246487,4.536846328526719,,
M6.A[3.35],M6,shift+10,0.03893885771591776,0.004244188563246487,9.174629528272526,,
M6.A[3.35],M6,shift+20,0.07915594670894133,0.004244188563246487,18.65043117886189,,
M6.A[3.35],M6,band_shrink10,0.0008241553345756936,0.004244188563246487,0.19418442943667807,,
M6.A[3.35],M6,band_lo10,0.019255231300739917,0.004244188563246487,4.536846328526719,,
M6.A[3.35],M6,band_hi10,0.018714368445578167,0.004244188563246487,4.409410224521945,,
M6.A[3.35],M6,band_3.3-4.1,,0.004244188563246487,,,
M6.A[3.35],M6,band_3.4-3.9,,0.004244188563246487,,,
M6.A[3.35],M6,band_3.2-3.5_nodip,,0.004244188563246487,,,
M6.A[3.35],M6,flatten_notch,0.11982979029978202,0.004244188563246487,28.233851657175475,,
M6.A[3.35],M6,detune-200,0.12332837940908625,0.004244188563246487,29.05817627357001,,
M6.A[3.35],M6,detune+200,0.5483147405990505,0.004244188563246487,129.19188966939552,,
M6.A[3.35],M6,open_all,0.8076837702157074,0.004244188563246487,190.30346040937673,True,False
M6.A[3.35],M6,short_all,0.8086187107951874,0.004244188563246487,190.52374764816165,True,False
M6.A[3.35],M6,one_open,0.13537984019955696,0.004244188563246487,31.89769685821911,True,False
M6.N[3.35],M6,shift-20,0.07042841920916942,0.00424521689545021,16.590063816209422,,
M6.N[3.35],M6,shift-10,0.036745116004454736,0.00424521689545021,8.655651032538792,,
M6.N[3.35],M6,shift-5,0.018699749881473604,0.00424521689545021,4.404898581628412,,
M6.N[3.35],M6,shift-2,0.007551210913231743,0.00424521689545021,1.778757387243209,,
M6.N[3.35],M6,shift+2,0.007637746354506425,0.00424521689545021,1.7991416086872125,,
M6.N[3.35],M6,shift+5,0.019240968927979996,0.00424521689545021,4.53238772054295,,
M6.N[3.35],M6,shift+10,0.038910761209366984,0.00424521689545021,9.165788737689562,,
M6.N[3.35],M6,shift+20,0.07910170294239238,0.00424521689545021,18.633135806834566,,
M6.N[3.35],M6,band_shrink10,0.0008241453288657663,0.00424521689545021,0.19413503459600379,,
M6.N[3.35],M6,band_lo10,0.019240968927979996,0.00424521689545021,4.53238772054295,,
M6.N[3.35],M6,band_hi10,0.018699749881473604,0.00424521689545021,4.404898581628412,,
M6.N[3.35],M6,band_3.3-4.1,,0.00424521689545021,,,
M6.N[3.35],M6,band_3.4-3.9,,0.00424521689545021,,,
M6.N[3.35],M6,band_3.2-3.5_nodip,,0.00424521689545021,,,
M6.N[3.35],M6,flatten_notch,0.11982979029978202,0.00424521689545021,28.227012482732977,,
M6.N[3.35],M6,detune-200,0.12274558892564635,0.00424521689545021,28.913855746027565,,
M6.N[3.35],M6,detune+200,0.548048058093928,0.00424521689545021,129.09777558863854,,
M6.N[3.35],M6,open_all,0.8074006199526474,0.00424521689545021,190.19066394887267,True,False
M6.N[3.35],M6,short_all,0.8083355599540624,0.00424521689545021,190.41089769062023,True,False
M6.N[3.35],M6,one_open,0.13528489327096027,0.00424521689545021,31.867604554186897,True,False
M6.A[3.40],M6,shift-20,0.023850008240034026,0.020418479684268576,1.168059944169559,,
M6.A[3.40],M6,shift-10,0.014634557877645782,0.020418479684268576,0.7167310252252024,,
M6.A[3.40],M6,shift-5,0.008001180280178488,0.020418479684268576,0.3918597468519167,,
M6.A[3.40],M6,shift-2,0.003364406981730461,0.020418479684268576,0.16477264878455028,,
M6.A[3.40],M6,shift+2,0.0035820246637255915,0.020418479684268576,0.1754305275963011,,
M6.A[3.40],M6,shift+5,0.009359894807242752,0.020418479684268576,0.45840312070119926,,
M6.A[3.40],M6,shift+10,0.02005199727995588,0.020418479684268576,0.9820514352694412,,
M6.A[3.40],M6,shift+20,0.04524456184460057,0.020418479684268576,2.21586340140002,,
M6.A[3.40],M6,band_shrink10,0.0011242585253674608,0.020418479684268576,0.055060834241916955,,
M6.A[3.40],M6,band_lo10,0.009359894807242752,0.020418479684268576,0.45840312070119926,,
M6.A[3.40],M6,band_hi10,0.008001180280178488,0.020418479684268576,0.3918597468519167,,
M6.A[3.40],M6,band_3.3-4.1,,0.020418479684268576,,,
M6.A[3.40],M6,band_3.4-3.9,,0.020418479684268576,,,
M6.A[3.40],M6,band_3.2-3.5_nodip,,0.020418479684268576,,,
M6.A[3.40],M6,flatten_notch,0.07505533936204756,0.020418479684268576,3.6758534681636443,,
M6.A[3.40],M6,detune-200,0.14057104483179872,0.020418479684268576,6.884501050296205,,
M6.A[3.40],M6,detune+200,0.6405431319162052,0.020418479684268576,31.370755404953673,,
M6.A[3.40],M6,open_all,0.9292021052547522,0.020418479684268576,45.50789870857311,True,False
M6.A[3.40],M6,short_all,0.929285734906254,0.020418479684268576,45.5119944910601,True,False
M6.A[3.40],M6,one_open,0.15543497883908597,0.020418479684268576,7.612465827161505,True,False
M6.N[3.40],M6,shift-20,0.023799302914071174,0.020399919412984024,1.1666371044055954,,
M6.N[3.40],M6,shift-10,0.014608234533600273,0.020399919412984024,0.7160927569303291,,
M6.N[3.40],M6,shift-5,0.007987777740491975,0.020399919412984024,0.3915592791708755,,
M6.N[3.40],M6,shift-2,0.0033589897986376904,0.020399919412984024,0.1646570131301489,,
M6.N[3.40],M6,shift+2,0.003576534104602125,0.020399919412984024,0.17532099182341637,,
M6.N[3.40],M6,shift+5,0.009346038327386674,0.020399919412984024,0.45814094350971607,,
M6.N[3.40],M6,shift+10,0.02002387585520171,0.020399919412984024,0.9815664194465901,,
M6.N[3.40],M6,shift+20,0.04518694263106782,0.020399919412984024,2.2150549576341705,,
M6.N[3.40],M6,band_shrink10,0.001123185083133471,0.020399919412984024,0.05505830980972369,,
M6.N[3.40],M6,band_lo10,0.009346038327386674,0.020399919412984024,0.45814094350971607,,
M6.N[3.40],M6,band_hi10,0.007987777740491975,0.020399919412984024,0.3915592791708755,,
M6.N[3.40],M6,band_3.3-4.1,,0.020399919412984024,,,
M6.N[3.40],M6,band_3.4-3.9,,0.020399919412984024,,,
M6.N[3.40],M6,band_3.2-3.5_nodip,,0.020399919412984024,,,
M6.N[3.40],M6,flatten_notch,0.07505533936204756,0.020399919412984024,3.6791978361579587,,
M6.N[3.40],M6,detune-200,0.13951103454314273,0.020399919412984024,6.838803218719949,,
M6.N[3.40],M6,detune+200,0.6401897740877267,0.020399919412984024,31.381975640563677,,
M6.N[3.40],M6,open_all,0.928828121264611,0.020399919412984024,45.53097012106017,True,False
M6.N[3.40],M6,short_all,0.9289117516897052,0.020399919412984024,45.535069667896664,True,False
M6.N[3.40],M6,one_open,0.15531118494425822,0.020399919412984024,7.613323454866524,True,False
M6.A[3.45],M6,shift-20,0.0170760564802791,0.015895982427736488,1.0742372519538983,,
M6.A[3.45],M6,shift-10,0.0080998522468535,0.015895982427736488,0.5095534222987236,,
M6.A[3.45],M6,shift-5,0.004007038342960678,0.015895982427736488,0.2520786847353895,,
M6.A[3.45],M6,shift-2,0.001617726026547528,0.015895982427736488,0.10176949011498652,,
M6.A[3.45],M6,shift+2,0.0016278747334488308,0.015895982427736488,0.10240793488852847,,
M6.A[3.45],M6,shift+5,0.004070034287015911,0.015895982427736488,0.2560416951590368,,
M6.A[3.45],M6,shift+10,0.008068662501503066,0.015895982427736488,0.5075913073119825,,
M6.A[3.45],M6,shift+20,0.015295444500745381,0.015895982427736488,0.9622207730965251,,
M6.A[3.45],M6,band_shrink10,0.0006009831380000552,0.015895982427736488,0.03780723467279476,,
M6.A[3.45],M6,band_lo10,0.004070034287015911,0.015895982427736488,0.2560416951590368,,
M6.A[3.45],M6,band_hi10,0.004007038342960678,0.015895982427736488,0.2520786847353895,,
M6.A[3.45],M6,band_3.3-4.1,,0.015895982427736488,,,
M6.A[3.45],M6,band_3.4-3.9,,0.015895982427736488,,,
M6.A[3.45],M6,band_3.2-3.5_nodip,,0.015895982427736488,,,
M6.A[3.45],M6,flatten_notch,0.02980727116500337,0.015895982427736488,1.8751449493925858,,
M6.A[3.45],M6,detune-200,0.055177880919529354,0.015895982427736488,3.471184066185862,,
M6.A[3.45],M6,detune+200,0.5408948080385454,0.015895982427736488,34.02713927858602,,
M6.A[3.45],M6,open_all,0.9478975774244015,0.015895982427736488,59.63126731761099,True,False
M6.A[3.45],M6,short_all,0.9510217004235787,0.015895982427736488,59.82780270089916,True,False
M6.A[3.45],M6,one_open,0.1595439510777933,0.015895982427736488,10.036746819712707,True,False
M6.N[3.45],M6,shift-20,0.017132035924635303,0.015868632207563182,1.0796164219163116,,
M6.N[3.45],M6,shift-10,0.008126260139257102,0.015868632207563182,0.5120958147472867,,
M6.N[3.45],M6,shift-5,0.004023719094815248,0.015868632207563182,0.25356433006856727,,
M6.N[3.45],M6,shift-2,0.0016242579388545675,0.015868632207563182,0.10235651804195364,,
M6.N[3.45],M6,shift+2,0.0016342284742829616,0.015868632207563182,0.10298483529689903,,
M6.N[3.45],M6,shift+5,0.004085603037654928,0.015868632207563182,0.25746409546927934,,
M6.N[3.45],M6,shift+10,0.00809881844748439,0.015868632207563182,0.5103665105820775,,
M6.N[3.45],M6,shift+20,0.015352387619074204,0.015868632207563182,0.9674676064240162,,
M6.N[3.45],M6,band_shrink10,0.0006010671432017389,0.015868632207563182,0.0378776907385416,,
M6.N[3.45],M6,band_lo10,0.004085603037654928,0.015868632207563182,0.25746409546927934,,
M6.N[3.45],M6,band_hi10,0.004023719094815248,0.015868632207563182,0.25356433006856727,,
M6.N[3.45],M6,band_3.3-4.1,,0.015868632207563182,,,
M6.N[3.45],M6,band_3.4-3.9,,0.015868632207563182,,,
M6.N[3.45],M6,band_3.2-3.5_nodip,,0.015868632207563182,,,
M6.N[3.45],M6,flatten_notch,0.02980727116500337,0.015868632207563182,1.8783768364608553,,
M6.N[3.45],M6,detune-200,0.054583112184023674,0.015868632207563182,3.439686008855174,,
M6.N[3.45],M6,detune+200,0.5404522358124679,0.015868632207563182,34.05789665695836,,
M6.N[3.45],M6,open_all,0.9474080967098123,0.015868632207563182,59.70319838015189,True,False
M6.N[3.45],M6,short_all,0.9505322184249577,0.015868632207563182,59.9000724190912,True,False
M6.N[3.45],M6,one_open,0.15938100706444192,0.015868632207563182,10.043777244297022,True,False
M6.A[3.50],M6,shift-20,0.016940357485551227,0.010610646209885388,1.596543429161626,,
M6.A[3.50],M6,shift-10,0.008358030651671622,0.010610646209885388,0.787702321455679,,
M6.A[3.50],M6,shift-5,0.004405747583690833,0.010610646209885388,0.4152195348466361,,
M6.A[3.50],M6,shift-2,0.001811721169338587,0.010610646209885388,0.1707456014932154,,
M6.A[3.50],M6,shift+2,0.0018715043381262175,0.010610646209885388,0.1763798642520598,,
M6.A[3.50],M6,shift+5,0.004778708797084974,0.010610646209885388,0.45036925202848616,,
M6.A[3.50],M6,shift+10,0.009842164531631004,0.010610646209885388,0.9275744697303704,,
M6.A[3.50],M6,shift+20,0.02043168926403849,0.010610646209885388,1.925583876786255,,
M6.A[3.50],M6,band_shrink10,0.0007619223885242388,0.010610646209885388,0.07180735022664267,,
M6.A[3.50],M6,band_lo10,0.004778708797084974,0.010610646209885388,0.45036925202848616,,
M6.A[3.50],M6,band_hi10,0.004405747583690833,0.010610646209885388,0.4152195348466361,,
M6.A[3.50],M6,band_3.3-4.1,,0.010610646209885388,,,
M6.A[3.50],M6,band_3.4-3.9,,0.010610646209885388,,,
M6.A[3.50],M6,band_3.2-3.5_nodip,,0.010610646209885388,,,
M6.A[3.50],M6,flatten_notch,0.018842416490617797,0.010610646209885388,1.775802916985706,,
M6.A[3.50],M6,detune-200,0.1452636670494426,0.010610646209885388,13.690369481371265,,
M6.A[3.50],M6,detune+200,0.3205374860754646,0.010610646209885388,30.209044740068375,,
M6.A[3.50],M6,open_all,0.9019079642318165,0.010610646209885388,85.00028616462168,True,False
M6.A[3.50],M6,short_all,0.9003826167372665,0.010610646209885388,84.85652984060732,True,False
M6.A[3.50],M6,one_open,0.1514477263539734,0.010610646209885388,14.273185945345856,True,False
M6.N[3.50],M6,shift-20,0.01683778548514403,0.010538397530032162,1.5977557723705118,,
M6.N[3.50],M6,shift-10,0.008397767147492408,0.010538397530032162,0.7968732554983413,,
M6.N[3.50],M6,shift-5,0.00442496367366918,0.010538397530032162,0.4198896142472313,,
M6.N[3.50],M6,shift-2,0.0018192542645649734,0.010538397530032162,0.17263101523552238,,
M6.N[3.50],M6,shift+2,0.0018788356202119605,0.010538397530032162,0.17828475485553508,,
M6.N[3.50],M6,shift+5,0.004796663104970955,0.010538397530032162,0.4551605774313883,,
M6.N[3.50],M6,shift+10,0.009876844948042862,0.010538397530032162,0.9372245561904438,,
M6.N[3.50],M6,shift+20,0.020496355101611186,0.010538397530032162,1.9449214212313581,,
M6.N[3.50],M6,band_shrink10,0.0007603264623706751,0.010538397530032162,0.07214820471555647,,
M6.N[3.50],M6,band_lo10,0.004796663104970955,0.010538397530032162,0.4551605774313883,,
M6.N[3.50],M6,band_hi10,0.00442496367366918,0.010538397530032162,0.4198896142472313,,
M6.N[3.50],M6,band_3.3-4.1,,0.010538397530032162,,,
M6.N[3.50],M6,band_3.4-3.9,,0.010538397530032162,,,
M6.N[3.50],M6,band_3.2-3.5_nodip,,0.010538397530032162,,,
M6.N[3.50],M6,flatten_notch,0.018842416490617797,0.010538397530032162,1.787977388110571,,
M6.N[3.50],M6,detune-200,0.14576626132224724,0.010538397530032162,13.831919028186668,,
M6.N[3.50],M6,detune+200,0.3200210401278404,0.010538397530032162,30.367144455867166,,
M6.N[3.50],M6,open_all,0.9012833857497657,0.010538397530032162,85.523760437135,True,False
M6.N[3.50],M6,short_all,0.8997580378897152,0.010538397530032162,85.3790185201876,True,False
M6.N[3.50],M6,one_open,0.15123839561983443,0.010538397530032162,14.351175801523675,True,False
M6.A[3.55],M6,shift-20,0.043179952474479366,0.01802600939947885,2.3954249394615177,,
M6.A[3.55],M6,shift-10,0.021454023767299546,0.01802600939947885,1.190170452697079,,
M6.A[3.55],M6,shift-5,0.010591956077345976,0.01802600939947885,0.5875929520846805,,
M6.A[3.55],M6,shift-2,0.004192623726998135,0.01802600939947885,0.2325874592697898,,
M6.A[3.55],M6,shift+2,0.004119431929691331,0.01802600939947885,0.22852711536977385,,
M6.A[3.55],M6,shift+5,0.010138726230843997,0.01802600939947885,0.5624498471157526,,
M6.A[3.55],M6,shift+10,0.019670643737177196,0.01802600939947885,1.09123674027075,,
M6.A[3.55],M6,shift+20,0.0365054536018945,0.01802600939947885,2.025154475008202,,
M6.A[3.55],M6,band_shrink10,0.0007555754893159294,0.01802600939947885,0.041915849069610156,,
M6.A[3.55],M6,band_lo10,0.010138726230843997,0.01802600939947885,0.5624498471157526,,
M6.A[3.55],M6,band_hi10,0.010591956077345976,0.01802600939947885,0.5875929520846805,,
M6.A[3.55],M6,band_3.3-4.1,,0.01802600939947885,,,
M6.A[3.55],M6,band_3.4-3.9,,0.01802600939947885,,,
M6.A[3.55],M6,band_3.2-3.5_nodip,,0.01802600939947885,,,
M6.A[3.55],M6,flatten_notch,0.05000754283153663,0.01802600939947885,2.774188214557483,,
M6.A[3.55],M6,detune-200,0.19303717554581323,0.01802600939947885,10.708813651866516,,
M6.A[3.55],M6,detune+200,0.12332837940908625,0.01802600939947885,6.841690619147897,,
M6.A[3.55],M6,open_all,0.9186692769583407,0.01802600939947885,50.9635414361262,True,False
M6.A[3.55],M6,short_all,0.9165632686201153,0.01802600939947885,50.8467097907213,True,False
M6.A[3.55],M6,one_open,0.15344239462444964,0.01802600939947885,8.512277522105688,True,False
M6.N[3.55],M6,shift-20,0.042973722629697675,0.01787281411876296,2.404418372179212,,
M6.N[3.55],M6,shift-10,0.021353310080443166,0.01787281411876296,1.1947368745935967,,
M6.N[3.55],M6,shift-5,0.010541146741824825,0.01787281411876296,0.5897866263130148,,
M6.N[3.55],M6,shift-2,0.004172543379872495,0.01787281411876296,0.2334575491104191,,
M6.N[3.55],M6,shift+2,0.004099728883393827,0.01787281411876296,0.2293835126439274,,
M6.N[3.55],M6,shift+5,0.010090263889555473,0.01787281411876296,0.5645593258289789,,
M6.N[3.55],M6,shift+10,0.01957662641447,0.01787281411876296,1.0953298279938117,,
M6.N[3.55],M6,shift+20,0.03633004137253315,0.01787281411876296,2.0326984397154173,,
M6.N[3.55],M6,band_shrink10,0.0007514059320716804,0.01787281411876296,0.042041836673210355,,
M6.N[3.55],M6,band_lo10,0.010090263889555473,0.01787281411876296,0.5645593258289789,,
M6.N[3.55],M6,band_hi10,0.010541146741824825,0.01787281411876296,0.5897866263130148,,
M6.N[3.55],M6,band_3.3-4.1,,0.01787281411876296,,,
M6.N[3.55],M6,band_3.4-3.9,,0.01787281411876296,,,
M6.N[3.55],M6,band_3.2-3.5_nodip,,0.01787281411876296,,,
M6.N[3.55],M6,flatten_notch,0.050007542831536744,0.01787281411876296,2.7979669289481732,,
M6.N[3.55],M6,detune-200,0.19276201876299526,0.01787281411876296,10.785208052974314,,
M6.N[3.55],M6,detune+200,0.12274558892564635,0.01787281411876296,6.8677259277702385,,
M6.N[3.55],M6,open_all,0.9174581801376829,0.01787281411876296,51.332609069913126,True,False
M6.N[3.55],M6,short_all,0.9153521719685527,0.01787281411876296,51.214776021623365,True,False
M6.N[3.55],M6,one_open,0.1530128257755876,0.01787281411876296,8.561205009957222,True,False
M6.A[3.60],M6,shift-20,0.02585106364055756,0.015455085353647924,1.6726574489254329,,
M6.A[3.60],M6,shift-10,0.0154765718426364,0.015455085353647924,1.001390253660644,,
M6.A[3.60],M6,shift-5,0.008222123088834632,0.015455085353647924,0.5320011440049364,,
M6.A[3.60],M6,shift-2,0.003380313917832667,0.015455085353647924,0.2187185538276434,,
M6.A[3.60],M6,shift+2,0.0034742289969822426,0.015455085353647924,0.22479519960478295,,
M6.A[3.60],M6,shift+5,0.008812485694280392,0.015455085353647924,0.5701997428438884,,
M6.A[3.60],M6,shift+10,0.01787046556405958,0.015455085353647924,1.1562838480113307,,
M6.A[3.60],M6,shift+20,0.03556079942749735,0.015455085353647924,2.3009125225635714,,
M6.A[3.60],M6,band_shrink10,0.0022251495202544325,0.015455085353647924,0.14397523335121679,,
M6.A[3.60],M6,band_lo10,0.008812485694280392,0.015455085353647924,0.5701997428438884,,
M6.A[3.60],M6,band_hi10,0.008222123088834632,0.015455085353647924,0.5320011440049364,,
M6.A[3.60],M6,band_3.3-4.1,,0.015455085353647924,,,
M6.A[3.60],M6,band_3.4-3.9,,0.015455085353647924,,,
M6.A[3.60],M6,band_3.2-3.5_nodip,,0.015455085353647924,,,
M6.A[3.60],M6,flatten_notch,0.07475855424779587,0.015455085353647924,4.837149231929044,,
M6.A[3.60],M6,detune-200,0.38748722548655457,0.015455085353647924,25.07182695015621,,
M6.A[3.60],M6,detune+200,0.14057104483179872,0.015455085353647924,9.095455742573378,,
M6.A[3.60],M6,open_all,0.988860065360421,0.015455085353647924,63.98282783517702,True,False
M6.A[3.60],M6,short_all,0.9900586892578244,0.015455085353647924,64.06038314270047,True,False
M6.A[3.60],M6,one_open,0.16668443734207983,0.015455085353647924,10.785086819513207,True,False
M6.N[3.60],M6,shift-20,0.025777267001292126,0.01529701632524283,1.6851173100178365,,
M6.N[3.60],M6,shift-10,0.015330905883307655,0.01529701632524283,1.0022154358303783,,
M6.N[3.60],M6,shift-5,0.008145541328410055,0.01529701632524283,0.5324921641724633,,
M6.N[3.60],M6,shift-2,0.0033490041889024935,0.01529701632524283,0.21893185688610622,,
M6.N[3.60],M6,shift+2,0.003442278095049489,0.01529701632524283,0.22502937970780032,,
M6.N[3.60],M6,shift+5,0.008731862007911761,0.01529701632524283,0.5708212518216783,,
M6.N[3.60],M6,shift+10,0.017708235156536856,0.01529701632524283,1.1576267410602865,,
M6.N[3.60],M6,shift+20,0.03524152841114114,0.01529701632524283,2.3038171406659402,,
M6.N[3.60],M6,band_shrink10,0.002214320454141272,0.01529701632524283,0.14475505595736632,,
M6.N[3.60],M6,band_lo10,0.008731862007911761,0.01529701632524283,0.5708212518216783,,
M6.N[3.60],M6,band_hi10,0.008145541328410055,0.01529701632524283,0.5324921641724633,,
M6.N[3.60],M6,band_3.3-4.1,,0.01529701632524283,,,
M6.N[3.60],M6,band_3.4-3.9,,0.01529701632524283,,,
M6.N[3.60],M6,band_3.2-3.5_nodip,,0.01529701632524283,,,
M6.N[3.60],M6,flatten_notch,0.0747585542477961,0.01529701632524283,4.887133062964117,,
M6.N[3.60],M6,detune-200,0.385954583304305,0.01529701632524283,25.230710035094262,,
M6.N[3.60],M6,detune+200,0.13951103454314273,0.01529701632524283,9.120146803591,,
M6.N[3.60],M6,open_all,0.9872397097386507,0.01529701632524283,64.53805688299668,True,False
M6.N[3.60],M6,short_all,0.9884305039426339,0.01529701632524283,64.61590175016978,True,False
M6.N[3.60],M6,one_open,0.16618036672192005,0.01529701632524283,10.863580399511802,True,False
M6.A[3.65],M6,shift-20,0.07709624449546926,0.020627120141156752,3.7376155259619175,,
M6.A[3.65],M6,shift-10,0.03787537829531962,0.020627120141156752,1.8361932269812047,,
M6.A[3.65],M6,shift-5,0.018510672305454334,0.020627120141156752,0.8973948946232428,,
M6.A[3.65],M6,shift-2,0.007268890360301317,0.020627120141156752,0.35239482344401,,
M6.A[3.65],M6,shift+2,0.007052328947231956,0.020627120141156752,0.3418959553719101,,
M6.A[3.65],M6,shift+5,0.01715770142054096,0.020627120141156752,0.8318030487594169,,
M6.A[3.65],M6,shift+10,0.03276646969975072,0.020627120141156752,1.5885140279167058,,
M6.A[3.65],M6,shift+20,0.06282864450197823,0.020627120141156752,3.0459242042527244,,
M6.A[3.65],M6,band_shrink10,0.0024241178029212884,0.020627120141156752,0.11752090385533315,,
M6.A[3.65],M6,band_lo10,0.01715770142054096,0.020627120141156752,0.8318030487594169,,
M6.A[3.65],M6,band_hi10,0.018510672305454334,0.020627120141156752,0.8973948946232428,,
M6.A[3.65],M6,band_3.3-4.1,,0.020627120141156752,,,
M6.A[3.65],M6,band_3.4-3.9,,0.020627120141156752,,,
M6.A[3.65],M6,band_3.2-3.5_nodip,,0.020627120141156752,,,
M6.A[3.65],M6,flatten_notch,0.11366992549299104,0.020627120141156752,5.510702643661265,,
M6.A[3.65],M6,detune-200,0.5156826613979646,0.020627120141156752,25.000225812862578,,
M6.A[3.65],M6,detune+200,0.055177880919529354,0.020627120141156752,2.675016218547851,,
M6.A[3.65],M6,open_all,0.955337266387712,0.020627120141156752,46.31462171403911,True,False
M6.A[3.65],M6,short_all,0.9502410999863427,0.020627120141156752,46.067560254829345,True,False
M6.A[3.65],M6,one_open,0.15772417672747518,0.020627120141156752,7.646446796650603,True,False
M6.N[3.65],M6,shift-20,0.07677724369485006,0.020580380855324543,3.7306036382211216,,
M6.N[3.65],M6,shift-10,0.03772186091895913,0.020580380855324543,1.8329039284615452,,
M6.N[3.65],M6,shift-5,0.01843651754539466,0.020580380855324543,0.8958297552897218,,
M6.N[3.65],M6,shift-2,0.007239989688549331,0.020580380855324543,0.35179085068662397,,
M6.N[3.65],M6,shift+2,0.007024631866731967,0.020580380855324543,0.34132662150975496,,
M6.N[3.65],M6,shift+5,0.01709096373057717,0.020580380855324543,0.830449341570635,,
M6.N[3.65],M6,shift+10,0.03262729818670984,0.020580380855324543,1.5853593000087036,,
M6.N[3.65],M6,shift+20,0.06256581732529642,0.020580380855324543,3.0400709182750347,,
M6.N[3.65],M6,band_shrink10,0.002410492289943278,0.020580380855324543,0.11712573770565751,,
M6.N[3.65],M6,band_lo10,0.01709096373057717,0.020580380855324543,0.830449341570635,,
M6.N[3.65],M6,band_hi10,0.01843651754539466,0.020580380855324543,0.8958297552897218,,
M6.N[3.65],M6,band_3.3-4.1,,0.020580380855324543,,,
M6.N[3.65],M6,band_3.4-3.9,,0.020580380855324543,,,
M6.N[3.65],M6,band_3.2-3.5_nodip,,0.020580380855324543,,,
M6.N[3.65],M6,flatten_notch,0.11366992549299137,0.020580380855324543,5.523217781637057,,
M6.N[3.65],M6,detune-200,0.5145148962200194,0.020580380855324543,25.000261163140937,,
M6.N[3.65],M6,detune+200,0.054583112184023674,0.020580380855324543,2.6521915492104204,,
M6.N[3.65],M6,open_all,0.9533772804915013,0.020580380855324543,46.3245693650438,True,False
M6.N[3.65],M6,short_all,0.9482811139711222,0.020580380855324543,46.076946808580736,True,False
M6.N[3.65],M6,one_open,0.15708037409404096,0.020580380855324543,7.632529990493409,True,False
M6.A[3.70],M6,shift-20,0.05707904704223887,0.004208853521523226,13.561661566587711,,
M6.A[3.70],M6,shift-10,0.03302640240683585,0.004208853521523226,7.846888051091707,,
M6.A[3.70],M6,shift-5,0.01751403896718684,0.004208853521523226,4.161237467073536,,
M6.A[3.70],M6,shift-2,0.007227409740947044,0.004208853521523226,1.7171920343598397,,
M6.A[3.70],M6,shift+2,0.007500056522939058,0.004208853521523226,1.7819713811814275,,
M6.A[3.70],M6,shift+5,0.019211464959342006,0.004208853521523226,4.564536366280855,,
M6.A[3.70],M6,shift+10,0.03975848140138938,0.004208853521523226,9.44639227715399,,
M6.A[3.70],M6,shift+20,0.08312145008338312,0.004208853521523226,19.749190523812917,,
M6.A[3.70],M6,band_shrink10,0.002370139794709014,0.004208853521523226,0.5631319271598783,,
M6.A[3.70],M6,band_lo10,0.019211464959342006,0.004208853521523226,4.564536366280855,,
M6.A[3.70],M6,band_hi10,0.01751403896718684,0.004208853521523226,4.161237467073536,,
M6.A[3.70],M6,band_3.3-4.1,,0.004208853521523226,,,
M6.A[3.70],M6,band_3.4-3.9,,0.004208853521523226,,,
M6.A[3.70],M6,band_3.2-3.5_nodip,,0.004208853521523226,,,
M6.A[3.70],M6,flatten_notch,0.07301183585621085,0.004208853521523226,17.347202862452466,,
M6.A[3.70],M6,detune-200,0.5632438646870747,0.004208853521523226,133.82358445281105,,
M6.A[3.70],M6,detune+200,0.1452636670494426,0.004208853521523226,34.513832877906914,,
M6.A[3.70],M6,open_all,0.8187656032644002,0.004208853521523226,194.53411696971597,True,False
M6.A[3.70],M6,short_all,0.8235642015417937,0.004208853521523226,195.67423701733807,True,False
M6.A[3.70],M6,one_open,0.13563640203204008,0.004208853521523226,32.22644868452251,True,False
M6.N[3.70],M6,shift-20,0.05679306932966621,0.004162669406966524,13.643425354561899,,
M6.N[3.70],M6,shift-10,0.0328678184203528,0.004162669406966524,7.895851245200055,,
M6.N[3.70],M6,shift-5,0.01743109734799808,0.004162669406966524,4.18748059089821,,
M6.N[3.70],M6,shift-2,0.007193415594606067,0.004162669406966524,1.7280775606555192,,
M6.N[3.70],M6,shift+2,0.007465053080710438,0.004162669406966524,1.7933331597789484,,
M6.N[3.70],M6,shift+5,0.019122254093195235,0.004162669406966524,4.593747959228465,,
M6.N[3.70],M6,shift+10,0.03957521749832005,0.004162669406966524,9.507172832915366,,
M6.N[3.70],M6,shift+20,0.0827433697519614,0.004162669406966524,19.877478046535348,,
M6.N[3.70],M6,band_shrink10,0.0023669574126559123,0.004162669406966524,0.5686152757398031,,
M6.N[3.70],M6,band_lo10,0.019122254093195235,0.004162669406966524,4.593747959228465,,
M6.N[3.70],M6,band_hi10,0.01743109734799808,0.004162669406966524,4.18748059089821,,
M6.N[3.70],M6,band_3.3-4.1,,0.004162669406966524,,,
M6.N[3.70],M6,band_3.4-3.9,,0.004162669406966524,,,
M6.N[3.70],M6,band_3.2-3.5_nodip,,0.004162669406966524,,,
M6.N[3.70],M6,flatten_notch,0.07301183585621096,0.004162669406966524,17.53966715060784,,
M6.N[3.70],M6,detune-200,0.5625457146772291,0.004162669406966524,135.14061763727113,,
M6.N[3.70],M6,detune+200,0.14576626132224724,0.004162669406966524,35.017496483938174,,
M6.N[3.70],M6,open_all,0.8181238944678458,0.004162669406966524,196.53828216544346,True,False
M6.N[3.70],M6,short_all,0.8229224920514028,0.004162669406966524,197.6910514859007,True,False
M6.N[3.70],M6,one_open,0.13544321949831073,0.004162669406966524,32.53758736440536,True,False
M6.A[3.75],M6,shift-20,0.07454049359592996,0.044530773427220116,1.6739097001707575,,
M6.A[3.75],M6,shift-10,0.027381612958447432,0.044530773427220116,0.6148919241925855,,
M6.A[3.75],M6,shift-5,0.011520444678696617,0.044530773427220116,0.2587074912930789,,
M6.A[3.75],M6,shift-2,0.004598231220108162,0.044530773427220116,0.10325963072757732,,
M6.A[3.75],M6,shift+2,0.004791266346647283,0.044530773427220116,0.10759450101350694,,
M6.A[3.75],M6,shift+5,0.012182732846952815,0.044530773427220116,0.27358008651845994,,
M6.A[3.75],M6,shift+10,0.024471420471287475,0.044530773427220116,0.5495395338525368,,
M6.A[3.75],M6,shift+20,0.0456214649893768,0.044530773427220116,1.024492984922871,,
M6.A[3.75],M6,band_shrink10,0.00500780448636462,0.044530773427220116,0.11245716391046383,,
M6.A[3.75],M6,band_lo10,0.012182732846952815,0.044530773427220116,0.27358008651845994,,
M6.A[3.75],M6,band_hi10,0.011520444678696617,0.044530773427220116,0.2587074912930789,,
M6.A[3.75],M6,band_3.3-4.1,,0.044530773427220116,,,
M6.A[3.75],M6,band_3.4-3.9,,0.044530773427220116,,,
M6.A[3.75],M6,band_3.2-3.5_nodip,,0.044530773427220116,,,
M6.A[3.75],M6,flatten_notch,0.15518660830510633,0.044530773427220116,3.4849295523406774,,
M6.A[3.75],M6,detune-200,0.6845094571583414,0.044530773427220116,15.371604948139629,,
M6.A[3.75],M6,detune+200,0.19303717554581323,0.044530773427220116,4.334916299203919,,
M6.A[3.75],M6,open_all,0.8814099160133294,0.044530773427220116,19.793276608004167,True,False
M6.A[3.75],M6,short_all,0.8816786481644014,0.044530773427220116,19.799311359489252,True,False
M6.A[3.75],M6,one_open,0.14910690752643696,0.044530773427220116,3.348401477242097,True,True
M6.N[3.75],M6,shift-20,0.07437825825545252,0.04449994346106301,1.671423657437514,,
M6.N[3.75],M6,shift-10,0.02729982529702335,0.04449994346106301,0.6134799996074246,,
M6.N[3.75],M6,shift-5,0.011540556580491246,0.04449994346106301,0.25933867962302276,,
M6.N[3.75],M6,shift-2,0.0046077899268726075,0.04449994346106301,0.10354597261240064,,
M6.N[3.75],M6,shift+2,0.00480034388122319,0.04449994346106301,0.10787303326404092,,
M6.N[3.75],M6,shift+5,0.012204708524977015,0.04449994346106301,0.2742634613829568,,
M6.N[3.75],M6,shift+10,0.02451355554025847,0.04449994346106301,0.5508671165325767,,
M6.N[3.75],M6,shift+20,0.04570383345889106,0.04449994346106301,1.027053742189166,,
M6.N[3.75],M6,band_shrink10,0.005005839645572441,0.04449994346106301,0.11249092147616994,,
M6.N[3.75],M6,band_lo10,0.012204708524977015,0.04449994346106301,0.2742634613829568,,
M6.N[3.75],M6,band_hi10,0.011540556580491246,0.04449994346106301,0.25933867962302276,,
M6.N[3.75],M6,band_3.3-4.1,,0.04449994346106301,,,
M6.N[3.75],M6,band_3.4-3.9,,0.04449994346106301,,,
M6.N[3.75],M6,band_3.2-3.5_nodip,,0.04449994346106301,,,
M6.N[3.75],M6,flatten_notch,0.15518660830510644,0.04449994346106301,3.4873439432769873,,
M6.N[3.75],M6,detune-200,0.6840870529886026,0.04449994346106301,15.3727622954661,,
M6.N[3.75],M6,detune+200,0.19276201876299526,0.04449994346106301,4.331736262354132,,
M6.N[3.75],M6,open_all,0.8810361362590359,0.04449994346106301,19.798590014612792,True,False
M6.N[3.75],M6,short_all,0.8813048678298654,0.04449994346106301,19.804628933989502,True,False
M6.N[3.75],M6,one_open,0.14898574628409522,0.04449994346106301,3.347998552278077,True,True
M6.A[3.80],M6,shift-20,0.1332147582245644,0.020762251852154856,6.4161998984102695,,
M6.A[3.80],M6,shift-10,0.06504840665099831,0.020762251852154856,3.1330130813458523,,
M6.A[3.80],M6,shift-5,0.03275336667759621,0.020762251852154856,1.5775440405418657,,
M6.A[3.80],M6,shift-2,0.013243557119507088,0.020762251852154856,0.6378670875304201,,
M6.A[3.80],M6,shift+2,0.013396826815493479,0.020762251852154856,0.6452492201178582,,
M6.A[3.80],M6,shift+5,0.03379328880167376,0.020762251852154856,1.6276311954171025,,
M6.A[3.80],M6,shift+10,0.0683703611512666,0.020762251852154856,3.2930128021816976,,
M6.A[3.80],M6,shift+20,0.1369267719787436,0.020762251852154856,6.594986562815071,,
M6.A[3.80],M6,band_shrink10,0.005119206362001583,0.020762251852154856,0.24656315694726894,,
M6.A[3.80],M6,band_lo10,0.03379328880167376,0.020762251852154856,1.6276311954171025,,
M6.A[3.80],M6,band_hi10,0.03275336667759621,0.020762251852154856,1.5775440405418657,,
M6.A[3.80],M6,band_3.3-4.1,,0.020762251852154856,,,
M6.A[3.80],M6,band_3.4-3.9,,0.020762251852154856,,,
M6.A[3.80],M6,band_3.2-3.5_nodip,,0.020762251852154856,,,
M6.A[3.80],M6,flatten_notch,0.1979027246309668,0.020762251852154856,9.53185261599777,,
M6.A[3.80],M6,detune-200,0.5948032292706881,0.020762251852154856,28.64830045922765,,
M6.A[3.80],M6,detune+200,0.38748722548655457,0.020762251852154856,18.66306353693221,,
M6.A[3.80],M6,open_all,0.7656499225847824,0.020762251852154856,36.877017388907056,True,False
M6.A[3.80],M6,short_all,0.7660188201328324,0.020762251852154856,36.89478509304035,True,False
M6.A[3.80],M6,one_open,0.13148070068425843,0.020762251852154856,6.3326801746031425,True,True
M6.N[3.80],M6,shift-20,0.1330957039869407,0.020728637724508614,6.4208611176398875,,
M6.N[3.80],M6,shift-10,0.06498042765716827,0.020728637724508614,3.1348141889873604,,
M6.N[3.80],M6,shift-5,0.03273948407972349,0.020728637724508614,1.5794324988860118,,
M6.N[3.80],M6,shift-2,0.013237663046859582,0.020728637724508614,0.638617125871613,,
M6.N[3.80],M6,shift+2,0.01339044047175142,0.020728637724508614,0.6459874811705142,,
M6.N[3.80],M6,shift+5,0.03377447019800317,0.020728637724508614,1.6293627515169387,,
M6.N[3.80],M6,shift+10,0.06832915011283403,0.020728637724508614,3.2963647211627753,,
M6.N[3.80],M6,shift+20,0.13682915876899182,0.020728637724508614,6.600972074841713,,
M6.N[3.80],M6,band_shrink10,0.00511817482271637,0.020728637724508614,0.24691322655829281,,
M6.N[3.80],M6,band_lo10,0.03377447019800317,0.020728637724508614,1.6293627515169387,,
M6.N[3.80],M6,band_hi10,0.03273948407972349,0.020728637724508614,1.5794324988860118,,
M6.N[3.80],M6,band_3.3-4.1,,0.020728637724508614,,,
M6.N[3.80],M6,band_3.4-3.9,,0.020728637724508614,,,
M6.N[3.80],M6,band_3.2-3.5_nodip,,0.020728637724508614,,,
M6.N[3.80],M6,flatten_notch,0.19790272463096703,0.020728637724508614,9.547309729716376,,
M6.N[3.80],M6,detune-200,0.5945619224787478,0.020728637724508614,28.683116101535433,,
M6.N[3.80],M6,detune+200,0.385954583304305,0.020728637724508614,18.61938967884848,,
M6.N[3.80],M6,open_all,0.7654065590913688,0.020728637724508614,36.92507772406029,True,False
M6.N[3.80],M6,short_all,0.7657754568354438,0.020728637724508614,36.9428742502468,True,False
M6.N[3.80],M6,one_open,0.13139666091849178,0.020728637724508614,6.338895139410645,True,True
M6.A[3.85],M6,shift-20,0.09908798082635567,0.03577025127354044,2.7701225822713718,,
M6.A[3.85],M6,shift-10,0.05349764057065398,0.03577025127354044,1.4955902926582636,,
M6.A[3.85],M6,shift-5,0.027747414316654284,0.03577025127354044,0.7757120324502523,,
M6.A[3.85],M6,shift-2,0.01133150211933226,0.03577025127354044,0.316785644939382,,
M6.A[3.85],M6,shift+2,0.01163542906138032,0.03577025127354044,0.325282284779116,,
M6.A[3.85],M6,shift+5,0.02960499305124864,0.03577025127354044,0.8276428595610035,,
M6.A[3.85],M6,shift+10,0.06076371220794319,0.03577025127354044,1.6987219838986878,,
M6.A[3.85],M6,shift+20,0.12527702812078567,0.03577025127354044,3.5022686075860516,,
M6.A[3.85],M6,band_shrink10,0.0017058376340584047,0.03577025127354044,0.04768872382286638,,
M6.A[3.85],M6,band_lo10,0.02960499305124864,0.03577025127354044,0.8276428595610035,,
M6.A[3.85],M6,band_hi10,0.027747414316654284,0.03577025127354044,0.7757120324502523,,
M6.A[3.85],M6,band_3.3-4.1,,0.03577025127354044,,,
M6.A[3.85],M6,band_3.4-3.9,,0.03577025127354044,,,
M6.A[3.85],M6,band_3.2-3.5_nodip,,0.03577025127354044,,,
M6.A[3.85],M6,flatten_notch,0.13754927060878797,0.03577025127354044,3.8453537705656076,,
M6.A[3.85],M6,detune-200,0.34573801084944766,0.03577025127354044,9.665518092269958,,
M6.A[3.85],M6,detune+200,0.5156826613979646,0.03577025127354044,14.416523313030776,,
M6.A[3.85],M6,open_all,0.4809683025048531,0.03577025127354044,13.446042042780656,True,False
M6.A[3.85],M6,short_all,0.4759163694805777,0.03577025127354044,13.30480923494706,True,False
M6.A[3.85],M6,one_open,0.08113478566763749,0.03577025127354044,2.268219617670217,True,True
M6.N[3.85],M6,shift-20,0.09905620834675033,0.03576531166479868,2.7696168084631707,,
M6.N[3.85],M6,shift-10,0.053477882633390816,0.03576531166479868,1.495244418239626,,
M6.N[3.85],M6,shift-5,0.027736338075843303,0.03576531166479868,0.7755094750968509,,
M6.N[3.85],M6,shift-2,0.011326753105228349,0.03576531166479868,0.3166966140652001,,
M6.N[3.85],M6,shift+2,0.011630212595043043,0.03576531166479868,0.32518135740139115,,
M6.N[3.85],M6,shift+5,0.029591010075258384,0.03576531166479868,0.8273662019946205,,
M6.N[3.85],M6,shift+10,0.060732331335780654,0.03576531166479868,1.6980791864748457,,
M6.N[3.85],M6,shift+20,0.12519897514156203,0.03576531166479868,3.5005699465157103,,
M6.N[3.85],M6,band_shrink10,0.0017046645964025053,0.03576531166479868,0.04766251199986853,,
M6.N[3.85],M6,band_lo10,0.029591010075258384,0.03576531166479868,0.8273662019946205,,
M6.N[3.85],M6,band_hi10,0.027736338075843303,0.03576531166479868,0.7755094750968509,,
M6.N[3.85],M6,band_3.3-4.1,,0.03576531166479868,,,
M6.N[3.85],M6,band_3.4-3.9,,0.03576531166479868,,,
M6.N[3.85],M6,band_3.2-3.5_nodip,,0.03576531166479868,,,
M6.N[3.85],M6,flatten_notch,0.13754927060878797,0.03576531166479868,3.8458848589922447,,
M6.N[3.85],M6,detune-200,0.3456839986087128,0.03576531166479868,9.665342828507926,,
M6.N[3.85],M6,detune+200,0.5145148962200194,0.03576531166479868,14.38586362792473,,
M6.N[3.85],M6,open_all,0.48091287357285895,0.03576531166479868,13.446349302924938,True,False
M6.N[3.85],M6,short_all,0.47586094007213925,0.03576531166479868,13.305096975863801,True,False
M6.N[3.85],M6,one_open,0.08112352490958852,0.03576531166479868,2.26821803399613,True,True
M6.A[3.90],M6,shift-20,0.04031804616512763,0.016725214782802755,2.410614553457547,,
M6.A[3.90],M6,shift-10,0.02179642288011957,0.016725214782802755,1.3032073526811234,,
M6.A[3.90],M6,shift-5,0.011354504660154585,0.016725214782802755,0.678885431822947,,
M6.A[3.90],M6,shift-2,0.004657599368580456,0.016725214782802755,0.27847770142656136,,
M6.A[3.90],M6,shift+2,0.004819889835254609,0.016725214782802755,0.2881810426859528,,
M6.A[3.90],M6,shift+5,0.012375070666979182,0.016725214782802755,0.7399050372556956,,
M6.A[3.90],M6,shift+10,0.025887460672082474,0.016725214782802755,1.5478103574909272,,
M6.A[3.90],M6,shift+20,0.05709967130244803,0.016725214782802755,3.413987326557935,,
M6.A[3.90],M6,band_shrink10,0.0007873167707551088,0.016725214782802755,0.047073641862264495,,
M6.A[3.90],M6,band_lo10,0.012375070666979182,0.016725214782802755,0.7399050372556956,,
M6.A[3.90],M6,band_hi10,0.011354504660154585,0.016725214782802755,0.678885431822947,,
M6.A[3.90],M6,band_3.3-4.1,,0.016725214782802755,,,
M6.A[3.90],M6,band_3.4-3.9,,0.016725214782802755,,,
M6.A[3.90],M6,band_3.2-3.5_nodip,,0.016725214782802755,,,
M6.A[3.90],M6,flatten_notch,0.05621146802486138,0.016725214782802755,3.3608816840223352,,
M6.A[3.90],M6,detune-200,0.1767090696827534,0.016725214782802755,10.565429023037101,,
M6.A[3.90],M6,detune+200,0.5632438646870747,0.016725214782802755,33.6763307378399,,
M6.A[3.90],M6,open_all,0.29798991307977596,0.016725214782802755,17.816806357917503,True,False
M6.A[3.90],M6,short_all,0.3021806968023003,0.016725214782802755,18.067373168385817,True,False
M6.A[3.90],M6,one_open,0.05206744188567344,0.016725214782802755,3.1131105078070727,True,True
M6.N[3.90],M6,shift-20,0.04031480273124227,0.016725201283169733,2.4104225742150156,,
M6.N[3.90],M6,shift-10,0.021794505732023017,0.016725201283169733,1.3030937782467487,,
M6.N[3.90],M6,shift-5,0.011353453732608099,0.016725201283169733,0.6788231448091973,,
M6.N[3.90],M6,shift-2,0.00465715386413873,0.016725201283169733,0.27845128948164827,,
M6.N[3.90],M6,shift+2,0.00481940657317248,0.016725201283169733,0.28815238104322016,,
M6.N[3.90],M6,shift+5,0.012373783046873976,0.016725201283169733,0.7398286476423749,,
M6.N[3.90],M6,shift+10,0.025884579706598965,0.016725201283169733,1.5476393538322404,,
M6.N[3.90],M6,shift+20,0.05709228845047282,0.016725201283169733,3.4135486613200734,,
M6.N[3.90],M6,band_shrink10,0.0007871513998068957,0.016725201283169733,0.0470637923263137,,
M6.N[3.90],M6,band_lo10,0.012373783046873976,0.016725201283169733,0.7398286476423749,,
M6.N[3.90],M6,band_hi10,0.011353453732608099,0.016725201283169733,0.6788231448091973,,
M6.N[3.90],M6,band_3.3-4.1,,0.016725201283169733,,,
M6.N[3.90],M6,band_3.4-3.9,,0.016725201283169733,,,
M6.N[3.90],M6,band_3.2-3.5_nodip,,0.016725201283169733,,,
M6.N[3.90],M6,flatten_notch,0.05621146802486138,0.016725201283169733,3.3608843967352406,,
M6.N[3.90],M6,detune-200,0.17670382824695358,0.016725201283169733,10.565124165337695,,
M6.N[3.90],M6,detune+200,0.5625457146772291,0.016725201283169733,33.634615521387396,,
M6.N[3.90],M6,open_all,0.29798358326892815,0.016725201283169733,17.81644227916011,True,False
M6.N[3.90],M6,short_all,0.30217436599088504,0.016725201283169733,18.067009232047788,True,False
M6.N[3.90],M6,one_open,0.05206523687030537,0.016725201283169733,3.112981182635911,True,True
M6.A[3.95],M6,shift-20,0.02130144779330137,0.010338744347088397,2.0603515357549487,,
M6.A[3.95],M6,shift-10,0.01125005770379961,0.010338744347088397,1.0881454581056411,,
M6.A[3.95],M6,shift-5,0.0057867121235636865,0.010338744347088397,0.559711308191245,,
M6.A[3.95],M6,shift-2,0.002355023690418623,0.010338744347088397,0.22778623896255312,,
M6.A[3.95],M6,shift+2,0.002410567056738422,0.010338744347088397,0.23315859023221588,,
M6.A[3.95],M6,shift+5,0.006133795574734341,0.010338744347088397,0.5932824498616937,,
M6.A[3.95],M6,shift+10,0.012637384393382023,0.010338744347088397,1.22233261304512,,
M6.A[3.95],M6,shift+20,0.026839603080829832,0.010338744347088397,2.5960215457294304,,
M6.A[3.95],M6,band_shrink10,0.00027609648015236576,0.010338744347088397,0.026705030212892365,,
M6.A[3.95],M6,band_lo10,0.006133795574734341,0.010338744347088397,0.5932824498616937,,
M6.A[3.95],M6,band_hi10,0.0057867121235636865,0.010338744347088397,0.559711308191245,,
M6.A[3.95],M6,band_3.3-4.1,,0.010338744347088397,,,
M6.A[3.95],M6,band_3.4-3.9,,0.010338744347088397,,,
M6.A[3.95],M6,band_3.2-3.5_nodip,,0.010338744347088397,,,
M6.A[3.95],M6,flatten_notch,0.03033315689555588,0.010338744347088397,2.9339304539528848,,
M6.A[3.95],M6,detune-200,0.11074727495166711,0.010338744347088397,10.711868988505923,,
M6.A[3.95],M6,detune+200,0.6845094571583414,0.010338744347088397,66.20818101098645,,
M6.A[3.95],M6,open_all,0.22065804135015352,0.010338744347088397,21.342827904657046,True,False
M6.A[3.95],M6,short_all,0.21627438559354104,0.010338744347088397,20.91882518155586,True,False
M6.A[3.95],M6,one_open,0.03717078402393231,0.010338744347088397,3.5952899864866446,True,False
M6.N[3.95],M6,shift-20,0.021300944263589028,0.010339078668845203,2.060236211160214,,
M6.N[3.95],M6,shift-10,0.011249784352607067,0.010339078668845203,1.088083833476004,,
M6.N[3.95],M6,shift-5,0.005786569068396696,0.010339078668845203,0.5596793731566618,,
M6.N[3.95],M6,shift-2,0.00235496478427058,0.010339078668845203,0.22777317589881652,,
M6.N[3.95],M6,shift+2,0.002410505697301918,0.010339078668845203,0.23314511616644398,,
M6.N[3.95],M6,shift+5,0.006133637149064758,0.010339078668845203,0.5932479426379913,,
M6.N[3.95],M6,shift+10,0.012637048881346036,0.010339078668845203,1.222260637151869,,
M6.N[3.95],M6,shift+20,0.026838839753609733,0.010339078668845203,2.5958637721253965,,
M6.N[3.95],M6,band_shrink10,0.0002760750158846692,0.010339078668845203,0.02670209065306442,,
M6.N[3.95],M6,band_lo10,0.006133637149064758,0.010339078668845203,0.5932479426379913,,
M6.N[3.95],M6,band_hi10,0.005786569068396696,0.010339078668845203,0.5596793731566618,,
M6.N[3.95],M6,band_3.3-4.1,,0.010339078668845203,,,
M6.N[3.95],M6,band_3.4-3.9,,0.010339078668845203,,,
M6.N[3.95],M6,band_3.2-3.5_nodip,,0.010339078668845203,,,
M6.N[3.95],M6,flatten_notch,0.030333156895555963,0.010339078668845203,2.9338355831413696,,
M6.N[3.95],M6,detune-200,0.11074501813021362,0.010339078668845203,10.711304331586346,,
M6.N[3.95],M6,detune+200,0.6840870529886026,0.010339078668845203,66.16518501304817,,
M6.N[3.95],M6,open_all,0.22065494986218237,0.010339078668845203,21.34183875852333,True,False
M6.N[3.95],M6,short_all,0.2162712943292777,0.010339078668845203,20.917849767500954,True,False
M6.N[3.95],M6,one_open,0.03716973395666212,0.010339078668845203,3.5950721671811885,True,False
M6.A[4.00],M6,shift-20,0.01303339032789827,0.007189104307169403,1.8129366011424535,,
M6.A[4.00],M6,shift-10,0.006792102594300409,0.007189104307169403,0.9447773052238121,,
M6.A[4.00],M6,shift-5,0.003469790244355092,0.007189104307169403,0.4826456949435009,,
M6.A[4.00],M6,shift-2,0.0014063002548579673,0.007189104307169403,0.19561550295709593,,
M6.A[4.00],M6,shift+2,0.0014316419017546267,0.007189104307169403,0.19914051049821438,,
M6.A[4.00],M6,shift+5,0.0036283179330599546,0.007189104307169403,0.5046967992162222,,
M6.A[4.00],M6,shift+10,0.007427390703195563,0.007189104307169403,1.0331454915445484,,
M6.A[4.00],M6,shift+20,0.01559347432251168,0.007189104307169403,2.1690427146760047,,
M6.A[4.00],M6,band_shrink10,0.00012370413460280338,0.007189104307169403,0.017207169254650854,,
M6.A[4.00],M6,band_lo10,0.0036283179330599546,0.007189104307169403,0.5046967992162222,,
M6.A[4.00],M6,band_hi10,0.003469790244355092,0.007189104307169403,0.4826456949435009,,
M6.A[4.00],M6,band_3.3-4.1,,0.007189104307169403,,,
M6.A[4.00],M6,band_3.4-3.9,,0.007189104307169403,,,
M6.A[4.00],M6,band_3.2-3.5_nodip,,0.007189104307169403,,,
M6.A[4.00],M6,flatten_notch,0.018793420341953998,0.007189104307169403,2.6141532434314634,,
M6.A[4.00],M6,detune-200,0.07126026279722396,0.007189104307169403,9.912258850683108,,
M6.A[4.00],M6,detune+200,0.5948032292706881,0.007189104307169403,82.73676439462909,,
M6.A[4.00],M6,open_all,0.17224059846269252,0.007189104307169403,23.95856160981333,True,False
M6.A[4.00],M6,short_all,0.17415144870158303,0.007189104307169403,24.224359706105368,True,False
M6.A[4.00],M6,one_open,0.029487094929290136,0.007189104307169403,4.101636820025528,True,False
M6.N[4.00],M6,shift-20,0.013033121026016697,0.0071894257776746184,1.812818078807984,,
M6.N[4.00],M6,shift-10,0.006791961343698666,0.0071894257776746184,0.9447154131265668,,
M6.N[4.00],M6,shift-5,0.0034697178463750367,0.0071894257776746184,0.4826140436903291,,
M6.N[4.00],M6,shift-2,0.0014062708523144563,0.0071894257776746184,0.1956026664440101,,
M6.N[4.00],M6,shift+2,0.0014316118841587733,0.0071894257776746184,0.19912743081712717,,
M6.N[4.00],M6,shift+5,0.0036282416887797597,0.0071894257776746184,0.5046636269681742,,
M6.N[4.00],M6,shift+10,0.007427234006748162,0.0071894257776746184,1.0330774997096446,,
M6.N[4.00],M6,shift+20,0.01559314223771327,0.0071894257776746184,2.1688995366131714,,
M6.N[4.00],M6,band_shrink10,0.00012370117212026632,0.0071894257776746184,0.01720598778617293,,
M6.N[4.00],M6,band_lo10,0.0036282416887797597,0.0071894257776746184,0.5046636269681742,,
M6.N[4.00],M6,band_hi10,0.0034697178463750367,0.0071894257776746184,0.4826140436903291,,
M6.N[4.00],M6,band_3.3-4.1,,0.0071894257776746184,,,
M6.N[4.00],M6,band_3.4-3.9,,0.0071894257776746184,,,
M6.N[4.00],M6,band_3.2-3.5_nodip,,0.0071894257776746184,,,
M6.N[4.00],M6,flatten_notch,0.018793420341953998,0.0071894257776746184,2.6140363532666764,,
M6.N[4.00],M6,detune-200,0.07125894287245331,0.0071894257776746184,9.911632037948605,,
M6.N[4.00],M6,detune+200,0.5945619224787478,0.0071894257776746184,82.6995007480355,,
M6.N[4.00],M6,open_all,0.17223854207109845,0.0071894257776746184,23.957204288269054,True,False
M6.N[4.00],M6,short_all,0.17414939282880748,0.0071894257776746184,24.222990571735924,True,False
M6.N[4.00],M6,one_open,0.02948642751923433,0.0071894257776746184,4.101360585820188,True,False
M6.A[4.05],M6,shift-20,0.008956491985157355,0.004900985256207718,1.8274880492270047,,
M6.A[4.05],M6,shift-10,0.0046277076535209405,0.004900985256207718,0.9442402724348871,,
M6.A[4.05],M6,shift-5,0.0023532794842221483,0.004900985256207718,0.48016457124440887,,
M6.A[4.05],M6,shift-2,0.00095105788207972,0.004900985256207718,0.19405442627583602,,
M6.A[4.05],M6,shift+2,0.0009643920640666215,0.004900985256207718,0.19677514084440406,,
M6.A[4.05],M6,shift+5,0.002436666127718534,0.004900985256207718,0.4971788324872408,,
M6.A[4.05],M6,shift+10,0.004961628926998696,0.004900985256207718,1.0123737713175458,,
M6.A[4.05],M6,shift+20,0.010298211657887857,0.004900985256207718,2.1012533438748604,,
M6.A[4.05],M6,band_shrink10,6.543987216081626e-05,0.004900985256207718,0.01335239114990774,,
M6.A[4.05],M6,band_lo10,0.002436666127718534,0.004900985256207718,0.4971788324872408,,
M6.A[4.05],M6,band_hi10,0.0023532794842221483,0.004900985256207718,0.48016457124440887,,
M6.A[4.05],M6,band_3.3-4.1,,0.004900985256207718,,,
M6.A[4.05],M6,band_3.4-3.9,,0.004900985256207718,,,
M6.A[4.05],M6,band_3.2-3.5_nodip,,0.004900985256207718,,,
M6.A[4.05],M6,flatten_notch,0.013016423041656983,0.004900985256207718,2.6558788409269414,,
M6.A[4.05],M6,detune-200,0.04216863079738205,0.004900985256207718,8.604112967687495,,
M6.A[4.05],M6,detune+200,0.34573801084944766,0.004900985256207718,70.54459313288623,,
M6.A[4.05],M6,open_all,0.14795305812875587,0.004900985256207718,30.188431589618553,True,False
M6.A[4.05],M6,short_all,0.14416603834068284,0.004900985256207718,29.41572577841941,True,False
M6.A[4.05],M6,one_open,0.02577477318175149,0.004900985256207718,5.259100330715029,True,False
M6.N[4.05],M6,shift-20,0.00895632124894652,0.00490124246795437,1.8273573093976345,,
M6.N[4.05],M6,shift-10,0.004627618631349417,0.00490124246795437,0.944172556572343,,
M6.N[4.05],M6,shift-5,0.0023532340094845616,0.00490124246795437,0.4801300945363616,,
M6.N[4.05],M6,shift-2,0.0009510394541916989,0.00490124246795437,0.19404048267553553,,
M6.N[4.05],M6,shift+2,0.0009643733102975283,0.00490124246795437,0.19676098797455097,,
M6.N[4.05],M6,shift+5,0.0024366186168768844,0.00490124246795437,0.49714304746360677,,
M6.N[4.05],M6,shift+10,0.00496153175307687,0.00490124246795437,1.012300816684073,,
M6.N[4.05],M6,shift+20,0.010298008195871788,0.00490124246795437,2.101101560104996,,
M6.N[4.05],M6,band_shrink10,6.54382715945534e-05,0.00490124246795437,0.013351363867918445,,
M6.N[4.05],M6,band_lo10,0.0024366186168768844,0.00490124246795437,0.49714304746360677,,
M6.N[4.05],M6,band_hi10,0.0023532340094845616,0.00490124246795437,0.4801300945363616,,
M6.N[4.05],M6,band_3.3-4.1,,0.00490124246795437,,,
M6.N[4.05],M6,band_3.4-3.9,,0.00490124246795437,,,
M6.N[4.05],M6,band_3.2-3.5_nodip,,0.00490124246795437,,,
M6.N[4.05],M6,flatten_notch,0.01301642304165701,0.00490124246795437,2.655739463362985,,
M6.N[4.05],M6,detune-200,0.0421679001474219,0.00490124246795437,8.603512358983846,,
M6.N[4.05],M6,detune+200,0.3456839986087128,0.00490124246795437,70.52987091923873,,
M6.N[4.05],M6,open_all,0.14795159096634117,0.00490124246795437,30.186547989349258,True,False
M6.N[4.05],M6,short_all,0.1441645704173468,0.00490124246795437,29.413882573639885,True,False
M6.N[4.05],M6,one_open,0.02577428587748766,0.00490124246795437,5.2587249143470896,True,False
M6.A[4.10],M6,shift-20,0.006610014867345929,0.003138775586989634,2.105921460184901,,
M6.A[4.10],M6,shift-10,0.0033964873403290463,0.003138775586989634,1.0821058231775598,,
M6.A[4.10],M6,shift-5,0.0017221520588361766,0.003138775586989634,0.5486700183264374,,
M6.A[4.10],M6,shift-2,0.0006947400345951177,0.003138775586989634,0.22134109793476361,,
M6.A[4.10],M6,shift+2,0.000702746659911338,0.003138775586989634,0.2238919732982041,,
M6.A[4.10],M6,shift+5,0.001772213392093755,0.003138775586989634,0.5646193373746308,,
M6.A[4.10],M6,shift+10,0.003596880768868299,0.003138775586989634,1.145950281943549,,
M6.A[4.10],M6,shift+20,0.007413968318524006,0.003138775586989634,2.3620574689236267,,
M6.A[4.10],M6,band_shrink10,3.940244618556854e-05,0.003138775586989634,0.012553444836545006,,
M6.A[4.10],M6,band_lo10,0.001772213392093755,0.003138775586989634,0.5646193373746308,,
M6.A[4.10],M6,band_hi10,0.0017221520588361766,0.003138775586989634,0.5486700183264374,,
M6.A[4.10],M6,band_3.3-4.1,,0.003138775586989634,,,
M6.A[4.10],M6,band_3.4-3.9,,0.003138775586989634,,,
M6.A[4.10],M6,band_3.2-3.5_nodip,,0.003138775586989634,,,
M6.A[4.10],M6,flatten_notch,0.009655997534999891,0.003138775586989634,3.076358047075565,,
M6.A[4.10],M6,detune-200,0.021738239437201032,0.003138775586989634,6.925706803413093,,
M6.A[4.10],M6,detune+200,0.1767090696827534,0.003138775586989634,56.29872693518468,,
M6.A[4.10],M6,open_all,0.12322834023243928,0.003138775586989634,39.26000340490295,True,False
M6.A[4.10],M6,short_all,0.1239811702703496,0.003138775586989634,39.49985172060632,True,False
M6.A[4.10],M6,one_open,0.020553140903492417,0.003138775586989634,6.548139659517587,True,False
M6.N[4.10],M6,shift-20,0.006609901355167841,0.0031389623723695192,2.1057599840479138,,
M6.N[4.10],M6,shift-10,0.0033964283601771728,0.0031389623723695192,1.0820226422826786,,
M6.N[4.10],M6,shift-5,0.001722121987344477,0.0031389623723695192,0.5486277893941408,,
M6.N[4.10],M6,shift-2,0.0006947278630448639,0.0031389623723695192,0.2213240493610735,,
M6.N[4.10],M6,shift+2,0.0007027342934773362,0.0031389623723695192,0.22387471084811403,,
M6.N[4.10],M6,shift+5,0.0017721821026955437,0.0031389623723695192,0.5645757713743381,,
M6.N[4.10],M6,shift+10,0.003596816913265341,0.0031389623723695192,1.1458617487504954,,
M6.N[4.10],M6,shift+20,0.007413835243285163,0.0031389623723695192,2.3618745189636203,,
M6.N[4.10],M6,band_shrink10,3.940148801778731e-05,0.0031389623723695192,0.012552392588269281,,
M6.N[4.10],M6,band_lo10,0.0017721821026955437,0.0031389623723695192,0.5645757713743381,,
M6.N[4.10],M6,band_hi10,0.001722121987344477,0.0031389623723695192,0.5486277893941408,,
M6.N[4.10],M6,band_3.3-4.1,,0.0031389623723695192,,,
M6.N[4.10],M6,band_3.4-3.9,,0.0031389623723695192,,,
M6.N[4.10],M6,band_3.2-3.5_nodip,,0.0031389623723695192,,,
M6.N[4.10],M6,flatten_notch,0.009655997534999891,0.0031389623723695192,3.0761749869944555,,
M6.N[4.10],M6,detune-200,0.021737887743302403,0.0031389623723695192,6.925182644637135,,
M6.N[4.10],M6,detune+200,0.17670382824695358,0.0031389623723695192,56.29370705503697,,
M6.N[4.10],M6,open_all,0.12322725253977491,0.0031389623723695192,39.25732070714627,True,False
M6.N[4.10],M6,short_all,0.12398008147228393,0.0031389623723695192,39.49715439841181,True,False
M6.N[4.10],M6,one_open,0.020552782271051367,0.0031389623723695192,6.54763575758846,True,False
M6.A[4.15],M6,shift-20,0.004195804426629771,0.001805001161273273,2.3245438931850835,,
M6.A[4.15],M6,shift-10,0.002385909599717642,0.001805001161273273,1.3218327228302658,,
M6.A[4.15],M6,shift-5,0.001266802231116193,0.001805001161273273,0.7018290393910733,,
M6.A[4.15],M6,shift-2,0.0005104100496459152,0.001805001161273273,0.28277546884560717,,
M6.A[4.15],M6,shift+2,0.0005393092336168359,0.001805001161273273,0.29878608678367813,,
M6.A[4.15],M6,shift+5,0.0013582530685688904,0.001805001161273273,0.752494290702151,,
M6.A[4.15],M6,shift+10,0.0027504925635037925,0.001805001161273273,1.5238176143684896,,
M6.A[4.15],M6,shift+20,0.0056426228385766525,0.001805001161273273,3.126104824551064,,
M6.A[4.15],M6,band_shrink10,2.626929273330525e-05,0.001805001161273273,0.014553615419712264,,
M6.A[4.15],M6,band_lo10,0.0013582530685688904,0.001805001161273273,0.752494290702151,,
M6.A[4.15],M6,band_hi10,0.0006920448052819411,0.001805001161273273,0.3834040775872759,,
M6.A[4.15],M6,band_3.3-4.1,,0.001805001161273273,,,
M6.A[4.15],M6,band_3.4-3.9,,0.001805001161273273,,,
M6.A[4.15],M6,band_3.2-3.5_nodip,,0.001805001161273273,,,
M6.A[4.15],M6,flatten_notch,0.005457762283605408,0.001805001161273273,3.0236890705130772,,
M6.A[4.15],M6,detune-200,0.006439619063624488,0.001805001161273273,3.5676536956252654,,
M6.A[4.15],M6,detune+200,0.11074727495166711,0.001805001161273273,61.35579152400347,,
M6.A[4.15],M6,open_all,0.10994864026644295,0.001805001161273273,60.91333491934357,True,False
M6.A[4.15],M6,short_all,0.10781411342291373,0.001805001161273273,59.73077233194695,True,False
M6.A[4.15],M6,one_open,0.018437205720976638,0.001805001161273273,10.214511833316925,True,False
M6.N[4.15],M6,shift-20,0.004195740107942186,0.0018051226235967915,2.3243518490627397,,
M6.N[4.15],M6,shift-10,0.0023858727976334843,0.0018051226235967915,1.3217233923308327,,
M6.N[4.15],M6,shift-5,0.00126678262453353,0.0018051226235967915,0.7017709533823283,,
M6.N[4.15],M6,shift-2,0.0005104021181725205,0.0018051226235967915,0.28275204770051593,,
M6.N[4.15],M6,shift+2,0.0005393008350755013,0.0018051226235967915,0.29876132957711155,,
M6.N[4.15],M6,shift+5,0.001358231831440626,0.0018051226235967915,0.7524318922635214,,
M6.N[4.15],M6,shift+10,0.002750449267918162,0.0018051226235967915,1.523691095532204,,
M6.N[4.15],M6,shift+20,0.005642532817417473,0.0018051226235967915,3.125844606708469,,
M6.N[4.15],M6,band_shrink10,2.6268612927163315e-05,0.0018051226235967915,0.014552259543909473,,
M6.N[4.15],M6,band_lo10,0.001358231831440626,0.0018051226235967915,0.7524318922635214,,
M6.N[4.15],M6,band_hi10,0.00069203387573466,0.0018051226235967915,0.3833722245172187,,
M6.N[4.15],M6,band_3.3-4.1,,0.0018051226235967915,,,
M6.N[4.15],M6,band_3.4-3.9,,0.0018051226235967915,,,
M6.N[4.15],M6,band_3.2-3.5_nodip,,0.0018051226235967915,,,
M6.N[4.15],M6,flatten_notch,0.005457762283605422,0.0018051226235967915,3.023485613808648,,
M6.N[4.15],M6,detune-200,0.006439521363723388,0.0018051226235967915,3.5673595131683298,,
M6.N[4.15],M6,detune+200,0.1107450181302136,0.0018051226235967915,61.35041280993363,,
M6.N[4.15],M6,open_all,0.10994779138739631,0.0018051226235967915,60.90876594761201,True,False
M6.N[4.15],M6,short_all,0.10781325731600097,0.0018051226235967915,59.72627892789798,True,False
M6.N[4.15],M6,one_open,0.018436895018488136,0.0018051226235967915,10.2136524009387,True,False
M7.D,M7,shift-20,0.010259127662646748,0.004019290677989183,2.5524721859080124,,
M7.D,M7,shift-10,0.003873058515392635,0.004019290677989183,0.9636174205072158,,
M7.D,M7,shift-5,0.001861412822829183,0.004019290677989183,0.4631197323007332,,
M7.D,M7,shift-2,0.0008055654858511313,0.004019290677989183,0.200424788946628,,
M7.D,M7,shift+2,0.0008816652496805195,0.004019290677989183,0.21935841926257724,,
M7.D,M7,shift+5,0.002338865352307668,0.004019290677989183,0.5819099785730806,,
M7.D,M7,shift+10,0.005088091938861422,0.004019290677989183,1.2659178811637857,,
M7.D,M7,shift+20,0.011799969333601772,0.004019290677989183,2.935833777393079,,
M7.D,M7,band_shrink10,0.0011312795125883214,0.004019290677989183,0.28146247764152527,,
M7.D,M7,band_lo10,0.0011261378623158291,0.004019290677989183,0.2801832344405671,,
M7.D,M7,band_hi10,0.0011263335575246707,0.004019290677989183,0.2802319234318643,,
M7.D,M7,band_3.3-4.1,0.002534030347320561,0.004019290677989183,0.630467052606485,,
M7.D,M7,band_3.4-3.9,0.009860483829548345,0.004019290677989183,2.453289552693278,,
M7.D,M7,band_3.2-3.5_nodip,0.007848852532908504,0.004019290677989183,1.9527954461943067,,
M7.D,M7,flatten_notch,0.008053982095744098,0.004019290677989183,2.0038317058903132,,
M7.D,M7,detune-200,0.16368835776070492,0.004019290677989183,40.72568293134669,,
M7.D,M7,detune+200,0.1808932932725688,0.004019290677989183,45.00627293845495,,
M7.D,M7,open_all,2.2788091467744103,0.004019290677989183,566.9679874744663,True,False
M7.D,M7,short_all,0.5927517369771976,0.004019290677989183,147.47670284791303,True,False
M7.D,M7,one_open,0.38013263334928316,0.004019290677989183,94.57704450961987,True,False
M7.D_pow,M7,shift-20,0.004286536351429281,0.0011183406843744683,3.83294322680115,,
M7.D_pow,M7,shift-10,0.0015760819506982632,0.0011183406843744683,1.4093039560479081,,
M7.D_pow,M7,shift-5,0.0007765937820383155,0.0011183406843744683,0.6944161049391624,,
M7.D_pow,M7,shift-2,0.0003420889539351179,0.0011183406843744683,0.30588975141010954,,
M7.D_pow,M7,shift+2,0.0003819556613106831,0.0011183406843744683,0.3415378396291876,,
M7.D_pow,M7,shift+5,0.001027299763984189,0.0011183406843744683,0.9185928566649598,,
M7.D_pow,M7,shift+10,0.0022811652683226427,0.0011183406843744683,2.039776697919729,,
M7.D_pow,M7,shift+20,0.005372107481154567,0.0011183406843744683,4.8036412841042235,,
M7.D_pow,M7,band_shrink10,0.0003188073597255553,0.0011183406843744683,0.2850717712231642,,
M7.D_pow,M7,band_lo10,0.00033438997142089385,0.0011183406843744683,0.299005460583714,,
M7.D_pow,M7,band_hi10,0.0002834103038214151,0.0011183406843744683,0.253420364457131,,
M7.D_pow,M7,band_3.3-4.1,0.0006950253096475972,0.0011183406843744683,0.6214790531709503,,
M7.D_pow,M7,band_3.4-3.9,0.0026977546736348217,0.0011183406843744683,2.4122834046261863,,
M7.D_pow,M7,band_3.2-3.5_nodip,0.002284675501136676,0.0011183406843744683,2.042915484573097,,
M7.D_pow,M7,flatten_notch,0.00674455780487615,0.0011183406843744683,6.0308615246780946,,
M7.D_pow,M7,detune-200,0.1086296434839425,0.0011183406843744683,97.13466120094103,,
M7.D_pow,M7,detune+200,0.13252038287366807,0.0011183406843744683,118.49732798354904,,
M7.D_pow,M7,open_all,0.4216806810374732,0.0011183406843744683,377.0592333170242,True,False
M7.D_pow,M7,short_all,0.422317743604198,0.0011183406843744683,377.62888313449565,True,False
M7.D_pow,M7,one_open,0.0704536306248056,0.0011183406843744683,62.99836141990405,True,False
M7.D0,M7,shift-20,0.01007353526118944,0.003978127689919678,2.532230246584376,,
M7.D0,M7,shift-10,0.003798420618395168,0.003978127689919678,0.9548262183790941,,
M7.D0,M7,shift-5,0.0018077423812166392,0.003978127689919678,0.45442040128509276,,
M7.D0,M7,shift-2,0.0007830621997039593,0.003978127689919678,0.19684189667621502,,
M7.D0,M7,shift+2,0.000857887852765922,0.003978127689919678,0.21565116045413904,,
M7.D0,M7,shift+5,0.0022772287868832123,0.003978127689919678,0.5724373284079254,,
M7.D0,M7,shift+10,0.004958315161291457,0.003978127689919678,1.2463941702664576,,
M7.D0,M7,shift+20,0.01162414269004955,0.003978127689919678,2.9220134686738146,,
M7.D0,M7,band_shrink10,0.0011122202002361824,0.003978127689919678,0.2795838361484669,,
M7.D0,M7,band_lo10,0.0011070556961705336,0.003978127689919678,0.2782856113381534,,
M7.D0,M7,band_hi10,0.001107370514001147,0.003978127689919678,0.2783647485240741,,
M7.D0,M7,band_3.3-4.1,0.0024912294864431472,0.003978127689919678,0.6262316548450075,,
M7.D0,M7,band_3.4-3.9,0.009691727217285914,0.003978127689919678,2.43625342691843,,
M7.D0,M7,band_3.2-3.5_nodip,0.0077641097948757225,0.003978127689919678,1.9516994928416906,,
M7.D0,M7,flatten_notch,0.008053982095744094,0.003978127689919678,2.0245660078112553,,
M7.D0,M7,detune-200,0.16282747454548302,0.003978127689919678,40.930680771780516,,
M7.D0,M7,detune+200,0.18009288927821804,0.003978127689919678,45.27076637951112,,
M7.D0,M7,open_all,2.278496476441507,0.003978127689919678,572.755993281732,True,False
M7.D0,M7,short_all,0.5924259054148309,0.003978127689919678,148.9207867600631,True,False
M7.D0,M7,one_open,0.3800248575952641,0.003978127689919678,95.52857203609196,True,False
M7.D1,M7,shift-20,0.00010108029276754988,1.9782067516712627e-05,5.109693043063041,,
M7.D1,M7,shift-10,4.793044367906071e-05,1.9782067516712627e-05,2.4229238747955586,,
M7.D1,M7,shift-5,2.6230988605909292e-05,1.9782067516712627e-05,1.3259983358032914,,
M7.D1,M7,shift-2,1.0996536701732415e-05,1.9782067516712627e-05,0.555884095150425,,
M7.D1,M7,shift+2,1.1617328147820868e-05,1.9782067516712627e-05,0.5872656201383458,,
M7.D1,M7,shift+5,3.0111756279623748e-05,1.9782067516712627e-05,1.522174376069853,,
M7.D1,M7,shift+10,6.339286924986537e-05,1.9782067516712627e-05,3.2045623742972627,,
M7.D1,M7,shift+20,0.0001364750694454575,1.9782067516712627e-05,6.898928503310297,,
M7.D1,M7,band_shrink10,9.320755728760264e-06,1.9782067516712627e-05,0.4711719703153244,,
M7.D1,M7,band_lo10,9.330769750590207e-06,1.9782067516712627e-05,0.4716781874648454,,
M7.D1,M7,band_hi10,9.280495602660371e-06,1.9782067516712627e-05,0.4691367873868524,,
M7.D1,M7,band_3.3-4.1,2.0937673522406907e-05,1.9782067516712627e-05,1.0584168467081603,,
M7.D1,M7,band_3.4-3.9,8.272934537248761e-05,1.9782067516712627e-05,4.18203735795537,,
M7.D1,M7,band_3.2-3.5_nodip,7.559475065742831e-05,1.9782067516712627e-05,3.8213776489016156,,
M7.D1,M7,flatten_notch,0.0,1.9782067516712627e-05,0.0,,
M7.D1,M7,detune-200,0.0004252303230485471,1.9782067516712627e-05,21.495747231137326,,
M7.D1,M7,detune+200,0.0004174661713510026,1.9782067516712627e-05,21.103262891925308,,
M7.D1,M7,open_all,0.00015908449131024722,1.9782067516712627e-05,8.04185362201634,True,False
M7.D1,M7,short_all,0.0001590973009328099,1.9782067516712627e-05,8.042501159112847,True,False
M7.D1,M7,one_open,5.4618784134688385e-05,1.9782067516712627e-05,2.761025059111966,True,True
M7.D2,M7,shift-20,7.760182585883872e-07,4.215634354315593e-07,1.8408101684482394,,
M7.D2,M7,shift-10,4.243541522618269e-07,4.215634354315593e-07,1.0066199214536022,,
M7.D2,M7,shift-5,2.3303432703733048e-07,4.215634354315593e-07,0.55278590942967,,
M7.D2,M7,shift-2,9.77368883857582e-08,4.215634354315593e-07,0.23184384643251574,,
M7.D2,M7,shift+2,1.0335533189516665e-07,4.215634354315593e-07,0.24517148122526475,,
M7.D2,M7,shift+5,2.713831453376159e-07,4.215634354315593e-07,0.6437539941285417,,
M7.D2,M7,shift+10,5.812821380085119e-07,4.215634354315593e-07,1.378872286239547,,
M7.D2,M7,shift+20,1.2794618265918372e-06,4.215634354315593e-07,3.0350398517889423,,
M7.D2,M7,band_shrink10,9.000413033135223e-08,4.215634354315593e-07,0.21350079908902436,,
M7.D2,M7,band_lo10,9.627071705678891e-08,4.215634354315593e-07,0.22836590881805363,,
M7.D2,M7,band_hi10,8.042301111000506e-08,4.215634354315593e-07,0.19077321311720288,,
M7.D2,M7,band_3.3-4.1,1.957595649975514e-07,4.215634354315593e-07,0.46436561747142535,,
M7.D2,M7,band_3.4-3.9,6.51916907153555e-07,4.215634354315593e-07,1.5464265929187624,,
M7.D2,M7,band_3.2-3.5_nodip,4.5804075609626734e-07,4.215634354315593e-07,1.0865286635387763,,
M7.D2,M7,flatten_notch,0.0,4.215634354315593e-07,0.0,,
M7.D2,M7,detune-200,4.465806704415629e-06,4.215634354315593e-07,10.593439395055531,,
M7.D2,M7,detune+200,4.63880995156363e-06,4.215634354315593e-07,11.003824244896446,,
M7.D2,M7,open_all,1.38021754216897e-06,4.215634354315593e-07,3.2740447253354064,True,False
M7.D2,M7,short_all,1.3828052361870832e-06,4.215634354315593e-07,3.2801830518614348,True,False
M7.D2,M7,one_open,4.6007736072722546e-07,4.215634354315593e-07,1.091359738674297,True,True
M7.D3,M7,shift-20,3.4889924297972616e-06,7.557261652157318e-07,4.616741606136243,,
M7.D3,M7,shift-10,1.448920145759112e-06,7.557261652157318e-07,1.9172554986838373,,
M7.D3,M7,shift-5,8.13677286158452e-07,7.557261652157318e-07,1.0766826975299675,,
M7.D3,M7,shift-2,3.4566569934989757e-07,7.557261652157318e-07,0.4573954366807226,,
M7.D3,M7,shift+2,3.7064032831638254e-07,7.557261652157318e-07,0.4904426303813081,,
M7.D3,M7,shift+5,9.707517815953591e-07,7.557261652157318e-07,1.2845284790665483,,
M7.D3,M7,shift+10,2.0749289548956497e-06,7.557261652157318e-07,2.745609521543209,,
M7.D3,M7,shift+20,4.584108831839481e-06,7.557261652157318e-07,6.065833158669169,,
M7.D3,M7,band_shrink10,3.006565883387344e-07,7.557261652157318e-07,0.39783800293973953,,
M7.D3,M7,band_lo10,3.064670042996825e-07,7.557261652157318e-07,0.4055265232376829,,
M7.D3,M7,band_hi10,2.875196865555065e-07,7.557261652157318e-07,0.3804548522855898,,
M7.D3,M7,band_3.3-4.1,6.68235027212086e-07,7.557261652157318e-07,0.8842290474636796,,
M7.D3,M7,band_3.4-3.9,2.333279221666559e-06,7.557261652157318e-07,3.087466504485119,,
M7.D3,M7,band_3.2-3.5_nodip,6.780474009865474e-07,7.557261652157318e-07,0.8972130808690341,,
M7.D3,M7,flatten_notch,0.0,7.557261652157318e-07,0.0,,
M7.D3,M7,detune-200,1.0057313829336437e-05,7.557261652157318e-07,13.308145585333076,,
M7.D3,M7,detune+200,1.067814127504565e-05,7.557261652157318e-07,14.129643469466794,,
M7.D3,M7,open_all,5.599853293660282e-06,7.557261652157318e-07,7.40989732975797,True,False
M7.D3,M7,short_all,5.602475063092558e-06,7.557261652157318e-07,7.413366535341884,True,False
M7.D3,M7,one_open,1.8402593773575124e-06,7.557261652157318e-07,2.43508755162948,True,True
M7.D3[k3],M7,shift-20,1.0498580672310603e-05,1.8865650943168632e-06,5.564918329050396,,
M7.D3[k3],M7,shift-10,4.176681832833971e-06,1.8865650943168632e-06,2.213908147360467,,
M7.D3[k3],M7,shift-5,2.114738539867174e-06,1.8865650943168632e-06,1.1209465001963974,,
M7.D3[k3],M7,shift-2,8.738082011628747e-07,1.8865650943168632e-06,0.4631741591080831,,
M7.D3[k3],M7,shift+2,9.073286316878297e-07,1.8865650943168632e-06,0.4809421283268145,,
M7.D3[k3],M7,shift+5,2.3248958842902353e-06,1.8865650943168632e-06,1.2323433160582749,,
M7.D3[k3],M7,shift+10,4.970852309277612e-06,1.8865650943168632e-06,2.6348692256906134,,
M7.D3[k3],M7,shift+20,1.1110063593898177e-05,1.8865650943168632e-06,5.889043334558885,,
M7.D3[k3],M7,band_shrink10,2.500152716813069e-07,1.8865650943168632e-06,0.13252406314229986,,
M7.D3[k3],M7,band_lo10,1.0766371020926088e-06,1.8865650943168632e-06,0.5706864318310022,,
M7.D3[k3],M7,band_hi10,1.2866542979099434e-06,1.8865650943168632e-06,0.6820089599801743,,
M7.D3[k3],M7,band_3.3-4.1,,1.8865650943168632e-06,,,
M7.D3[k3],M7,band_3.4-3.9,,1.8865650943168632e-06,,,
M7.D3[k3],M7,band_3.2-3.5_nodip,,1.8865650943168632e-06,,,
M7.D3[k3],M7,flatten_notch,0.0,1.8865650943168632e-06,0.0,,
M7.D3[k3],M7,detune-200,1.2523649698355301e-05,1.8865650943168632e-06,6.638334259486652,,
M7.D3[k3],M7,detune+200,2.550504397627358e-05,1.8865650943168632e-06,13.51930238352529,,
M7.D3[k3],M7,open_all,1.4953769325543072e-05,1.8865650943168632e-06,7.926452880205505,True,False
M7.D3[k3],M7,short_all,1.4936025079096815e-05,1.8865650943168632e-06,7.917047296216005,True,False
M7.D3[k3],M7,one_open,4.870922093107235e-06,1.8865650943168632e-06,2.58189982830729,True,True
M8.s1^2,M8,shift-20,0.00430185809031286,0.00021640279640661175,19.878939467260164,,
M8.s1^2,M8,shift-10,0.002051555360996049,0.00021640279640661175,9.480262709458074,,
M8.s1^2,M8,shift-5,0.0010017860132653933,0.00021640279640661175,4.629265563570073,,
M8.s1^2,M8,shift-2,0.0003934204848256573,0.00021640279640661175,1.8180009286314245,,
M8.s1^2,M8,shift+2,0.0003977460560256052,0.00021640279640661175,1.8379894466717384,,
M8.s1^2,M8,shift+5,0.0009754157377281913,0.00021640279640661175,4.507408194002384,,
M8.s1^2,M8,shift+10,0.0019451740747218893,0.00021640279640661175,8.988673469205033,,
M8.s1^2,M8,shift+20,0.003867199454486936,0.00021640279640661175,17.870376532568603,,
M8.s1^2,M8,band_shrink10,0.04030312042688022,0.00021640279640661175,186.2412182102876,,
M8.s1^2,M8,band_lo10,0.05024299996650333,0.00021640279640661175,232.17352456064776,,
M8.s1^2,M8,band_hi10,0.023268701326831565,0.00021640279640661175,107.52495676216057,,
M8.s1^2,M8,band_3.3-4.1,0.08233244740865353,0.00021640279640661175,380.45925827111,,
M8.s1^2,M8,band_3.4-3.9,0.2540128253574522,0.00021640279640661175,1173.7964091747353,,
M8.s1^2,M8,band_3.2-3.5_nodip,0.10342937919287004,0.00021640279640661175,477.9484411030003,,
M8.s1^2,M8,flatten_notch,0.05967178689875341,0.00021640279640661175,275.7440656479902,,
M8.s1^2,M8,detune-200,0.09100740653529232,0.00021640279640661175,420.54635174072905,,
M8.s1^2,M8,detune+200,0.03267415759492609,0.00021640279640661175,150.98768656174258,,
M8.s1^2,M8,open_all,0.5926822575590703,0.00021640279640661175,2738.792046131628,True,False
M8.s1^2,M8,short_all,0.5898848465460603,0.00021640279640661175,2725.865175224869,True,False
M8.s1^2,M8,one_open,0.5658513023290078,0.00021640279640661175,2614.805870002701,True,False
M8.s2^2,M8,shift-20,0.004299267547875407,0.0027934977225524404,1.5390266879999934,,
M8.s2^2,M8,shift-10,0.0020498605162173056,0.0027934977225524404,0.7337970959018116,,
M8.s2^2,M8,shift-5,0.001000856106470327,0.0027934977225524404,0.3582806237464325,,
M8.s2^2,M8,shift-2,0.00039170471783744887,0.0027934977225524404,0.14022016723877806,,
M8.s2^2,M8,shift+2,0.00039369002780104134,0.0027934977225524404,0.14093085690484247,,
M8.s2^2,M8,shift+5,0.000974408487318501,0.0027934977225524404,0.34881305950311514,,
M8.s2^2,M8,shift+10,0.0019431528168294965,0.0027934977225524404,0.6955984968743854,,
M8.s2^2,M8,shift+20,0.0038631295924230202,0.0027934977225524404,1.3829005698609445,,
M8.s2^2,M8,band_shrink10,0.04071436349047136,0.0027934977225524404,14.57469006034139,,
M8.s2^2,M8,band_lo10,0.050736800968628315,0.0027934977225524404,18.162463695252168,,
M8.s2^2,M8,band_hi10,0.02363274087109668,0.0027934977225524404,8.459910555968975,,
M8.s2^2,M8,band_3.3-4.1,0.0832217143889597,0.0027934977225524404,29.791223281513677,,
M8.s2^2,M8,band_3.4-3.9,0.256433666878074,0.0027934977225524404,91.79662643281792,,
M8.s2^2,M8,band_3.2-3.5_nodip,0.1038034976838122,0.0027934977225524404,37.158969862687464,,
M8.s2^2,M8,flatten_notch,0.05869258494260754,0.0027934977225524404,21.010428778506277,,
M8.s2^2,M8,detune-200,0.0918622224578659,0.0027934977225524404,32.88430189731126,,
M8.s2^2,M8,detune+200,0.03261341016605962,0.0027934977225524404,11.674758100844448,,
M8.s2^2,M8,open_all,0.5841155908704074,0.0027934977225524404,209.0982878399115,True,False
M8.s2^2,M8,short_all,0.5825193119759666,0.0027934977225524404,208.5268612439441,True,False
M8.s2^2,M8,one_open,0.0077800104709623286,0.0027934977225524404,2.7850427112049596,True,True
M8.s3^2,M8,shift-20,0.004352623473994233,0.004174524479780173,1.042663300952409,,
M8.s3^2,M8,shift-10,0.0020753297087968137,0.004174524479780173,0.49714158315490314,,
M8.s3^2,M8,shift-5,0.0010132927030562788,0.004174524479780173,0.2427324855715394,,
M8.s3^2,M8,shift-2,0.00040589664740747766,0.004174524479780173,0.09723182828930299,,
M8.s3^2,M8,shift+2,0.00039748522025412347,0.004174524479780173,0.09521688570264528,,
M8.s3^2,M8,shift+5,0.000986462572055924,0.004174524479780173,0.23630537485981404,,
M8.s3^2,M8,shift+10,0.0019670891191779227,0.004174524479780173,0.47121274020688175,,
M8.s3^2,M8,shift+20,0.003910321071194545,0.004174524479780173,0.9367105379629871,,
M8.s3^2,M8,band_shrink10,0.040684286783141566,0.004174524479780173,9.745849372832991,,
M8.s3^2,M8,band_lo10,0.05072932715620221,0.004174524479780173,12.15212113425517,,
M8.s3^2,M8,band_hi10,0.023452100519297914,0.004174524479780173,5.617909448822512,,
M8.s3^2,M8,band_3.3-4.1,0.08312369412345877,0.004174524479780173,19.912134789502062,,
M8.s3^2,M8,band_3.4-3.9,0.25651153352901757,0.004174524479780173,61.44688689010281,,
M8.s3^2,M8,band_3.2-3.5_nodip,0.1043220800584001,0.004174524479780173,24.990170871843496,,
M8.s3^2,M8,flatten_notch,0.05862713407792641,0.004174524479780173,14.044026897409324,,
M8.s3^2,M8,detune-200,0.09304025148320827,0.004174524479780173,22.28762867096846,,
M8.s3^2,M8,detune+200,0.03303801713593019,0.004174524479780173,7.9141989215667365,,
M8.s3^2,M8,open_all,0.5770811195635595,0.004174524479780173,138.23876763897863,True,False
M8.s3^2,M8,short_all,0.5748784591647402,0.004174524479780173,137.7111242128859,True,False
M8.s3^2,M8,one_open,0.002484994547604924,0.004174524479780173,0.5952760750694608,True,True
M8.s4^2,M8,shift-20,0.004340358409340106,0.0035284696751848865,1.2300965599520641,,
M8.s4^2,M8,shift-10,0.0020692729139854538,0.0035284696751848865,0.5864505308174505,,
M8.s4^2,M8,shift-5,0.0010102254136565847,0.0035284696751848865,0.28630695645801474,,
M8.s4^2,M8,shift-2,0.00039458203430292604,0.0035284696751848865,0.11182809280690517,,
M8.s4^2,M8,shift+2,0.00040387913323669533,0.0035284696751848865,0.11446297415480343,,
M8.s4^2,M8,shift+5,0.0009832467899053565,0.0035284696751848865,0.27866097215468794,,
M8.s4^2,M8,shift+10,0.0019604416791945134,0.0035284696751848865,0.5556067813142788,,
M8.s4^2,M8,shift+20,0.0038961154749443394,0.0035284696751848865,1.104194121985812,,
M8.s4^2,M8,band_shrink10,0.041544575355916324,0.0035284696751848865,11.77410582499606,,
M8.s4^2,M8,band_lo10,0.051561324265263,0.0035284696751848865,14.612942440141918,,
M8.s4^2,M8,band_hi10,0.024303452086868182,0.0035284696751848865,6.887816624240853,,
M8.s4^2,M8,band_3.3-4.1,0.08499181426216473,0.0035284696751848865,24.087443590601723,,
M8.s4^2,M8,band_3.4-3.9,0.2632696106848239,0.0035284696751848865,74.61297245555298,,
M8.s4^2,M8,band_3.2-3.5_nodip,0.10178202154622784,0.0035284696751848865,28.845939150913807,,
M8.s4^2,M8,flatten_notch,0.056608938057706226,0.0035284696751848865,16.043481528501445,,
M8.s4^2,M8,detune-200,0.09377629320117192,0.0035284696751848865,26.577043827437226,,
M8.s4^2,M8,detune+200,0.032615328513726005,0.0035284696751848865,9.243477064038254,,
M8.s4^2,M8,open_all,0.5768715917059095,0.0035284696751848865,163.4905907688387,True,False
M8.s4^2,M8,short_all,0.5753898432999704,0.0035284696751848865,163.07064996096952,True,False
M8.s4^2,M8,one_open,0.005244736232956293,0.0035284696751848865,1.4864053586294395,True,True
M8.s5^2,M8,shift-20,0.004341860240493656,0.005185407887707938,0.8373227978431705,,
M8.s5^2,M8,shift-10,0.002070692674458252,0.005185407887707938,0.3993307217676839,,
M8.s5^2,M8,shift-5,0.0010109576610411453,0.005185407887707938,0.19496203248304356,,
M8.s5^2,M8,shift-2,0.00039823476680966863,0.005185407887707938,0.07679912080854588,,
M8.s5^2,M8,shift+2,0.0003995913535732032,0.005185407887707938,0.0770607370194423,,
M8.s5^2,M8,shift+5,0.0009838483305454893,0.005185407887707938,0.1897340290004402,,
M8.s5^2,M8,shift+10,0.0019615960303206448,0.005185407887707938,0.3782915583112812,,
M8.s5^2,M8,shift+20,0.0038982266502410323,0.005185407887707938,0.751768565686379,,
M8.s5^2,M8,band_shrink10,0.04168618449847383,0.005185407887707938,8.03913316005311,,
M8.s5^2,M8,band_lo10,0.05172527285023243,0.005185407887707938,9.975159904555959,,
M8.s5^2,M8,band_hi10,0.024413732340744787,0.005185407887707938,4.708160451295989,,
M8.s5^2,M8,band_3.3-4.1,0.08530744435085569,0.005185407887707938,16.451443396203768,,
M8.s5^2,M8,band_3.4-3.9,0.2640984891132697,0.005185407887707938,50.9310925644476,,
M8.s5^2,M8,band_3.2-3.5_nodip,0.10117111550072111,0.005185407887707938,19.51073429354483,,
M8.s5^2,M8,flatten_notch,0.05657406327063624,0.005185407887707938,10.910243609715955,,
M8.s5^2,M8,detune-200,0.09463723376850092,0.005185407887707938,18.250682649833475,,
M8.s5^2,M8,detune+200,0.032578730718840265,0.005185407887707938,6.282771080760778,,
M8.s5^2,M8,open_all,0.569403548824408,0.005185407887707938,109.80882529495605,True,False
M8.s5^2,M8,short_all,0.5691444964349208,0.005185407887707938,109.75886733695215,True,False
M8.s5^2,M8,one_open,0.004533086666612451,0.005185407887707938,0.8742005961301866,True,True
M8.s6^2,M8,shift-20,0.004419060279904408,0.005684077623303696,0.7774454489831482,,
M8.s6^2,M8,shift-10,0.002103885195959776,0.005684077623303696,0.37013660533667325,,
M8.s6^2,M8,shift-5,0.0010266557191979109,0.005684077623303696,0.18061958108890122,,
M8.s6^2,M8,shift-2,0.0004027421608346904,0.005684077623303696,0.0708544442080664,,
M8.s6^2,M8,shift+2,0.00040697370078635053,0.005684077623303696,0.0715988991983205,,
M8.s6^2,M8,shift+5,0.0009989248409509321,0.005684077623303696,0.1757408865873893,,
M8.s6^2,M8,shift+10,0.001991764245085237,0.005684077623303696,0.3504111620360992,,
M8.s6^2,M8,shift+20,0.003958625829194151,0.005684077623303696,0.696441197946435,,
M8.s6^2,M8,band_shrink10,0.04199468065364376,0.005684077623303696,7.388125820357048,,
M8.s6^2,M8,band_lo10,0.05230997236241142,0.005684077623303696,9.202895496702919,,
M8.s6^2,M8,band_hi10,0.024492051265505577,0.005684077623303696,4.308887543177203,,
M8.s6^2,M8,band_3.3-4.1,0.08592626518427493,0.005684077623303696,15.117011216031374,,
M8.s6^2,M8,band_3.4-3.9,0.26508344950023943,0.005684077623303696,46.63614170458281,,
M8.s6^2,M8,band_3.2-3.5_nodip,0.10361618200285105,0.005684077623303696,18.229198978220026,,
M8.s6^2,M8,flatten_notch,0.05555463215412204,0.005684077623303696,9.773728621572308,,
M8.s6^2,M8,detune-200,0.09628316793734026,0.005684077623303696,16.939101525038396,,
M8.s6^2,M8,detune+200,0.03319099153056959,0.005684077623303696,5.839292446410742,,
M8.s6^2,M8,open_all,0.5629905964639498,0.005684077623303696,99.04695779589454,True,False
M8.s6^2,M8,short_all,0.5615143284006218,0.005684077623303696,98.78723789740555,True,False
M8.s6^2,M8,one_open,0.002300988233719381,0.005684077623303696,0.4048129505279349,True,True
M8.lam0^2,M8,shift-20,0.004364050120713947,0.0035547026629093037,1.2276835883489177,,
M8.lam0^2,M8,shift-10,0.0020844455173800736,0.0035547026629093037,0.5863909629150484,,
M8.lam0^2,M8,shift-5,0.0010186015421068673,0.0035547026629093037,0.286550420302441,,
M8.lam0^2,M8,shift-2,0.000401116626347231,0.0035547026629093037,0.1128411190428349,,
M8.lam0^2,M8,shift+2,0.00040318744228634573,0.0035547026629093037,0.11342367576712079,,
M8.lam0^2,M8,shift+5,0.0009923381282492816,0.0035547026629093037,0.279162062864947,,
M8.lam0^2,M8,shift+10,0.0019785612330120994,0.0035547026629093037,0.5566038627244198,,
M8.lam0^2,M8,shift+20,0.003932110751749485,0.0035547026629093037,1.1061714929853783,,
M8.lam0^2,M8,band_shrink10,0.04106482188212768,0.0035547026629093037,11.552252263067952,,
M8.lam0^2,M8,band_lo10,0.0512713710637826,0.0035547026629093037,14.42353297190268,,
M8.lam0^2,M8,band_hi10,0.023839764384374074,0.0035547026629093037,6.70654247206789,,
M8.lam0^2,M8,band_3.3-4.1,0.08413098933276886,0.0035547026629093037,23.66751802073731,,
M8.lam0^2,M8,band_3.4-3.9,0.26304105002855427,0.0035547026629093037,73.99804567993641,,
M8.lam0^2,M8,band_3.2-3.5_nodip,0.09459153774063894,0.0035547026629093037,26.610253152150182,,
M8.lam0^2,M8,flatten_notch,0.058635036063125145,0.0035547026629093037,16.495060662861743,,
M8.lam0^2,M8,detune-200,0.09105760334412077,0.0035547026629093037,25.616095628542887,,
M8.lam0^2,M8,detune+200,0.03294072001413478,0.0035547026629093037,9.26680038751113,,
M8.lam0^2,M8,open_all,0.5795731420056336,0.0035547026629093037,163.04405655444862,True,False
M8.lam0^2,M8,short_all,0.5779291090749006,0.0035547026629093037,162.5815613511543,True,False
M8.lam0^2,M8,one_open,0.09713101762477211,0.0035547026629093037,27.324653237037946,True,False
M8.lam1^2,M8,shift-20,0.0043150577205396945,0.0032909268213549003,1.311198320345255,,
M8.lam1^2,M8,shift-10,0.002057658003192575,0.0032909268213549003,0.6252518256681932,,
M8.lam1^2,M8,shift-5,0.0010047052460749328,0.0032909268213549003,0.3052955293795587,,
M8.lam1^2,M8,shift-2,0.00039544409261366154,0.0032909268213549003,0.12016192218180473,,
M8.lam1^2,M8,shift+2,0.0003975530307376296,0.0032909268213549003,0.12080275628066196,,
M8.lam1^2,M8,shift+5,0.0009779838091954485,0.0032909268213549003,0.29717579948885187,,
M8.lam1^2,M8,shift+10,0.001949874627323378,0.0032909268213549003,0.5925001475786689,,
M8.lam1^2,M8,shift+20,0.003874824365970031,0.0032909268213549003,1.1774264747627343,,
M8.lam1^2,M8,band_shrink10,0.04128369863818776,0.0032909268213549003,12.544702717270066,,
M8.lam1^2,M8,band_lo10,0.051264373686491393,0.0032909268213549003,15.577488187776066,,
M8.lam1^2,M8,band_hi10,0.024084642403144174,0.0032909268213549003,7.318498316905248,,
M8.lam1^2,M8,band_3.3-4.1,0.0844383693037139,0.0032909268213549003,25.657929783121084,,
M8.lam1^2,M8,band_3.4-3.9,0.2616789460943547,0.0032909268213549003,79.51527344707696,,
M8.lam1^2,M8,band_3.2-3.5_nodip,0.0985360906528947,0.0032909268213549003,29.941744682224996,,
M8.lam1^2,M8,flatten_notch,0.05807152058137738,0.0032909268213549003,17.645947094462855,,
M8.lam1^2,M8,detune-200,0.09243897004898377,0.0032909268213549003,28.089038458450414,,
M8.lam1^2,M8,detune+200,0.03238938536802466,0.0032909268213549003,9.84202540082301,,
M8.lam1^2,M8,open_all,0.578740804190788,0.0032909268213549003,175.85951788272092,True,False
M8.lam1^2,M8,short_all,0.5771070779934491,0.0032909268213549003,175.3630844200448,True,False
M8.lam1^2,M8,one_open,0.09694428237079583,0.0032909268213549003,29.458048638979797,True,False
M8.lam2^2,M8,shift-20,0.004319857637419655,0.0036655130248774426,1.1785137873201503,,
M8.lam2^2,M8,shift-10,0.00205911740493947,0.0036655130248774426,0.5617542185676225,,
M8.lam2^2,M8,shift-5,0.0010052480872679292,0.0036655130248774426,0.2742448547980647,,
M8.lam2^2,M8,shift-2,0.0003956660206427265,0.0036655130248774426,0.10794287674259613,,
M8.lam2^2,M8,shift+2,0.00039778495980036244,0.0036655130248774426,0.10852095111943096,,
M8.lam2^2,M8,shift+5,0.0009785872999037992,0.0036655130248774426,0.2669714425408483,,
M8.lam2^2,M8,shift+10,0.0019515352890811521,0.0036655130248774426,0.5324044071965621,,
M8.lam2^2,M8,shift+20,0.0038799834294281355,0.0036655130248774426,1.0585103375967035,,
M8.lam2^2,M8,band_shrink10,0.04119904892906079,0.0036655130248774426,11.239640576761635,,
M8.lam2^2,M8,band_lo10,0.05121574913125554,0.0036655130248774426,13.97232768882821,,
M8.lam2^2,M8,band_hi10,0.02411901749647083,0.0036655130248774426,6.579984120306667,,
M8.lam2^2,M8,band_3.3-4.1,0.0843155499864523,0.0036655130248774426,23.002387227711846,,
M8.lam2^2,M8,band_3.4-3.9,0.2591006238254804,0.0036655130248774426,70.6860464188757,,
M8.lam2^2,M8,band_3.2-3.5_nodip,0.10616528612909393,0.0036655130248774426,28.96328164940666,,
M8.lam2^2,M8,flatten_notch,0.05722549009998246,0.0036655130248774426,15.611863799582544,,
M8.lam2^2,M8,detune-200,0.09418415128772034,0.0036655130248774426,25.694671018354768,,
M8.lam2^2,M8,detune+200,0.03277381938298618,0.0036655130248774426,8.941127520364487,,
M8.lam2^2,M8,open_all,0.5751130180868029,0.0036655130248774426,156.8983698007817,True,False
M8.lam2^2,M8,short_all,0.5734835982046455,0.0036655130248774426,156.45384269881842,True,False
M8.lam2^2,M8,one_open,0.09572328533262642,0.0036655130248774426,26.114566960467137,True,False
M8.lam3^2,M8,shift-20,0.004421147205287801,0.003681992236748255,1.2007486493758415,,
M8.lam3^2,M8,shift-10,0.0021026000367692643,0.003681992236748255,0.5710495572978643,,
M8.lam3^2,M8,shift-5,0.0010252654078944934,0.003681992236748255,0.2784539841398348,,
M8.lam3^2,M8,shift-2,0.00040324395915797284,0.003681992236748255,0.10951787326800479,,
M8.lam3^2,M8,shift+2,0.00040550206831463376,0.003681992236748255,0.11013115787358428,,
M8.lam3^2,M8,shift+5,0.0009968264120568948,0.003681992236748255,0.2707301775674683,,
M8.lam3^2,M8,shift+10,0.0019878368995087103,0.003681992236748255,0.539880795963944,,
M8.lam3^2,M8,shift+20,0.003951891729938373,0.003681992236748255,1.073302569868664,,
M8.lam3^2,M8,band_shrink10,0.0408968941919019,0.003681992236748255,11.107273335269149,,
M8.lam3^2,M8,band_lo10,0.051074080869964344,0.003681992236748255,13.87131682685739,,
M8.lam3^2,M8,band_hi10,0.02331569422674107,0.003681992236748255,6.332358334175165,,
M8.lam3^2,M8,band_3.3-4.1,0.08326455180526626,0.003681992236748255,22.613994395273686,,
M8.lam3^2,M8,band_3.4-3.9,0.25480938519465224,0.003681992236748255,69.20421576436748,,
M8.lam3^2,M8,band_3.2-3.5_nodip,0.11172055254045421,0.003681992236748255,30.342419363469386,,
M8.lam3^2,M8,flatten_notch,0.0568858040980556,0.003681992236748255,15.449734937055219,,
M8.lam3^2,M8,detune-200,0.09627454186751866,0.003681992236748255,26.147404903966706,,
M8.lam3^2,M8,detune+200,0.03344350614389546,0.003681992236748255,9.082992030811841,,
M8.lam3^2,M8,open_all,0.5758639184264891,0.003681992236748255,156.40009033127737,True,False
M8.lam3^2,M8,short_all,0.5742208243511902,0.003681992236748255,155.95383896254825,True,False
M8.lam3^2,M8,one_open,0.0959104333391741,0.003681992236748255,26.04851590449773,True,False
M8.lam0^2[k3],M8,shift-20,0.02120322196436958,0.012744787252075146,1.6636779841826865,,
M8.lam0^2[k3],M8,shift-10,0.01090099427363353,0.012744787252075146,0.8553296385436796,,
M8.lam0^2[k3],M8,shift-5,0.005513694891511184,0.012744787252075146,0.4326235332499118,,
M8.lam0^2[k3],M8,shift-2,0.0022194957184581976,0.012744787252075146,0.1741492952812384,,
M8.lam0^2[k3],M8,shift+2,0.0022468971677204463,0.012744787252075146,0.17629930757412993,,
M8.lam0^2[k3],M8,shift+5,0.0056791372570591525,0.012744787252075146,0.4456047123214597,,
M8.lam0^2[k3],M8,shift+10,0.011556156281624458,0.012744787252075146,0.9067359111657866,,
M8.lam0^2[k3],M8,shift+20,0.023879528731795455,0.012744787252075146,1.8736702511771874,,
M8.lam0^2[k3],M8,band_shrink10,0.009262846843531028,0.012744787252075146,0.726794936653244,,
M8.lam0^2[k3],M8,band_lo10,0.030436659359717913,0.012744787252075146,2.38816535401657,,
M8.lam0^2[k3],M8,band_hi10,0.026059096467352966,0.012744787252075146,2.0446866590974238,,
M8.lam0^2[k3],M8,band_3.3-4.1,,0.012744787252075146,,,
M8.lam0^2[k3],M8,band_3.4-3.9,,0.012744787252075146,,,
M8.lam0^2[k3],M8,band_3.2-3.5_nodip,,0.012744787252075146,,,
M8.lam0^2[k3],M8,flatten_notch,0.05141782899513053,0.012744787252075146,4.034420345993498,,
M8.lam0^2[k3],M8,detune-200,0.059921098595343156,0.012744787252075146,4.701616230242417,,
M8.lam0^2[k3],M8,detune+200,0.4343407002342429,0.012744787252075146,34.07987058893605,,
M8.lam0^2[k3],M8,open_all,0.8913796244112049,0.012744787252075146,69.94072217769407,True,False
M8.lam0^2[k3],M8,short_all,0.8926274697939736,0.012744787252075146,70.03863243371389,True,False
M8.lam0^2[k3],M8,one_open,0.14945271516269215,0.012744787252075146,11.726575909563167,True,False
M8.lam1^2[k3],M8,shift-20,0.01971300359692199,0.013680070889201118,1.4410015676514656,,
M8.lam1^2[k3],M8,shift-10,0.01008881891772298,0.013680070889201118,0.7374829413849727,,
M8.lam1^2[k3],M8,shift-5,0.005092983731693451,0.013680070889201118,0.3722922032307443,,
M8.lam1^2[k3],M8,shift-2,0.002048076551836253,0.013680070889201118,0.14971242242998756,,
M8.lam1^2[k3],M8,shift+2,0.0020754347969272335,0.013680070889201118,0.15171228378396465,,
M8.lam1^2[k3],M8,shift+5,0.005245891438256267,0.013680070889201118,0.38346960923991336,,
M8.lam1^2[k3],M8,shift+10,0.01071203073773408,0.013680070889201118,0.7830391249061456,,
M8.lam1^2[k3],M8,shift+20,0.022386984351231418,0.013680070889201118,1.6364669841662467,,
M8.lam1^2[k3],M8,band_shrink10,0.00927705219537156,0.013680070889201118,0.6781435761926317,,
M8.lam1^2[k3],M8,band_lo10,0.02861275796645675,0.013680070889201118,2.091565036336421,,
M8.lam1^2[k3],M8,band_hi10,0.02428518307693464,0.013680070889201118,1.7752234819269153,,
M8.lam1^2[k3],M8,band_3.3-4.1,,0.013680070889201118,,,
M8.lam1^2[k3],M8,band_3.4-3.9,,0.013680070889201118,,,
M8.lam1^2[k3],M8,band_3.2-3.5_nodip,,0.013680070889201118,,,
M8.lam1^2[k3],M8,flatten_notch,0.0505255665072776,0.013680070889201118,3.6933702256734557,,
M8.lam1^2[k3],M8,detune-200,0.057751195113376674,0.013680070889201118,4.221556714224688,,
M8.lam1^2[k3],M8,detune+200,0.4330349245027327,0.013680070889201118,31.654435712359152,,
M8.lam1^2[k3],M8,open_all,0.8914067251057318,0.013680070889201118,65.16097265324827,True,False
M8.lam1^2[k3],M8,short_all,0.8926629954693246,0.013680070889201118,65.2528048062954,True,False
M8.lam1^2[k3],M8,one_open,0.14959721051501562,0.013680070889201118,10.935411938040895,True,False
M8.lam2^2[k3],M8,shift-20,0.017561036440272404,0.013854865664226917,1.2674995821586903,,
M8.lam2^2[k3],M8,shift-10,0.008915408123077173,0.013854865664226917,0.6434857139103586,,
M8.lam2^2[k3],M8,shift-5,0.0044916226833271455,0.013854865664226917,0.3241909948592614,,
M8.lam2^2[k3],M8,shift-2,0.0018163137224259385,0.013854865664226917,0.1310957295757574,,
M8.lam2^2[k3],M8,shift+2,0.0018415858295501852,0.013854865664226917,0.1329197896378841,,
M8.lam2^2[k3],M8,shift+5,0.0046503808274079295,0.013854865664226917,0.33564965118464857,,
M8.lam2^2[k3],M8,shift+10,0.009454010197307544,0.013854865664226917,0.6823602932302458,,
M8.lam2^2[k3],M8,shift+20,0.019717907769003576,0.013854865664226917,1.4231756732160137,,
M8.lam2^2[k3],M8,band_shrink10,0.01015733041935346,0.013854865664226917,0.7331237029298346,,
M8.lam2^2[k3],M8,band_lo10,0.025264877268880534,0.013854865664226917,1.8235382342330548,,
M8.lam2^2[k3],M8,band_hi10,0.02171432606285212,0.013854865664226917,1.5672707761373843,,
M8.lam2^2[k3],M8,band_3.3-4.1,,0.013854865664226917,,,
M8.lam2^2[k3],M8,band_3.4-3.9,,0.013854865664226917,,,
M8.lam2^2[k3],M8,band_3.2-3.5_nodip,,0.013854865664226917,,,
M8.lam2^2[k3],M8,flatten_notch,0.049375751689445094,0.013854865664226917,3.563784224695346,,
M8.lam2^2[k3],M8,detune-200,0.05238684029807003,0.013854865664226917,3.7811149936539747,,
M8.lam2^2[k3],M8,detune+200,0.4283528401501124,0.013854865664226917,30.91714135172843,,
M8.lam2^2[k3],M8,open_all,0.885049942383159,0.013854865664226917,63.88008110885885,True,False
M8.lam2^2[k3],M8,short_all,0.8863011009077117,0.013854865664226917,63.97038573936734,True,False
M8.lam2^2[k3],M8,one_open,0.14745815568359466,0.013854865664226917,10.643059215242317,True,False
M8.lam3^2[k3],M8,shift-20,0.016137061871074526,0.014895315838819756,1.0833648675658536,,
M8.lam3^2[k3],M8,shift-10,0.008119995910044225,0.014895315838819756,0.5451375451121432,,
M8.lam3^2[k3],M8,shift-5,0.004066569948692894,0.014895315838819756,0.2730099846620716,,
M8.lam3^2[k3],M8,shift-2,0.0016393487266475326,0.014895315838819756,0.11005800376351253,,
M8.lam3^2[k3],M8,shift+2,0.0016592977970266154,0.014895315838819756,0.11139728858264286,,
M8.lam3^2[k3],M8,shift+5,0.004185471728166468,0.014895315838819756,0.28099247934430555,,
M8.lam3^2[k3],M8,shift+10,0.008496735036108594,0.014895315838819756,0.5704300014884304,,
M8.lam3^2[k3],M8,shift+20,0.017664881102600075,0.014895315838819756,1.1859353164276218,,
M8.lam3^2[k3],M8,band_shrink10,0.00961671134853509,0.014895315838819756,0.6456198346242706,,
M8.lam3^2[k3],M8,band_lo10,0.022700336787154926,0.014895315838819756,1.5239916382299155,,
M8.lam3^2[k3],M8,band_hi10,0.020050829551048477,0.014895315838819756,1.3461164414380906,,
M8.lam3^2[k3],M8,band_3.3-4.1,,0.014895315838819756,,,
M8.lam3^2[k3],M8,band_3.4-3.9,,0.014895315838819756,,,
M8.lam3^2[k3],M8,band_3.2-3.5_nodip,,0.014895315838819756,,,
M8.lam3^2[k3],M8,flatten_notch,0.0488879408449336,0.014895315838819756,3.282101660276529,,
M8.lam3^2[k3],M8,detune-200,0.05352776049023149,0.014895315838819756,3.593596877665993,,
M8.lam3^2[k3],M8,detune+200,0.4181990408288038,0.014895315838819756,28.075876023985014,,
M8.lam3^2[k3],M8,open_all,0.8846161310009387,0.014895315838819756,59.38888040866357,True,False
M8.lam3^2[k3],M8,short_all,0.8858493885171956,0.014895315838819756,59.4716753980147,True,False
M8.lam3^2[k3],M8,one_open,0.1472650386013144,0.014895315838819756,9.886667741379231,True,False
