scheme,profile,metric,method_id,min_J_meas,weakest_pair,min_J_eff,min_gap_over_port,min_bhatt,max_bayes_err,shift_move_over_min_gap,shift_robust,band_move_over_min_gap,band_gap_retention,freq_robust,any_ad_pair,note
three_merged,ideal,M0.old_score,M0,0.1716663238247639,Mild+Moderate|Severe,0.14841275380104735,1.4802952452859215,0.04806282238236492,0.3812741924629929,1.3856680348781139,False,26.03463497177055,0.5807628988190071,False,True,baseline only; not a physical quantity
three_merged,ideal,M1.Sii_dBavg,M1,0.052059713980537194,Normal|Severe,0.04820455088374978,1.1410075789078034,0.035617971381906595,0.4074342443160343,0.6033707391774785,False,16.064083649739644,1.0350299495996005,False,True,dB averaging; shown for fragility
three_merged,ideal,M2.R,M2,0.1513851116485438,Mild+Moderate|Severe,0.14190060702518217,2.128341831361374,0.06163499195854506,0.3744202802327229,0.6290863113824435,False,15.574613961445042,0.5161889369420466,False,True,
three_merged,ideal,M2.R[k3],M2,0.12358075027904473,Mild+Moderate|Severe,0.11520061980517038,1.8432847465772142,0.038974073858472257,0.3956148209126862,1.2841628487744379,False,3.4220182540968103,0.7208560347245685,False,True,
three_merged,ideal,M3.A,M3,0.15138511164854407,Mild+Moderate|Severe,0.14190060702518328,2.128341831361477,0.061634991958545236,0.37442028023272284,0.6290863113824985,False,15.57461396144555,0.5161889369420667,False,True,affine copy of M2.R (identical separability)
three_merged,ideal,M3.ML_of_powavg,M3,0.1498645343805106,Mild+Moderate|Severe,0.14035887520817922,2.103745754551861,0.06079089213188274,0.3752179282837766,0.6402589441821538,False,15.01657019655103,0.4966320961406709,False,True,
three_merged,ideal,M3.ML_dBavg,M3,0.49919497843084804,Mild+Moderate|Severe,0.450107057085372,3.0256639575971835,0.14872582122731037,0.2987768549962728,0.8606461744156017,False,12.158450374523419,0.769345230204191,False,True,dB averaging; comparison only
three_merged,ideal,M4.N,M4,0.15546339120164623,Mild+Moderate|Severe,0.145694717304186,2.1534419193206817,0.06293384113342895,0.37304197432723074,0.6217324606800353,False,15.382669385008152,0.5177903330765701,False,True,
three_merged,ideal,M4.N[k3],M4,0.12107265006974581,Mild+Moderate|Severe,0.11292870645466996,1.832410702819391,0.03828302189826721,0.39658607480186425,1.2869889260300196,False,3.4328363087444114,0.7170750166195973,False,True,
three_merged,ideal,M5.C,M5,0.291763882706477,Normal|Mild+Moderate,0.22034417009303447,1.3417527552239605,0.07592233153460999,0.34961684980741015,0.018740370858532904,True,3.717309782113483,1.1098402505222904,False,True,
three_merged,ideal,M5.C1,M5,0.2369552346101272,Normal|Mild+Moderate,0.17758667915453977,1.1906252910606965,0.061316267336189945,0.364092728071761,0.0171308039641063,True,4.095051273102453,1.1070618738871314,False,True,
three_merged,ideal,M5.C2,M5,12.842139166431934,Mild+Moderate|Severe,3.7227483309247194,3.2249114963334597,3.229522687019469,0.005208970461881801,0.03030272426374216,True,0.7310328124329363,1.0056074971531557,False,True,
three_merged,ideal,M5.C3,M5,0.08684773332875656,Mild+Moderate|Severe,0.025739274414857728,0.27048409087879655,0.4543584069116404,0.18349726965951974,0.22080735048467467,True,8.004128405092194,1.109613489249073,False,True,
three_merged,ideal,M5.C[k3],M5,0.46400955517441594,Normal|Mild+Moderate,0.34014264031986186,1.5963618435432056,0.1500392016759684,0.2996303585531819,1.1898197553882306,False,3.134052485016931,0.6421290278945389,False,True,
three_merged,ideal,M5.C1[k3],M5,0.3428774675644407,Normal|Mild+Moderate,0.2552530257584654,1.4133746190594687,0.12682929842638768,0.31944827296242306,1.354335991373726,False,3.561377180916055,0.5978364195698145,False,True,
three_merged,ideal,M5.C2[k3],M5,3.4237952121980526,Normal|Mild+Moderate,1.9281751598149788,2.971197289181567,1.227768932786129,0.04966118249941154,0.14375424556108055,True,0.36760589957826895,0.7835401990812972,False,True,
three_merged,ideal,M5.C3[k3],M5,0.0038944991203773236,Mild+Moderate|Severe,0.0017082286552480498,0.07801208052383687,0.04522487143040959,0.39711343477038963,3.2866819632388373,False,9.476156517471281,-0.45774844561903133,False,True,
three_merged,ideal,M5.C3_dBavg[k3],M5,0.04124646047282845,Mild+Moderate|Severe,0.014855587881425835,0.2154896358217545,0.021562721142838075,0.4270285876815012,1.3242336301263664,False,3.884385228443216,0.28152551189722164,False,True,dB averaging; comparison only
three_merged,ideal,M6.fc_A,M6,0.15143675743121984,Normal|Mild+Moderate,0.1083502543485375,0.8727201278443696,0.04276127040375855,0.38807176174804286,6.071393561335257,False,23.218412606458074,0.8128193545289325,False,True,
three_merged,ideal,M6.spread_A,M6,11.040688431524801,Mild+Moderate|Severe,4.407266747551308,3.830266042990546,2.760386308382208,0.009390777370278035,0.2216294729640953,True,19.172888875422693,0.39812111337036665,False,True,
three_merged,ideal,M6.fc_N,M6,0.15242527265167602,Normal|Mild+Moderate,0.10884764941532538,0.8726121298192874,0.043095073682421506,0.3876775477347806,6.06797252276404,False,23.223746119128492,0.8130078884976762,False,True,
three_merged,ideal,M6.spread_N,M6,10.906885498702863,Mild+Moderate|Severe,4.357991184033356,3.8099963315711327,2.72691851997313,0.009757789737564485,0.22289458574891433,True,19.296117768510687,0.3943723020628125,False,True,
three_merged,ideal,M6.A[3.20],M6,0.6712018949166351,Mild+Moderate|Severe,0.584959792606517,3.017483648072581,0.1712433305100992,0.27986157311439075,2.3509715548197874,False,1.1550285886183387,0.9665632181625887,False,True,
three_merged,ideal,M6.N[3.20],M6,0.6715126216419345,Mild+Moderate|Severe,0.5851964671000311,3.0174973242792245,0.17132543674827425,0.2798149019394253,2.3506258884567823,False,1.154865548477539,0.9665674608623224,False,True,
three_merged,ideal,M6.A[3.25],M6,0.0633386110985636,Mild+Moderate|Severe,0.05545179008042012,0.9437480307485562,0.018523912717015426,0.4264820626179363,7.521456497691449,False,3.7052166558305175,0.7938252518405836,False,True,
three_merged,ideal,M6.N[3.25],M6,0.06344225603751781,Mild+Moderate|Severe,0.055536864253274185,0.944133234103302,0.018554758656205168,0.4264219178846981,7.516881961636733,False,3.70299876966977,0.7939830482092964,False,True,
three_merged,ideal,M6.A[3.30],M6,0.1576409201723143,Mild+Moderate|Severe,0.1312033006595707,1.2508657025889092,0.04235377079706066,0.3873388630836327,5.6160156554611245,False,2.7947128783780824,0.7366144006401281,False,True,
three_merged,ideal,M6.N[3.30],M6,0.1575844507260294,Mild+Moderate|Severe,0.13111728107068898,1.2495334762141337,0.04234787146664206,0.38735206159456737,5.620593951488169,False,2.797028843119756,0.7366464854292081,False,True,
three_merged,ideal,M6.A[3.35],M6,0.3266851995659013,Normal|Mild+Moderate,0.14907970832646972,0.7405609366884722,0.428054834427135,0.19153465447217968,9.273800146044138,False,4.58588611283064,0.3999639138064218,False,True,
three_merged,ideal,M6.N[3.35],M6,0.32960111659964036,Normal|Mild+Moderate,0.1498604925801627,0.7413610929911352,0.43112187297825827,0.1905483969439283,9.258533008456574,False,4.578248803097321,0.4008956493036354,False,True,
three_merged,ideal,M6.A[3.40],M6,0.3734149950926492,Mild+Moderate|Severe,0.35421213765781456,3.7115871746250715,0.09350020262799896,0.33276255516138736,1.0647562758965776,False,0.49700818320505163,0.9600268981034483,False,True,
three_merged,ideal,M6.N[3.40],M6,0.3712004650784642,Mild+Moderate|Severe,0.3521426531290165,3.7037532964386166,0.09294481615058076,0.33322965042966435,1.0655223789583874,False,0.49732694431614577,0.9598878645949465,False,True,
three_merged,ideal,M6.A[3.45],M6,0.024426419482811382,Mild+Moderate|Severe,0.02386602507106528,1.4424077651055505,0.006488612350172274,0.45532289992326597,0.9959667886516123,False,0.5004559163552491,0.8559542017437234,False,True,
three_merged,ideal,M6.N[3.45],M6,0.024079737870908207,Mild+Moderate|Severe,0.023527471363093265,1.4323664791545216,0.006400604727761374,0.4556327351006715,1.0055178274464123,False,0.5055396479845906,0.8549114334738531,False,True,
three_merged,ideal,M6.A[3.50],M6,0.0010615714798199827,Mild+Moderate|Severe,0.0010173897602082755,0.2211118368825696,0.010094610616640189,0.45137545690009856,8.182147720374246,False,3.972713640860225,0.4487069993521345,False,True,
three_merged,ideal,M6.N[3.50],M6,0.0011732355708567008,Mild+Moderate|Severe,0.0011247467416938622,0.2332996739158501,0.010047369856135198,0.45148870739204616,7.790036041319351,False,3.783209988853251,0.47547637734282105,False,True,
three_merged,ideal,M6.A[3.55],M6,0.19887182081006033,Mild+Moderate|Severe,0.10480058732090307,0.6656639868400428,0.2915086139774851,0.2275178262435141,4.275966404115538,False,2.111065450092005,0.9258216803159636,False,True,
three_merged,ideal,M6.N[3.55],M6,0.21088161320151402,Mild+Moderate|Severe,0.11046920531545255,0.6811790452993469,0.2915846927368525,0.22750647577685768,4.174642399203478,False,2.0608288812773248,0.9251051104645266,False,True,
three_merged,ideal,M6.A[3.60],M6,0.10171559637312366,Mild+Moderate|Severe,0.09959052869620107,2.9594205557931264,0.10917286153684481,0.33974582942152076,3.8086090570847992,False,1.878144288426812,0.496577075992832,False,True,
three_merged,ideal,M6.N[3.60],M6,0.10881509968770597,Mild+Moderate|Severe,0.10654896355969144,2.8164954376196136,0.11205272742239322,0.3376044438038418,4.023990095147638,False,1.9842138937861558,0.46522879369112846,False,True,
three_merged,ideal,M6.A[3.65],M6,0.028554530565716697,Mild+Moderate|Severe,0.0255987437593054,0.7032751688357468,0.019562217162027856,0.4313559291411758,5.60567427155696,False,2.7396373095692583,0.8968038270436312,False,True,
three_merged,ideal,M6.N[3.65],M6,0.030443479419438844,Mild+Moderate|Severe,0.02725431677531929,0.7213423939128578,0.019899183924099024,0.4306558124085101,5.453888509744246,False,2.665581939781476,0.8972771520225471,False,True,
three_merged,ideal,M6.A[3.70],M6,0.004786992470642417,Normal|Mild+Moderate,0.003922920373287726,0.20848562982694313,0.01339936284432561,0.4439441736390819,15.293030444784632,False,7.389656449550999,-0.6705440420817025,False,True,
three_merged,ideal,M6.N[3.70],M6,0.004652984771420442,Normal|Mild+Moderate,0.0038202865786867634,0.20662600252420613,0.013016640789800773,0.4447503561574918,15.374082718187266,False,7.428566026186923,-0.6835109143060203,False,True,
three_merged,ideal,M6.A[3.75],M6,0.03299411948054426,Normal|Severe,0.032313923275064924,1.77056147984175,0.030614743035634703,0.41405613423190557,2.2430610789244834,False,0.9979913866069113,0.9064838340724133,False,True,
three_merged,ideal,M6.N[3.75],M6,0.03256158347995032,Normal|Severe,0.03189166783597884,1.760744386097212,0.030606378324043802,0.4140651363854823,2.2475071394271104,False,1.0047745451141632,0.906416603225503,False,True,
three_merged,ideal,M6.A[3.80],M6,0.011616680248734804,Mild+Moderate|Severe,0.010818994108837555,0.561349622195117,0.004910409517500278,0.4644766889533104,6.578008537577965,False,3.2512998104315223,0.7425918499224688,False,True,
three_merged,ideal,M6.N[3.80],M6,0.01170137286475101,Mild+Moderate|Severe,0.01089601193795087,0.562693520900315,0.004947504072706829,0.4643439778996436,6.559047156670596,False,3.2420766591484296,0.7424293155392852,False,True,
three_merged,ideal,M6.A[3.85],M6,0.012447134175250316,Mild+Moderate|Severe,0.01189407070299007,0.7316905622794214,0.0031965272146557144,0.46834743126335476,8.633016514956644,False,4.206135284525886,0.936581980231205,False,True,
three_merged,ideal,M6.N[3.85],M6,0.012470724274435938,Mild+Moderate|Severe,0.011916414122036766,0.7322463468815503,0.0032017270086942507,0.46831964237851925,8.622368710520112,False,4.201132967791638,0.9366000598580243,False,True,
three_merged,ideal,M6.A[3.90],M6,0.1999730619815363,Mild+Moderate|Severe,0.18487380808955697,2.212894430518984,0.05715103735286219,0.3714210042933365,2.670236512918987,False,1.276462220976204,0.9481004720601258,False,True,
three_merged,ideal,M6.N[3.90],M6,0.20005084350808583,Mild+Moderate|Severe,0.1849448460854633,2.213255768212684,0.057175324214581186,0.3713954789364111,2.6695419527279856,False,1.2761394363750553,0.9481023615932689,False,True,
three_merged,ideal,M6.A[3.95],M6,0.8173109404907322,Mild+Moderate|Severe,0.7014204027901353,3.1453853689904023,0.23051495922423934,0.25238131483032705,1.6069502227424206,False,0.7799639433487207,0.9671124054592819,False,True,
three_merged,ideal,M6.N[3.95],M6,0.817407622405311,Mild+Moderate|Severe,0.7015055222846767,3.1456053431793,0.23054240938012754,0.25236834568909333,1.6068123454540042,False,0.7798975841741609,0.9671075577654941,False,True,
three_merged,ideal,M6.A[4.00],M6,1.7631697877114012,Mild+Moderate|Severe,1.3650369400458051,3.4771246723003895,0.4535937397320475,0.17064126869980584,1.2724759483181871,False,0.6216109381029267,0.9685384737659349,False,True,
three_merged,ideal,M6.N[4.00],M6,1.763229420212465,Mild+Moderate|Severe,1.3650926417068134,3.4772372505908775,0.4536097058339895,0.17063698094073873,1.272421473384718,False,0.6215843786850458,0.9685388014842794,False,True,
three_merged,ideal,M6.A[4.05],M6,2.0532529460812365,Mild+Moderate|Severe,1.5575890605545966,3.5922704914660675,0.5136877123405865,0.15538678505090603,1.1091672249561693,False,0.544714295807106,0.9654183256700534,False,True,
three_merged,ideal,M6.N[4.05],M6,2.0533057431137376,Mild+Moderate|Severe,1.557631995708584,3.592330450855173,0.5137004074195711,0.1553838090550248,1.1091376785359248,False,0.5446998327732707,0.9654185813603912,False,True,
three_merged,ideal,M6.A[4.10],M6,1.4512303874923416,Mild+Moderate|Severe,1.1386827872055074,3.2518198148226083,0.37319762064691014,0.19427265926644718,1.0892403313985681,False,0.536677868007435,0.9610478348241507,False,True,
three_merged,ideal,M6.N[4.10],M6,1.4512789970466031,Mild+Moderate|Severe,1.1387193150942208,3.2518635825169193,0.37320690201250395,0.1942695269131725,1.0892152921577933,False,0.5366655832898491,0.9610479396411187,False,True,
three_merged,ideal,M6.A[4.15],M6,0.7414204653093757,Mild+Moderate|Severe,0.6049617806454625,2.563956551582061,0.20089120718003292,0.2656924942360575,1.257163128531441,False,0.6208145041644072,0.9747036840654298,False,True,
three_merged,ideal,M6.N[4.15],M6,0.741458074649492,Mild+Moderate|Severe,0.604991234618684,2.564007380393449,0.20089765004167096,0.2656885263189122,1.257127036540274,False,0.6207967465933381,0.9747043585362216,False,True,
three_merged,ideal,M7.D,M7,0.05231558308025336,Mild+Moderate|Severe,0.043467557145285385,0.7169517947787466,0.5787367399936196,0.14896110151902192,9.754281713262515,False,2.1687538658544936,1.0406291852538982,False,True,
three_merged,ideal,M7.D_pow,M7,0.0070693379668657,Mild+Moderate|Severe,0.0058503193926375836,0.2604887651443607,0.08109256309206285,0.3623250347769767,34.792184769072314,False,5.100094163346275,0.36865468003592017,False,True,
three_merged,ideal,M7.D0,M7,0.05149994284113123,Mild+Moderate|Severe,0.04278350730295063,0.7110286527623566,0.5631988113212997,0.1528933730932896,9.638950848879665,False,2.1621529681899716,1.0400977204123802,False,True,
three_merged,ideal,M7.D1,M7,0.1641572753697966,Mild+Moderate|Severe,0.1033423309681574,0.7469285072191726,0.06690979527314425,0.36925840169081325,16.344837385352943,False,2.405789737209143,1.0964095867845518,False,True,
three_merged,ideal,M7.D2,M7,0.15680994676847637,Mild+Moderate|Severe,0.13509128914055724,1.3966866594535443,0.042481622276732765,0.38738355280043524,4.649139074310082,False,0.769980570732785,1.0400992035078838,False,True,
three_merged,ideal,M7.D3,M7,0.04080023366339841,Mild+Moderate|Severe,0.04021297687515879,2.363825494119632,0.04610045279687321,0.3956800300250993,7.296135019259641,False,1.0776391341220453,1.093931243189992,False,True,
three_merged,ideal,M7.D3[k3],M7,0.086674709350015,Mild+Moderate|Severe,0.08553747516495419,3.610891635673504,0.09082900316197298,0.35368050145294017,3.6451740878227534,False,0.9435160441145127,0.8639924530165568,False,True,
three_merged,ideal,M8.s1^2,M8,0.17003454476391508,Mild+Moderate|Severe,,,0.04849266067267027,0.38124590190743546,0.5536758878738304,False,13.559632922794979,0.30856632864265443,False,True,matrix-level: no per-antenna port-noise estimate
three_merged,ideal,M8.s2^2,M8,0.11282638149072605,Mild+Moderate|Severe,,,0.05313134719498054,0.38489394810748884,0.6137521912370768,False,15.191191071048435,0.4808600055137272,False,True,matrix-level: no per-antenna port-noise estimate
three_merged,ideal,M8.s3^2,M8,0.1116297610683309,Mild+Moderate|Severe,,,0.06407287315517304,0.37521111756838454,0.8523250574063017,False,20.834220460160306,0.6090305072043526,False,True,matrix-level: no per-antenna port-noise estimate
three_merged,ideal,M8.s4^2,M8,0.10674412762053762,Mild+Moderate|Severe,,,0.05202494690650543,0.38638127027006064,0.6908459255709797,False,17.21422560791874,0.5080188588735204,False,True,matrix-level: no per-antenna port-noise estimate
three_merged,ideal,M8.s5^2,M8,0.2295325111034666,Mild+Moderate|Severe,,,0.08385035453270898,0.3519598368668795,0.6811439970820589,False,17.01476975987522,0.573134551841504,False,True,matrix-level: no per-antenna port-noise estimate
three_merged,ideal,M8.s6^2,M8,0.28091459915652606,Mild+Moderate|Severe,,,0.10291735707531272,0.3365421909653057,0.6256283718361267,False,15.555317800959488,0.5362377326691482,False,True,matrix-level: no per-antenna port-noise estimate
three_merged,ideal,M8.lam0^2,M8,0.1447064647779014,Mild+Moderate|Severe,0.13498428190414316,2.004558209218605,0.05818301995794828,0.3777594627765145,0.6576274056636291,False,16.175744799447614,0.5577851059020184,False,True,
three_merged,ideal,M8.lam1^2,M8,0.13983661068130715,Mild+Moderate|Severe,0.13065546204318962,1.9949899775262554,0.05747956397175665,0.3787956540748586,0.6565452373666215,False,16.357130455220116,0.5172901507973595,False,True,
three_merged,ideal,M8.lam2^2,M8,0.16345951724364632,Mild+Moderate|Severe,0.15336879276197882,2.2290891049176627,0.06671412829870922,0.3694658339607607,0.6032155645393111,False,15.003582093669987,0.511702716257506,False,True,
three_merged,ideal,M8.lam3^2,M8,0.18260148889614833,Mild+Moderate|Severe,0.17177544984110793,2.4072040618031783,0.07134674663075086,0.3644024307611663,0.5663602434558488,False,13.757409098234044,0.4912028294427864,False,True,
three_merged,ideal,M8.lam0^2[k3],M8,0.18709683052630716,Mild+Moderate|Severe,0.1716571678123721,2.0396717464818646,0.05394681413726747,0.3752183755681358,1.3709291524181264,False,3.6107597198912047,0.7507847071724587,False,True,
three_merged,ideal,M8.lam1^2[k3],M8,0.15241779358411295,Mild+Moderate|Severe,0.1411726548412775,1.9562561263930156,0.0457143904464961,0.38589530111107917,1.3044787694729325,False,3.484375298871264,0.741617659925932,False,True,
three_merged,ideal,M8.lam2^2[k3],M8,0.09551099326583613,Mild+Moderate|Severe,0.08946507388673795,1.6812692319019824,0.03260335101324744,0.4058861363422548,1.2961712923224211,False,3.463885476799951,0.6843881478338493,False,True,
three_merged,ideal,M8.lam3^2[k3],M8,0.0819810556870805,Mild+Moderate|Severe,0.07745050721049863,1.674204455471651,0.028556545508462396,0.4121802565168571,1.143861134920643,False,3.0560012628483704,0.6887493912430479,False,True,
three_merged,good,M0.old_score,M0,0.16719504261850232,Mild+Moderate|Severe,0.14469883979326278,1.4665761261226267,0.046736109512222034,0.38284154390267894,1.3856680348781139,False,26.03463497177055,0.5807628988190071,False,True,baseline only; not a physical quantity
three_merged,good,M1.Sii_dBavg,M1,0.05249447883974538,Normal|Severe,0.048600136020270183,1.144651981717609,0.03572125374069628,0.40728462479492233,0.6033707391774785,False,16.064083649739644,1.0350299495996005,False,True,dB averaging; shown for fragility
three_merged,good,M2.R,M2,0.14963641451244603,Mild+Moderate|Severe,0.140279789871269,2.118222584700858,0.06057113413496538,0.37541038858163844,0.6290863113824435,False,15.574613961445042,0.5161889369420466,False,True,
three_merged,good,M2.R[k3],M2,0.12355407746744096,Mild+Moderate|Severe,0.11517936059199627,1.843511298950332,0.038928989476591014,0.3956537431031636,1.2841628487744379,False,3.4220182540968103,0.7208560347245685,False,True,
three_merged,good,M3.A,M3,0.14963641451244603,Mild+Moderate|Severe,0.14027978987126985,2.1182225847009604,0.06057113413496569,0.37541038858163833,0.6290863113824985,False,15.57461396144555,0.5161889369420667,False,True,affine copy of M2.R (identical separability)
three_merged,good,M3.ML_of_powavg,M3,0.14814915158452563,Mild+Moderate|Severe,0.13877363773974372,2.094211445720076,0.05974765600648264,0.37619468318391414,0.6402589441821538,False,15.01657019655103,0.4966320961406709,False,True,
three_merged,good,M3.ML_dBavg,M3,0.49507787941521453,Mild+Moderate|Severe,0.44775231209298355,3.0607140913312336,0.1456455035676076,0.3002888635135647,0.8606461744156017,False,12.158450374523419,0.769345230204191,False,True,dB averaging; comparison only
three_merged,good,M4.N,M4,0.15368227518633126,Mild+Moderate|Severe,0.14404443508137474,2.143311392549532,0.06185505843791088,0.3740342290811413,0.6217324606800353,False,15.382669385008152,0.5177903330765701,False,True,
three_merged,good,M4.N[k3],M4,0.12104764331048637,Mild+Moderate|Severe,0.11290887681098877,1.832643185358809,0.038238615633237445,0.39662458870212336,1.2869889260300196,False,3.4328363087444114,0.7170750166195973,False,True,
three_merged,good,M5.C,M5,0.2920660605693754,Normal|Mild+Moderate,0.22060041984451767,1.3427960830264063,0.0760322309973907,0.3495256842917663,0.018740370858532904,True,3.717309782113483,1.1098402505222904,False,True,
three_merged,good,M5.C1,M5,0.2372140989645633,Normal|Mild+Moderate,0.17780428587154162,1.1915911427847217,0.061409833840231125,0.36400549279570166,0.0171308039641063,True,4.095051273102453,1.1070618738871314,False,True,
three_merged,good,M5.C2,M5,12.815019381482395,Mild+Moderate|Severe,3.7180806391369234,3.224634047071437,3.2226767517348684,0.005251020708783679,0.03030272426374216,True,0.7310328124329363,1.0056074971531557,False,True,
three_merged,good,M5.C3,M5,0.08723950348956035,Mild+Moderate|Severe,0.025932178459188247,0.27166576187024566,0.447651790055588,0.1855759288266132,0.22080735048467467,True,8.004128405092194,1.109613489249073,False,True,
three_merged,good,M5.C[k3],M5,0.4648081035534397,Normal|Mild+Moderate,0.34081745184394013,1.5985207736064522,0.14988574474158028,0.2995735921371413,1.1898197553882306,False,3.134052485016931,0.6421290278945389,False,True,
three_merged,good,M5.C1[k3],M5,0.343551021717601,Normal|Mild+Moderate,0.2558156708070863,1.415425071012183,0.1268030821484273,0.31941721463595785,1.354335991373726,False,3.561377180916055,0.5978364195698145,False,True,
three_merged,good,M5.C2[k3],M5,3.4227111994749975,Normal|Mild+Moderate,1.9272145383593258,2.9701093127564135,1.2274008299907253,0.049691913182843044,0.14375424556108055,True,0.36760589957826895,0.7835401990812972,False,True,
three_merged,good,M5.C3[k3],M5,0.003972761663486514,Mild+Moderate|Severe,0.0017465689240878867,0.07895374540127155,0.0446689215992523,0.39774674745694016,3.2866819632388373,False,9.476156517471281,-0.45774844561903133,False,True,
three_merged,good,M5.C3_dBavg[k3],M5,0.04143451959520969,Mild+Moderate|Severe,0.01495337997884175,0.2163204117328359,0.021459916741947863,0.42715817425573677,1.3242336301263664,False,3.884385228443216,0.28152551189722164,False,True,dB averaging; comparison only
three_merged,good,M6.fc_A,M6,0.14973145204778443,Normal|Mild+Moderate,0.10748055035013225,0.8728074926155104,0.04214414364700406,0.3887840353531643,6.071393561335257,False,23.218412606458074,0.8128193545289325,False,True,
three_merged,good,M6.spread_A,M6,4.752094605457886,Mild+Moderate|Severe,2.879137342667794,3.8223002091369023,1.1881033995981225,0.06159384833890777,0.2216294729640953,True,19.172888875422693,0.39812111337036665,False,True,
three_merged,good,M6.fc_N,M6,0.1506950496534521,Normal|Mild+Moderate,0.10796848970445093,0.8726981193846639,0.0424672996959577,0.3883986484488061,6.06797252276404,False,23.223746119128492,0.8130078884976762,False,True,
three_merged,good,M6.spread_N,M6,4.692540150816583,Mild+Moderate|Severe,2.845279266966438,3.802045668077317,1.1732101129255221,0.062781461223143,0.22289458574891433,True,19.296117768510687,0.3943723020628125,False,True,
three_merged,good,M6.A[3.20],M6,0.6435868347271577,Mild+Moderate|Severe,0.5641218411514467,3.02285353238034,0.1639659544055782,0.2840602298096841,2.3509715548197874,False,1.1550285886183387,0.9665632181625887,False,True,
three_merged,good,M6.N[3.20],M6,0.6438689967972866,Mild+Moderate|Severe,0.5643392802584211,3.0228679595865797,0.16404033415431765,0.28401672892445756,2.3506258884567823,False,1.154865548477539,0.9665674608623224,False,True,
three_merged,good,M6.A[3.25],M6,0.059898675056772946,Mild+Moderate|Severe,0.052504617974443286,0.9223185805006134,0.01735148165571677,0.4286657983379835,7.521456497691449,False,3.7052166558305175,0.7938252518405836,False,True,
three_merged,good,M6.N[3.25],M6,0.0599973649774132,Mild+Moderate|Severe,0.05258588260971895,0.9227055444912453,0.01738051400205773,0.4286070902043404,7.516881961636733,False,3.70299876966977,0.7939830482092964,False,True,
three_merged,good,M6.A[3.30],M6,0.1557330188945437,Mild+Moderate|Severe,0.12977937473254947,1.247983992526935,0.041704728715760274,0.3881023446555849,5.6160156554611245,False,2.7947128783780824,0.7366144006401281,False,True,
three_merged,good,M6.N[3.30],M6,0.15567529022811122,Mild+Moderate|Severe,0.1296931934353144,1.2466551449282774,0.04169804861583913,0.38811639509300044,5.620593951488169,False,2.797028843119756,0.7366464854292081,False,True,
three_merged,good,M6.A[3.35],M6,0.319643636552461,Normal|Mild+Moderate,0.1462791540881814,0.7344448429326885,0.4108630484859547,0.19714514741790676,9.273800146044138,False,4.58588611283064,0.3999639138064218,False,True,
three_merged,good,M6.N[3.35],M6,0.32248425756463067,Normal|Mild+Moderate,0.14704426477699237,0.7352397894146548,0.4136550148101582,0.19621888930589504,9.258533008456574,False,4.578248803097321,0.4008956493036354,False,True,
three_merged,good,M6.A[3.40],M6,0.37315366440264536,Mild+Moderate|Severe,0.35397499597469967,3.711384251116488,0.09342493140220984,0.33282245125535037,1.0647562758965776,False,0.49700818320505163,0.9600268981034483,False,True,
three_merged,good,M6.N[3.40],M6,0.3709418835866027,Mild+Moderate|Severe,0.35190797943875357,3.7035529021554314,0.09287030176600025,0.33328913430039264,1.0655223789583874,False,0.49732694431614577,0.9598878645949465,False,True,
three_merged,good,M6.A[3.45],M6,0.024402880255145858,Mild+Moderate|Severe,0.023843424935203292,1.4422387423085012,0.006475913229070094,0.4553555538272601,0.9959667886516123,False,0.5004559163552491,0.8559542017437234,False,True,
three_merged,good,M6.N[3.45],M6,0.024056936764055233,Mild+Moderate|Severe,0.023505587378047806,1.4322118660768524,0.006388089281339721,0.45566496416663615,1.0055178274464123,False,0.5055396479845906,0.8549114334738531,False,True,
three_merged,good,M6.A[3.50],M6,0.0010789801032405088,Mild+Moderate|Severe,0.0010340951259239799,0.22297257867557524,0.009997480249917763,0.45160979229705245,8.182147720374246,False,3.972713640860225,0.4487069993521345,False,True,
three_merged,good,M6.N[3.50],M6,0.001191386335595062,Mild+Moderate|Severe,0.0011421706665898533,0.2351554832440789,0.009951148341816407,0.4517213627941583,7.790036041319351,False,3.783209988853251,0.47547637734282105,False,True,
three_merged,good,M6.A[3.55],M6,0.19810347967496184,Mild+Moderate|Severe,0.10433894844779325,0.6639952677554654,0.29234641753071944,0.2271519004459395,4.275966404115538,False,2.111065450092005,0.9258216803159636,False,True,
three_merged,good,M6.N[3.55],M6,0.21009062404695636,Mild+Moderate|Severe,0.10999421193931302,0.6795070927076673,0.2924261875448141,0.22713919436065452,4.174642399203478,False,2.0608288812773248,0.9251051104645266,False,True,
three_merged,good,M6.A[3.60],M6,0.1015875809311276,Mild+Moderate|Severe,0.0994658805840287,2.9597052927196477,0.10916190668108439,0.3397554725259282,3.8086090570847992,False,1.878144288426812,0.496577075992832,False,True,
three_merged,good,M6.N[3.60],M6,0.10867971414121863,Mild+Moderate|Severe,0.10641715784898133,2.816785162460875,0.11203972043803595,0.33761551810908974,4.023990095147638,False,1.9842138937861558,0.46522879369112846,False,True,
three_merged,good,M6.A[3.65],M6,0.028729297323693677,Mild+Moderate|Severe,0.02575513575165413,0.7053864980103562,0.01965797706067033,0.4311856619251393,5.60567427155696,False,2.7396373095692583,0.8968038270436312,False,True,
three_merged,good,M6.N[3.65],M6,0.030623822426053982,Mild+Moderate|Severe,0.027415454812165042,0.7234364094793947,0.01999740787289408,0.43048269145268664,5.453888509744246,False,2.665581939781476,0.8972771520225471,False,True,
three_merged,good,M6.A[3.70],M6,0.004831332015586931,Normal|Mild+Moderate,0.0039609826064495885,0.20970224890684513,0.013449078066404985,0.4438398585713517,15.293030444784632,False,7.389656449550999,-0.6705440420817025,False,True,
three_merged,good,M6.N[3.70],M6,0.0046961678592123395,Normal|Mild+Moderate,0.003857401715732646,0.20783265825722902,0.013065314105399054,0.44464673504963337,15.374082718187266,False,7.428566026186923,-0.6835109143060203,False,True,
three_merged,good,M6.A[3.75],M6,0.032943932460031064,Normal|Severe,0.032265936233351805,1.7707661624193591,0.030457080893105868,0.41427710796164685,2.2430610789244834,False,0.9979913866069113,0.9064838340724133,False,True,
three_merged,good,M6.N[3.75],M6,0.032512142344966244,Normal|Severe,0.031844391452198785,1.7609500206222273,0.03044877065922926,0.4142860665391591,2.2475071394271104,False,1.0047745451141632,0.906416603225503,False,True,
three_merged,good,M6.A[3.80],M6,0.011494429285962634,Mild+Moderate|Severe,0.010705605814338423,0.5585658964965237,0.004913617592021349,0.46451036432252374,6.578008537577965,False,3.2512998104315223,0.7425918499224688,False,True,
three_merged,good,M6.N[3.80],M6,0.011578545777984376,Mild+Moderate|Severe,0.010782111825211525,0.5599110508389112,0.004950751664918304,0.46437759808318513,6.559047156670596,False,3.2420766591484296,0.7424293155392852,False,True,
three_merged,good,M6.A[3.85],M6,0.012282906354059276,Mild+Moderate|Severe,0.011737750013433164,0.727272995979368,0.0031789037247528227,0.46849524785822355,8.633016514956644,False,4.206135284525886,0.936581980231205,False,True,
three_merged,good,M6.N[3.85],M6,0.012306260099159376,Mild+Moderate|Severe,0.01175987175672483,0.7278277722096929,0.0031839609570786186,0.4684678266572815,8.622368710520112,False,4.201132967791638,0.9366000598580243,False,True,
three_merged,good,M6.A[3.90],M6,0.1943070933944885,Mild+Moderate|Severe,0.17975359819542946,2.190859203244271,0.05517761196787711,0.373420577723146,2.670236512918987,False,1.276462220976204,0.9481004720601258,False,True,
three_merged,good,M6.N[3.90],M6,0.1943831684501175,Mild+Moderate|Severe,0.17982314708682987,2.191220675789433,0.055201175848970815,0.3733953008991403,2.6695419527279856,False,1.2761394363750553,0.9481023615932689,False,True,
three_merged,good,M6.A[3.95],M6,0.7413346810634318,Mild+Moderate|Severe,0.6450940099046991,3.1524945163362115,0.20814309956402544,0.2631867474340196,1.6069502227424206,False,0.7799639433487207,0.9671124054592819,False,True,
three_merged,good,M6.N[3.95],M6,0.7414224437034677,Mild+Moderate|Severe,0.6451721762341035,3.152714937187065,0.20816781957144007,0.2631742177295794,1.6068123454540042,False,0.7798975841741609,0.9671075577654941,False,True,
three_merged,good,M6.A[4.00],M6,1.2236555064153172,Mild+Moderate|Severe,1.0217807216055304,3.5195115607052103,0.31026053976484375,0.21574275513540045,1.2724759483181871,False,0.6216109381029267,0.9685384737659349,False,True,
three_merged,good,M6.N[4.00],M6,1.2237023255411321,Mild+Moderate|Severe,1.0218243224092627,3.5196259280243374,0.31027276806668586,0.21573821929179063,1.272421473384718,False,0.6215843786850458,0.9685388014842794,False,True,
three_merged,good,M6.A[4.05],M6,0.8945442994083539,Mild+Moderate|Severe,0.7722259847200981,3.360797808159641,0.22363618195705634,0.2518165756914734,1.1091672249561693,False,0.544714295807106,0.9654183256700534,False,True,
three_merged,good,M6.N[4.05],M6,0.8945614377751694,Mild+Moderate|Severe,0.7722423492079628,3.3608549807524364,0.2236404626483559,0.2518145297690617,1.1091376785359248,False,0.5446998327732707,0.9654185813603912,False,True,
three_merged,good,M6.A[4.10],M6,0.6282206923159784,Mild+Moderate|Severe,0.5652951872890084,3.3596605941355526,0.1578629466506416,0.28726214236609215,1.0892403313985681,False,0.536677868007435,0.9610478348241507,False,True,
three_merged,good,M6.N[4.10],M6,0.6282334610480966,Mild+Moderate|Severe,0.565306996014003,3.359704199723997,0.15786575312690465,0.2872603586589455,1.0892152921577933,False,0.5366655832898491,0.9610479396411187,False,True,
three_merged,good,M6.A[4.15],M6,0.3050584244414696,Mild+Moderate|Severe,0.2800446751733864,2.613549757938869,0.07792468983596802,0.34716674742400494,1.257163128531441,False,0.6208145041644072,0.9747036840654298,False,True,
three_merged,good,M6.N[4.15],M6,0.30506941090681305,Mild+Moderate|Severe,0.2800548407140703,2.613601368612859,0.07792702632892906,0.34716438338603844,1.257127036540274,False,0.6207967465933381,0.9747043585362216,False,True,
three_merged,good,M7.D,M7,0.05245728104752177,Mild+Moderate|Severe,0.04358242906275322,0.7177827926310819,0.5798661668169167,0.1486793865010487,9.754281713262515,False,2.1687538658544936,1.0406291852538982,False,True,
three_merged,good,M7.D_pow,M7,0.006253712103037604,Mild+Moderate|Severe,0.005170179480565186,0.24429566135267475,0.0827421201890881,0.36093876211489373,34.792184769072314,False,5.100094163346275,0.36865468003592017,False,True,
three_merged,good,M7.D0,M7,0.051640489313872134,Mild+Moderate|Severe,0.04289733440620902,0.7118545066792497,0.564317771395661,0.15260698791741154,9.638950848879665,False,2.1621529681899716,1.0400977204123802,False,True,
three_merged,good,M7.D1,M7,0.16443838164370986,Mild+Moderate|Severe,0.10352980376336479,0.7476701813907534,0.06705211413306952,0.36912774208922416,16.344837385352943,False,2.405789737209143,1.0964095867845518,False,True,
three_merged,good,M7.D2,M7,0.15721486257646114,Mild+Moderate|Severe,0.1354494597028595,1.3988369043056377,0.04255061697167745,0.38727007093725035,4.649139074310082,False,0.769980570732785,1.0400992035078838,False,True,
three_merged,good,M7.D3,M7,0.040871342337329676,Mild+Moderate|Severe,0.04028283421808647,2.3654198046051973,0.04617646488959221,0.39559418409202074,7.296135019259641,False,1.0776391341220453,1.093931243189992,False,True,
three_merged,good,M7.D3[k3],M7,0.08681721734338402,Mild+Moderate|Severe,0.08567814405203894,3.613908224982317,0.09092160173055122,0.3536055679519129,3.6451740878227534,False,0.9435160441145127,0.8639924530165568,False,True,
three_merged,good,M8.s1^2,M8,0.16530864048304422,Mild+Moderate|Severe,,,0.04881340801236211,0.3817739452125158,0.5536758878738304,False,13.559632922794979,0.30856632864265443,False,True,matrix-level: no per-antenna port-noise estimate
three_merged,good,M8.s2^2,M8,0.11592122065970074,Mild+Moderate|Severe,,,0.05225521786466057,0.3854216321652322,0.6137521912370768,False,15.191191071048435,0.4808600055137272,False,True,matrix-level: no per-antenna port-noise estimate
three_merged,good,M8.s3^2,M8,0.12694904114791675,Mild+Moderate|Severe,,,0.06374606004255104,0.37461262137370943,0.8523250574063017,False,20.834220460160306,0.6090305072043526,False,True,matrix-level: no per-antenna port-noise estimate
three_merged,good,M8.s4^2,M8,0.10961118893363245,Mild+Moderate|Severe,,,0.05274908434040523,0.38549450308890637,0.6908459255709797,False,17.21422560791874,0.5080188588735204,False,True,matrix-level: no per-antenna port-noise estimate
three_merged,good,M8.s5^2,M8,0.20675741084669405,Mild+Moderate|Severe,,,0.07852737913120361,0.3573752196120615,0.6811439970820589,False,17.01476975987522,0.573134551841504,False,True,matrix-level: no per-antenna port-noise estimate
three_merged,good,M8.s6^2,M8,0.24580040524251542,Mild+Moderate|Severe,,,0.09066695437249728,0.34642796747779925,0.6256283718361267,False,15.555317800959488,0.5362377326691482,False,True,matrix-level: no per-antenna port-noise estimate
three_merged,good,M8.lam0^2,M8,0.14301220228017492,Mild+Moderate|Severe,0.13342392647547088,1.9950240924211606,0.0571683478727964,0.37873113394507596,0.6576274056636291,False,16.175744799447614,0.5577851059020184,False,True,
three_merged,good,M8.lam1^2,M8,0.13816521679212174,Mild+Moderate|Severe,0.12911177463112317,1.9851367017426989,0.056456627759313496,0.3797843837111396,0.6565452373666215,False,16.357130455220116,0.5172901507973595,False,True,
three_merged,good,M8.lam2^2,M8,0.16159939451382596,Mild+Moderate|Severe,0.15164345878592336,2.218736158442839,0.06557864451682457,0.3704804597731356,0.6032155645393111,False,15.003582093669987,0.511702716257506,False,True,
three_merged,good,M8.lam3^2,M8,0.18067859489875554,Mild+Moderate|Severe,0.1699848830220761,2.396675636830806,0.0702068887358652,0.3653772962546046,0.5663602434558488,False,13.757409098234044,0.4912028294427864,False,True,
three_merged,good,M8.lam0^2[k3],M8,0.1869755656947901,Mild+Moderate|Severe,0.17155374263812884,2.039574936043945,0.05388060956157919,0.3752771249943737,1.3709291524181264,False,3.6107597198912047,0.7507847071724587,False,True,
three_merged,good,M8.lam1^2[k3],M8,0.15235826615340348,Mild+Moderate|Severe,0.14112238444138925,1.956331205277962,0.04565966286962794,0.3859421180825293,1.3044787694729325,False,3.484375298871264,0.741617659925932,False,True,
three_merged,good,M8.lam2^2[k3],M8,0.09551508872496504,Mild+Moderate|Severe,0.0894716396118836,1.6817105658656684,0.03256589008529325,0.40591903938442886,1.2961712923224211,False,3.463885476799951,0.6843881478338493,False,True,
three_merged,good,M8.lam3^2[k3],M8,0.0819941713728916,Mild+Moderate|Severe,0.07746438813327347,1.6746298402480713,0.02852341840108378,0.412210204160944,1.143861134920643,False,3.0560012628483704,0.6887493912430479,False,True,
three_merged,typical,M0.old_score,M0,0.15501299038579242,Mild+Moderate|Severe,0.1357365881636224,1.4775239166113143,0.04296092520021425,0.3873435002590088,1.3856680348781139,False,26.03463497177055,0.5807628988190071,False,True,baseline only; not a physical quantity
three_merged,typical,M1.Sii_dBavg,M1,0.05255696725811752,Normal|Severe,0.04867593539265139,1.1481898276889395,0.035679650050976786,0.4073314811566532,0.6033707391774785,False,16.064083649739644,1.0350299495996005,False,True,dB averaging; shown for fragility
three_merged,typical,M2.R,M2,0.14850625445358698,Mild+Moderate|Severe,0.1393809194688482,2.1299265380038994,0.05995330301196425,0.37599975168709776,0.6290863113824435,False,15.574613961445042,0.5161889369420466,False,True,
three_merged,typical,M2.R[k3],M2,0.12386817832593557,Mild+Moderate|Severe,0.11549945633861845,1.8490781761319348,0.03911441263124753,0.39545775306353903,1.2841628487744379,False,3.4220182540968103,0.7208560347245685,False,True,
three_merged,typical,M3.A,M3,0.1485062544535721,Mild+Moderate|Severe,0.1393809194688351,2.1299265380038954,0.05995330301196064,0.3759997516871021,0.6290863113824985,False,15.57461396144555,0.5161889369420667,False,True,affine copy of M2.R (identical separability)
three_merged,typical,M3.ML_of_powavg,M3,0.14702139250140028,Mild+Moderate|Severe,0.13789631924394988,2.107965122307789,0.05911300763642428,0.37680059107790276,0.6402589441821538,False,15.01657019655103,0.4966320961406709,False,True,
three_merged,typical,M3.ML_dBavg,M3,0.15450363430287742,Mild+Moderate|Severe,0.1525918002363254,4.966207346189981,0.03863231642355583,0.3905236279104066,0.8606461744156017,False,12.158450374523419,0.769345230204191,False,True,dB averaging; comparison only
three_merged,typical,M4.N,M4,0.15249770971764143,Mild+Moderate|Severe,0.14310012200006425,2.1550555358381493,0.061215924335891125,0.3746379107871119,0.6217324606800353,False,15.382669385008152,0.5177903330765701,False,True,
three_merged,typical,M4.N[k3],M4,0.12135715619933915,Mild+Moderate|Severe,0.11322411688928623,1.8381913944142643,0.03842267116160806,0.3964284204693744,1.2869889260300196,False,3.4328363087444114,0.7170750166195973,False,True,
three_merged,typical,M5.C,M5,0.29070425723160986,Normal|Mild+Moderate,0.21997996126977035,1.3447697706382171,0.07557638827278924,0.3499156361571894,0.018740370858532904,True,3.717309782113483,1.1098402505222904,False,True,
three_merged,typical,M5.C1,M5,0.23617843493479554,Normal|Mild+Moderate,0.17737682278416567,1.1936828029222932,0.061057881750765104,0.3643415428195632,0.0171308039641063,True,4.095051273102453,1.1070618738871314,False,True,
three_merged,typical,M5.C2,M5,12.58775549584189,Mild+Moderate|Severe,3.7241197023225534,3.2386371411763504,3.1648292400252878,0.005628205048225305,0.03030272426374216,True,0.7310328124329363,1.0056074971531557,False,True,
three_merged,typical,M5.C3,M5,0.09068704548587633,Mild+Moderate|Severe,0.02712969108326006,0.2782448553274155,0.4241877402666336,0.1930435275206954,0.22080735048467467,True,8.004128405092194,1.109613489249073,False,True,
three_merged,typical,M5.C[k3],M5,0.46187973303843416,Normal|Mild+Moderate,0.3389468757587841,1.595920599768924,0.1496515499309816,0.3000994283817283,1.1898197553882306,False,3.134052485016931,0.6421290278945389,False,True,
three_merged,typical,M5.C1[k3],M5,0.3412729156881501,Normal|Mild+Moderate,0.2543074619289079,1.4127719948597133,0.126148853425677,0.31989850709136647,1.354335991373726,False,3.561377180916055,0.5978364195698145,False,True,
three_merged,typical,M5.C2[k3],M5,3.4085763061553918,Normal|Mild+Moderate,1.9315015109308773,2.985711154404231,1.1997895068615116,0.052130393009154265,0.14375424556108055,True,0.36760589957826895,0.7835401990812972,False,True,
three_merged,typical,M5.C3[k3],M5,0.004360332042165906,Mild+Moderate|Severe,0.0019218105827045044,0.0829023379492957,0.04411579922247071,0.39838012469498085,3.2866819632388373,False,9.476156517471281,-0.45774844561903133,False,True,
three_merged,typical,M5.C3_dBavg[k3],M5,0.04259277197581754,Mild+Moderate|Severe,0.015376550759162961,0.2193807416934893,0.021371913941405817,0.4271495335832181,1.3242336301263664,False,3.884385228443216,0.28152551189722164,False,True,dB averaging; comparison only
three_merged,typical,M6.fc_A,M6,0.13904426610133733,Normal|Mild+Moderate,0.10209561285208428,0.876588509374079,0.039543274830169325,0.3924502782990251,6.071393561335257,False,23.218412606458074,0.8128193545289325,False,True,
three_merged,typical,M6.spread_A,M6,1.0422145790151098,Mild+Moderate|Severe,0.9151648078423259,3.874862372652657,0.2611087000420101,0.23500523961442815,0.2216294729640953,True,19.172888875422693,0.39812111337036665,False,True,
three_merged,typical,M6.fc_N,M6,0.1398675889157219,Normal|Mild+Moderate,0.10253288589850854,0.8764936662870437,0.0398227902326389,0.3921063991548731,6.06797252276404,False,23.223746119128492,0.8130078884976762,False,True,
three_merged,typical,M6.spread_N,M6,1.0289880134269573,Mild+Moderate|Severe,0.9038075470245525,3.854693529041059,0.25780075037169004,0.2364197802578965,0.22289458574891433,True,19.296117768510687,0.3943723020628125,False,True,
three_merged,typical,M6.A[3.20],M6,0.5052445792659419,Mild+Moderate|Severe,0.4536263218592849,2.979979545138151,0.12770702082237517,0.30700828289126064,2.3509715548197874,False,1.1550285886183387,0.9665632181625887,False,True,
three_merged,typical,M6.N[3.20],M6,0.5054043911233426,Mild+Moderate|Severe,0.45375549132611587,2.9799907281215456,0.12774852453298502,0.3069797414766636,2.3506258884567823,False,1.154865548477539,0.9665674608623224,False,True,
three_merged,typical,M6.A[3.25],M6,0.05748344830886134,Mild+Moderate|Severe,0.05097281042046714,0.9487328169604694,0.015782756647517066,0.4310610357484783,7.521456497691449,False,3.7052166558305175,0.7938252518405836,False,True,
three_merged,typical,M6.N[3.25],M6,0.05757121295135352,Mild+Moderate|Severe,0.051046471100160334,0.9491151000063573,0.01580747850463324,0.43100818916609185,7.516881961636733,False,3.70299876966977,0.7939830482092964,False,True,
three_merged,typical,M6.A[3.30],M6,0.15034750955987597,Mild+Moderate|Severe,0.12629322985783684,1.2564840324612554,0.039713384294101574,0.39040394791597155,5.6160156554611245,False,2.7947128783780824,0.7366144006401281,False,True,
three_merged,typical,M6.N[3.30],M6,0.1502813583588338,Mild+Moderate|Severe,0.12620396735557868,1.2551607350426808,0.03970262334789113,0.39042264400236276,5.620593951488169,False,2.797028843119756,0.7366464854292081,False,True,
three_merged,typical,M6.A[3.35],M6,0.311968716873765,Normal|Mild+Moderate,0.1486443883389262,0.7535626064565558,0.337158437335412,0.2232113100793661,9.273800146044138,False,4.58588611283064,0.3999639138064218,False,True,
three_merged,typical,M6.N[3.35],M6,0.31457850774940016,Normal|Mild+Moderate,0.14939868022280836,0.7543526114604211,0.3387736244686125,0.22259186203983095,9.258533008456574,False,4.578248803097321,0.4008956493036354,False,True,
three_merged,typical,M6.A[3.40],M6,0.3710149812291094,Mild+Moderate|Severe,0.35206959438354923,3.713412903656892,0.09285231913308552,0.3332918420245148,1.0647562758965776,False,0.49700818320505163,0.9600268981034483,False,True,
three_merged,typical,M6.N[3.40],M6,0.36881136933462566,Mild+Moderate|Severe,0.350009164576903,3.705548203717331,0.09230003006033188,0.33375829653869904,1.0655223789583874,False,0.49732694431614577,0.9598878645949465,False,True,
three_merged,typical,M6.A[3.45],M6,0.02416828075722761,Mild+Moderate|Severe,0.023616151121611324,1.4378775627914713,0.0064113043891378734,0.4555739630836442,0.9959667886516123,False,0.5004559163552491,0.8559542017437234,False,True,
three_merged,typical,M6.N[3.45],M6,0.023823871101868888,Mild+Moderate|Severe,0.023279780982629093,1.4278256800961835,0.006323930530583914,0.45588343587004404,1.0055178274464123,False,0.5055396479845906,0.8549114334738531,False,True,
three_merged,typical,M6.A[3.50],M6,0.0009166507882268444,Mild+Moderate|Severe,0.000878740250382887,0.20614235955649923,0.010124421474997414,0.4513044395291038,8.182147720374246,False,3.972713640860225,0.4487069993521345,False,True,
three_merged,typical,M6.N[3.50],M6,0.0010209023725097257,Mild+Moderate|Severe,0.000978974199904748,0.21834324493211618,0.010075881257882745,0.45142078082463577,7.790036041319351,False,3.783209988853251,0.47547637734282105,False,True,
three_merged,typical,M6.A[3.55],M6,0.1957016788721905,Mild+Moderate|Severe,0.10377948234336287,0.6647492053007191,0.29075898239688525,0.22781123452539792,4.275966404115538,False,2.111065450092005,0.9258216803159636,False,True,
three_merged,typical,M6.N[3.55],M6,0.2074995175618831,Mild+Moderate|Severe,0.1093958227201733,0.6802698617867818,0.2908267391073368,0.22780294627993736,4.174642399203478,False,2.0608288812773248,0.9251051104645266,False,True,
three_merged,typical,M6.A[3.60],M6,0.10157283516780294,Mild+Moderate|Severe,0.09945856877763319,2.9646832251272768,0.109091107046527,0.3398062176033263,3.8086090570847992,False,1.878144288426812,0.496577075992832,False,True,
three_merged,typical,M6.N[3.60],M6,0.10865181042052768,Mild+Moderate|Severe,0.10639741929339577,2.8215368958761955,0.11196114036060692,0.33767117284455306,4.023990095147638,False,1.9842138937861558,0.46522879369112846,False,True,
three_merged,typical,M6.A[3.65],M6,0.02888854782222452,Mild+Moderate|Severe,0.025903389700332402,0.7080639489570001,0.01990138876741278,0.4307768044915047,5.60567427155696,False,2.7396373095692583,0.8968038270436312,False,True,
three_merged,typical,M6.N[3.65],M6,0.030793184751294927,Mild+Moderate|Severe,0.027572989074263032,0.7261780119371687,0.0202413530157042,0.4300774992994363,5.453888509744246,False,2.665581939781476,0.8972771520225471,False,True,
three_merged,typical,M6.A[3.70],M6,0.004261193676994868,Normal|Mild+Moderate,0.003495901540744846,0.19730886833894684,0.012921777891111303,0.4449578270011678,15.293030444784632,False,7.389656449550999,-0.6705440420817025,False,True,
three_merged,typical,M6.N[3.70],M6,0.004136645088362677,Normal|Mild+Moderate,0.0034000731888322883,0.1954230054651163,0.012549312973767634,0.4457568266650027,15.374082718187266,False,7.428566026186923,-0.6835109143060203,False,True,
three_merged,typical,M6.A[3.75],M6,0.03316693972078811,Normal|Severe,0.03248595967690853,1.778886980086943,0.030362213145827575,0.4144164895405018,2.2430610789244834,False,0.9979913866069113,0.9064838340724133,False,True,
three_merged,typical,M6.N[3.75],M6,0.032732867195901884,Normal|Severe,0.032062162640727594,1.769040601261726,0.030354179631763616,0.4144250829178673,2.2475071394271104,False,1.0047745451141632,0.906416603225503,False,True,
three_merged,typical,M6.A[3.80],M6,0.011793358353034546,Mild+Moderate|Severe,0.0109874250632405,0.5670641095997946,0.004923001882186183,0.46437900959029066,6.578008537577965,False,3.2512998104315223,0.7425918499224688,False,True,
three_merged,typical,M6.N[3.80],M6,0.011878837561475114,Mild+Moderate|Severe,0.01106518799320072,0.5684112551750724,0.004960101109831513,0.46424640393646566,6.559047156670596,False,3.2420766591484296,0.7424293155392852,False,True,
three_merged,typical,M6.A[3.85],M6,0.011348870665108606,Mild+Moderate|Severe,0.01085267755496976,0.704586643625277,0.002875112063734755,0.4698764070578281,8.633016514956644,False,4.206135284525886,0.936581980231205,False,True,
three_merged,typical,M6.N[3.85],M6,0.011370965263914878,Mild+Moderate|Severe,0.010873630538545117,0.7051419601202364,0.002880166100666351,0.4698485783477293,8.622368710520112,False,4.201132967791638,0.9366000598580243,False,True,
three_merged,typical,M6.A[3.90],M6,0.17446937792758369,Mild+Moderate|Severe,0.16254183519934737,2.180628546280014,0.05089136379896428,0.3790196388249276,2.670236512918987,False,1.276462220976204,0.9481004720601258,False,True,
three_merged,typical,M6.N[3.90],M6,0.17453624784128163,Mild+Moderate|Severe,0.16260355195983295,2.1809893429173375,0.050912334210479956,0.37899609365974474,2.6695419527279856,False,1.2761394363750553,0.9481023615932689,False,True,
three_merged,typical,M6.A[3.95],M6,0.4567386314419957,Mild+Moderate|Severe,0.4171947604720343,3.1044073537502777,0.12033499691000593,0.3136093349376052,1.6069502227424206,False,0.7799639433487207,0.9671124054592819,False,True,
three_merged,typical,M6.N[3.95],M6,0.45679362056290673,Mild+Moderate|Severe,0.41724575311448453,3.1046270737161925,0.12034956736967801,0.3135988690967534,1.6068123454540042,False,0.7798975841741609,0.9671075577654941,False,True,
three_merged,typical,M6.A[4.00],M6,0.46079270210185774,Mild+Moderate|Severe,0.43385807652050096,3.852886058599988,0.1153147029387883,0.3155619614102818,1.2724759483181871,False,0.6216109381029267,0.9685384737659349,False,True,
three_merged,typical,M6.N[4.00],M6,0.4608098118951611,Mild+Moderate|Severe,0.4338747962925787,3.853003933711582,0.1153190063678935,0.3155587821675018,1.272421473384718,False,0.6215843786850458,0.9685388014842794,False,True,
three_merged,typical,M6.A[4.05],M6,0.262956918042721,Mild+Moderate|Severe,0.25356914343387815,3.7689829524341514,0.06575503070023532,0.35844280315232996,1.1091672249561693,False,0.544714295807106,0.9654183256700534,False,True,
three_merged,typical,M6.N[4.05],M6,0.26296072870349574,Mild+Moderate|Severe,0.2535729814302875,3.769044272576763,0.06575597122462505,0.35844182936900854,1.1091376785359248,False,0.5446998327732707,0.9654185813603912,False,True,
three_merged,typical,M6.A[4.10],M6,0.10333926893922137,Mild+Moderate|Severe,0.10095547359646181,2.9585447455982714,0.026547804086565815,0.40945674097450796,1.0892403313985681,False,0.536677868007435,0.9610478348241507,False,True,
three_merged,typical,M6.N[4.10],M6,0.1033406824563635,Mild+Moderate|Severe,0.10095688781116548,2.95858613466943,0.026548082458454574,0.4094562068440222,1.0892152921577933,False,0.5366655832898491,0.9610479396411187,False,True,
three_merged,typical,M6.A[4.15],M6,0.05403953444403648,Mild+Moderate|Severe,0.05317447014239861,2.577497113296738,0.014089146579209455,0.43401599315122674,1.257163128531441,False,0.6208145041644072,0.9747036840654298,False,True,
three_merged,typical,M6.N[4.15],M6,0.05404114220835119,Mild+Moderate|Severe,0.053176062011314765,2.5775503556663537,0.014089495240588168,0.4340151040915033,1.257127036540274,False,0.6207967465933381,0.9747043585362216,False,True,
three_merged,typical,M7.D,M7,0.05285315568295131,Mild+Moderate|Severe,0.043900815824878175,0.7199767534036082,0.5889196941218272,0.14643848031067627,9.754281713262515,False,2.1687538658544936,1.0406291852538982,False,True,
three_merged,typical,M7.D_pow,M7,0.003723356578628654,Mild+Moderate|Severe,0.00306063757742423,0.18544859800265395,0.08924678608357765,0.35560344161328894,34.792184769072314,False,5.100094163346275,0.36865468003592017,False,True,
three_merged,typical,M7.D0,M7,0.05202541547632773,Mild+Moderate|Severe,0.0432062207046721,0.7139724421870829,0.5732289045091155,0.1503436388046774,9.638950848879665,False,2.1621529681899716,1.0400977204123802,False,True,
three_merged,typical,M7.D1,M7,0.16691797553681909,Mild+Moderate|Severe,0.10515566604776289,0.7539128190084297,0.06757879812880763,0.3685183137913165,16.344837385352943,False,2.405789737209143,1.0964095867845518,False,True,
three_merged,typical,M7.D2,M7,0.1588770086458324,Mild+Moderate|Severe,0.13691012213448983,1.4072752533599406,0.043072478590664216,0.3866402151915144,4.649139074310082,False,0.769980570732785,1.0400992035078838,False,True,
three_merged,typical,M7.D3,M7,0.04066772099624782,Mild+Moderate|Severe,0.040082245325027833,2.3597256312712993,0.04591875930021823,0.39588465079058427,7.296135019259641,False,1.0776391341220453,1.093931243189992,False,True,
three_merged,typical,M7.D3[k3],M7,0.0868666205948768,Mild+Moderate|Severe,0.08572710393732018,3.61526551165463,0.09071643899561563,0.35376549091231524,3.6451740878227534,False,0.9435160441145127,0.8639924530165568,False,True,
three_merged,typical,M8.s1^2,M8,0.15215843727665582,Mild+Moderate|Severe,,,0.04852918228354446,0.38401281368804,0.5536758878738304,False,13.559632922794979,0.30856632864265443,False,True,matrix-level: no per-antenna port-noise estimate
three_merged,typical,M8.s2^2,M8,0.12262604103192236,Mild+Moderate|Severe,,,0.0522977063538424,0.3847714154423598,0.6137521912370768,False,15.191191071048435,0.4808600055137272,False,True,matrix-level: no per-antenna port-noise estimate
three_merged,typical,M8.s3^2,M8,0.14573597183227044,Mild+Moderate|Severe,,,0.06348174632979436,0.3734648324021617,0.8523250574063017,False,20.834220460160306,0.6090305072043526,False,True,matrix-level: no per-antenna port-noise estimate
three_merged,typical,M8.s4^2,M8,0.12363967220420842,Mild+Moderate|Severe,,,0.05547466135212255,0.38193415733485236,0.6908459255709797,False,17.21422560791874,0.5080188588735204,False,True,matrix-level: no per-antenna port-noise estimate
three_merged,typical,M8.s5^2,M8,0.16945141966036623,Mild+Moderate|Severe,,,0.06821614002976768,0.36782513078493556,0.6811439970820589,False,17.01476975987522,0.573134551841504,False,True,matrix-level: no per-antenna port-noise estimate
three_merged,typical,M8.s6^2,M8,0.2054346084447723,Mild+Moderate|Severe,,,0.07737463859366168,0.3582466532118967,0.6256283718361267,False,15.555317800959488,0.5362377326691482,False,True,matrix-level: no per-antenna port-noise estimate
three_merged,typical,M8.lam0^2,M8,0.1419070266755203,Mild+Moderate|Severe,0.13255799560282197,2.006026245596238,0.056563577649556766,0.37932341252866075,0.6576274056636291,False,16.175744799447614,0.5577851059020184,False,True,
three_merged,typical,M8.lam1^2,M8,0.13716227286931468,Mild+Moderate|Severe,0.12833044504605434,1.996511828761502,0.05587220886908213,0.3803573793077468,0.6565452373666215,False,16.357130455220116,0.5172901507973595,False,True,
three_merged,typical,M8.lam2^2,M8,0.1603205727232217,Mild+Moderate|Severe,0.1506170728316487,2.23091243642184,0.0648792629671264,0.37112121030642975,0.6032155645393111,False,15.003582093669987,0.511702716257506,False,True,
three_merged,typical,M8.lam3^2,M8,0.17921607166196213,Mild+Moderate|Severe,0.16878834051657596,2.408683754840039,0.06953721907972364,0.3659842551120665,0.5663602434558488,False,13.757409098234044,0.4912028294427864,False,True,
three_merged,typical,M8.lam0^2[k3],M8,0.18728441754488598,Mild+Moderate|Severe,0.17189159468461795,2.045191620681684,0.05405007165649797,0.37512705517415246,1.3709291524181264,False,3.6107597198912047,0.7507847071724587,False,True,
three_merged,typical,M8.lam1^2[k3],M8,0.15264281336560606,Mild+Moderate|Severe,0.14142412197091828,1.9617507331052784,0.045835373687784155,0.3857765989891809,1.3044787694729325,False,3.484375298871264,0.741617659925932,False,True,
three_merged,typical,M8.lam2^2[k3],M8,0.09582136477890138,Mild+Moderate|Severe,0.08977794364757473,1.687289373684323,0.032755830035023935,0.40569328956120776,1.2961712923224211,False,3.463885476799951,0.6843881478338493,False,True,
three_merged,typical,M8.lam3^2[k3],M8,0.08228497308340156,Mild+Moderate|Severe,0.07775251737498316,1.680218292740346,0.02870509025488965,0.41197739032940095,1.143861134920643,False,3.0560012628483704,0.6887493912430479,False,True,
three_merged,noisy,M0.old_score,M0,0.10472631235887257,Mild+Moderate|Severe,0.0943378416617821,1.3791454212141694,0.029439433603079993,0.40671121763009,1.3856680348781139,False,26.03463497177055,0.5807628988190071,False,True,baseline only; not a physical quantity
three_merged,noisy,M1.Sii_dBavg,M1,0.05045856407801547,Normal|Severe,0.04675014000831669,1.1279223538810097,0.03344492710690506,0.41019999266217533,0.6033707391774785,False,16.064083649739644,1.0350299495996005,False,True,dB averaging; shown for fragility
three_merged,noisy,M2.R,M2,0.13892025530109783,Mild+Moderate|Severe,0.13099657332724188,2.143207565808045,0.05446227638533886,0.38131172660597157,0.6290863113824435,False,15.574613961445042,0.5161889369420466,False,True,
three_merged,noisy,M2.R[k3],M2,0.12284725736864832,Mild+Moderate|Severe,0.11465600549922295,1.8544750468047926,0.03867499547983909,0.3959716869879767,1.2841628487744379,False,3.4220182540968103,0.7208560347245685,False,True,
three_merged,noisy,M3.A,M3,0.13892025530109306,Mild+Moderate|Severe,0.13099657332723813,2.143207565808113,0.05446227638533767,0.381311726605973,0.6290863113824985,False,15.57461396144555,0.5161889369420667,False,True,affine copy of M2.R (identical separability)
three_merged,noisy,M3.ML_of_powavg,M3,0.13745874013806605,Mild+Moderate|Severe,0.12959780954059189,2.128938064173903,0.05362863262649689,0.38213810928962744,0.6402589441821538,False,15.01657019655103,0.4966320961406709,False,True,
three_merged,noisy,M3.ML_dBavg,M3,0.13110314157120037,Mild+Moderate|Severe,0.13091032913054115,13.342615731913073,0.03288091903452327,0.398879310432137,0.8606461744156017,False,12.158450374523419,0.769345230204191,False,True,dB averaging; comparison only
three_merged,noisy,M4.N,M4,0.14261774007848138,Mild+Moderate|Severe,0.13446104757189264,2.1684178467895787,0.05560749898778839,0.3800055105929978,0.6217324606800353,False,15.382669385008152,0.5177903330765701,False,True,
three_merged,noisy,M4.N[k3],M4,0.12036795561252928,Mild+Moderate|Severe,0.11240644544680534,1.8436068806754053,0.03799253010647713,0.39693484411981284,1.2869889260300196,False,3.4328363087444114,0.7170750166195973,False,True,
three_merged,noisy,M5.C,M5,0.28825101376420365,Normal|Mild+Moderate,0.2189718974878209,1.349874647549755,0.07479490315260431,0.35059949271586116,0.018740370858532904,True,3.717309782113483,1.1098402505222904,False,True,
three_merged,noisy,M5.C1,M5,0.23420072155098048,Normal|Mild+Moderate,0.17659652050985655,1.198320819308175,0.06042807125000465,0.364960549572264,0.0171308039641063,True,4.095051273102453,1.1070618738871314,False,True,
three_merged,noisy,M5.C2,M5,9.959725181424421,Normal|Mild+Moderate,3.4686818610508547,3.2625986806458016,2.593311669976086,0.01110462631065987,0.03030272426374216,True,0.7310328124329363,1.0056074971531557,False,True,
three_merged,noisy,M5.C3,M5,0.06818218650364397,Mild+Moderate|Severe,0.02237934510404337,0.2581237325184583,0.2669028475379075,0.2526312341580768,0.22080735048467467,True,8.004128405092194,1.109613489249073,False,True,
three_merged,noisy,M5.C[k3],M5,0.4640157574745776,Normal|Mild+Moderate,0.3414832884653422,1.6082016284406233,0.1481459016095175,0.2996905088508361,1.1898197553882306,False,3.134052485016931,0.6421290278945389,False,True,
three_merged,noisy,M5.C1[k3],M5,0.34346168027463025,Normal|Mild+Moderate,0.25662748464395785,1.4248210862451243,0.12681458328615905,0.31941727711850476,1.354335991373726,False,3.561377180916055,0.5978364195698145,False,True,
three_merged,noisy,M5.C2[k3],M5,2.983218816019857,Normal|Mild+Moderate,1.7979068402249216,3.008325387891062,0.9677952491769064,0.07662328056522677,0.14375424556108055,True,0.36760589957826895,0.7835401990812972,False,True,
three_merged,noisy,M5.C3[k3],M5,0.0034530308810223577,Mild+Moderate|Severe,0.001600932474160084,0.07726266907959387,0.038267665032232785,0.40534863903235807,3.2866819632388373,False,9.476156517471281,-0.45774844561903133,False,True,
three_merged,noisy,M5.C3_dBavg[k3],M5,0.036453963966909905,Mild+Moderate|Severe,0.013734947807622872,0.20994528438160326,0.019098622237596827,0.4313224024162043,1.3242336301263664,False,3.884385228443216,0.28152551189722164,False,True,dB averaging; comparison only
three_merged,noisy,M6.fc_A,M6,0.13917898679329152,Normal|Mild+Moderate,0.10889064920659552,1.0003671179837197,0.0367445369847951,0.3944750245114369,6.071393561335257,False,23.218412606458074,0.8128193545289325,False,True,
three_merged,noisy,M6.spread_A,M6,0.2796169699834623,Mild+Moderate|Severe,0.27045841315956504,4.0638108554226715,0.07009490196420927,0.3541277376498949,0.2216294729640953,True,19.172888875422693,0.39812111337036665,False,True,
three_merged,noisy,M6.fc_N,M6,0.13982667745618785,Normal|Mild+Moderate,0.10928533817191007,1.0003383722171488,0.0369362131664173,0.3942196513025392,6.06797252276404,False,23.223746119128492,0.8130078884976762,False,True,
three_merged,noisy,M6.spread_N,M6,0.2762115228051915,Mild+Moderate|Severe,0.26718636524193634,4.044041871599995,0.06924446090325527,0.3549766077803217,0.22289458574891433,True,19.296117768510687,0.3943723020628125,False,True,
three_merged,noisy,M6.A[3.20],M6,0.3110694627215995,Mild+Moderate|Severe,0.29180865847806237,3.070121519183391,0.0793915996442657,0.3457790972362042,2.3509715548197874,False,1.1550285886183387,0.9665632181625887,False,True,
three_merged,noisy,M6.N[3.20],M6,0.31110234525239955,Mild+Moderate|Severe,0.29183764923267186,3.070126139122863,0.07940075682269816,0.3457709453284157,2.3506258884567823,False,1.154865548477539,0.9665674608623224,False,True,
three_merged,noisy,M6.A[3.25],M6,0.04394414265955894,Mild+Moderate|Severe,0.039787771991114315,0.9172403901002737,0.012660954555095444,0.4389160742662005,7.521456497691449,False,3.7052166558305175,0.7938252518405836,False,True,
three_merged,noisy,M6.N[3.25],M6,0.04400414860020248,Mild+Moderate|Severe,0.03984013239333413,0.9176265909218956,0.01267794102967906,0.43887501757908964,7.516881961636733,False,3.70299876966977,0.7939830482092964,False,True,
three_merged,noisy,M6.A[3.30],M6,0.13524851760587575,Mild+Moderate|Severe,0.11588409118393736,1.2723038620261944,0.03515829819325387,0.3963634030563559,5.6160156554611245,False,2.7947128783780824,0.7366144006401281,False,True,
three_merged,noisy,M6.N[3.30],M6,0.13515819683076694,Mild+Moderate|Severe,0.11578326896156624,1.2709809720480327,0.03513808338930577,0.396394748961289,5.620593951488169,False,2.797028843119756,0.7366464854292081,False,True,
three_merged,noisy,M6.A[3.35],M6,0.27022637732698074,Normal|Mild+Moderate,0.1424950367373903,0.7764795120506013,0.20612468181248061,0.2802551924213356,9.273800146044138,False,4.58588611283064,0.3999639138064218,False,True,
three_merged,noisy,M6.N[3.35],M6,0.2721570250178294,Normal|Mild+Moderate,0.14317167016510288,0.7772900645845494,0.20653629102548865,0.2800257232698249,9.258533008456574,False,4.578248803097321,0.4008956493036354,False,True,
three_merged,noisy,M6.A[3.40],M6,0.3657845243509665,Mild+Moderate|Severe,0.34739767064501237,3.7178118063859733,0.09157795292731447,0.3343833526924538,1.0647562758965776,False,0.49700818320505163,0.9600268981034483,False,True,
three_merged,noisy,M6.N[3.40],M6,0.36362635459207165,Mild+Moderate|Severe,0.3453775188930768,3.709984763326695,0.09103680061934116,0.3348441111386496,1.0655223789583874,False,0.49732694431614577,0.9598878645949465,False,True,
three_merged,noisy,M6.A[3.45],M6,0.02410298557187742,Mild+Moderate|Severe,0.023558305383192802,1.4439483280423748,0.0063804273213577374,0.4556575327430482,0.9959667886516123,False,0.5004559163552491,0.8559542017437234,False,True,
three_merged,noisy,M6.N[3.45],M6,0.023759637559491068,Mild+Moderate|Severe,0.023222879544712225,1.4338498305176834,0.0062931973604107815,0.4559668486318229,1.0055178274464123,False,0.5055396479845906,0.8549114334738531,False,True,
three_merged,noisy,M6.A[3.50],M6,0.0010945573026587007,Mild+Moderate|Severe,0.0010497927773787902,0.2265786828768529,0.00954367720697199,0.45272036239494073,8.182147720374246,False,3.972713640860225,0.4487069993521345,False,True,
three_merged,noisy,M6.N[3.50],M6,0.001206796050792411,Mild+Moderate|Severe,0.001157784005991558,0.23877799435056724,0.009500499671067005,0.4528266923277339,7.790036041319351,False,3.783209988853251,0.47547637734282105,False,True,
three_merged,noisy,M6.A[3.55],M6,0.18304392377693748,Mild+Moderate|Severe,0.09895422787070633,0.6563544627535611,0.279444528682141,0.23255909518087337,4.275966404115538,False,2.111065450092005,0.9258216803159636,False,True,
three_merged,noisy,M6.N[3.55],M6,0.19406959417042008,Mild+Moderate|Severe,0.10433933364760364,0.6718128581267562,0.27929174327239825,0.23264128077303958,4.174642399203478,False,2.0608288812773248,0.9251051104645266,False,True,
three_merged,noisy,M6.A[3.60],M6,0.10138828953108521,Mild+Moderate|Severe,0.09930120058865471,2.988264891866527,0.1094845211495573,0.33952818968683846,3.8086090570847992,False,1.878144288426812,0.496577075992832,False,True,
three_merged,noisy,M6.N[3.60],M6,0.10849762870168118,Mild+Moderate|Severe,0.10627139032496037,2.8440291221437692,0.11233586195210717,0.3374101176703231,4.023990095147638,False,1.9842138937861558,0.46522879369112846,False,True,
three_merged,noisy,M6.A[3.65],M6,0.027937298674000268,Mild+Moderate|Severe,0.02508499286167785,0.7009969859750093,0.019340787715034252,0.4317679280319974,5.60567427155696,False,2.7396373095692583,0.8968038270436312,False,True,
three_merged,noisy,M6.N[3.65],M6,0.029792128102534114,Mild+Moderate|Severe,0.02671405930250798,0.7191120110161021,0.019668385743136,0.431083238879606,5.453888509744246,False,2.665581939781476,0.8972771520225471,False,True,
three_merged,noisy,M6.A[3.70],M6,0.003966926140630708,Normal|Mild+Moderate,0.0032680524539312823,0.1926137203663182,0.012430125540277654,0.4460170287892891,15.293030444784632,False,7.389656449550999,-0.6705440420817025,False,True,
three_merged,noisy,M6.N[3.70],M6,0.0038496310200990106,Normal|Mild+Moderate,0.0031771866522182475,0.1907294405381454,0.012075713433749498,0.44679215092943303,15.374082718187266,False,7.428566026186923,-0.6835109143060203,False,True,
three_merged,noisy,M6.A[3.75],M6,0.03262416174708346,Normal|Severe,0.03196138958252079,1.773843802046738,0.030524422124277306,0.41418837059382974,2.2430610789244834,False,0.9979913866069113,0.9064838340724133,False,True,
three_merged,noisy,M6.N[3.75],M6,0.03219715844629074,Normal|Severe,0.03154437842921623,1.7640111734997967,0.0305174537350525,0.4141955828979129,2.2475071394271104,False,1.0047745451141632,0.906416603225503,False,True,
three_merged,noisy,M6.A[3.80],M6,0.011532878765752506,Mild+Moderate|Severe,0.010754440181158346,0.5645021341644436,0.005070891604315925,0.4640567696383789,6.578008537577965,False,3.2512998104315223,0.7425918499224688,False,True,
three_merged,noisy,M6.N[3.80],M6,0.011616798717670861,Mild+Moderate|Severe,0.010830889502876707,0.5658536246958812,0.005108642372649658,0.4639239783844763,6.559047156670596,False,3.2420766591484296,0.7424293155392852,False,True,
three_merged,noisy,M6.A[3.85],M6,0.012989591752289613,Mild+Moderate|Severe,0.01244083580778222,0.7674461452532154,0.003391492129738626,0.46753182862116593,8.633016514956644,False,4.206135284525886,0.936581980231205,False,True,
three_merged,noisy,M6.N[3.85],M6,0.013013180686547408,Mild+Moderate|Severe,0.012463239705258217,0.7680051983392782,0.003396523938608433,0.4675051322139575,8.622368710520112,False,4.201132967791638,0.9366000598580243,False,True,
three_merged,noisy,M6.A[3.90],M6,0.13948118736795284,Mild+Moderate|Severe,0.1320001217383733,2.218596120428895,0.036460808604114096,0.3946365915338378,2.670236512918987,False,1.276462220976204,0.9481004720601258,False,True,
three_merged,noisy,M6.N[3.90],M6,0.13953130994369434,Mild+Moderate|Severe,0.13204730696427486,2.218955700051895,0.03647474337342804,0.39461745106040924,2.6695419527279856,False,1.2761394363750553,0.9481023615932689,False,True,
three_merged,noisy,M6.A[3.95],M6,0.15026893156696738,Mild+Moderate|Severe,0.14507092311161296,2.8961516143858708,0.03937006215536465,0.39066611158190867,1.6069502227424206,False,0.7799639433487207,0.9671124054592819,False,True,
three_merged,noisy,M6.N[3.95],M6,0.15028754236611602,Mild+Moderate|Severe,0.14508900990308315,2.896365511453878,0.039374886365440794,0.39065953940942433,1.6068123454540042,False,0.7798975841741609,0.9671075577654941,False,True,
three_merged,noisy,M6.A[4.00],M6,0.10646640318944539,Mild+Moderate|Severe,0.10454087587743137,3.400082967475468,0.027941332534890763,0.4076112388230113,1.2724759483181871,False,0.6216109381029267,0.9685384737659349,False,True,
three_merged,noisy,M6.N[4.00],M6,0.10647149589024014,Mild+Moderate|Severe,0.1045459196491318,3.4002031081751523,0.027942694631527105,0.4076090444488103,1.272421473384718,False,0.6215843786850458,0.9685388014842794,False,True,
three_merged,noisy,M6.A[4.05],M6,0.05233546388767579,Mild+Moderate|Severe,0.05182471965310311,3.2589656360972676,0.013177359303647326,0.4356292282064649,1.1091672249561693,False,0.544714295807106,0.9654183256700534,False,True,
three_merged,noisy,M6.N[4.05],M6,0.052335416229011174,Mild+Moderate|Severe,0.051824682355191685,3.258996035012552,0.013177348955898954,0.43562925520224455,1.1091376785359248,False,0.5446998327732707,0.9654185813603912,False,True,
three_merged,noisy,M6.A[4.10],M6,0.05426954579659548,Mild+Moderate|Severe,0.05394941597854729,4.276843918577529,0.013673682476219456,0.4344496360096989,1.0892403313985681,False,0.536677868007435,0.9610478348241507,False,True,
three_merged,noisy,M6.N[4.10],M6,0.054270124933119925,Mild+Moderate|Severe,0.05394999676102777,4.276900754411522,0.013673815386196405,0.43444930521089975,1.0892152921577933,False,0.5366655832898491,0.9610479396411187,False,True,
three_merged,noisy,M6.A[4.15],M6,0.013977798098375587,Mild+Moderate|Severe,0.013917064418760009,2.531007319062714,0.003494464692844544,0.4666873419032886,1.257163128531441,False,0.6208145041644072,0.9747036840654298,False,True,
three_merged,noisy,M6.N[4.15],M6,0.013978060474065255,Mild+Moderate|Severe,0.013917326497394784,2.5310487151649217,0.0034945303787458273,0.4666870297525968,1.257127036540274,False,0.6207967465933381,0.9747043585362216,False,True,
three_merged,noisy,M7.D,M7,0.05487336682109685,Mild+Moderate|Severe,0.04554409572934361,0.7319610761047737,0.5719942827639061,0.15065473622062614,9.754281713262515,False,2.1687538658544936,1.0406291852538982,False,True,
three_merged,noisy,M7.D_pow,M7,0.001966003754332998,Mild+Moderate|Severe,0.0016259364036650087,0.1371123194526655,0.08393388363691137,0.3599482054775689,34.792184769072314,False,5.100094163346275,0.36865468003592017,False,True,
three_merged,noisy,M7.D0,M7,0.05400638068171087,Mild+Moderate|Severe,0.04481486817723808,0.7256966277775616,0.5588616732234507,0.15400884601410758,9.638950848879665,False,2.1621529681899716,1.0400977204123802,False,True,
three_merged,noisy,M7.D1,M7,0.17743101903926067,Mild+Moderate|Severe,0.11175442611677561,0.7770640729633624,0.07201068654593648,0.3643879369732784,16.344837385352943,False,2.405789737209143,1.0964095867845518,False,True,
three_merged,noisy,M7.D2,M7,0.16348105936974885,Mild+Moderate|Severe,0.141328546638434,1.4442825647581474,0.044315055820744825,0.38505360665954047,4.649139074310082,False,0.769980570732785,1.0400992035078838,False,True,
three_merged,noisy,M7.D3,M7,0.0396666120309804,Mild+Moderate|Severe,0.03909545978273111,2.3303157435096327,0.044810242443184406,0.3971466140185305,7.296135019259641,False,1.0776391341220453,1.093931243189992,False,True,
three_merged,noisy,M7.D3[k3],M7,0.08547268758083766,Mild+Moderate|Severe,0.08435180255877012,3.5867022789881116,0.08886449034275794,0.3552485597655769,3.6451740878227534,False,0.9435160441145127,0.8639924530165568,False,True,
three_merged,noisy,M8.s1^2,M8,0.14462932330217723,Mild+Moderate|Severe,,,0.04610616232952174,0.38687965460282725,0.5536758878738304,False,13.559632922794979,0.30856632864265443,False,True,matrix-level: no per-antenna port-noise estimate
three_merged,noisy,M8.s2^2,M8,0.13159308496936464,Mild+Moderate|Severe,,,0.04887130841501525,0.3866512423207532,0.6137521912370768,False,15.191191071048435,0.4808600055137272,False,True,matrix-level: no per-antenna port-noise estimate
three_merged,noisy,M8.s3^2,M8,0.13763644467674424,Mild+Moderate|Severe,,,0.05561973452846247,0.3805145542508079,0.8523250574063017,False,20.834220460160306,0.6090305072043526,False,True,matrix-level: no per-antenna port-noise estimate
three_merged,noisy,M8.s4^2,M8,0.11995439053743968,Mild+Moderate|Severe,,,0.049122554849541734,0.38779294814762233,0.6908459255709797,False,17.21422560791874,0.5080188588735204,False,True,matrix-level: no per-antenna port-noise estimate
three_merged,noisy,M8.s5^2,M8,0.12173996539489433,Mild+Moderate|Severe,,,0.05135702951638803,0.38567155967429423,0.6811439970820589,False,17.01476975987522,0.573134551841504,False,True,matrix-level: no per-antenna port-noise estimate
three_merged,noisy,M8.s6^2,M8,0.13861872444696619,Mild+Moderate|Severe,,,0.05434327493518536,0.38143941360446776,0.6256283718361267,False,15.555317800959488,0.5362377326691482,False,True,matrix-level: no per-antenna port-noise estimate
three_merged,noisy,M8.lam0^2,M8,0.13240375680879216,Mild+Moderate|Severe,0.12431895999704505,2.0178983310317116,0.05125298177993395,0.3846245964871678,0.6576274056636291,False,16.175744799447614,0.5577851059020184,False,True,
three_merged,noisy,M8.lam1^2,M8,0.12821408430282663,Mild+Moderate|Severe,0.12056151928540795,2.009942842394933,0.05069797943698781,0.3855537599807675,0.6565452373666215,False,16.357130455220116,0.5172901507973595,False,True,
three_merged,noisy,M8.lam2^2,M8,0.14971502051539146,Mild+Moderate|Severe,0.1413052871559521,2.24303359251085,0.058820469309723566,0.3767580816926843,0.6032155645393111,False,15.003582093669987,0.511702716257506,False,True,
three_merged,noisy,M8.lam3^2,M8,0.1685480808310946,Mild+Moderate|Severe,0.15941342715884285,2.4254554936244124,0.06364894555306376,0.3712233925686831,0.5663602434558488,False,13.757409098234044,0.4912028294427864,False,True,
three_merged,noisy,M8.lam0^2[k3],M8,0.184629144541319,Mild+Moderate|Severe,0.16971463999605468,2.049841893522581,0.05323740989355684,0.37602079471211913,1.3709291524181264,False,3.6107597198912047,0.7507847071724587,False,True,
three_merged,noisy,M8.lam1^2[k3],M8,0.15099021898574655,Mild+Moderate|Severe,0.14005788006520284,1.9669197269557321,0.04526933455854971,0.3864313051335595,1.3044787694729325,False,3.484375298871264,0.741617659925932,False,True,
three_merged,noisy,M8.lam2^2[k3],M8,0.0952745495748934,Mild+Moderate|Severe,0.08933540214738755,1.6929853318977133,0.03238865976134264,0.40612178932583454,1.2961712923224211,False,3.463885476799951,0.6843881478338493,False,True,
three_merged,noisy,M8.lam3^2[k3],M8,0.082023071969373,Mild+Moderate|Severe,0.07754872891769944,1.6861869184095837,0.02846504951092029,0.41226180856904987,1.143861134920643,False,3.0560012628483704,0.6887493912430479,False,True,
three_merged,very_noisy,M0.old_score,M0,0.03716272249087615,Mild+Moderate|Severe,0.03469439852263173,1.022109347792312,0.010510975177253924,0.4440642306399716,1.3856680348781139,False,26.03463497177055,0.5807628988190071,False,True,baseline only; not a physical quantity
three_merged,very_noisy,M1.Sii_dBavg,M1,0.04946747958765904,Normal|Severe,0.045937486093875615,1.1346751651059923,0.033058956388181106,0.41074299299552575,0.6033707391774785,False,16.064083649739644,1.0350299495996005,False,True,dB averaging; shown for fragility
three_merged,very_noisy,M2.R,M2,0.10779642971325182,Mild+Moderate|Severe,0.10290366936077983,2.129392130146798,0.03805424497384369,0.39901248896893726,0.6290863113824435,False,15.574613961445042,0.5161889369420466,False,True,
three_merged,very_noisy,M2.R[k3],M2,0.12149179404574786,Mild+Moderate|Severe,0.11374223710468355,1.888473593715227,0.03792080341414644,0.3967881010517261,1.2841628487744379,False,3.4220182540968103,0.7208560347245685,False,True,
three_merged,very_noisy,M3.A,M3,0.10779642971325176,Mild+Moderate|Severe,0.10290366936078023,2.1293921301469014,0.03805424497384356,0.3990124889689374,0.6290863113824985,False,15.57461396144555,0.5161889369420667,False,True,affine copy of M2.R (identical separability)
three_merged,very_noisy,M3.ML_of_powavg,M3,0.10664129334373078,Mild+Moderate|Severe,0.10193736156920216,2.149878353035499,0.037267494529794935,0.399876761807356,0.6402589441821538,False,15.01657019655103,0.4966320961406709,False,True,
three_merged,very_noisy,M3.ML_dBavg,M3,0.07673111257864225,Mild+Moderate|Severe,0.07668518062451503,16.00659685067896,0.01919295037765847,0.4223449143871459,0.8606461744156017,False,12.158450374523419,0.769345230204191,False,True,dB averaging; comparison only
three_merged,very_noisy,M4.N,M4,0.11066505335807171,Mild+Moderate|Severe,0.10563150243563695,2.155161111646641,0.038884564443356716,0.3978497189701657,0.6217324606800353,False,15.382669385008152,0.5177903330765701,False,True,
three_merged,very_noisy,M4.N[k3],M4,0.11903864137047088,Mild+Moderate|Severe,0.11150639022509581,1.8773552472684125,0.037248676354000726,0.3977469902061151,1.2869889260300196,False,3.4328363087444114,0.7170750166195973,False,True,
three_merged,very_noisy,M5.C,M5,0.27007458445760096,Normal|Mild+Moderate,0.20926563251322441,1.3633961150906888,0.06974917648454372,0.35536346598761764,0.018740370858532904,True,3.717309782113483,1.1098402505222904,False,True,
three_merged,very_noisy,M5.C1,M5,0.21887444319482668,Normal|Mild+Moderate,0.1683533485807047,1.2077777611407445,0.05622476604637798,0.36944850505515325,0.0171308039641063,True,4.095051273102453,1.1070618738871314,False,True,
three_merged,very_noisy,M5.C2,M5,1.2445574248474307,Normal|Mild+Moderate,1.0169693106750988,3.3350442679353236,0.314759899363638,0.21401845899291302,0.03030272426374216,True,0.7310328124329363,1.0056074971531557,False,True,
three_merged,very_noisy,M5.C3,M5,0.016763982652665425,Mild+Moderate|Severe,0.010568935762301775,0.23916461735567618,0.01928588380475851,0.43249901073390196,0.22080735048467467,True,8.004128405092194,1.109613489249073,False,True,
three_merged,very_noisy,M5.C[k3],M5,0.44457641406186704,Normal|Mild+Moderate,0.33300137884414854,1.6290248401226006,0.14547066434359002,0.30381410576037327,1.1898197553882306,False,3.134052485016931,0.6421290278945389,False,True,
three_merged,very_noisy,M5.C1[k3],M5,0.3298602168153155,Normal|Mild+Moderate,0.2505664168895742,1.4438490247551414,0.12132408464608935,0.3231304250130631,1.354335991373726,False,3.561377180916055,0.5978364195698145,False,True,
three_merged,very_noisy,M5.C2[k3],M5,0.8965351281832167,Normal|Mild+Moderate,0.7548252785159494,3.090450931920699,0.24439759143063639,0.24483349826334402,0.14375424556108055,True,0.36760589957826895,0.7835401990812972,False,True,
three_merged,very_noisy,M5.C3[k3],M5,0.00042514622209564705,Mild+Moderate|Severe,0.0002824737089885034,0.041030142052769496,0.004293545528838837,0.46828812392619734,3.2866819632388373,False,9.476156517471281,-0.45774844561903133,False,True,
three_merged,very_noisy,M5.C3_dBavg[k3],M5,0.003421739541666568,Mild+Moderate|Severe,0.0011380827242525667,0.058399612804767326,0.004159130894653282,0.4686623842020826,1.3242336301263664,False,3.884385228443216,0.28152551189722164,False,True,dB averaging; comparison only
three_merged,very_noisy,M6.fc_A,M6,0.08195417498117304,Normal|Mild+Moderate,0.07194050419331083,1.0851521198200818,0.02072308551285868,0.41955636272106284,6.071393561335257,False,23.218412606458074,0.8128193545289325,False,True,
three_merged,very_noisy,M6.spread_A,M6,0.06636563840327106,Mild+Moderate|Severe,0.06591125607512123,4.3878898198438465,0.016989211896469375,0.42728921573183337,0.2216294729640953,True,19.172888875422693,0.39812111337036665,False,True,
three_merged,very_noisy,M6.fc_N,M6,0.08215059390379463,Normal|Mild+Moderate,0.0720956135372059,1.0853858592122385,0.020775665293847938,0.41945842438357644,6.06797252276404,False,23.223746119128492,0.8130078884976762,False,True,
three_merged,very_noisy,M6.spread_N,M6,0.06564158431358093,Mild+Moderate|Severe,0.06519346323631652,4.370276004418858,0.016809536623093438,0.4276764544540048,0.22289458574891433,True,19.296117768510687,0.3943723020628125,False,True,
three_merged,very_noisy,M6.A[3.20],M6,0.11404095202354955,Mild+Moderate|Severe,0.11146484480404249,3.1414663014868762,0.028725232801334776,0.40545038354302876,2.3509715548197874,False,1.1550285886183387,0.9665632181625887,False,True,
three_merged,very_noisy,M6.N[3.20],M6,0.11403477564250931,Mild+Moderate|Severe,0.11145904346882517,3.1415281707505494,0.028723636348625164,0.4054529302825628,2.3506258884567823,False,1.154865548477539,0.9665674608623224,False,True,
three_merged,very_noisy,M6.A[3.25],M6,0.02093745409110402,Mild+Moderate|Severe,0.01991757738804932,0.9043183737683285,0.006103453116538552,0.4576402916093194,7.521456497691449,False,3.7052166558305175,0.7938252518405836,False,True,
three_merged,very_noisy,M6.N[3.25],M6,0.020959230590951665,Mild+Moderate|Severe,0.0199381721759767,0.9047321893035762,0.006109005679354475,0.45761975102613883,7.516881961636733,False,3.70299876966977,0.7939830482092964,False,True,
three_merged,very_noisy,M6.A[3.30],M6,0.08388226245080893,Mild+Moderate|Severe,0.07552867170315357,1.231599181798377,0.021908611539885228,0.41794878307641903,5.6160156554611245,False,2.7947128783780824,0.7366144006401281,False,True,
three_merged,very_noisy,M6.N[3.30],M6,0.0837525045348889,Mild+Moderate|Severe,0.07540574108030043,1.2301471157097361,0.02187632731359784,0.41800987320227123,5.620593951488169,False,2.797028843119756,0.7366464854292081,False,True,
three_merged,very_noisy,M6.A[3.35],M6,0.15726933846934799,Normal|Mild+Moderate,0.10512529158501101,0.796321181436663,0.0726982281212569,0.36541149559393327,9.273800146044138,False,4.58588611283064,0.3999639138064218,False,True,
three_merged,very_noisy,M6.N[3.35],M6,0.15796028753992267,Normal|Mild+Moderate,0.10549241873981259,0.7969899934807607,0.07267776440193222,0.3653803355440706,9.258533008456574,False,4.578248803097321,0.4008956493036354,False,True,
three_merged,very_noisy,M6.A[3.40],M6,0.3645799971597895,Mild+Moderate|Severe,0.3472541398764087,3.8228544757242666,0.09118983223446803,0.33468370222005905,1.0647562758965776,False,0.49700818320505163,0.9600268981034483,False,True,
three_merged,very_noisy,M6.N[3.40],M6,0.36245199207823003,Mild+Moderate|Severe,0.3452544551329951,3.814843827703573,0.09065712976206937,0.3351385615987665,1.0655223789583874,False,0.49732694431614577,0.9598878645949465,False,True,
three_merged,very_noisy,M6.A[3.45],M6,0.024233501074596295,Mild+Moderate|Severe,0.02371173940613528,1.4841189163073367,0.0064498466875992375,0.45547725956342366,0.9959667886516123,False,0.5004559163552491,0.8559542017437234,False,True,
three_merged,very_noisy,M6.N[3.45],M6,0.023887631149775282,Mild+Moderate|Severe,0.023373483101058683,1.4737341994026874,0.0063620182242929025,0.4557875207272021,1.0055178274464123,False,0.5055396479845906,0.8549114334738531,False,True,
three_merged,very_noisy,M6.A[3.50],M6,0.0016550566033197382,Mild+Moderate|Severe,0.0015906800399844354,0.2859887469679296,0.008562087426379832,0.4552118334889694,8.182147720374246,False,3.972713640860225,0.4487069993521345,False,True,
three_merged,very_noisy,M6.N[3.50],M6,0.0017917100915926874,Mild+Moderate|Severe,0.001722500799853218,0.2986389028720573,0.008534741043971112,0.45528179359931253,7.790036041319351,False,3.783209988853251,0.47547637734282105,False,True,
three_merged,very_noisy,M6.A[3.55],M6,0.16923373177210005,Mild+Moderate|Severe,0.09685887705708882,0.6730298491726537,0.26317991285848974,0.23897183135500294,4.275966404115538,False,2.111065450092005,0.9258216803159636,False,True,
three_merged,very_noisy,M6.N[3.55],M6,0.1789821908672665,Mild+Moderate|Severe,0.10200195917649878,0.6887070957398249,0.2627807901797382,0.23915904910007216,4.174642399203478,False,2.0608288812773248,0.9251051104645266,False,True,
three_merged,very_noisy,M6.A[3.60],M6,0.10129511001192557,Mild+Moderate|Severe,0.09930051607866457,3.0418230032971754,0.1083791318858009,0.3403192328358152,3.8086090570847992,False,1.878144288426812,0.496577075992832,False,True,
three_merged,very_noisy,M6.N[3.60],M6,0.10831361851552597,Mild+Moderate|Severe,0.1061875383843273,2.8965668008129866,0.11123895393582067,0.33818478434482785,4.023990095147638,False,1.9842138937861558,0.46522879369112846,False,True,
three_merged,very_noisy,M6.A[3.65],M6,0.02734228663185985,Mild+Moderate|Severe,0.024669443726867146,0.7104366782544859,0.019306422409012192,0.43187024613499947,5.60567427155696,False,2.7396373095692583,0.8968038270436312,False,True,
three_merged,very_noisy,M6.N[3.65],M6,0.029157589408449393,Mild+Moderate|Severe,0.026273493750101233,0.7288612964371807,0.01962659279258547,0.43120291345404066,5.453888509744246,False,2.665581939781476,0.8972771520225471,False,True,
three_merged,very_noisy,M6.A[3.70],M6,0.0035879723262592796,Normal|Mild+Moderate,0.0029984285264978657,0.19104177852182574,0.010992325748752144,0.4492333787068959,15.293030444784632,False,7.389656449550999,-0.6705440420817025,False,True,
three_merged,very_noisy,M6.N[3.70],M6,0.0034775722076804466,Normal|Mild+Moderate,0.002910936431550185,0.18902421408368614,0.01067540921508569,0.4499705899616071,15.374082718187266,False,7.428566026186923,-0.6835109143060203,False,True,
three_merged,very_noisy,M6.A[3.75],M6,0.03213905386146041,Normal|Severe,0.031518379768431276,1.806681820127267,0.030161094360253632,0.41468992404814337,2.2430610789244834,False,0.9979913866069113,0.9064838340724133,False,True,
three_merged,very_noisy,M6.N[3.75],M6,0.03171926910166774,Normal|Severe,0.031107923464677657,1.796671529351057,0.030154343903327836,0.41469683702914567,2.2475071394271104,False,1.0047745451141632,0.906416603225503,False,True,
three_merged,very_noisy,M6.A[3.80],M6,0.012395252289299354,Mild+Moderate|Severe,0.011594388573862904,0.5990834194223352,0.0049041275078534115,0.4642034088837181,6.578008537577965,False,3.2512998104315223,0.7425918499224688,False,True,
three_merged,very_noisy,M6.N[3.80],M6,0.0124840401294376,Mild+Moderate|Severe,0.011675601091317234,0.6004938469967626,0.004941046283345794,0.4640708602753001,6.559047156670596,False,3.2420766591484296,0.7424293155392852,False,True,
three_merged,very_noisy,M6.A[3.85],M6,0.011211404811847714,Mild+Moderate|Severe,0.010790168571664838,0.7578727043749851,0.002802884679020732,0.47015848963773654,8.633016514956644,False,4.206135284525886,0.936581980231205,False,True,
three_merged,very_noisy,M6.N[3.85],M6,0.011231403991031109,Mild+Moderate|Severe,0.010809287270361003,0.7584278531399836,0.0028078726236669283,0.47013196688653897,8.622368710520112,False,4.201132967791638,0.9366000598580243,False,True,
three_merged,very_noisy,M6.A[3.90],M6,0.0618390666384198,Mild+Moderate|Severe,0.060209011987574605,2.1373523769876765,0.016100787794326214,0.42948290321272925,2.670236512918987,False,1.276462220976204,0.9481004720601258,False,True,
three_merged,very_noisy,M6.N[3.90],M6,0.06186033913527334,Mild+Moderate|Severe,0.060229720277404884,2.1377176300629466,0.01610659018180314,0.42947060020216277,2.6695419527279856,False,1.2761394363750553,0.9481023615932689,False,True,
three_merged,very_noisy,M6.A[3.95],M6,0.0454057537220659,Mild+Moderate|Severe,0.04492809355468127,2.9226036640623736,0.011401128212980081,0.44004974040709943,1.6069502227424206,False,0.7799639433487207,0.9671124054592819,False,True,
three_merged,very_noisy,M6.N[3.95],M6,0.04541249269147017,Mild+Moderate|Severe,0.044934771757416156,2.9228518435845245,0.01140283274391683,0.4400453086300559,1.6068123454540042,False,0.7798975841741609,0.9671075577654941,False,True,
three_merged,very_noisy,M6.A[4.00],M6,0.02861451562832865,Mild+Moderate|Severe,0.02848791096811701,3.588505803479589,0.007153691044439336,0.4523947741014711,1.2724759483181871,False,0.6216109381029267,0.9685384737659349,False,True,
three_merged,very_noisy,M6.N[4.00],M6,0.028615223842563785,Mild+Moderate|Severe,0.028488618863414153,3.5885902767684903,0.007153867501056586,0.452394188802379,1.272421473384718,False,0.6215843786850458,0.9685388014842794,False,True,
three_merged,very_noisy,M6.A[4.05],M6,0.006611373842342646,Mild+Moderate|Severe,0.006596063020941186,2.386733936734603,0.0021354309025301745,0.475510996468696,1.1091672249561693,False,0.544714295807106,0.9654183256700534,False,True,
three_merged,very_noisy,M6.N[4.05],M6,0.006612147979474778,Mild+Moderate|Severe,0.006596835677903955,2.3868980865085465,0.002135628618705919,0.47550973388566353,1.1091376785359248,False,0.5446998327732707,0.9654185813603912,False,True,
three_merged,very_noisy,M6.A[4.10],M6,0.006736220387805397,Mild+Moderate|Severe,0.0067267737578897415,3.0973344386185016,0.0017445946913345455,0.4766545077469589,1.0892403313985681,False,0.536677868007435,0.9610478348241507,False,True,
three_merged,very_noisy,M6.N[4.10],M6,0.00673604273150277,Mild+Moderate|Severe,0.006726596601005335,3.097334684344932,0.0017445379123056568,0.47665485133787105,1.0892152921577933,False,0.5366655832898491,0.9610479396411187,False,True,
three_merged,very_noisy,M6.A[4.15],M6,0.0012019546277505322,Normal|Mild+Moderate,0.0012010058674337232,1.7444291835840309,0.0006359554484011115,0.4874606594167513,1.257163128531441,False,0.6208145041644072,0.9747036840654298,False,True,
three_merged,very_noisy,M6.N[4.15],M6,0.0012020482299380207,Normal|Mild+Moderate,0.0012010994264323898,1.74452534716076,0.0006359753979078998,0.4874604248751999,1.257127036540274,False,0.6207967465933381,0.9747043585362216,False,True,
three_merged,very_noisy,M7.D,M7,0.06910224153065907,Mild+Moderate|Severe,0.05876764749255465,0.8865097322309685,0.271588341818241,0.2505638350561196,9.754281713262515,False,2.1687538658544936,1.0406291852538982,False,True,
three_merged,very_noisy,M7.D_pow,M7,0.0002759931914680274,Normal|Mild+Moderate,0.00026955121076343495,0.15197603709147445,0.00039505815744491073,0.49035321278253674,34.792184769072314,False,5.100094163346275,0.36865468003592017,False,True,
three_merged,very_noisy,M7.D0,M7,0.06805210995891635,Mild+Moderate|Severe,0.05787348717444713,0.8796929495004525,0.26791332418153707,0.2521839388921243,9.638950848879665,False,2.1621529681899716,1.0400977204123802,False,True,
three_merged,very_noisy,M7.D1,M7,0.22333218400100802,Mild+Moderate|Severe,0.14129135478196564,0.8770683279690156,0.08834166959021741,0.34967866648089213,16.344837385352943,False,2.405789737209143,1.0964095867845518,False,True,
three_merged,very_noisy,M7.D2,M7,0.09307477778742959,Mild+Moderate|Severe,0.08605983068657486,1.511189910372711,0.024951186154345516,0.4130507410928193,4.649139074310082,False,0.769980570732785,1.0400992035078838,False,True,
three_merged,very_noisy,M7.D3,M7,0.034618306380543584,Mild+Moderate|Severe,0.034163310623921195,2.2800491454267098,0.034788294850608234,0.40923612900890083,7.296135019259641,False,1.0776391341220453,1.093931243189992,False,True,
three_merged,very_noisy,M7.D3[k3],M7,0.08270645571263176,Mild+Moderate|Severe,0.08167314977555053,3.615845728613373,0.08180663952535108,0.3610013700416328,3.6451740878227534,False,0.9435160441145127,0.8639924530165568,False,True,
three_merged,very_noisy,M8.s1^2,M8,0.08635847832766275,Mild+Moderate|Severe,,,0.025468223351122962,0.41410617519928605,0.5536758878738304,False,13.559632922794979,0.30856632864265443,False,True,matrix-level: no per-antenna port-noise estimate
three_merged,very_noisy,M8.s2^2,M8,0.09252981109693782,Mild+Moderate|Severe,,,0.030998137931512123,0.40788351311694987,0.6137521912370768,False,15.191191071048435,0.4808600055137272,False,True,matrix-level: no per-antenna port-noise estimate
three_merged,very_noisy,M8.s3^2,M8,0.1048098317003575,Mild+Moderate|Severe,,,0.03442145004058286,0.4026170039773598,0.8523250574063017,False,20.834220460160306,0.6090305072043526,False,True,matrix-level: no per-antenna port-noise estimate
three_merged,very_noisy,M8.s4^2,M8,0.08900677034242326,Mild+Moderate|Severe,,,0.0333633094314868,0.40626508289900987,0.6908459255709797,False,17.21422560791874,0.5080188588735204,False,True,matrix-level: no per-antenna port-noise estimate
three_merged,very_noisy,M8.s5^2,M8,0.08899189004890273,Mild+Moderate|Severe,,,0.032241549688561105,0.4073557004155406,0.6811439970820589,False,17.01476975987522,0.573134551841504,False,True,matrix-level: no per-antenna port-noise estimate
three_merged,very_noisy,M8.s6^2,M8,0.0768766719148813,Mild+Moderate|Severe,,,0.024991967364898587,0.4167024795649054,0.6256283718361267,False,15.555317800959488,0.5362377326691482,False,True,matrix-level: no per-antenna port-noise estimate
three_merged,very_noisy,M8.lam0^2,M8,0.10276521468378595,Mild+Moderate|Severe,0.09779693794129408,2.0113970269355645,0.035597904985162805,0.4019676718710811,0.6576274056636291,False,16.175744799447614,0.5577851059020184,False,True,
three_merged,very_noisy,M8.lam1^2,M8,0.099347735712059,Mild+Moderate|Severe,0.09464555244072141,1.999835685269873,0.035251493115056015,0.4028422612267689,0.6565452373666215,False,16.357130455220116,0.5172901507973595,False,True,
three_merged,very_noisy,M8.lam2^2,M8,0.116331816409941,Mild+Moderate|Severe,0.11113899114827076,2.2314934845061054,0.04115086746383678,0.39507193930559104,0.6032155645393111,False,15.003582093669987,0.511702716257506,False,True,
three_merged,very_noisy,M8.lam3^2,M8,0.13058498962762433,Mild+Moderate|Severe,0.12490217933640588,2.395879967052963,0.04508060072372027,0.38979102665717547,0.5663602434558488,False,13.757409098234044,0.4912028294427864,False,True,
three_merged,very_noisy,M8.lam0^2[k3],M8,0.17963293862627458,Mild+Moderate|Severe,0.16589332785598263,2.0827408246253323,0.05158576199164722,0.37779946877058845,1.3709291524181264,False,3.6107597198912047,0.7507847071724587,False,True,
three_merged,very_noisy,M8.lam1^2[k3],M8,0.14779226711516633,Mild+Moderate|Severe,0.13760355141754552,1.9980021573451259,0.04400906144061201,0.38782317823508206,1.3044787694729325,False,3.484375298871264,0.741617659925932,False,True,
three_merged,very_noisy,M8.lam2^2[k3],M8,0.09495031038169952,Mild+Moderate|Severe,0.08926882304269479,1.7273568837251054,0.03192472975092405,0.40659681797456293,1.2961712923224211,False,3.463885476799951,0.6843881478338493,False,True,
three_merged,very_noisy,M8.lam3^2[k3],M8,0.08257724839687869,Mild+Moderate|Severe,0.07823056736259386,1.7240686522961168,0.028213578252062207,0.41239908366505634,1.143861134920643,False,3.0560012628483704,0.6887493912430479,False,True,
three_merged,typical_jitter,M0.old_score,M0,0.15073732073067925,Mild+Moderate|Severe,0.13309918602834972,1.5082966482178835,0.04169098709511986,0.3889320791361714,1.3856680348781139,False,26.03463497177055,0.5807628988190071,False,True,baseline only; not a physical quantity
three_merged,typical_jitter,M1.Sii_dBavg,M1,0.04624343070215081,Normal|Severe,0.04276120854030914,1.0657044242247402,0.033589715545810146,0.4102585875535869,0.6033707391774785,False,16.064083649739644,1.0350299495996005,False,True,dB averaging; shown for fragility
three_merged,typical_jitter,M2.R,M2,0.14813735734007666,Mild+Moderate|Severe,0.13916340353105278,2.1434724222098054,0.05933743327779521,0.37651569952262964,0.6290863113824435,False,15.574613961445042,0.5161889369420466,False,True,
three_merged,typical_jitter,M2.R[k3],M2,0.12349242968764347,Mild+Moderate|Severe,0.1153212190334272,1.8670097003765378,0.03878191869392601,0.3957762031363884,1.2841628487744379,False,3.4220182540968103,0.7208560347245685,False,True,
three_merged,typical_jitter,M3.A,M3,0.1481373573400915,Mild+Moderate|Severe,0.13916340353106754,2.1434724222100163,0.05933743327779882,0.37651569952262537,0.6290863113824985,False,15.57461396144555,0.5161889369420667,False,True,affine copy of M2.R (identical separability)
three_merged,typical_jitter,M3.ML_of_powavg,M3,0.14666469115405414,Mild+Moderate|Severe,0.13769011260635652,2.121397877149888,0.05847997942722734,0.377331196572684,0.6402589441821538,False,15.01657019655103,0.4966320961406709,False,True,
three_merged,typical_jitter,M3.ML_dBavg,M3,0.20422459528265027,Mild+Moderate|Severe,0.2017171898044415,5.732290472381267,0.05119821331601789,0.3745619145573533,0.8606461744156017,False,12.158450374523419,0.769345230204191,False,True,dB averaging; comparison only
three_merged,typical_jitter,M4.N,M4,0.15209694190709386,Mild+Moderate|Severe,0.1428567657621505,2.1686302957761336,0.06058574772063762,0.37516099529370234,0.6217324606800353,False,15.382669385008152,0.5177903330765701,False,True,
three_merged,typical_jitter,M4.N[k3],M4,0.12104848932461548,Mild+Moderate|Severe,0.1131004332492682,1.8560785756450917,0.03811356163558756,0.3967203369967349,1.2869889260300196,False,3.4328363087444114,0.7170750166195973,False,True,
three_merged,typical_jitter,M5.C,M5,0.29138966386954984,Normal|Mild+Moderate,0.22031918311737583,1.3441062446276095,0.07595603042137276,0.3496380708117568,0.018740370858532904,True,3.717309782113483,1.1098402505222904,False,True,
three_merged,typical_jitter,M5.C1,M5,0.23668920015440484,Normal|Mild+Moderate,0.17760226671248647,1.1928415145036804,0.06136152141946058,0.36409823336325303,0.0171308039641063,True,4.095051273102453,1.1070618738871314,False,True,
three_merged,typical_jitter,M5.C2,M5,12.620869674385261,Mild+Moderate|Severe,3.698437346622041,3.2317620642508578,3.1743482537270284,0.005546663093472491,0.03030272426374216,True,0.7310328124329363,1.0056074971531557,False,True,
three_merged,typical_jitter,M5.C3,M5,0.08795638025247927,Mild+Moderate|Severe,0.026317767601455787,0.27406070344672645,0.42196861886528975,0.19376717434008486,0.22080735048467467,True,8.004128405092194,1.109613489249073,False,True,
three_merged,typical_jitter,M5.C[k3],M5,0.4383710439979836,Normal|Mild+Moderate,0.3299172506042814,1.633112362525443,0.1392800529102698,0.30698330395336265,1.1898197553882306,False,3.134052485016931,0.6421290278945389,False,True,
three_merged,typical_jitter,M5.C1[k3],M5,0.3270651103227081,Normal|Mild+Moderate,0.24945098531547819,1.4499543723087933,0.11544234450501609,0.3263397056880488,1.354335991373726,False,3.561377180916055,0.5978364195698145,False,True,
three_merged,typical_jitter,M5.C2[k3],M5,3.368397095928838,Normal|Mild+Moderate,1.9171317858611967,2.983178337355644,1.183322480339386,0.053591206925547814,0.14375424556108055,True,0.36760589957826895,0.7835401990812972,False,True,
three_merged,typical_jitter,M5.C3[k3],M5,0.004201997755623282,Mild+Moderate|Severe,0.0018598087110354331,0.0816894688055865,0.043606082498205835,0.3989684123533118,3.2866819632388373,False,9.476156517471281,-0.45774844561903133,False,True,
three_merged,typical_jitter,M5.C3_dBavg[k3],M5,0.04148388045893271,Mild+Moderate|Severe,0.015049439904384577,0.2173350601156403,0.020996670292950576,0.4278339906217702,1.3242336301263664,False,3.884385228443216,0.28152551189722164,False,True,dB averaging; comparison only
three_merged,typical_jitter,M6.fc_A,M6,0.09226638316899215,Normal|Mild+Moderate,0.0773563888547978,0.9784668153341262,0.023638006218647686,0.41442934399826875,6.071393561335257,False,23.218412606458074,0.8128193545289325,False,True,
three_merged,typical_jitter,M6.spread_A,M6,1.1070361788429213,Mild+Moderate|Severe,0.9715012633089453,3.9837492530023266,0.27677545514375246,0.22843668562396763,0.2216294729640953,True,19.172888875422693,0.39812111337036665,False,True,
three_merged,typical_jitter,M6.fc_N,M6,0.09259902830728474,Normal|Mild+Moderate,0.07758555035797221,0.9782908237230344,0.02373108017968555,0.4142702309618216,6.06797252276404,False,23.223746119128492,0.8130078884976762,False,True,
three_merged,typical_jitter,M6.spread_N,M6,1.0934191376396452,Mild+Moderate|Severe,0.9598189837576441,3.9636885468918988,0.2733708453304263,0.22982756328154838,0.22289458574891433,True,19.296117768510687,0.3943723020628125,False,True,
three_merged,typical_jitter,M6.A[3.20],M6,0.33360331190647763,Mild+Moderate|Severe,0.31024888364048536,2.97714966952487,0.08429278886587036,0.34101925112678644,2.3509715548197874,False,1.1550285886183387,0.9665632181625887,False,True,
three_merged,typical_jitter,M6.N[3.20],M6,0.33370055592511616,Mild+Moderate|Severe,0.3103333046210309,2.977171420731583,0.08431784721406528,0.34099708352424696,2.3506258884567823,False,1.154865548477539,0.9665674608623224,False,True,
three_merged,typical_jitter,M6.A[3.25],M6,0.03383244025457605,Mild+Moderate|Severe,0.031171704627442967,0.8903506362202102,0.009823608144503466,0.4462570004360409,7.521456497691449,False,3.7052166558305175,0.7938252518405836,False,True,
three_merged,typical_jitter,M6.N[3.25],M6,0.033882790967345845,Mild+Moderate|Severe,0.03121659657036087,0.890741027310077,0.009837741218338835,0.4462179019522741,7.516881961636733,False,3.70299876966977,0.7939830482092964,False,True,
three_merged,typical_jitter,M6.A[3.30],M6,0.09480674751027861,Mild+Moderate|Severe,0.08508707603372963,1.2883700737048354,0.026243275358070764,0.41152807847052897,5.6160156554611245,False,2.7947128783780824,0.7366144006401281,False,True,
three_merged,typical_jitter,M6.N[3.30],M6,0.0947281458492872,Mild+Moderate|Severe,0.08500561245919112,1.2870297769747865,0.026226718815159634,0.4115597014526998,5.620593951488169,False,2.797028843119756,0.7366464854292081,False,True,
three_merged,typical_jitter,M6.A[3.35],M6,0.10759303677761084,Normal|Mild+Moderate,0.08321567440629032,0.8570699976570982,0.050744265678514214,0.38749830293703486,9.273800146044138,False,4.58588611283064,0.3999639138064218,False,True,
three_merged,typical_jitter,M6.N[3.35],M6,0.10808061160981831,Normal|Mild+Moderate,0.08353874585326068,0.857786253311376,0.050818387455434044,0.387389750290414,9.258533008456574,False,4.578248803097321,0.4008956493036354,False,True,
three_merged,typical_jitter,M6.A[3.40],M6,0.37109821328238957,Mild+Moderate|Severe,0.3522676081461674,3.7261784215894416,0.09290445372851922,0.33325861548349434,1.0647562758965776,False,0.49700818320505163,0.9600268981034483,False,True,
three_merged,typical_jitter,M6.N[3.40],M6,0.36892639433339025,Mild+Moderate|Severe,0.35023504801605065,3.71829952604225,0.09236012589598432,0.3337182508924818,1.0655223789583874,False,0.49732694431614577,0.9598878645949465,False,True,
three_merged,typical_jitter,M6.A[3.45],M6,0.02426990551396474,Mild+Moderate|Severe,0.023714356237963648,1.4394395044115735,0.00640717470648171,0.45553532739971436,0.9959667886516123,False,0.5004559163552491,0.8559542017437234,False,True,
three_merged,typical_jitter,M6.N[3.45],M6,0.023921753171054452,Mild+Moderate|Severe,0.02337436075499777,1.4293282701092482,0.00631879594912552,0.45584796829195656,1.0055178274464123,False,0.5055396479845906,0.8549114334738531,False,True,
three_merged,typical_jitter,M6.A[3.50],M6,0.0009748789517646284,Mild+Moderate|Severe,0.000934577298803286,0.21263587031479306,0.009944607269254302,0.45173842432101496,8.182147720374246,False,3.972713640860225,0.4487069993521345,False,True,
three_merged,typical_jitter,M6.N[3.50],M6,0.0010825805873954882,Mild+Moderate|Severe,0.0010381374514258752,0.22489002716060844,0.009896321370209437,0.4518551317460391,7.790036041319351,False,3.783209988853251,0.47547637734282105,False,True,
three_merged,typical_jitter,M6.A[3.55],M6,0.13634852029568106,Mild+Moderate|Severe,0.0826264210717308,0.6476243897108608,0.21628959573430945,0.276257239364838,4.275966404115538,False,2.111065450092005,0.9258216803159636,False,True,
three_merged,typical_jitter,M6.N[3.55],M6,0.14440563478292562,Mild+Moderate|Severe,0.08716268541742958,0.6631493798042521,0.21786348409397743,0.2754371635479567,4.174642399203478,False,2.0608288812773248,0.9251051104645266,False,True,
three_merged,typical_jitter,M6.A[3.60],M6,0.09433367207624914,Mild+Moderate|Severe,0.0925003832017717,3.0432949799359292,0.09653977258990068,0.34915027033184054,3.8086090570847992,False,1.878144288426812,0.496577075992832,False,True,
three_merged,typical_jitter,M6.N[3.60],M6,0.10102077276793406,Mild+Moderate|Severe,0.0990618745227998,2.9002581991322445,0.09926904577134346,0.34698385855516434,4.023990095147638,False,1.9842138937861558,0.46522879369112846,False,True,
three_merged,typical_jitter,M6.A[3.65],M6,0.027174652216500544,Mild+Moderate|Severe,0.024603597398839484,0.7211749496507964,0.017533242219176223,0.43487025089996756,5.60567427155696,False,2.7396373095692583,0.8968038270436312,False,True,
three_merged,typical_jitter,M6.N[3.65],M6,0.028910930314464855,Mild+Moderate|Severe,0.026144701279393993,0.7392542084797277,0.0178364016743464,0.43419229333024056,5.453888509744246,False,2.665581939781476,0.8972771520225471,False,True,
three_merged,typical_jitter,M6.A[3.70],M6,0.005514276279968807,Normal|Mild+Moderate,0.004565859463043214,0.23042038901049455,0.011679369457990234,0.4476365971324512,15.293030444784632,False,7.389656449550999,-0.6705440420817025,False,True,
three_merged,typical_jitter,M6.N[3.70],M6,0.00536548712808938,Normal|Mild+Moderate,0.00445010463374685,0.22840383223026034,0.011376213959958015,0.44832068936293357,15.374082718187266,False,7.428566026186923,-0.6835109143060203,False,True,
three_merged,typical_jitter,M6.A[3.75],M6,0.03356128547908866,Normal|Severe,0.03286768305350043,1.7834606636907937,0.030241110562910525,0.4145387821961209,2.2430610789244834,False,0.9979913866069113,0.9064838340724133,False,True,
three_merged,typical_jitter,M6.N[3.75],M6,0.0331333149427429,Normal|Severe,0.03244992984085661,1.773869105234194,0.030234606647943113,0.4145453941645758,2.2475071394271104,False,1.0047745451141632,0.906416603225503,False,True,
three_merged,typical_jitter,M6.A[3.80],M6,0.011869214270737337,Mild+Moderate|Severe,0.011093924274466076,0.5828227440585401,0.004729440572433911,0.46487971073429657,6.578008537577965,False,3.2512998104315223,0.7425918499224688,False,True,
three_merged,typical_jitter,M6.N[3.80],M6,0.011952987846115964,Mild+Moderate|Severe,0.011170443575426176,0.5841629224530054,0.004764251823145571,0.4647522562472501,6.559047156670596,False,3.2420766591484296,0.7424293155392852,False,True,
three_merged,typical_jitter,M6.A[3.85],M6,0.011317424856264156,Mild+Moderate|Severe,0.010871171126112114,0.7425676821638575,0.002989488275985803,0.46960090075337185,8.633016514956644,False,4.206135284525886,0.936581980231205,False,True,
three_merged,typical_jitter,M6.N[3.85],M6,0.011338786962865378,Mild+Moderate|Severe,0.010891529059937958,0.7431281474392443,0.002993941229290906,0.4695753126030243,8.622368710520112,False,4.201132967791638,0.9366000598580243,False,True,
three_merged,typical_jitter,M6.A[3.90],M6,0.16474337004965114,Mild+Moderate|Severe,0.15484773821778053,2.270647085388012,0.046050120710418245,0.3836830690927092,2.670236512918987,False,1.276462220976204,0.9481004720601258,False,True,
three_merged,typical_jitter,M6.N[3.90],M6,0.16480603758840703,Mild+Moderate|Severe,0.15490607424449815,2.2710096905099793,0.046069119052578225,0.38366049940207403,2.6695419527279856,False,1.2761394363750553,0.9481023615932689,False,True,
three_merged,typical_jitter,M6.A[3.95],M6,0.3962047027638843,Mild+Moderate|Severe,0.36677312285347125,3.1424384092352406,0.10648908498575443,0.3246073003172969,1.6069502227424206,False,0.7799639433487207,0.9671124054592819,False,True,
three_merged,typical_jitter,M6.N[3.95],M6,0.3962557624199575,Mild+Moderate|Severe,0.36682071968735647,3.142659923265867,0.106502847839263,0.32459666092954254,1.6068123454540042,False,0.7798975841741609,0.9671075577654941,False,True,
three_merged,typical_jitter,M6.A[4.00],M6,0.35344819774538433,Mild+Moderate|Severe,0.3347411986977679,3.5565621723714047,0.08858449467856601,0.33698828417830007,1.2724759483181871,False,0.6216109381029267,0.9685384737659349,False,True,
three_merged,typical_jitter,M6.N[4.00],M6,0.35346375448869877,Mild+Moderate|Severe,0.33475625975428713,3.5566733314708663,0.08858842263179952,0.3369848873392204,1.272421473384718,False,0.6215843786850458,0.9685388014842794,False,True,
three_merged,typical_jitter,M6.A[4.05],M6,0.2726167583968397,Mild+Moderate|Severe,0.26333690011882077,3.933475596760168,0.0682062050649213,0.3559596354010529,1.1091672249561693,False,0.544714295807106,0.9654183256700534,False,True,
three_merged,typical_jitter,M6.N[4.05],M6,0.27262090278707146,Mild+Moderate|Severe,0.26334104814923065,3.9335372467747853,0.06820721899165443,0.35595860286763503,1.1091376785359248,False,0.5446998327732707,0.9654185813603912,False,True,
three_merged,typical_jitter,M6.A[4.10],M6,0.11006200146655756,Mild+Moderate|Severe,0.10767735132605698,3.1527065373628287,0.027526450561758144,0.40725514207235547,1.0892403313985681,False,0.536677868007435,0.9610478348241507,False,True,
three_merged,typical_jitter,M6.N[4.10],M6,0.11006350141534878,Mild+Moderate|Severe,0.10767885088626312,3.1527497163325005,0.027526817054570975,0.40725452928187544,1.0892152921577933,False,0.5366655832898491,0.9610479396411187,False,True,
three_merged,typical_jitter,M6.A[4.15],M6,0.07054391413962115,Mild+Moderate|Severe,0.06936101633582054,2.8762649275083847,0.017754977868370964,0.4253852255473566,1.257163128531441,False,0.6208145041644072,0.9747036840654298,False,True,
three_merged,typical_jitter,M6.N[4.15],M6,0.07054568417393228,Mild+Moderate|Severe,0.06936276929043003,2.876316592527296,0.017755448280345046,0.42538427344369123,1.257127036540274,False,0.6207967465933381,0.9747043585362216,False,True,
three_merged,typical_jitter,M7.D,M7,0.03968852507042992,Mild+Moderate|Severe,0.03448426474980547,0.7252345021578344,0.1661767297518762,0.30352013416272783,9.754281713262515,False,2.1687538658544936,1.0406291852538982,False,True,
three_merged,typical_jitter,M7.D_pow,M7,0.0018419943202289334,Mild+Moderate|Severe,0.00160804940227709,0.15912998689100918,0.03141491909935971,0.4142367004446157,34.792184769072314,False,5.100094163346275,0.36865468003592017,False,True,
three_merged,typical_jitter,M7.D0,M7,0.03930523696401624,Mild+Moderate|Severe,0.034114294327797896,0.7187622979858896,0.16698542697721627,0.3030519029887106,9.638950848879665,False,2.1621529681899716,1.0400977204123802,False,True,
three_merged,typical_jitter,M7.D1,M7,0.058229221999241895,Mild+Moderate|Severe,0.0490480536596307,0.7887645898825234,0.021758367645907103,0.42414333476924815,16.344837385352943,False,2.405789737209143,1.0964095867845518,False,True,
three_merged,typical_jitter,M7.D2,M7,0.1258498498427348,Mild+Moderate|Severe,0.11190471177150256,1.421196488887781,0.03274102703502558,0.39993376225481947,4.649139074310082,False,0.769980570732785,1.0400992035078838,False,True,
three_merged,typical_jitter,M7.D3,M7,0.03573672891174955,Mild+Moderate|Severe,0.035281608747097244,2.3538758193467313,0.03796638185502954,0.40525072057157546,7.296135019259641,False,1.0776391341220453,1.093931243189992,False,True,
three_merged,typical_jitter,M7.D3[k3],M7,0.07974313929025302,Mild+Moderate|Severe,0.07877978753251992,3.6114085154265445,0.08163821512794901,0.3611970925702965,3.6451740878227534,False,0.9435160441145127,0.8639924530165568,False,True,
three_merged,typical_jitter,M8.s1^2,M8,0.15819003989742464,Mild+Moderate|Severe,,,0.04980089221900551,0.3822233506135144,0.5536758878738304,False,13.559632922794979,0.30856632864265443,False,True,matrix-level: no per-antenna port-noise estimate
three_merged,typical_jitter,M8.s2^2,M8,0.12441087694166852,Mild+Moderate|Severe,,,0.052482974458197856,0.3844396222008134,0.6137521912370768,False,15.191191071048435,0.4808600055137272,False,True,matrix-level: no per-antenna port-noise estimate
three_merged,typical_jitter,M8.s3^2,M8,0.14122748828527482,Mild+Moderate|Severe,,,0.06144098291434913,0.37547306485220333,0.8523250574063017,False,20.834220460160306,0.6090305072043526,False,True,matrix-level: no per-antenna port-noise estimate
three_merged,typical_jitter,M8.s4^2,M8,0.12297493591611038,Mild+Moderate|Severe,,,0.054941348491903075,0.38245195037133695,0.6908459255709797,False,17.21422560791874,0.5080188588735204,False,True,matrix-level: no per-antenna port-noise estimate
three_merged,typical_jitter,M8.s5^2,M8,0.17182571024345414,Mild+Moderate|Severe,,,0.06924198469860063,0.36686768210416276,0.6811439970820589,False,17.01476975987522,0.573134551841504,False,True,matrix-level: no per-antenna port-noise estimate
three_merged,typical_jitter,M8.s6^2,M8,0.19320300282843306,Mild+Moderate|Severe,,,0.07135567384181674,0.3633842156515413,0.6256283718361267,False,15.555317800959488,0.5362377326691482,False,True,matrix-level: no per-antenna port-noise estimate
three_merged,typical_jitter,M8.lam0^2,M8,0.14153286929149966,Mild+Moderate|Severe,0.13234580626453032,2.0193444148315414,0.055958543553805334,0.3798426853781469,0.6576274056636291,False,16.175744799447614,0.5577851059020184,False,True,
three_merged,typical_jitter,M8.lam1^2,M8,0.13690733758925333,Mild+Moderate|Severe,0.12821816023531665,2.0100821176668906,0.0553469611603779,0.3808093588778011,0.6565452373666215,False,16.357130455220116,0.5172901507973595,False,True,
three_merged,typical_jitter,M8.lam2^2,M8,0.1598491796104774,Mild+Moderate|Severe,0.15031023512413452,2.2444726624433806,0.06418666679390145,0.3716849951489166,0.6032155645393111,False,15.003582093669987,0.511702716257506,False,True,
three_merged,typical_jitter,M8.lam3^2,M8,0.1786377066681233,Mild+Moderate|Severe,0.1683831963671691,2.42210784880773,0.06879797491629558,0.3665590333725784,0.5663602434558488,False,13.757409098234044,0.4912028294427864,False,True,
three_merged,typical_jitter,M8.lam0^2[k3],M8,0.1828371811172991,Mild+Moderate|Severe,0.16840714067337373,2.0658259723724917,0.052612941552977806,0.376675649171648,1.3709291524181264,False,3.6107597198912047,0.7507847071724587,False,True,
three_merged,typical_jitter,M8.lam1^2[k3],M8,0.15098148952839713,Mild+Moderate|Severe,0.1401943470676809,1.981020157600843,0.04514936105584784,0.3865144476738198,1.3044787694729325,False,3.484375298871264,0.741617659925932,False,True,
three_merged,typical_jitter,M8.lam2^2[k3],M8,0.09618980138812189,Mild+Moderate|Severe,0.0902129854752839,1.7040373110867977,0.0326270893843091,0.40574198055527977,1.2961712923224211,False,3.463885476799951,0.6843881478338493,False,True,
three_merged,typical_jitter,M8.lam3^2[k3],M8,0.08300056797239136,Mild+Moderate|Severe,0.07846631784010956,1.6949013645890143,0.028730752934878277,0.4118169434954179,1.143861134920643,False,3.0560012628483704,0.6887493912430479,False,True,
