scheme,profile,metric,method_id,min_J_meas,weakest_pair,min_J_eff,min_gap_over_port,min_bhatt,max_bayes_err,shift_move_over_min_gap,shift_robust,band_move_over_min_gap,band_gap_retention,freq_robust,any_ad_pair,note
three,ideal,M0.old_score,M0,0.03165514211229986,Mild|Severe,0.027688920978975826,0.6648163405106895,0.04823618210493251,0.3935134180017327,2.7391639535468166,False,51.464803880459066,-0.06689028720182072,False,True,baseline only; not a physical quantity
three,ideal,M1.Sii_dBavg,M1,0.052059713980537194,Normal|Severe,0.04820455088374978,1.1410075789078034,0.035617971381906595,0.4074342443160343,0.6033707391774785,False,16.064083649739644,1.0684446017494673,False,True,dB averaging; shown for fragility
three,ideal,M2.R,M2,0.4682910275076139,Mild|Severe,0.4284997594105038,3.175808578716465,0.14684674916103999,0.295068389481027,0.5898531109743902,False,14.60329740317397,0.23512332904256653,False,True,
three,ideal,M2.R[k3],M2,0.08285399915775064,Mild|Severe,0.07649079110377048,1.4113614478883345,0.03742831235113078,0.402907260889331,1.618022605396752,False,4.311682818493932,0.5563037707180158,False,True,
three,ideal,M3.A,M3,0.46829102750761475,Mild|Severe,0.42849975941050755,3.175808578716599,0.1468467491610446,0.29506838948102404,0.5898531109743939,False,14.603297403173261,0.2351233290426028,False,True,affine copy of M2.R (identical separability)
three,ideal,M3.ML_of_powavg,M3,0.4644472201330673,Mild|Severe,0.42453628122585135,3.143363566049822,0.14736951772003568,0.29484024145447596,0.5905402808569492,False,13.850473565358614,0.22757811751107238,False,True,
three,ideal,M3.ML_dBavg,M3,1.1857136306296578,Mild|Severe,1.0227621153033075,3.858007065616791,0.4919486117296472,0.16817640283817425,0.6437792997874989,False,9.09474636766578,0.7098865072412281,False,True,dB averaging; comparison only
three,ideal,M4.N,M4,0.47686781155408403,Mild|Severe,0.4361922071908853,3.1980551302526155,0.1498423973704408,0.2931934502339213,0.5872740520767343,False,14.530112472508634,0.2391138491651591,False,True,
three,ideal,M4.N[k3],M4,0.08107869965507385,Mild|Severe,0.07490759966263552,1.402975328234944,0.036790763586108735,0.40377067551154233,1.622075719944948,False,4.326626526722628,0.5514358903298339,False,True,
three,ideal,M5.C,M5,0.32032168694026775,Normal|Mild,0.26355810650617506,1.7246916789174174,0.10267874635735891,0.33327817369969515,0.0159203229155635,True,3.1579296138359685,1.109970005287499,False,True,
three,ideal,M5.C1,M5,0.27683455854921435,Normal|Mild,0.22640819047919925,1.5766756919651723,0.0897788970258789,0.3440245405927228,0.014095153100085531,True,3.36939088019565,1.108642011938728,False,True,
three,ideal,M5.C2,M5,16.829601701495488,Mild|Severe,4.229132330412313,3.36112134985177,4.214545272885025,0.0017933174132440794,0.027098036201331794,True,0.6537218714480945,0.998667263515945,False,True,
three,ideal,M5.C3,M5,0.2918591094790133,Mild|Severe,0.08151555820114442,0.47561689877055885,0.5005119042744892,0.1697165297065281,0.1218185039333001,True,4.415844605979441,1.109665152741249,False,True,
three,ideal,M5.C[k3],M5,0.37305286416720645,Mild|Severe,0.2840479148373682,1.5430816661460058,0.1006408278175403,0.3293311445239951,1.1451499808404462,False,3.0163897740956873,0.6603944172125572,False,True,
three,ideal,M5.C1[k3],M5,0.3852783626426993,Mild|Severe,0.29771188351120415,1.6185698594205842,0.10374497283677325,0.32680866002144154,1.0991513247193965,False,2.890340706561874,0.6314046833150522,False,True,
three,ideal,M5.C2[k3],M5,5.030217351181176,Mild|Severe,3.1356109442686178,4.080467830246925,1.2576228286970101,0.05637131723241444,0.12112125199211192,True,0.30972919528618775,0.8473303086216458,False,True,
three,ideal,M5.C3[k3],M5,0.0587637900702393,Mild|Severe,0.02480416173982947,0.2929885916402984,0.051323210112722444,0.38958534561188535,0.876637465795243,False,2.5275198293810197,0.5200878984272762,False,True,
three,ideal,M5.C3_dBavg[k3],M5,0.1598479307734523,Mild|Severe,0.05300354121136665,0.3982401925041262,0.04294430055176019,0.3865739103685065,0.7151178971105577,False,2.0976611172958597,0.5301608899442593,False,True,dB averaging; comparison only
three,ideal,M6.fc_A,M6,0.08104873287387529,Normal|Mild,0.05046993961400908,0.5172426567492224,0.06429282876697795,0.37626067222370213,9.193110581360541,False,35.15658019176105,0.793350011870136,False,True,
three,ideal,M6.spread_A,M6,17.010083036061115,Mild|Severe,6.133794296599919,4.380185004654412,4.258836583757154,0.0017133623181395054,0.1945963214109634,True,16.834284700856863,0.4474171131267875,False,True,
three,ideal,M6.fc_N,M6,0.0814586953547576,Normal|Mild,0.05057304684840514,0.5164935710999127,0.06519555447128964,0.37542234973367816,9.200559296961758,False,35.212989588373595,0.7933842990093355,False,True,
three,ideal,M6.spread_N,M6,16.93928023231136,Mild|Severe,6.090786669461173,4.361284828512824,4.241805617827939,0.001741145705100196,0.19547763023025222,True,16.922615510640345,0.4444943313363963,False,True,
three,ideal,M6.A[3.20],M6,0.7303764118106293,Mild|Severe,0.6097023867434167,2.7166920720774987,0.19092110479992144,0.2697475392511169,2.1665730368827902,False,1.0644338898099095,0.9708860710308578,False,True,
three,ideal,M6.N[3.20],M6,0.730653623786391,Mild|Severe,0.6098933715583894,2.716662701215623,0.19099899472506415,0.26970678851078544,2.1663143617758873,False,1.06431305631095,0.9708859057805823,False,True,
three,ideal,M6.A[3.25],M6,0.09296297728695575,Mild|Severe,0.07743447239317494,0.9628804302484837,0.026958630502193468,0.411315915618798,6.141324422332923,False,3.0253365881290177,0.8309678939923738,False,True,
three,ideal,M6.N[3.25],M6,0.09307377240536746,Mild|Severe,0.07751699212530475,0.9630908428249063,0.02699351961791551,0.4112614129660406,6.138876060899878,False,3.024159567315822,0.8310508614971875,False,True,
three,ideal,M6.A[3.30],M6,0.1319436355992605,Mild|Severe,0.10195464886953322,0.9471785224243393,0.034451994248854645,0.39749177579896855,6.253384661154252,False,3.111888519930556,0.7366144006401281,False,True,
three,ideal,M6.N[3.30],M6,0.13191896641156622,Mild|Severe,0.10189623017367667,0.946286274371357,0.03445256579567889,0.39749571425557045,6.257894763259024,False,3.114174818732307,0.7366464854292081,False,True,
three,ideal,M6.A[3.35],M6,0.35592259455052877,Normal|Mild,0.13542041816062564,0.6611932513861895,1.1447087241669611,0.05665974452174746,9.174629528272526,False,4.536846328526719,0.4215846784879971,False,True,
three,ideal,M6.N[3.35],M6,0.35842032983090333,Normal|Mild,0.13586058437363838,0.6615074605577242,1.1586822111828774,0.055295284400945985,9.165788737689562,False,4.53238772054295,0.42211199837412394,False,True,
three,ideal,M6.A[3.40],M6,0.358663064462659,Mild|Severe,0.33992124251856587,3.606962060433191,0.0912797002518775,0.33515993665171046,1.0551316563892896,False,0.4925155920237232,0.9583708782259162,False,True,
three,ideal,M6.N[3.40],M6,0.3567429717179376,Mild|Severe,0.3381292133778817,3.600120374320671,0.09078976384332467,0.33557711069714397,1.0556475101637575,False,0.49271790144652816,0.9582495767639138,False,True,
three,ideal,M6.A[3.45],M6,0.0196086002871208,Mild|Severe,0.019203005772270854,1.362626605556543,0.005160769630990139,0.4600489076138825,1.1074952617720597,False,0.5564970262106895,0.8170965745418455,False,True,
three,ideal,M6.N[3.45],M6,0.01933966618400438,Mild|Severe,0.018939582483869788,1.353160326116608,0.005091960776298472,0.46031911207443155,1.1178291478249516,False,0.5620059023055536,0.8159198483021136,False,True,
three,ideal,M6.A[3.50],M6,0.012084366780639783,Mild|Severe,0.011532190579185773,0.7104671628632471,0.026746181953263806,0.42077833516519136,2.5284102593453257,False,1.2276299903483874,0.778590683646538,False,True,
three,ideal,M6.N[3.50],M6,0.012332605019924461,Mild|Severe,0.011774274938131928,0.7212137228962487,0.026526274830671544,0.4210992527254366,2.504225190332509,False,1.216170208218873,0.7811295173044985,False,True,
three,ideal,M6.A[3.55],M6,0.47965819150249406,Mild|Severe,0.26304772129449466,1.0793405167533272,0.42470793601696927,0.18378830267509252,2.5928065465513632,False,1.2800812265336623,0.9258216803159636,False,True,
three,ideal,M6.N[3.55],M6,0.49698872632648416,Mild|Severe,0.27080781299180245,1.0909149281665504,0.42572963793450774,0.183476191524318,2.6544550749668083,False,1.3103823416320672,0.9251051104645266,False,True,
three,ideal,M6.A[3.60],M6,0.2953489443065152,Normal|Severe,0.2766876476234914,2.9594205557931264,0.21370062082387298,0.27606032574004563,3.8086090570847992,False,1.878144288426812,0.496577075992832,False,True,
three,ideal,M6.N[3.60],M6,0.26123028730248826,Normal|Severe,0.24508826520924068,2.8164954376196136,0.2175337078083956,0.27409889245296376,4.023990095147638,False,1.9842138937861558,0.46522879369112846,False,True,
three,ideal,M6.A[3.65],M6,0.015224857228637343,Mild|Severe,0.012999767622348366,0.4217796811973955,0.02488959645068965,0.42350186939908896,7.350136775987727,False,3.592201038884153,0.8683631648582836,False,True,
three,ideal,M6.N[3.65],M6,0.016557325992444034,Mild|Severe,0.014106004547189025,0.4365278687079144,0.024895340495222927,0.423462457424988,7.085879725966653,False,3.4632158305498906,0.8689411818467742,False,True,
three,ideal,M6.A[3.70],M6,0.011331915966672695,Normal|Mild,0.008988991667579136,0.2948784473258511,0.005090807946652556,0.4640644925697964,9.44639227715399,False,4.564536366280855,-0.20942884730708455,False,True,
three,ideal,M6.N[3.70],M6,0.010983251443502434,Normal|Mild,0.008732319471560238,0.29192015702693624,0.004840149805522042,0.4648915076287404,9.507172832915366,False,4.593747959228465,-0.21992271137452254,False,True,
three,ideal,M6.A[3.75],M6,0.03299411948054426,Normal|Severe,0.032313923275064924,1.77056147984175,0.04737427548691704,0.39443504595481954,2.2430610789244834,False,0.9979913866069113,0.9064838340724133,False,True,
three,ideal,M6.N[3.75],M6,0.03256158347995032,Normal|Severe,0.03189166783597884,1.760744386097212,0.047098885796180934,0.39474590556830547,2.2475071394271104,False,1.0047745451141632,0.906416603225503,False,True,
three,ideal,M6.A[3.80],M6,0.027824429082843282,Mild|Severe,0.025533375932170227,0.7875255746444688,0.009209360467558684,0.44947164249097427,4.2556402090172,False,2.1034272190131516,0.5695498828534707,False,True,
three,ideal,M6.N[3.80],M6,0.028027181190687988,Mild|Severe,0.025713873595164017,0.7893539177943811,0.009286835830483516,0.44927182422401196,4.243789521109866,False,2.0976661127883953,0.5689420763575402,False,True,
three,ideal,M6.A[3.85],M6,0.006955957926037383,Mild|Severe,0.006620766959613117,0.5242053742207738,0.0037521760204755,0.4695848776974364,11.12165713486816,False,5.418638365433843,0.8803259207486734,False,True,
three,ideal,M6.N[3.85],M6,0.006979631868454983,Mild|Severe,0.006643170824073733,0.5249906539682585,0.0037533716049047957,0.46957425490853777,11.09972828894369,False,5.408193039960818,0.8807824866488556,False,True,
three,ideal,M6.A[3.90],M6,0.24798461581063247,Mild|Severe,0.2259190851937842,2.253443326560804,0.07179740487355253,0.3568061911305696,2.427107430239669,False,1.1602384005920339,0.9385672707837415,False,True,
three,ideal,M6.N[3.90],M6,0.2480965658863926,Mild|Severe,0.2260196956731382,2.2538746810739836,0.07183280512935578,0.3567733870806004,2.4264155798866596,False,1.1599160700074334,0.938572550389716,False,True,
three,ideal,M6.A[3.95],M6,1.4236809945788296,Mild|Severe,1.1603036455463915,3.541750459429616,0.47688957121443376,0.16900758362690685,1.3531636226640535,False,0.6567837759952005,0.9631235499349675,False,True,
three,ideal,M6.N[3.95],M6,1.4238152064671437,Mild|Severe,1.1604227398005846,3.5419975129800485,0.4769223588261595,0.16899798447860176,1.3530533147320616,False,0.6567307093475292,0.9631251790753101,False,True,
three,ideal,M6.A[4.00],M6,3.955703233700907,Mild|Severe,2.7383869129155474,4.218640638518676,1.2158033643172224,0.051965459143220184,1.0331454915445484,False,0.5046967992162222,0.9641395327584685,False,True,
three,ideal,M6.N[4.00],M6,3.9557694654374695,Mild|Severe,2.7384736565286243,4.218778315752979,1.2158220255679428,0.051963939917269525,1.0330774997096446,False,0.5046636269681742,0.9641403845146854,False,True,
three,ideal,M6.A[4.05],M6,4.104150789052013,Normal|Mild,2.8421984516343572,4.299642779044403,1.026038954953597,0.07599923094502464,1.0123737713175458,False,0.4971788324872408,0.9596753702316557,False,True,
three,ideal,M6.N[4.05],M6,4.10491481691427,Normal|Mild,2.8427097193696946,4.299999100950807,1.0262300477887385,0.07598017415097294,1.012300816684073,False,0.49714304746360677,0.9596760468242233,False,True,
three,ideal,M6.A[4.10],M6,1.6772879438299635,Normal|Mild,1.3242355623585322,3.547168843567982,0.4365478118117808,0.17545091938886145,1.145950281943549,False,0.5646193373746308,0.9517028240665931,False,True,
three,ideal,M6.N[4.10],M6,1.6776107952758927,Normal|Mild,1.3244815824463398,3.5474537539460966,0.4366209165065978,0.17543012703879884,1.1458617487504954,False,0.5645757713743381,0.9517035091045349,False,True,
three,ideal,M6.A[4.15],M6,0.5939485878108391,Normal|Mild,0.4976673721481619,2.4779253954329445,0.1747345293133084,0.2827735855795297,1.5238176143684896,False,0.752494290702151,0.9670778861086521,False,True,
three,ideal,M6.N[4.15],M6,0.5940611551060315,Normal|Mild,0.4977598938901355,2.478132587040036,0.17475474775421604,0.28275947613138463,1.523691095532204,False,0.7524318922635214,0.9670783781328298,False,True,
three,ideal,M7.D,M7,0.47678078033705745,Mild|Severe,0.3945287066110713,2.1386526006384807,0.7405133148265512,0.1133967185215219,2.8801758265495416,False,0.6403744162604003,1.0406291852538982,False,True,
three,ideal,M7.D_pow,M7,0.05655291707265521,Mild|Severe,0.047419087309928505,0.7662890900547384,0.12750774492556302,0.32749150738416016,11.279430578481113,False,1.653421837145379,0.9539599713950812,False,True,
three,ideal,M7.D0,M7,0.47099360456546224,Mild|Severe,0.3900049506184425,2.1298326103523717,0.7241020925458908,0.11658261429844541,2.838435593035072,False,0.6367012384143614,1.0400977204123802,False,True,
three,ideal,M7.D1,M7,1.3299812643810867,Mild|Severe,0.683308784695405,1.6765019844273623,0.33960125925398327,0.2053466116189134,6.499243591446376,False,0.956620929489067,1.0964095867845518,False,True,
three,ideal,M7.D2,M7,0.04752179648219696,Mild|Severe,0.04177611129640827,0.8312937498941735,0.022392145491862442,0.4250738084605654,8.015254397074145,False,1.3274694640412448,0.9896864174274714,False,True,
three,ideal,M7.D3,M7,0.0132863687770395,Mild|Severe,0.013038899141598006,1.1832531051506956,0.02180016132985574,0.4284051521569572,12.317645754063063,False,1.8193162639933649,1.0792637982098021,False,True,
three,ideal,M7.D3[k3],M7,0.05917875698191327,Mild|Severe,0.05834416510968107,2.8764680633568585,0.06531941264318691,0.37586554846333964,4.316804695649707,False,1.11736076015155,0.7995357013214418,False,True,
three,ideal,M8.s1^2,M8,0.004045072967870672,Normal|Mild,,,0.010602785351085848,0.4501300283007007,9.480262709458074,False,232.17352456064776,0.6316871539323101,False,True,matrix-level: no per-antenna port-noise estimate
three,ideal,M8.s2^2,M8,0.23732976654756996,Normal|Mild,,,0.06306465302714222,0.36301581965454466,0.7337970959018116,False,18.162463695252168,0.06961483509342047,False,True,matrix-level: no per-antenna port-noise estimate
three,ideal,M8.s3^2,M8,0.3901322862305678,Mild|Severe,,,0.20622478260175736,0.2624291936340533,0.49714158315490314,False,12.15212113425517,0.4261089097959391,False,True,matrix-level: no per-antenna port-noise estimate
three,ideal,M8.s4^2,M8,0.32650392589520666,Mild|Severe,,,0.17310576394896013,0.27820751641340624,0.5864505308174505,False,14.612942440141918,0.27443873319110557,False,True,matrix-level: no per-antenna port-noise estimate
three,ideal,M8.s5^2,M8,0.5752504604026405,Mild|Severe,,,0.35680430871373614,0.21443730844568765,0.5009747078351544,False,12.514195744000677,0.44667800844411787,False,True,matrix-level: no per-antenna port-noise estimate
three,ideal,M8.s6^2,M8,0.5187502147316009,Mild|Severe,,,0.45244351914313274,0.18344230168930414,0.5582966881918288,False,13.881215755224481,0.482652433488475,False,True,matrix-level: no per-antenna port-noise estimate
three,ideal,M8.lam0^2,M8,0.4711350047865946,Mild|Severe,0.428414408585013,3.073980202835282,0.15307494888722778,0.2922867812179293,0.5863909629150484,False,14.42353297190268,0.2975628538535421,False,True,
three,ideal,M8.lam1^2,M8,0.4536975485443491,Mild|Severe,0.4135178884767853,3.0559217947790738,0.12889124823297063,0.3074873513818423,0.6252518256681932,False,15.577488187776066,0.21525857185759978,False,True,
three,ideal,M8.lam2^2,M8,0.49031408100612817,Mild|Severe,0.4488791526433564,3.2593695387705184,0.1700376658308592,0.2807318595619387,0.5617542185676225,False,13.97232768882821,0.24208712103445473,False,True,
three,ideal,M8.lam3^2,M8,0.5016468601418524,Mild|Severe,0.46087481091303384,3.3676291744180022,0.15488887243166546,0.28923461024798064,0.5710495572978643,False,13.87131682685739,0.21940874996119689,False,True,
three,ideal,M8.lam0^2[k3],M8,0.13855672274124614,Mild|Severe,0.12558514749448466,1.6379535416802626,0.05000214372802428,0.3848694259051435,1.6440934513211907,False,4.330221149135565,0.6227628746709614,False,True,
three,ideal,M8.lam1^2[k3],M8,0.10722840820198289,Mild|Severe,0.0982374167198122,1.5307511733656913,0.0428039537671117,0.3948588149866473,1.604700639685425,False,4.286293807036796,0.5973786049664944,False,True,
three,ideal,M8.lam2^2[k3],M8,0.0590012233714332,Mild|Severe,0.05475421209783027,1.2334244872073135,0.032522801633034656,0.41072792580968237,1.7015087215127138,False,4.5471083829792605,0.48017496710118096,False,True,
three,ideal,M8.lam3^2[k3],M8,0.05106806197626987,Mild|Severe,0.04794034225637069,1.2511988518433923,0.028802591617952792,0.41607161059955455,1.4921398990437735,False,3.986481642407203,0.4947417286732955,False,True,
three,good,M0.old_score,M0,0.03134297754913988,Mild|Severe,0.027427261503144493,0.6626294775785747,0.04707374441152112,0.394794371616366,2.7391639535468166,False,51.464803880459066,-0.06689028720182072,False,True,baseline only; not a physical quantity
three,good,M1.Sii_dBavg,M1,0.05249447883974538,Normal|Severe,0.048600136020270183,1.144651981717609,0.03572125374069628,0.40728462479492233,0.6033707391774785,False,16.064083649739644,1.0684446017494673,False,True,dB averaging; shown for fragility
three,good,M2.R,M2,0.467603971083811,Mild|Severe,0.42785197398096947,3.1726443227876784,0.14619779923907616,0.29547336228268173,0.5898531109743902,False,14.60329740317397,0.23512332904256653,False,True,
three,good,M2.R[k3],M2,0.08292203162013996,Mild|Severe,0.07655495288897313,1.412103409188838,0.03742431434089458,0.4029042546149557,1.618022605396752,False,4.311682818493932,0.5563037707180158,False,True,
three,good,M3.A,M3,0.4676039710838208,Mild|Severe,0.42785197398098157,3.1726443227878467,0.14619779923907603,0.29547336228268195,0.5898531109743939,False,14.603297403173261,0.2351233290426028,False,True,affine copy of M2.R (identical separability)
three,good,M3.ML_of_powavg,M3,0.4637794053291633,Mild|Severe,0.4239199257095516,3.1408473566619697,0.14672260621880184,0.2952427432028259,0.5905402808569492,False,13.850473565358614,0.22757811751107238,False,True,
three,good,M3.ML_dBavg,M3,1.1873355979200557,Mild|Severe,1.0281947009887185,3.916954458403005,0.4823270199104047,0.17061733323240896,0.6437792997874989,False,9.09474636766578,0.7098865072412281,False,True,dB averaging; comparison only
three,good,M4.N,M4,0.476166805064729,Mild|Severe,0.43553174841075776,3.1948761735370654,0.14917536643433726,0.29360425093388953,0.5872740520767343,False,14.530112472508634,0.2391138491651591,False,True,
three,good,M4.N[k3],M4,0.08114712479856621,Mild|Severe,0.07497211988710106,1.4037274993049196,0.03678724960787452,0.40376713529174024,1.622075719944948,False,4.326626526722628,0.5514358903298339,False,True,
three,good,M5.C,M5,0.3210252511575209,Normal|Mild,0.26414927465006477,1.726811265163,0.1029047510277537,0.3331025657171822,0.0159203229155635,True,3.1579296138359685,1.109970005287499,False,True,
three,good,M5.C1,M5,0.2774823500339398,Normal|Mild,0.22694978803446203,1.5787447224539313,0.08998973233452176,0.3438482445357957,0.014095153100085531,True,3.36939088019565,1.108642011938728,False,True,
three,good,M5.C2,M5,16.803297909589954,Mild|Severe,4.2294893159276254,3.3621942806216043,4.2081090109839945,0.0018051190954479987,0.027098036201331794,True,0.6537218714480945,0.998667263515945,False,True,
three,good,M5.C3,M5,0.2931393563124709,Mild|Severe,0.08202221220530372,0.4772611141999979,0.493634119657232,0.17167844894558473,0.1218185039333001,True,4.415844605979441,1.109665152741249,False,True,
three,good,M5.C[k3],M5,0.3724817818854241,Mild|Severe,0.2835987030581758,1.5417362763586684,0.10047649082995162,0.3294592819068689,1.1451499808404462,False,3.0163897740956873,0.6603944172125572,False,True,
three,good,M5.C1[k3],M5,0.3847193907583909,Mild|Severe,0.2972665203766037,1.6172345152508047,0.10357762741108459,0.3269348244171605,1.0991513247193965,False,2.890340706561874,0.6314046833150522,False,True,
three,good,M5.C2[k3],M5,5.039163851613419,Mild|Severe,3.1407133019317417,4.083276038066747,1.259882258704179,0.056208733406066566,0.12112125199211192,True,0.30972919528618775,0.8473303086216458,False,True,
three,good,M5.C3[k3],M5,0.05911797824169697,Mild|Severe,0.024997849639683038,0.2943206815721716,0.05073244673430792,0.39018713914659864,0.876637465795243,False,2.5275198293810197,0.5200878984272762,False,True,
three,good,M5.C3_dBavg[k3],M5,0.16025808859386464,Mild|Severe,0.053226789021507466,0.39924061101051345,0.04292887839525845,0.3865193293940792,0.7151178971105577,False,2.0976611172958597,0.5301608899442593,False,True,dB averaging; comparison only
three,good,M6.fc_A,M6,0.07935848829513409,Normal|Mild,0.04958093101074308,0.5140726458203896,0.06399164733800053,0.37658994209599134,9.193110581360541,False,35.15658019176105,0.793350011870136,False,True,
three,good,M6.spread_A,M6,6.655258099650755,Mild|Severe,3.9451059566731894,4.40179638147809,1.6644438455842758,0.034006146119791976,0.1945963214109634,True,16.834284700856863,0.4474171131267875,False,True,
three,good,M6.fc_N,M6,0.07974907317779825,Normal|Mild,0.049678276932726875,0.5133205113005429,0.06487464929051125,0.37576735481344503,9.200559296961758,False,35.212989588373595,0.7933842990093355,False,True,
three,good,M6.spread_N,M6,6.603071963483194,Mild|Severe,3.9130438499026674,4.3829544874179,1.6514757682043115,0.03454348572529497,0.19547763023025222,True,16.922615510640345,0.4444943313363963,False,True,
three,good,M6.A[3.20],M6,0.7124986125768008,Mild|Severe,0.5983147687349254,2.7325589600401776,0.18523075062167788,0.27264390378817344,2.1665730368827902,False,1.0644338898099095,0.9708860710308578,False,True,
three,good,M6.N[3.20],M6,0.7127553074637302,Mild|Severe,0.5984938046890672,2.732530961812143,0.18530210434256347,0.27260575340449555,2.1663143617758873,False,1.06431305631095,0.9708859057805823,False,True,
three,good,M6.A[3.25],M6,0.08927064048515682,Mild|Severe,0.07450723846998142,0.9492384766828064,0.02578141845576966,0.4131655773159043,6.141324422332923,False,3.0253365881290177,0.8309678939923738,False,True,
three,good,M6.N[3.25],M6,0.08937662758259161,Mild|Severe,0.07458654633218716,0.94944967173883,0.02581456950007095,0.41311247018195485,6.138876060899878,False,3.024159567315822,0.8310508614971875,False,True,
three,good,M6.A[3.30],M6,0.13105098302559254,Mild|Severe,0.10149228191201684,0.9486564739369603,0.034185458113522714,0.3978579433022932,6.253384661154252,False,3.111888519930556,0.7366144006401281,False,True,
three,good,M6.N[3.30],M6,0.13102539332446136,Mild|Severe,0.10143394934952292,0.9477664312947411,0.03418562679892874,0.39786238954224595,6.257894763259024,False,3.114174818732307,0.7366464854292081,False,True,
three,good,M6.A[3.35],M6,0.35032324887135535,Normal|Mild,0.13377154090637092,0.6578858353487073,0.9145684865217969,0.08434908176801331,9.174629528272526,False,4.536846328526719,0.4215846784879971,False,True,
three,good,M6.N[3.35],M6,0.3527679620357793,Normal|Mild,0.13420516039109906,0.6581972282634063,0.9198193646137298,0.08359358736275006,9.165788737689562,False,4.53238772054295,0.42211199837412394,False,True,
three,good,M6.A[3.40],M6,0.3583389388902201,Mild|Severe,0.3396257465332209,3.606520138621686,0.09116955667646107,0.33524403098314504,1.0551316563892896,False,0.4925155920237232,0.9583708782259162,False,True,
three,good,M6.N[3.40],M6,0.3564232856658864,Mild|Severe,0.3378377505065743,3.5996857219503346,0.09068077589758029,0.33566047781701835,1.0556475101637575,False,0.49271790144652816,0.9582495767639138,False,True,
three,good,M6.A[3.45],M6,0.01969864015578165,Mild|Severe,0.019291374914724876,1.3660797038518968,0.005181828309870992,0.459962705641214,1.1074952617720597,False,0.5564970262106895,0.8170965745418455,False,True,
three,good,M6.N[3.45],M6,0.019429249426430543,Mild|Severe,0.019027502339314394,1.3566178696065607,0.00511289601056776,0.4602327870747049,1.1178291478249516,False,0.5620059023055536,0.8159198483021136,False,True,
three,good,M6.A[3.50],M6,0.012156831984062068,Mild|Severe,0.011601487955255707,0.7126905471446382,0.026633410878333492,0.420943586151891,2.5284102593453257,False,1.2276299903483874,0.778590683646538,False,True,
three,good,M6.N[3.50],M6,0.012405154091438629,Mild|Severe,0.011843685142753885,0.7234301998568672,0.02641469403347458,0.4212633421639538,2.504225190332509,False,1.216170208218873,0.7811295173044985,False,True,
three,good,M6.A[3.55],M6,0.47809945447824115,Mild|Severe,0.26205384597713266,1.0769527991501915,0.42528532346124764,0.18359489803015352,2.5928065465513632,False,1.2800812265336623,0.9258216803159636,False,True,
three,good,M6.N[3.55],M6,0.495382536346498,Mild|Severe,0.2697889336004111,1.0885140016229808,0.42630589333037877,0.18328388695194134,2.6544550749668083,False,1.3103823416320672,0.9251051104645266,False,True,
three,good,M6.A[3.60],M6,0.29533286405794845,Normal|Severe,0.27667689842494153,2.9597052927196477,0.21366726145813836,0.2760802208092285,3.8086090570847992,False,1.878144288426812,0.496577075992832,False,True,
three,good,M6.N[3.60],M6,0.261216988593688,Normal|Severe,0.24507967421958687,2.816785162460875,0.2174957723985571,0.2741209942128258,4.023990095147638,False,1.9842138937861558,0.46522879369112846,False,True,
three,good,M6.A[3.65],M6,0.01536221970097747,Mild|Severe,0.013116709357161874,0.4236399435538949,0.024979646531027584,0.4233618961473222,7.350136775987727,False,3.592201038884153,0.8683631648582836,False,True,
three,good,M6.N[3.65],M6,0.016700616517778648,Mild|Severe,0.014227700464228525,0.43837312312952437,0.024988357456183163,0.4233177395952118,7.085879725966653,False,3.4632158305498906,0.8689411818467742,False,True,
three,good,M6.A[3.70],M6,0.011261765926846044,Normal|Mild,0.008937330173461166,0.2942817796778994,0.0051013825753859505,0.46405619231669293,9.44639227715399,False,4.564536366280855,-0.20942884730708455,False,True,
three,good,M6.N[3.70],M6,0.010914012036283678,Normal|Mild,0.008681088918404307,0.29131136574872013,0.004849821736826191,0.4648863643502345,9.507172832915366,False,4.593747959228465,-0.21992271137452254,False,True,
three,good,M6.A[3.75],M6,0.032943932460031064,Normal|Severe,0.032265936233351805,1.7707661624193591,0.04729308902121951,0.39452525617723067,2.2430610789244834,False,0.9979913866069113,0.9064838340724133,False,True,
three,good,M6.N[3.75],M6,0.032512142344966244,Normal|Severe,0.031844391452198785,1.7609500206222273,0.04701799041366472,0.3948360538326163,2.2475071394271104,False,1.0047745451141632,0.906416603225503,False,True,
three,good,M6.A[3.80],M6,0.027665547133195127,Mild|Severe,0.02538954715130749,0.7856443288275992,0.009189487772206422,0.4495626237798656,4.2556402090172,False,2.1034272190131516,0.5695498828534707,False,True,
three,good,M6.N[3.80],M6,0.02786755618094662,Mild|Severe,0.025569416597637756,0.7874747703924022,0.009266921782060457,0.44936272404921895,4.243789521109866,False,2.0976661127883953,0.5689420763575402,False,True,
three,good,M6.A[3.85],M6,0.0067902983961718715,Mild|Severe,0.006463225525669959,0.518038242747672,0.003781260118527298,0.4695245704838453,11.12165713486816,False,5.418638365433843,0.8803259207486734,False,True,
three,good,M6.N[3.85],M6,0.006813618410053598,Mild|Severe,0.006485296162854037,0.5188223215932584,0.0037823070857320737,0.4695148899242052,11.09972828894369,False,5.408193039960818,0.8807824866488556,False,True,
three,good,M6.A[3.90],M6,0.24284247648905655,Mild|Severe,0.22140864823573972,2.2398799456448186,0.06981997146450003,0.35851542714968654,2.427107430239669,False,1.1602384005920339,0.9385672707837415,False,True,
three,good,M6.N[3.90],M6,0.24295243525338348,Mild|Severe,0.22150757956370853,2.24031124033557,0.06985445949807761,0.35848293629593664,2.4264155798866596,False,1.1599160700074334,0.938572550389716,False,True,
three,good,M6.A[3.95],M6,1.2714793118843053,Mild|Severe,1.05703798391705,3.5404682145990005,0.4196880796336227,0.1854185809535649,1.3531636226640535,False,0.6567837759952005,0.9631235499349675,False,True,
three,good,M6.N[3.95],M6,1.2716019771424467,Mild|Severe,1.057147734573075,3.540716180492165,0.4197184699942396,0.18540864954901304,1.3530533147320616,False,0.6567307093475292,0.9631251790753101,False,True,
three,good,M6.A[4.00],M6,2.443561446632588,Mild|Severe,1.9292341143793044,4.2815329874794505,0.6677192080843023,0.12287856113104602,1.0331454915445484,False,0.5046967992162222,0.9641395327584685,False,True,
three,good,M6.N[4.00],M6,2.443624163405294,Mild|Severe,1.9292997744207152,4.281673043108731,0.66773709652517,0.12287522813365812,1.0330774997096446,False,0.5046636269681742,0.9641403845146854,False,True,
three,good,M6.A[4.05],M6,1.7331518276290767,Normal|Mild,1.482380032770915,4.391108550229994,0.433428607695705,0.17591604216172033,1.0123737713175458,False,0.4971788324872408,0.9596753702316557,False,True,
three,good,M6.N[4.05],M6,1.733376619387186,Normal|Mild,1.4825787755422202,4.391191235064488,0.4334851269912956,0.17590034496656654,1.012300816684073,False,0.49714304746360677,0.9596760468242233,False,True,
three,good,M6.A[4.10],M6,0.5475569474392944,Normal|Mild,0.4968884113399808,3.2771015561964303,0.14151102682645145,0.2984714882500105,1.145950281943549,False,0.5646193373746308,0.9517028240665931,False,True,
three,good,M6.N[4.10],M6,0.5476442364943703,Normal|Mild,0.496968156699884,3.277381772204773,0.14153104347800696,0.29845785063029306,1.1458617487504954,False,0.5645757713743381,0.9517035091045349,False,True,
three,good,M6.A[4.15],M6,0.20028700191869492,Normal|Mild,0.18683737748433032,2.358946999811721,0.053517927053280484,0.37361070031045707,1.5238176143684896,False,0.752494290702151,0.9670778861086521,False,True,
three,good,M6.N[4.15],M6,0.2003187146554716,Normal|Mild,0.18686714165617535,2.3591507605504196,0.0535245912638904,0.37360213798289266,1.523691095532204,False,0.7524318922635214,0.9670783781328298,False,True,
three,good,M7.D,M7,0.47795065374162754,Mild|Severe,0.39544696015167263,2.1404936934897343,0.7418226524863379,0.11314610136137329,2.8801758265495416,False,0.6403744162604003,1.0406291852538982,False,True,
three,good,M7.D_pow,M7,0.05964673824573709,Mild|Severe,0.049971154583062304,0.7849273343848225,0.13042292140818673,0.32554293736728246,11.279430578481113,False,1.653421837145379,0.9539599713950812,False,True,
three,good,M7.D0,M7,0.4721635374272016,Mild|Severe,0.3909234762251415,2.131679829556731,0.7254014144614859,0.11632692455091136,2.838435593035072,False,0.6367012384143614,1.0400977204123802,False,True,
three,good,M7.D1,M7,1.329511422118708,Mild|Severe,0.683401446188819,1.6770490219474221,0.3395797993691754,0.20536002748833795,6.499243591446376,False,0.956620929489067,1.0964095867845518,False,True,
three,good,M7.D2,M7,0.047762255664132745,Mild|Severe,0.041988158430051825,0.8334485194544061,0.022368204353453526,0.4250750558220127,8.015254397074145,False,1.3274694640412448,0.9896864174274714,False,True,
three,good,M7.D3,M7,0.01335875583947363,Mild|Severe,0.013109836391895956,1.186225417770351,0.02185920708503216,0.4283074643367296,12.317645754063063,False,1.8193162639933649,1.0792637982098021,False,True,
three,good,M7.D3[k3],M7,0.059338795688324265,Mild|Severe,0.058501999820692964,2.8804474361821883,0.06538964771587934,0.37579721970318214,4.316804695649707,False,1.11736076015155,0.7995357013214418,False,True,
three,good,M8.s1^2,M8,0.014625215771156757,Normal|Mild,,,0.01179400112647146,0.44692165912672377,9.480262709458074,False,232.17352456064776,0.6316871539323101,False,True,matrix-level: no per-antenna port-noise estimate
three,good,M8.s2^2,M8,0.2525118029831494,Normal|Mild,,,0.06473553655749126,0.3602276519208619,0.7337970959018116,False,18.162463695252168,0.06961483509342047,False,True,matrix-level: no per-antenna port-noise estimate
three,good,M8.s3^2,M8,0.42551696866753796,Mild|Severe,,,0.18896431345525722,0.2710692738423233,0.49714158315490314,False,12.15212113425517,0.4261089097959391,False,True,matrix-level: no per-antenna port-noise estimate
three,good,M8.s4^2,M8,0.33990820843961367,Mild|Severe,,,0.1751832718789749,0.277282181950399,0.5864505308174505,False,14.612942440141918,0.27443873319110557,False,True,matrix-level: no per-antenna port-noise estimate
three,good,M8.s5^2,M8,0.5433211690647787,Mild|Severe,,,0.3626650773481609,0.21263580295031592,0.5009747078351544,False,12.514195744000677,0.44667800844411787,False,True,matrix-level: no per-antenna port-noise estimate
three,good,M8.s6^2,M8,0.4875479479978659,Mild|Severe,,,0.418739172076342,0.19409026417562775,0.5582966881918288,False,13.881215755224481,0.482652433488475,False,True,matrix-level: no per-antenna port-noise estimate
three,good,M8.lam0^2,M8,0.4704066747866404,Mild|Severe,0.42773870181621104,3.0710720355014107,0.15240814847633236,0.2926864620839797,0.5863909629150484,False,14.42353297190268,0.2975628538535421,False,True,
three,good,M8.lam1^2,M8,0.45302075206268155,Mild|Severe,0.4128827601203877,3.052879060690611,0.128325433539161,0.3078669242091443,0.6252518256681932,False,15.577488187776066,0.21525857185759978,False,True,
three,good,M8.lam2^2,M8,0.4895958201164295,Mild|Severe,0.44820367215085716,3.256211245355401,0.16922747995791806,0.2811944732272855,0.5617542185676225,False,13.97232768882821,0.24208712103445473,False,True,
three,good,M8.lam3^2,M8,0.500953629711856,Mild|Severe,0.46020858446810564,3.363982417616594,0.15423896323366162,0.28963032024967966,0.5710495572978643,False,13.87131682685739,0.21940874996119689,False,True,
three,good,M8.lam0^2[k3],M8,0.1385775899383686,Mild|Severe,0.1256072152298424,1.6382966078899952,0.049995995849521906,0.3848714730261652,1.6440934513211907,False,4.330221149135565,0.6227628746709614,False,True,
three,good,M8.lam1^2[k3],M8,0.1072841648617615,Mild|Severe,0.09829026208275338,1.5313129753089716,0.042796719238875056,0.3948586520357732,1.604700639685425,False,4.286293807036796,0.5973786049664944,False,True,
three,good,M8.lam2^2[k3],M8,0.05907959296421455,Mild|Severe,0.05482803119300744,1.2344139585480203,0.03251872657014921,0.41072641074525784,1.7015087215127138,False,4.5471083829792605,0.48017496710118096,False,True,
three,good,M8.lam3^2[k3],M8,0.05114418132429396,Mild|Severe,0.04801222177346343,1.2522208851694991,0.02879974274922062,0.41606882867940176,1.4921398990437735,False,3.986481642407203,0.4947417286732955,False,True,
three,typical,M0.old_score,M0,0.03096850805342416,Mild|Severe,0.027330626140923433,0.6821433212292249,0.042547950812383196,0.3999210871982961,2.7391639535468166,False,51.464803880459066,-0.06689028720182072,False,True,baseline only; not a physical quantity
three,typical,M1.Sii_dBavg,M1,0.05255696725811752,Normal|Severe,0.04867593539265139,1.1481898276889395,0.035679650050976786,0.4073314811566532,0.6033707391774785,False,16.064083649739644,1.0684446017494673,False,True,dB averaging; shown for fragility
three,typical,M2.R,M2,0.460624835917194,Mild|Severe,0.42239373890044296,3.1903551334953617,0.1373861580118727,0.3012100589876259,0.5898531109743902,False,14.60329740317397,0.23512332904256653,False,True,
three,typical,M2.R[k3],M2,0.08346558263374643,Mild|Severe,0.07707513988310911,1.4189281313916513,0.037794030052536814,0.4024583333189145,1.618022605396752,False,4.311682818493932,0.5563037707180158,False,True,
three,typical,M3.A,M3,0.46062483591715414,Mild|Severe,0.4223937389004094,3.1903551334953595,0.13738615801188087,0.3012100589876205,0.5898531109743939,False,14.603297403173261,0.2351233290426028,False,True,affine copy of M2.R (identical separability)
three,typical,M3.ML_of_powavg,M3,0.4568631994702893,Mild|Severe,0.4186047205913165,3.161886654887561,0.13788307481023163,0.30098823606689007,0.5905402808569492,False,13.850473565358614,0.22757811751107238,False,True,
three,typical,M3.ML_dBavg,M3,0.3054051040957277,Normal|Mild,0.30309489355650077,6.553863845087139,0.0776167882147455,0.347297298082197,0.6437792997874989,False,9.09474636766578,0.7098865072412281,False,True,dB averaging; comparison only
three,typical,M4.N,M4,0.4689902293458698,Mild|Severe,0.42991875650183903,3.21262622635312,0.1400887595130726,0.2994443314299994,0.5872740520767343,False,14.530112472508634,0.2391138491651591,False,True,
three,typical,M4.N[k3],M4,0.08168100538216931,Mild|Severe,0.07548320616272683,1.4105287839319498,0.03715334095956135,0.40332175198760867,1.622075719944948,False,4.326626526722628,0.5514358903298339,False,True,
three,typical,M5.C,M5,0.31918873551684407,Normal|Mild,0.2629883470490982,1.728372588597156,0.10217052511956719,0.33363223852195506,0.0159203229155635,True,3.1579296138359685,1.109970005287499,False,True,
three,typical,M5.C1,M5,0.27597161043342017,Normal|Mild,0.22603197330924654,1.5805544028565928,0.08935213836353316,0.3443367432139116,0.014095153100085531,True,3.36939088019565,1.108642011938728,False,True,
three,typical,M5.C2,M5,16.306322984958154,Mild|Severe,4.200171610659752,3.363748255720129,4.083684082567005,0.0020736359703179123,0.027098036201331794,True,0.6537218714480945,0.998667263515945,False,True,
three,typical,M5.C3,M5,0.30046454771514525,Mild|Severe,0.08471010832005307,0.48573496219614826,0.4715069143723781,0.17814221339302672,0.1218185039333001,True,4.415844605979441,1.109665152741249,False,True,
three,typical,M5.C[k3],M5,0.3731080293412285,Mild|Severe,0.28439468379875893,1.546673175857362,0.10046327801417941,0.3294101784407475,1.1451499808404462,False,3.0163897740956873,0.6603944172125572,False,True,
three,typical,M5.C1[k3],M5,0.38526370530210075,Mild|Severe,0.2979897606057153,1.6220058417770513,0.10354927069176165,0.3269012278131324,1.0991513247193965,False,2.890340706561874,0.6314046833150522,False,True,
three,typical,M5.C2[k3],M5,4.983758819855001,Mild|Severe,3.1228601439675097,4.089859704100008,1.2460337716308594,0.057205554804631596,0.12112125199211192,True,0.30972919528618775,0.8473303086216458,False,True,
three,typical,M5.C3[k3],M5,0.06260977887823417,Mild|Severe,0.02653603504617,0.3034998567274847,0.050932684032445705,0.3898611930944531,0.876637465795243,False,2.5275198293810197,0.5200878984272762,False,True,
three,typical,M5.C3_dBavg[k3],M5,0.1653760983883036,Mild|Severe,0.054916749247625254,0.40551090666092954,0.043962369371963586,0.3849989516513681,0.7151178971105577,False,2.0976611172958597,0.5301608899442593,False,True,dB averaging; comparison only
three,typical,M6.fc_A,M6,0.07079876348909842,Normal|Mild,0.04596511079164417,0.5119430933112837,0.054830367849640974,0.38562402039436877,9.193110581360541,False,35.15658019176105,0.793350011870136,False,True,
three,typical,M6.spread_A,M6,1.3996143660894287,Mild|Severe,1.2286777866530219,4.485601542013459,0.3501778075836796,0.20134593768077674,0.1945963214109634,True,16.834284700856863,0.4474171131267875,False,True,
three,typical,M6.fc_N,M6,0.07109216220432353,Normal|Mild,0.04604164158342128,0.5112023965487629,0.05548059614910883,0.38497036341983737,9.200559296961758,False,35.212989588373595,0.7933842990093355,False,True,
three,typical,M6.spread_N,M6,1.3857798283609217,Mild|Severe,1.2167655520917,4.466875760943019,0.34671163009138817,0.20251509711086163,0.19547763023025222,True,16.922615510640345,0.4444943313363963,False,True,
three,typical,M6.A[3.20],M6,0.5674491663869391,Mild|Severe,0.49038877055724545,2.6874049923193475,0.14531500290349092,0.29570801851936995,2.1665730368827902,False,1.0644338898099095,0.9708860710308578,False,True,
three,typical,M6.N[3.20],M6,0.5675899301797188,Mild|Severe,0.4904922995813199,2.68737281700612,0.14535314549156708,0.2956840829428762,2.1663143617758873,False,1.06431305631095,0.9708859057805823,False,True,
three,typical,M6.A[3.25],M6,0.08806800608648015,Mild|Severe,0.07460135580215488,0.9877968772429305,0.024121013548781364,0.41492005471514437,6.141324422332923,False,3.0253365881290177,0.8309678939923738,False,True,
three,typical,M6.N[3.25],M6,0.08816317264741542,Mild|Severe,0.07467443321768075,0.9880044209193048,0.02414910013621268,0.4148728745378154,6.138876060899878,False,3.024159567315822,0.8310508614971875,False,True,
three,typical,M6.A[3.30],M6,0.12815991907910984,Mild|Severe,0.10018971288336707,0.9581970779186152,0.03282144870092174,0.3994509922379341,6.253384661154252,False,3.111888519930556,0.7366144006401281,False,True,
three,typical,M6.N[3.30],M6,0.1281281355695162,Mild|Severe,0.10012997620587048,0.9573143457524412,0.0328176172662042,0.3994597682242228,6.257894763259024,False,3.114174818732307,0.7366464854292081,False,True,
three,typical,M6.A[3.35],M6,0.33380409498894775,Normal|Mild,0.13394933776809104,0.6689195179543074,0.5327458005567177,0.16077815729566264,9.174629528272526,False,4.536846328526719,0.4215846784879971,False,True,
three,typical,M6.N[3.35],M6,0.3359881225211178,Normal|Mild,0.13437580458616577,0.6692354960786587,0.5331237869988246,0.16067481414855897,9.165788737689562,False,4.53238772054295,0.42211199837412394,False,True,
three,typical,M6.A[3.40],M6,0.35685901439558015,Mild|Severe,0.3383258860725576,3.6095792485989904,0.0906346130046099,0.3356447540546965,1.0551316563892896,False,0.4925155920237232,0.9583708782259162,False,True,
three,typical,M6.N[3.40],M6,0.3549451857705561,Mild|Severe,0.33653873705363574,3.602700589384602,0.09014693161781921,0.33606168815680676,1.0556475101637575,False,0.49271790144652816,0.9582495767639138,False,True,
three,typical,M6.A[3.45],M6,0.019384440882196777,Mild|Severe,0.018985186416789604,1.3577636548727459,0.0050940807103150125,0.4602923042764603,1.1074952617720597,False,0.5564970262106895,0.8170965745418455,False,True,
three,typical,M6.N[3.45],M6,0.019116861518854836,Mild|Severe,0.018723067269882748,1.3482707383225598,0.005025663830862498,0.4605627227637902,1.1178291478249516,False,0.5620059023055536,0.8159198483021136,False,True,
three,typical,M6.A[3.50],M6,0.011615692028539987,Mild|Severe,0.011088128124778336,0.6987617494693313,0.026798438132304748,0.4207081175624027,2.5284102593453257,False,1.2276299903483874,0.778590683646538,False,True,
three,typical,M6.N[3.50],M6,0.011860208126880342,Mild|Severe,0.011326493661944244,0.7095032830903378,0.026578782102869288,0.4210286855497996,2.504225190332509,False,1.216170208218873,0.7811295173044985,False,True,
three,typical,M6.A[3.55],M6,0.4690098520690281,Mild|Severe,0.25887065504359025,1.0749638454859363,0.4216867920136397,0.18477224812910242,2.5928065465513632,False,1.2800812265336623,0.9258216803159636,False,True,
three,typical,M6.N[3.55],M6,0.48590512190443125,Mild|Severe,0.2665145884775064,1.0865314146059175,0.42266773172259486,0.18447124054291483,2.6544550749668083,False,1.3103823416320672,0.9251051104645266,False,True,
three,typical,M6.A[3.60],M6,0.2950958735548963,Normal|Severe,0.2765274598161549,2.9646832251272768,0.21354472382978912,0.27614164724527357,3.8086090570847992,False,1.878144288426812,0.496577075992832,False,True,
three,typical,M6.N[3.60],M6,0.260994960163382,Normal|Severe,0.244935102937683,2.8215368958761955,0.21736443421548235,0.2741864249711214,4.023990095147638,False,1.9842138937861558,0.46522879369112846,False,True,
three,typical,M6.A[3.65],M6,0.015399131993236547,Mild|Severe,0.013152263208706215,0.42459464159239296,0.025244151938892616,0.4229602098183258,7.350136775987727,False,3.592201038884153,0.8683631648582836,False,True,
three,typical,M6.N[3.65],M6,0.01674198492139181,Mild|Severe,0.014267367807080853,0.43937606357605485,0.025250443576314237,0.4229201534926581,7.085879725966653,False,3.4632158305498906,0.8689411818467742,False,True,
three,typical,M6.A[3.70],M6,0.01062845830585518,Normal|Mild,0.008443217086480697,0.28658563671910403,0.004741484879959633,0.46529411777534824,9.44639227715399,False,4.564536366280855,-0.20942884730708455,False,True,
three,typical,M6.N[3.70],M6,0.010293465159723361,Normal|Mild,0.008195640814886931,0.28359769393890377,0.004502146651800284,0.4661118250404207,9.507172832915366,False,4.593747959228465,-0.21992271137452254,False,True,
three,typical,M6.A[3.75],M6,0.03316693972078811,Normal|Severe,0.03248595967690853,1.778886980086943,0.04747139788482944,0.394325280556608,2.2430610789244834,False,0.9979913866069113,0.9064838340724133,False,True,
three,typical,M6.N[3.75],M6,0.032732867195901884,Normal|Severe,0.032062162640727594,1.769040601261726,0.047195471944141594,0.3946364423602148,2.2475071394271104,False,1.0047745451141632,0.906416603225503,False,True,
three,typical,M6.A[3.80],M6,0.028040226580874347,Mild|Severe,0.025740267456891147,0.7922317180093894,0.009280398257574853,0.4492773708643335,4.2556402090172,False,2.1034272190131516,0.5695498828534707,False,True,
three,typical,M6.N[3.80],M6,0.028243834011335196,Mild|Severe,0.025921601240571558,0.7940628188046769,0.00935817583962229,0.4490775240006294,4.243789521109866,False,2.0976661127883953,0.5689420763575402,False,True,
three,typical,M6.A[3.85],M6,0.0062517426748560576,Mild|Severe,0.005954377142629789,0.5003667012967281,0.0032061621994703103,0.471790455685809,11.12165713486816,False,5.418638365433843,0.8803259207486734,False,True,
three,typical,M6.N[3.85],M6,0.0062738947990706355,Mild|Severe,0.005975362247988111,0.5011524839481363,0.0032073761834350836,0.47177885164007066,11.09972828894369,False,5.408193039960818,0.8807824866488556,False,True,
three,typical,M6.A[3.90],M6,0.21850839106228195,Mild|Severe,0.2010996549394361,2.2468345782016113,0.06297892352762297,0.36546697736883027,2.427107430239669,False,1.1602384005920339,0.9385672707837415,False,True,
three,typical,M6.N[3.90],M6,0.2186045769448189,Mild|Severe,0.20118726584396113,2.2472651289670944,0.06300882794333229,0.36543703941572037,2.4264155798866596,False,1.1599160700074334,0.938572550389716,False,True,
three,typical,M6.A[3.95],M6,0.7516226333081508,Mild|Severe,0.6713967810826174,3.5468872265227516,0.2124494099457881,0.26124739951558196,1.3531636226640535,False,0.6567837759952005,0.9631235499349675,False,True,
three,typical,M6.N[3.95],M6,0.7516991751444905,Mild|Severe,0.6714678492572036,3.5471345419916607,0.21246875068355753,0.26123734223154904,1.3530533147320616,False,0.6567307093475292,0.9631251790753101,False,True,
three,typical,M6.A[4.00],M6,0.6259597352748644,Normal|Mild,0.5915664487481574,4.584970799345018,0.15674480131807003,0.28782670183666104,1.0331454915445484,False,0.5046967992162222,0.9641395327584685,False,True,
three,typical,M6.N[4.00],M6,0.6260151029355264,Normal|Mild,0.5916210141749005,4.585116931367699,0.1567586585415525,0.28781825906534153,1.0330774997096446,False,0.5046636269681742,0.9641403845146854,False,True,
three,typical,M6.A[4.05],M6,0.2648017262935154,Normal|Mild,0.25718282222950195,4.228147508271915,0.06621491360721456,0.3579694036554776,1.0123737713175458,False,0.4971788324872408,0.9596753702316557,False,True,
three,typical,M6.N[4.05],M6,0.2648317929357907,Normal|Mild,0.25721241238108206,4.22849855891585,0.06622244826787801,0.3579616818404595,1.012300816684073,False,0.49714304746360677,0.9596760468242233,False,True,
three,typical,M6.A[4.10],M6,0.12103564728730855,Normal|Mild,0.11883481345707624,3.615345976600557,0.03176270770139138,0.40160736211544934,1.145950281943549,False,0.5646193373746308,0.9517028240665931,False,True,
three,typical,M6.N[4.10],M6,0.12105008831169338,Normal|Mild,0.11884907143776957,3.6156281882541856,0.03176615960971219,0.40160187593902685,1.1458617487504954,False,0.5645757713743381,0.9517035091045349,False,True,
three,typical,M6.A[4.15],M6,0.030461100572404844,Normal|Mild,0.030079543330854084,2.191510531981656,0.00814412851025266,0.45005034766130775,1.5238176143684896,False,0.752494290702151,0.9670778861086521,False,True,
three,typical,M6.N[4.15],M6,0.03046578068812999,Normal|Mild,0.030084176811658675,2.191713743187656,0.008145208149406738,0.4500467945566001,1.523691095532204,False,0.7524318922635214,0.9670783781328298,False,True,
three,typical,M7.D,M7,0.480675808548824,Mild|Severe,0.3975926683945467,2.1448842641775325,0.7514675506445482,0.11131688214907205,2.8801758265495416,False,0.6403744162604003,1.0406291852538982,False,True,
three,typical,M7.D_pow,M7,0.07384073146159667,Mild|Severe,0.06154770118990058,0.8598831439596272,0.1420744550445747,0.3179657468163865,11.279430578481113,False,1.653421837145379,0.9539599713950812,False,True,
three,typical,M7.D0,M7,0.474871760764368,Mild|Severe,0.3930544135767319,2.1360273617128867,0.7349088470862009,0.11447534882411381,2.838435593035072,False,0.6367012384143614,1.0400977204123802,False,True,
three,typical,M7.D1,M7,1.3333128262408631,Mild|Severe,0.6864254701467728,1.6821448485847643,0.3405856922814184,0.2050135660957104,6.499243591446376,False,0.956620929489067,1.0964095867845518,False,True,
three,typical,M7.D2,M7,0.04830585579056574,Mild|Severe,0.04247496775571269,0.8389074784575319,0.022698017232694018,0.4245480546701007,8.015254397074145,False,1.3274694640412448,0.9896864174274714,False,True,
three,typical,M7.D3,M7,0.013207449057032177,Mild|Severe,0.012961325237874816,1.1794304918994138,0.02174027251681665,0.4285044988081404,12.317645754063063,False,1.8193162639933649,1.0792637982098021,False,True,
three,typical,M7.D3[k3],M7,0.05930233082999654,Mild|Severe,0.0584663151800933,2.880026855906989,0.06516001226326663,0.3760111674943798,4.316804695649707,False,1.11736076015155,0.7995357013214418,False,True,
three,typical,M8.s1^2,M8,0.06210866864767802,Normal|Mild,,,0.02081740258732127,0.42438073204942106,9.480262709458074,False,232.17352456064776,0.6316871539323101,False,True,matrix-level: no per-antenna port-noise estimate
three,typical,M8.s2^2,M8,0.26653134999648875,Normal|Mild,,,0.06696290688870839,0.3573440455206558,0.7337970959018116,False,18.162463695252168,0.06961483509342047,False,True,matrix-level: no per-antenna port-noise estimate
three,typical,M8.s3^2,M8,0.45806640699863427,Mild|Severe,,,0.1442798204572855,0.29684302248299993,0.49714158315490314,False,12.15212113425517,0.4261089097959391,False,True,matrix-level: no per-antenna port-noise estimate
three,typical,M8.s4^2,M8,0.37950071316907485,Mild|Severe,,,0.16307137962265666,0.2853009837391644,0.5864505308174505,False,14.612942440141918,0.27443873319110557,False,True,matrix-level: no per-antenna port-noise estimate
three,typical,M8.s5^2,M8,0.45911894330804254,Mild|Severe,,,0.3151547650014885,0.23072230657266485,0.5009747078351544,False,12.514195744000677,0.44667800844411787,False,True,matrix-level: no per-antenna port-noise estimate
three,typical,M8.s6^2,M8,0.4397463228747962,Mild|Severe,,,0.32024406805381644,0.22892915182210302,0.5582966881918288,False,13.881215755224481,0.482652433488475,False,True,matrix-level: no per-antenna port-noise estimate
three,typical,M8.lam0^2,M8,0.4631025508165986,Mild|Severe,0.4221034597116592,3.0879902878735837,0.14331630307370105,0.2984195471896588,0.5863909629150484,False,14.42353297190268,0.2975628538535421,False,True,
three,typical,M8.lam1^2,M8,0.44628539156050884,Mild|Severe,0.4076830144121482,3.0702632720762173,0.12074995132177349,0.31321039748025076,0.6252518256681932,False,15.577488187776066,0.21525857185759978,False,True,
three,typical,M8.lam2^2,M8,0.4820536640801879,Mild|Severe,0.44228003690172685,3.2742645138115405,0.15830701939125727,0.28766822474193926,0.5617542185676225,False,13.97232768882821,0.24208712103445473,False,True,
three,typical,M8.lam3^2,M8,0.4937111539701244,Mild|Severe,0.45447761164352213,3.3820416645023403,0.14503176301894424,0.2954303195308383,0.5710495572978643,False,13.87131682685739,0.21940874996119689,False,True,
three,typical,M8.lam0^2[k3],M8,0.13921015937700298,Mild|Severe,0.12622120932193334,1.6448625325500918,0.05036755222866905,0.38450230223208826,1.6440934513211907,False,4.330221149135565,0.6227628746709614,False,True,
three,typical,M8.lam1^2[k3],M8,0.10783876180462233,Mild|Severe,0.09882531062909698,1.537768579556752,0.043169492128142806,0.3944523109519251,1.604700639685425,False,4.286293807036796,0.5973786049664944,False,True,
three,typical,M8.lam2^2[k3],M8,0.05957374357603126,Mild|Severe,0.05529870700039433,1.2414522349964847,0.03288750298183314,0.41023820190671456,1.7015087215127138,False,4.5471083829792605,0.48017496710118096,False,True,
three,typical,M8.lam3^2[k3],M8,0.051582392678683225,Mild|Severe,0.048431894142357684,1.25933660043864,0.029130182547883063,0.4156029933380544,1.4921398990437735,False,3.986481642407203,0.4947417286732955,False,True,
three,noisy,M0.old_score,M0,0.017527421888069362,Mild|Severe,0.015810541249052807,0.5681687393950996,0.030557103128065276,0.41526715010095167,2.7391639535468166,False,51.464803880459066,-0.06689028720182072,False,True,baseline only; not a physical quantity
three,noisy,M1.Sii_dBavg,M1,0.05045856407801547,Normal|Severe,0.04675014000831669,1.1279223538810097,0.03344492710690506,0.41019999266217533,0.6033707391774785,False,16.064083649739644,1.0684446017494673,False,True,dB averaging; shown for fragility
three,noisy,M2.R,M2,0.41854294194277336,Mild|Severe,0.3868428440831109,3.196112013128605,0.11788914206119322,0.3140375887571888,0.5898531109743902,False,14.60329740317397,0.23512332904256653,False,True,
three,noisy,M2.R[k3],M2,0.08282045332146436,Mild|Severe,0.07656110982773298,1.423388711276104,0.03735365588737005,0.4029894476177799,1.618022605396752,False,4.311682818493932,0.5563037707180158,False,True,
three,noisy,M3.A,M3,0.4185429419427548,Mild|Severe,0.38684284408309627,3.1961120131286713,0.11788914206119687,0.3140375887571861,0.5898531109743939,False,14.603297403173261,0.2351233290426028,False,True,affine copy of M2.R (identical separability)
three,noisy,M3.ML_of_powavg,M3,0.4146750012293876,Mild|Severe,0.38322433009505963,3.1789266214407537,0.1182253992633485,0.31386136288560335,0.5905402808569492,False,13.850473565358614,0.22757811751107238,False,True,
three,noisy,M3.ML_dBavg,M3,0.20599982199946246,Normal|Mild,0.20581775933400992,17.05592962566494,0.05207341860531993,0.37375757111866914,0.6437792997874989,False,9.09474636766578,0.7098865072412281,False,True,dB averaging; comparison only
three,noisy,M4.N,M4,0.4260316809008929,Mild|Severe,0.3936508472250319,3.2184556424281823,0.1199534854002707,0.3125481495927924,0.5872740520767343,False,14.530112472508634,0.2391138491651591,False,True,
three,noisy,M4.N[k3],M4,0.081060934744846,Mild|Severe,0.07498929913863127,1.415036359672844,0.03672178423298208,0.40384598866498694,1.622075719944948,False,4.326626526722628,0.5514358903298339,False,True,
three,noisy,M5.C,M5,0.3176329877663511,Normal|Mild,0.2622614480458934,1.7346095177681151,0.10094128880576309,0.33438052036143046,0.0159203229155635,True,3.1579296138359685,1.109970005287499,False,True,
three,noisy,M5.C1,M5,0.27470243748884615,Normal|Mild,0.22548358977674648,1.5864924274944907,0.08823206563932176,0.3450565475767463,0.014095153100085531,True,3.36939088019565,1.108642011938728,False,True,
three,noisy,M5.C2,M5,12.0859197924418,Mild|Severe,3.90736796215577,3.3982772037743785,3.026301836884168,0.006847962336137948,0.027098036201331794,True,0.6537218714480945,0.998667263515945,False,True,
three,noisy,M5.C3,M5,0.2494089348689649,Mild|Severe,0.0776387045137819,0.47482785988992005,0.3086656899539311,0.23454739994492185,0.1218185039333001,True,4.415844605979441,1.109665152741249,False,True,
three,noisy,M5.C[k3],M5,0.36650947053194116,Mild|Severe,0.28003506731325906,1.540706877670547,0.09905011722678943,0.3306673449784937,1.1451499808404462,False,3.0163897740956873,0.6603944172125572,False,True,
three,noisy,M5.C1[k3],M5,0.37897433290539945,Mild|Severe,0.29379044324517994,1.6168137546618744,0.10223204518083721,0.32806232418888326,1.0991513247193965,False,2.890340706561874,0.6314046833150522,False,True,
three,noisy,M5.C2[k3],M5,4.47701378425571,Mild|Severe,2.935264853523328,4.128820789749686,1.119353779787071,0.06729130290250043,0.12112125199211192,True,0.30972919528618775,0.8473303086216458,False,True,
three,noisy,M5.C3[k3],M5,0.056216227787280644,Mild|Severe,0.025330345026644406,0.3036591635367076,0.0461833856694133,0.39512363755518504,0.876637465795243,False,2.5275198293810197,0.5200878984272762,False,True,
three,noisy,M5.C3_dBavg[k3],M5,0.1478817450834941,Mild|Severe,0.051794860254944175,0.39928551667062984,0.03979344886895649,0.3907554982282045,0.7151178971105577,False,2.0976611172958597,0.5301608899442593,False,True,dB averaging; comparison only
three,noisy,M6.fc_A,M6,0.07396202970563284,Normal|Mild,0.05301313959671474,0.6118298499651181,0.03441037383993169,0.4071171081847612,9.193110581360541,False,35.15658019176105,0.793350011870136,False,True,
three,noisy,M6.spread_A,M6,0.3906422375600712,Mild|Severe,0.3779112101760029,4.815792416805228,0.09776594221972756,0.3292106051463497,0.1945963214109634,True,16.834284700856863,0.4474171131267875,False,True,
three,noisy,M6.fc_N,M6,0.07417759931251289,Normal|Mild,0.05308975192148176,0.611139856185462,0.03466173410434324,0.4068147166123596,9.200559296961758,False,35.212989588373595,0.7933842990093355,False,True,
three,noisy,M6.spread_N,M6,0.38690510267148387,Mild|Severe,0.37432101999255074,4.797649899225252,0.09683149496248794,0.3299775647609773,0.19547763023025222,True,16.922615510640345,0.4444943313363963,False,True,
three,noisy,M6.A[3.20],M6,0.34551668381862816,Mild|Severe,0.3164389760804766,2.742296510073116,0.0897416296328937,0.33712453307094453,2.1665730368827902,False,1.0644338898099095,0.9708860710308578,False,True,
three,noisy,M6.N[3.20],M6,0.3455313877535102,Mild|Severe,0.3164503978870501,2.7422495919934384,0.08974664938550585,0.33712065344182673,2.1663143617758873,False,1.06431305631095,0.9708859057805823,False,True,
three,noisy,M6.A[3.25],M6,0.06644227164170455,Mild|Severe,0.05790747335013328,0.9495282959253752,0.01910401761185484,0.42505010092659024,6.141324422332923,False,3.0253365881290177,0.8309678939923738,False,True,
three,noisy,M6.N[3.25],M6,0.06650539269003647,Mild|Severe,0.057959013517906936,0.9497577431103043,0.019123040043060598,0.42501396125773283,6.138876060899878,False,3.024159567315822,0.8310508614971875,False,True,
three,noisy,M6.A[3.30],M6,0.11158792446596941,Mild|Severe,0.08988556779502485,0.961424383524219,0.028524775469639344,0.4060959903375375,6.253384661154252,False,3.111888519930556,0.7366144006401281,False,True,
three,noisy,M6.N[3.30],M6,0.1115299030977477,Mild|Severe,0.0898157523855367,0.9605400829623233,0.028512842372958775,0.4061174837090064,6.257894763259024,False,3.114174818732307,0.7366464854292081,False,True,
three,noisy,M6.A[3.35],M6,0.29087357741563397,Normal|Mild,0.131566625580161,0.6931426749441907,0.2742629085530789,0.24860809749708015,9.174629528272526,False,4.536846328526719,0.4215846784879971,False,True,
three,noisy,M6.N[3.35],M6,0.29242996555085976,Normal|Mild,0.13194884936158194,0.6934525825756557,0.2739134287637317,0.24874762798180639,9.165788737689562,False,4.53238772054295,0.42211199837412394,False,True,
three,noisy,M6.A[3.40],M6,0.35261109602342233,Mild|Severe,0.3345663081509913,3.6159981253924633,0.08964826913289776,0.3365233928538306,1.0551316563892896,False,0.4925155920237232,0.9583708782259162,False,True,
three,noisy,M6.N[3.40],M6,0.35073318803578124,Mild|Severe,0.3328110222468684,3.609167471857244,0.0891696695997659,0.33693532680311017,1.0556475101637575,False,0.49271790144652816,0.9582495767639138,False,True,
three,noisy,M6.A[3.45],M6,0.019561677234913505,Mild|Severe,0.019163194663912593,1.3716627113115882,0.00512442090165871,0.4601435043342911,1.1074952617720597,False,0.5564970262106895,0.8170965745418455,False,True,
three,noisy,M6.N[3.45],M6,0.01929340509031383,Mild|Severe,0.018900332819851373,1.3621281291034166,0.0050557260796119975,0.46041378505451797,1.1178291478249516,False,0.5620059023055536,0.8159198483021136,False,True,
three,noisy,M6.A[3.50],M6,0.011931572178049457,Mild|Severe,0.011395368897904781,0.7121365815930247,0.025893464209484768,0.42204714904909185,2.5284102593453257,False,1.2276299903483874,0.778590683646538,False,True,
three,noisy,M6.N[3.50],M6,0.01217603880365751,Mild|Severe,0.011633874690518709,0.7228776821102653,0.025682078849187804,0.4223604436848778,2.504225190332509,False,1.216170208218873,0.7811295173044985,False,True,
three,noisy,M6.A[3.55],M6,0.45846717601260895,Mild|Severe,0.2560225003976245,1.076849496987976,0.41186919528965216,0.1877800598600915,2.5928065465513632,False,1.2800812265336623,0.9258216803159636,False,True,
three,noisy,M6.N[3.55],M6,0.47478394628370346,Mild|Severe,0.26352932434530374,1.0883645192743427,0.4125961619492761,0.18755109203515727,2.6544550749668083,False,1.3103823416320672,0.9251051104645266,False,True,
three,noisy,M6.A[3.60],M6,0.2968582768597027,Normal|Severe,0.2783513501475002,2.988264891866527,0.21389490517361417,0.2759772207426354,3.8086090570847992,False,1.878144288426812,0.496577075992832,False,True,
three,noisy,M6.N[3.60],M6,0.26252598389750326,Normal|Severe,0.246523322209032,2.8440291221437692,0.2176945978520775,0.27403265088029455,4.023990095147638,False,1.9842138937861558,0.46522879369112846,False,True,
three,noisy,M6.A[3.65],M6,0.014511776793656415,Mild|Severe,0.012418867826689706,0.4149933389149635,0.02464707221684785,0.42388739101496775,7.350136775987727,False,3.592201038884153,0.8683631648582836,False,True,
three,noisy,M6.N[3.65],M6,0.01580165289048384,Mild|Severe,0.013493173073169306,0.42979391366768516,0.024643707486915578,0.42386397349813637,7.085879725966653,False,3.4632158305498906,0.8689411818467742,False,True,
three,noisy,M6.A[3.70],M6,0.010744222707699272,Normal|Mild,0.008570577003516046,0.2910805258271105,0.0047711970524974695,0.4651695519202069,9.44639227715399,False,4.564536366280855,-0.20942884730708455,False,True,
three,noisy,M6.N[3.70],M6,0.010410899072293036,Normal|Mild,0.00832305020211258,0.2881050319600443,0.0045351862929637644,0.4659732738338748,9.507172832915366,False,4.593747959228465,-0.21992271137452254,False,True,
three,noisy,M6.A[3.75],M6,0.03262416174708346,Normal|Severe,0.03196138958252079,1.773843802046738,0.047396496852199384,0.39441703590823807,2.2430610789244834,False,0.9979913866069113,0.9064838340724133,False,True,
three,noisy,M6.N[3.75],M6,0.03219715844629074,Normal|Severe,0.03154437842921623,1.7640111734997967,0.04712205928271296,0.3947266340327899,2.2475071394271104,False,1.0047745451141632,0.906416603225503,False,True,
three,noisy,M6.A[3.80],M6,0.027480671916003736,Mild|Severe,0.025257070029026142,0.7901174231609038,0.0092858909689685,0.44947259992472766,4.2556402090172,False,2.1034272190131516,0.5695498828534707,False,True,
three,noisy,M6.N[3.80],M6,0.027680287584953427,Mild|Severe,0.025435168237057992,0.7919502273166226,0.009363445429615203,0.4492734441816876,4.243789521109866,False,2.0976661127883953,0.5689420763575402,False,True,
three,noisy,M6.A[3.85],M6,0.007905076091929855,Mild|Severe,0.007541616214548049,0.5727591042463629,0.004081194614139996,0.4681894992522605,11.12165713486816,False,5.418638365433843,0.8803259207486734,False,True,
three,noisy,M6.N[3.85],M6,0.007930053149801079,Mild|Severe,0.007565310035498755,0.5735520828441218,0.004082733891461765,0.468177410665078,11.09972828894369,False,5.408193039960818,0.8807824866488556,False,True,
three,noisy,M6.A[3.90],M6,0.15546625768667385,Mild|Severe,0.14585792485631696,2.1725714398483635,0.04026111314475714,0.3891757118207766,2.427107430239669,False,1.1602384005920339,0.9385672707837415,False,True,
three,noisy,M6.N[3.90],M6,0.1555331004017729,Mild|Severe,0.14592030399535108,2.1729983833610107,0.04027946774996071,0.38915172577851764,2.4264155798866596,False,1.1599160700074334,0.938572550389716,False,True,
three,noisy,M6.A[3.95],M6,0.2040180787590886,Mild|Severe,0.19596913975857042,3.1519103015479333,0.054291035315867556,0.3726153441871965,1.3531636226640535,False,0.6567837759952005,0.9631235499349675,False,True,
three,noisy,M6.N[3.95],M6,0.20404158693017937,Mild|Severe,0.1959919822976461,3.1521452532612817,0.0542970532152301,0.3726083875706284,1.3530533147320616,False,0.6567307093475292,0.9631251790753101,False,True,
three,noisy,M6.A[4.00],M6,0.1609193584080476,Mild|Severe,0.1578846432526982,4.091948152596932,0.04125522427638274,0.38759628900391074,1.0331454915445484,False,0.5046967992162222,0.9641395327584685,False,True,
three,noisy,M6.N[4.00],M6,0.16092537169460722,Mild|Severe,0.15789064268991967,4.092093014506522,0.04125683523170235,0.38759419369420167,1.0330774997096446,False,0.5046636269681742,0.9641403845146854,False,True,
three,noisy,M6.A[4.05],M6,0.08583326391260239,Mild|Severe,0.08500589001558964,4.199682063005171,0.02145879131732749,0.41794069486444346,1.0123737713175458,False,0.4971788324872408,0.9596753702316557,False,True,
three,noisy,M6.N[4.05],M6,0.08583269035980895,Mild|Severe,0.08500534740055014,4.199733148102856,0.021458648599828652,0.41794096449932816,1.012300816684073,False,0.49714304746360677,0.9596760468242233,False,True,
three,noisy,M6.A[4.10],M6,0.020335168917314392,Normal|Mild,0.02024088262638726,2.9548084846007354,0.005231671167464466,0.45955005835481744,1.145950281943549,False,0.5646193373746308,0.9517028240665931,False,True,
three,noisy,M6.N[4.10],M6,0.020337945112903228,Normal|Mild,0.020243649790371233,2.955070632467715,0.0052323729062412954,0.45954733065547204,1.1458617487504954,False,0.5645757713743381,0.9517035091045349,False,True,
three,noisy,M6.A[4.15],M6,0.018364780161769814,Normal|Mild,0.018304150045553868,3.3299556396508567,0.004619215884472646,0.46177140182050747,1.5238176143684896,False,0.752494290702151,0.9670778861086521,False,True,
three,noisy,M6.N[4.15],M6,0.01836662721880751,Normal|Mild,0.01830599324606715,3.3301848467911306,0.004619671084213179,0.46176950478762124,1.523691095532204,False,0.7524318922635214,0.9670783781328298,False,True,
three,noisy,M7.D,M7,0.5043913780647021,Mild|Severe,0.41581064693808895,2.1760907223526327,0.7362534504339494,0.1142077830126865,2.8801758265495416,False,0.6403744162604003,1.0406291852538982,False,True,
three,noisy,M7.D_pow,M7,0.15320095165753417,Mild|Severe,0.127815214857594,1.2420586968580583,0.15109967348828424,0.3117297775298731,11.279430578481113,False,1.653421837145379,0.9539599713950812,False,True,
three,noisy,M7.D0,M7,0.4985295468905418,Mild|Severe,0.411232902299076,2.16723298153683,0.7222517350038763,0.1169381291336169,2.838435593035072,False,0.6367012384143614,1.0400977204123802,False,True,
three,noisy,M7.D1,M7,1.343408839863305,Mild|Severe,0.6952936097143386,1.6977631543106424,0.34512797798383854,0.2035656125517251,6.499243591446376,False,0.956620929489067,1.0964095867845518,False,True,
three,noisy,M7.D2,M7,0.05168401946194797,Mild|Severe,0.04556044017527189,0.8769693629164504,0.023505199611941294,0.42300309685463144,8.015254397074145,False,1.3274694640412448,0.9896864174274714,False,True,
three,noisy,M7.D3,M7,0.012735404718784232,Mild|Severe,0.012498097969690257,1.1582126145955163,0.02103613433403556,0.4296723178353465,12.317645754063063,False,1.8193162639933649,1.0792637982098021,False,True,
three,noisy,M7.D3[k3],M7,0.05837551069742796,Mild|Severe,0.057552636158506226,2.8575651614032194,0.06384747046097142,0.3772557696000177,4.316804695649707,False,1.11736076015155,0.7995357013214418,False,True,
three,noisy,M8.s1^2,M8,0.08870813894874899,Normal|Mild,,,0.023990848553482727,0.41489348583321073,9.480262709458074,False,232.17352456064776,0.6316871539323101,False,True,matrix-level: no per-antenna port-noise estimate
three,noisy,M8.s2^2,M8,0.267887611187569,Normal|Mild,,,0.06698886031911694,0.3571789490145115,0.7337970959018116,False,18.162463695252168,0.06961483509342047,False,True,matrix-level: no per-antenna port-noise estimate
three,noisy,M8.s3^2,M8,0.401169604411361,Mild|Severe,,,0.11118084010738377,0.31897706051828006,0.49714158315490314,False,12.15212113425517,0.4261089097959391,False,True,matrix-level: no per-antenna port-noise estimate
three,noisy,M8.s4^2,M8,0.35725820601761293,Mild|Severe,,,0.13530266429287285,0.3022179822099085,0.5864505308174505,False,14.612942440141918,0.27443873319110557,False,True,matrix-level: no per-antenna port-noise estimate
three,noisy,M8.s5^2,M8,0.33773745774697894,Mild|Severe,,,0.20250297593571034,0.2800115772900058,0.5009747078351544,False,12.514195744000677,0.44667800844411787,False,True,matrix-level: no per-antenna port-noise estimate
three,noisy,M8.s6^2,M8,0.32186736320599085,Mild|Severe,,,0.18763702797291942,0.28870382419332247,0.5582966881918288,False,13.881215755224481,0.482652433488475,False,True,matrix-level: no per-antenna port-noise estimate
three,noisy,M8.lam0^2,M8,0.4193108862498102,Mild|Severe,0.3855377347121272,3.0940741543594106,0.12132704218648796,0.3121590525540654,0.5863909629150484,False,14.42353297190268,0.2975628538535421,False,True,
three,noisy,M8.lam1^2,M8,0.4049534086530779,Mild|Severe,0.37304942230120064,3.0773595274754726,0.10331576763221288,0.32535370635346844,0.6252518256681932,False,15.577488187776066,0.21525857185759978,False,True,
three,noisy,M8.lam2^2,M8,0.43732127333741444,Mild|Severe,0.404399966778268,3.277799042203271,0.13482138768464114,0.3020489920744485,0.5617542185676225,False,13.97232768882821,0.24208712103445473,False,True,
three,noisy,M8.lam3^2,M8,0.4517707964509623,Mild|Severe,0.41882919622003406,3.3893795331038943,0.126192656509621,0.30776155804427363,0.5710495572978643,False,13.87131682685739,0.21940874996119689,False,True,
three,noisy,M8.lam0^2[k3],M8,0.13721660748908343,Mild|Severe,0.12462997329770034,1.6484462181009545,0.04963744405626744,0.3853263657662306,1.6440934513211907,False,4.330221149135565,0.6227628746709614,False,True,
three,noisy,M8.lam1^2[k3],M8,0.10670603956818467,Mild|Severe,0.09791874723372616,1.5421083379724585,0.04263534968715468,0.39507599619565625,1.604700639685425,False,4.286293807036796,0.5973786049664944,False,True,
three,noisy,M8.lam2^2[k3],M8,0.0593048454701461,Mild|Severe,0.055097514452879574,1.2463004443422108,0.03248427091938032,0.410749571608917,1.7015087215127138,False,4.5471083829792605,0.48017496710118096,False,True,
three,noisy,M8.lam3^2[k3],M8,0.051463545199743915,Mild|Severe,0.048350178675529015,1.2642960001911885,0.02885070080598061,0.4159752304313129,1.4921398990437735,False,3.986481642407203,0.4947417286732955,False,True,
three,very_noisy,M0.old_score,M0,0.0004662199971353002,Mild|Severe,0.000433026939534893,0.11029206663073525,0.011918578791426292,0.447167786501494,2.7391639535468166,False,51.464803880459066,-0.06689028720182072,False,True,baseline only; not a physical quantity
three,very_noisy,M1.Sii_dBavg,M1,0.04946747958765904,Normal|Severe,0.045937486093875615,1.1346751651059923,0.033058956388181106,0.41074299299552575,0.6033707391774785,False,16.064083649739644,1.0684446017494673,False,True,dB averaging; shown for fragility
three,very_noisy,M2.R,M2,0.2969934053552789,Mild|Severe,0.27988350206845436,3.11711821675705,0.08062603339162,0.34407899841851575,0.5898531109743902,False,14.60329740317397,0.23512332904256653,False,True,
three,very_noisy,M2.R[k3],M2,0.081970967335,Mild|Severe,0.0760431190633746,1.450195153718557,0.03645032927765341,0.4040351974210075,1.618022605396752,False,4.311682818493932,0.5563037707180158,False,True,
three,very_noisy,M3.A,M3,0.2969934053552789,Mild|Severe,0.27988350206845575,3.117118216757182,0.08062603339162216,0.34407899841851364,0.5898531109743939,False,14.603297403173261,0.2351233290426028,False,True,affine copy of M2.R (identical separability)
three,very_noisy,M3.ML_of_powavg,M3,0.29386039721053653,Mild|Severe,0.27742927451407906,3.1501269212829297,0.08075946959972195,0.34400116873066766,0.5905402808569492,False,13.850473565358614,0.22757811751107238,False,True,
three,very_noisy,M3.ML_dBavg,M3,0.10172231406481089,Mild|Severe,0.1016559307811966,17.65062583557555,0.02546122661803995,0.41075799575057953,0.6437792997874989,False,9.09474636766578,0.7098865072412281,False,True,dB averaging; comparison only
three,very_noisy,M4.N,M4,0.3022420631597462,Mild|Severe,0.2847826900779039,3.1400381298259408,0.08164898836478167,0.34314763336911913,0.5872740520767343,False,14.530112472508634,0.2391138491651591,False,True,
three,very_noisy,M4.N[k3],M4,0.08022815103065828,Mild|Severe,0.07447800158468719,1.4416267458477818,0.0358341127205901,0.40488376201849063,1.622075719944948,False,4.326626526722628,0.5514358903298339,False,True,
three,very_noisy,M5.C,M5,0.2950052836839479,Normal|Mild,0.24704263316915984,1.7432684142431811,0.09392650658062138,0.3400633630129731,0.0159203229155635,True,3.1579296138359685,1.109970005287499,False,True,
three,very_noisy,M5.C1,M5,0.25526695488443,Normal|Mild,0.2125430040991149,1.593675884382548,0.08222416938029034,0.35032342282458967,0.014095153100085531,True,3.36939088019565,1.108642011938728,False,True,
three,very_noisy,M5.C2,M5,1.4968378928773454,Mild|Severe,1.1960058823922857,3.4499040545800144,0.3744935545326439,0.19340987853761896,0.027098036201331794,True,0.6537218714480945,0.998667263515945,False,True,
three,very_noisy,M5.C3,M5,0.08097143933983286,Mild|Severe,0.04962813834199748,0.5063753459652438,0.03411550401013465,0.40662600757356515,0.1218185039333001,True,4.415844605979441,1.109665152741249,False,True,
three,very_noisy,M5.C[k3],M5,0.36325193407570966,Mild|Severe,0.28123872277946976,1.5783910703865085,0.09784032671516217,0.33153723993060547,1.1451499808404462,False,3.0163897740956873,0.6603944172125572,False,True,
three,very_noisy,M5.C1[k3],M5,0.37670483456681875,Mild|Severe,0.2956139934270326,1.6572658691642765,0.10135225086957278,0.3286742914279327,1.0991513247193965,False,2.890340706561874,0.6314046833150522,False,True,
three,very_noisy,M5.C2[k3],M5,1.3166908716527193,Normal|Mild,1.1860858847188664,4.223790483672189,0.3459133871459244,0.20377284566024745,0.12112125199211192,True,0.30972919528618775,0.8473303086216458,False,True,
three,very_noisy,M5.C3[k3],M5,0.02017079630420176,Mild|Severe,0.01332988482279394,0.28037076890848156,0.00904718827751907,0.4521041876393329,0.876637465795243,False,2.5275198293810197,0.5200878984272762,False,True,
three,very_noisy,M5.C3_dBavg[k3],M5,0.02936735729555448,Mild|Severe,0.009630818926669787,0.16929477265848727,0.009922313390713129,0.4477744730355362,0.7151178971105577,False,2.0976611172958597,0.5301608899442593,False,True,dB averaging; comparison only
three,very_noisy,M6.fc_A,M6,0.04900558916632228,Normal|Mild,0.041322187600817926,0.7260268663426054,0.015394950560835917,0.43402080143209787,9.193110581360541,False,35.15658019176105,0.793350011870136,False,True,
three,very_noisy,M6.spread_A,M6,0.07930905427513311,Mild|Severe,0.0787727811738507,4.826935170948309,0.020227178106457987,0.420673505774441,0.1945963214109634,True,16.834284700856863,0.4474171131267875,False,True,
three,very_noisy,M6.fc_N,M6,0.04903187361347205,Normal|Mild,0.04133186573710952,0.7255229630271876,0.015419885542992359,0.43398345734157384,9.200559296961758,False,35.212989588373595,0.7933842990093355,False,True,
three,very_noisy,M6.spread_N,M6,0.0785855912127199,Mild|Severe,0.07805556279550521,4.811038281235614,0.020047518281326806,0.42102659779794516,0.19547763023025222,True,16.922615510640345,0.4444943313363963,False,True,
three,very_noisy,M6.A[3.20],M6,0.12704140225782684,Mild|Severe,0.12296253360779527,2.767605459796532,0.03186726768123641,0.4004206496109572,2.1665730368827902,False,1.0644338898099095,0.9708860710308578,False,True,
three,very_noisy,M6.N[3.20],M6,0.12702947070947396,Mild|Severe,0.1229514501140353,2.7676384935389238,0.0318642575096117,0.40042524211763053,2.1663143617758873,False,1.06431305631095,0.9708859057805823,False,True,
three,very_noisy,M6.A[3.25],M6,0.03249184798865748,Mild|Severe,0.030288505908969896,0.9451487519318953,0.009381624855914808,0.4474031809297331,6.141324422332923,False,3.0253365881290177,0.8309678939923738,False,True,
three,very_noisy,M6.N[3.25],M6,0.03250842264399472,Mild|Severe,0.03030380411245607,0.9453547151949727,0.009386328795675605,0.4473899462776215,6.138876060899878,False,3.024159567315822,0.8310508614971875,False,True,
three,very_noisy,M6.A[3.30],M6,0.07565859098079092,Mild|Severe,0.06539735976584321,0.9820294073730609,0.019676651543406483,0.42210887035084926,6.253384661154252,False,3.111888519930556,0.7366144006401281,False,True,
three,very_noisy,M6.N[3.30],M6,0.07555592332610221,Mild|Severe,0.06530217274920172,0.9810060769498474,0.01965191689863888,0.4221591095573525,6.257894763259024,False,3.114174818732307,0.7366464854292081,False,True,
three,very_noisy,M6.A[3.35],M6,0.16510491364121344,Normal|Mild,0.09969648372119377,0.709443894308329,0.08459479202345907,0.3559903806855961,9.174629528272526,False,4.536846328526719,0.4215846784879971,False,True,
three,very_noisy,M6.N[3.35],M6,0.16559497336116674,Normal|Mild,0.09990101292707422,0.7096771075909947,0.08440294911872495,0.35610692285825146,9.165788737689562,False,4.53238772054295,0.42211199837412394,False,True,
three,very_noisy,M6.A[3.40],M6,0.3535596686909728,Mild|Severe,0.3364416950848551,3.727992989236627,0.08953270946922214,0.33649641085415627,1.0551316563892896,False,0.4925155920237232,0.9583708782259162,False,True,
three,very_noisy,M6.N[3.40],M6,0.3516921293884681,Mild|Severe,0.3346887968400958,3.720916169838859,0.08905837043260077,0.3369050124527046,1.0556475101637575,False,0.49271790144652816,0.9582495767639138,False,True,
three,very_noisy,M6.A[3.45],M6,0.020224625089539202,Mild|Severe,0.019831851443444588,1.4291101305627247,0.0053327604905000145,0.45940926901776435,1.1074952617720597,False,0.5564970262106895,0.8170965745418455,False,True,
three,very_noisy,M6.N[3.45],M6,0.01995123072227588,Mild|Severe,0.019563722013569096,1.4193348006409867,0.005262659132212737,0.4596798528581598,1.1178291478249516,False,0.5620059023055536,0.8159198483021136,False,True,
three,very_noisy,M6.A[3.50],M6,0.014004308033072937,Mild|Severe,0.013408936847352788,0.7942351286558074,0.023270583960683124,0.4260353546115571,2.5284102593453257,False,1.2276299903483874,0.778590683646538,False,True,
three,very_noisy,M6.N[3.50],M6,0.014265082386546864,Mild|Severe,0.01366416363098774,0.8054448099903686,0.023104770990300606,0.42629099546216653,2.504225190332509,False,1.216170208218873,0.7811295173044985,False,True,
three,very_noisy,M6.A[3.55],M6,0.44283028331877283,Mild|Severe,0.25718402070326796,1.1076754741101915,0.39386177635037567,0.19292034269703384,2.5928065465513632,False,1.2800812265336623,0.9258216803159636,False,True,
three,very_noisy,M6.N[3.55],M6,0.4578800668279722,Mild|Severe,0.2645380543679055,1.1193652664105798,0.3942511033487285,0.19278670967557382,2.6544550749668083,False,1.3103823416320672,0.9251051104645266,False,True,
three,very_noisy,M6.A[3.60],M6,0.29124039670570384,Normal|Severe,0.2739918923846013,3.0418230032971754,0.21200551187166908,0.27693819046983176,3.8086090570847992,False,1.878144288426812,0.496577075992832,False,True,
three,very_noisy,M6.N[3.60],M6,0.2579216121597727,Normal|Severe,0.24298247273717538,2.8965668008129866,0.2158119461947402,0.2749820929590293,4.023990095147638,False,1.9842138937861558,0.46522879369112846,False,True,
three,very_noisy,M6.A[3.65],M6,0.014550286996054257,Mild|Severe,0.012536772347398105,0.4256633422352373,0.02477957133051369,0.42368402989703163,7.350136775987727,False,3.592201038884153,0.8683631648582836,False,True,
three,very_noisy,M6.N[3.65],M6,0.015831035822072338,Mild|Severe,0.013611993146930597,0.44070471538978945,0.02477434828496971,0.42366382694358273,7.085879725966653,False,3.4632158305498906,0.8689411818467742,False,True,
three,very_noisy,M6.A[3.70],M6,0.009689158970002791,Normal|Mild,0.00785402427419815,0.2879852104442522,0.004110827943669327,0.4675084066194394,9.44639227715399,False,4.564536366280855,-0.20942884730708455,False,True,
three,very_noisy,M6.N[3.70],M6,0.009374423026275046,Normal|Mild,0.00761418393782361,0.2847823851724169,0.0038993805202731046,0.4682808816421936,9.507172832915366,False,4.593747959228465,-0.21992271137452254,False,True,
three,very_noisy,M6.A[3.75],M6,0.03213905386146041,Normal|Severe,0.031518379768431276,1.806681820127267,0.04570991914189007,0.39629686636650513,2.2430610789244834,False,0.9979913866069113,0.9064838340724133,False,True,
three,very_noisy,M6.N[3.75],M6,0.03171926910166774,Normal|Severe,0.031107923464677657,1.796671529351057,0.045442798536897325,0.3966039283517864,2.2475071394271104,False,1.0047745451141632,0.906416603225503,False,True,
three,very_noisy,M6.A[3.80],M6,0.028834795923738395,Mild|Severe,0.026596946710386857,0.827892446603971,0.009294178805608587,0.4489580719594266,4.2556402090172,False,2.1034272190131516,0.5695498828534707,False,True,
three,very_noisy,M6.N[3.80],M6,0.02904328443276246,Mild|Severe,0.02678389081111577,0.8298101555625399,0.009371734104253793,0.4487584446928862,4.243789521109866,False,2.0976661127883953,0.5689420763575402,False,True,
three,very_noisy,M6.A[3.85],M6,0.005948675783907855,Mild|Severe,0.00570234333613288,0.5247966059644444,0.0023205217139475503,0.47531990074178154,11.12165713486816,False,5.418638365433843,0.8803259207486734,False,True,
three,very_noisy,M6.N[3.85],M6,0.005969119485394149,Mild|Severe,0.005721858655119614,0.5256068724407646,0.0023226900684964165,0.47529958828390795,11.09972828894369,False,5.408193039960818,0.8807824866488556,False,True,
three,very_noisy,M6.A[3.90],M6,0.07539633485484475,Mild|Severe,0.07304656006384258,2.165094612707855,0.02004057632286495,0.42180666740842865,2.427107430239669,False,1.1602384005920339,0.9385672707837415,False,True,
three,very_noisy,M6.N[3.90],M6,0.07542677664358761,Mild|Severe,0.07307606137707386,2.165535582607594,0.02004888980612761,0.42179084774994235,2.4264155798866596,False,1.1599160700074334,0.938572550389716,False,True,
three,very_noisy,M6.A[3.95],M6,0.0472249905278868,Mild|Severe,0.04666489352568814,2.805204023238691,0.011974327641031911,0.43871794705952405,1.3531636226640535,False,0.6567837759952005,0.9631235499349675,False,True,
three,very_noisy,M6.N[3.95],M6,0.04723343484673847,Mild|Severe,0.04667325450716887,2.805497419662508,0.011976469212653145,0.4387125099430752,1.3530533147320616,False,0.6567307093475292,0.9631251790753101,False,True,
three,very_noisy,M6.A[4.00],M6,0.0423432578015004,Mild|Severe,0.04214570320457883,4.250501898707654,0.010588068115927643,0.44215306698956625,1.0331454915445484,False,0.5046967992162222,0.9641395327584685,False,True,
three,very_noisy,M6.N[4.00],M6,0.042344937364824975,Mild|Severe,0.04214738149820981,4.250657168217045,0.010588485021754331,0.4421519320083895,1.0330774997096446,False,0.5046636269681742,0.9641403845146854,False,True,
three,very_noisy,M6.A[4.05],M6,0.013438772390593037,Mild|Severe,0.013407294553948559,3.383474703448837,0.0037223796031448935,0.4664819618921042,1.0123737713175458,False,0.4971788324872408,0.9596753702316557,False,True,
three,very_noisy,M6.N[4.05],M6,0.013440180032410131,Mild|Severe,0.013408699796268105,3.3837002540047063,0.003722659287124873,0.46648045971405483,1.012300816684073,False,0.49714304746360677,0.9596760468242233,False,True,
three,very_noisy,M6.A[4.10],M6,0.003969886985027752,Normal|Mild,0.003965518318540837,2.6846001136509106,0.0013633276099615916,0.48067416083040476,1.145950281943549,False,0.5646193373746308,0.9517028240665931,False,True,
three,very_noisy,M6.N[4.10],M6,0.003970864886778009,Normal|Mild,0.003966495335392008,2.6849895591398965,0.0013636642936253407,0.48067177806124445,1.1458617487504954,False,0.5645757713743381,0.9517035091045349,False,True,
three,very_noisy,M6.A[4.15],M6,0.0004473288331626787,Normal|Mild,0.00044696533287068383,1.048849032393244,0.0001866001769813467,0.4930608815403653,1.5238176143684896,False,0.752494290702151,0.9670778861086521,False,True,
three,very_noisy,M6.N[4.15],M6,0.000447295920751439,Normal|Mild,0.0004469324624710633,1.048832492051572,0.00018659121820548277,0.4930610694233053,1.523691095532204,False,0.7524318922635214,0.9670783781328298,False,True,
three,very_noisy,M7.D,M7,0.527146288659603,Mild|Severe,0.4427059337387221,2.3510573381081277,0.4244776634186882,0.1921027198128497,2.8801758265495416,False,0.6403744162604003,1.0406291852538982,False,True,
three,very_noisy,M7.D_pow,M7,0.02161090756507819,Normal|Severe,0.020601043375682974,0.9389979042352824,0.008477363248078629,0.45290103079673566,11.279430578481113,False,1.653421837145379,0.9539599713950812,False,True,
three,very_noisy,M7.D0,M7,0.5211025240220138,Mild|Severe,0.4379173093180375,2.3423380378338354,0.4197733081861278,0.19362778647970666,2.838435593035072,False,0.6367012384143614,1.0400977204123802,False,True,
three,very_noisy,M7.D1,M7,1.3966656097540477,Mild|Severe,0.7394914756618206,1.7729136057430994,0.3651379856530419,0.19720155496019293,6.499243591446376,False,0.956620929489067,1.0964095867845518,False,True,
three,very_noisy,M7.D2,M7,0.030229499891306806,Mild|Severe,0.028174327518501525,0.9104018506058854,0.01221301234178557,0.4437146043036746,8.015254397074145,False,1.3274694640412448,0.9896864174274714,False,True,
three,very_noisy,M7.D3,M7,0.00946307050563922,Mild|Severe,0.009300657158999413,1.0410629622526366,0.01604329235900986,0.4385861563873893,12.317645754063063,False,1.8193162639933649,1.0792637982098021,False,True,
three,very_noisy,M7.D3[k3],M7,0.05692827481935971,Mild|Severe,0.0561655212420846,2.8954880679563204,0.05775670349424155,0.3831412648477034,4.316804695649707,False,1.11736076015155,0.7995357013214418,False,True,
three,very_noisy,M8.s1^2,M8,0.08943108355021794,Normal|Mild,,,0.022361618450783993,0.4162602658619755,9.480262709458074,False,232.17352456064776,0.6316871539323101,False,True,matrix-level: no per-antenna port-noise estimate
three,very_noisy,M8.s2^2,M8,0.18840551351987078,Normal|Mild,,,0.04710227026759524,0.37944974299360806,0.7337970959018116,False,18.162463695252168,0.06961483509342047,False,True,matrix-level: no per-antenna port-noise estimate
three,very_noisy,M8.s3^2,M8,0.2710829534798168,Mild|Severe,,,0.06927571351811201,0.3551062880465099,0.49714158315490314,False,12.15212113425517,0.4261089097959391,False,True,matrix-level: no per-antenna port-noise estimate
three,very_noisy,M8.s4^2,M8,0.228201287468918,Mild|Severe,,,0.08121426485590236,0.34371017926083947,0.5864505308174505,False,14.612942440141918,0.27443873319110557,False,True,matrix-level: no per-antenna port-noise estimate
three,very_noisy,M8.s5^2,M8,0.20616715553179274,Mild|Severe,,,0.08575265190646532,0.3526486855778703,0.5009747078351544,False,12.514195744000677,0.44667800844411787,False,True,matrix-level: no per-antenna port-noise estimate
three,very_noisy,M8.s6^2,M8,0.16013478411475818,Mild|Severe,,,0.0601382932528386,0.37466691801362695,0.5582966881918288,False,13.881215755224481,0.482652433488475,False,True,matrix-level: no per-antenna port-noise estimate
three,very_noisy,M8.lam0^2,M8,0.2954335461310609,Mild|Severe,0.2774869388501574,3.022560446302136,0.08210322800338797,0.34287951131091743,0.5863909629150484,False,14.42353297190268,0.2975628538535421,False,True,
three,very_noisy,M8.lam1^2,M8,0.28579954310985217,Normal|Mild,0.2688834630698166,3.002132850083149,0.07178146280777514,0.35252169163771696,0.6252518256681932,False,15.577488187776066,0.21525857185759978,False,True,
three,very_noisy,M8.lam2^2,M8,0.3108641538220831,Mild|Severe,0.293089823997862,3.201872789679002,0.08925490119688098,0.33637946954343956,0.5617542185676225,False,13.97232768882821,0.24208712103445473,False,True,
three,very_noisy,M8.lam3^2,M8,0.32329130828531055,Mild|Severe,0.3051266383062831,3.2956290197160096,0.08670809153026171,0.3385475009893673,0.5710495572978643,False,13.87131682685739,0.21940874996119689,False,True,
three,very_noisy,M8.lam0^2[k3],M8,0.13283537720283156,Mild|Severe,0.12129751083352015,1.6712255496998756,0.04779546227498094,0.38734749358326886,1.6440934513211907,False,4.330221149135565,0.6227628746709614,False,True,
three,very_noisy,M8.lam1^2[k3],M8,0.10425802193953128,Mild|Severe,0.09608332959965307,1.5655179521616434,0.041195099584172515,0.39670065998338844,1.604700639685425,False,4.286293807036796,0.5973786049664944,False,True,
three,very_noisy,M8.lam2^2[k3],M8,0.05930371574303887,Mild|Severe,0.05526373963716001,1.2737573035264111,0.031881570325885907,0.4114837460528461,1.7015087215127138,False,4.5471083829792605,0.48017496710118096,False,True,
three,very_noisy,M8.lam3^2[k3],M8,0.0522929610535487,Mild|Severe,0.04923862660798638,1.2984681021759152,0.028512262550992252,0.4163408049997154,1.4921398990437735,False,3.986481642407203,0.4947417286732955,False,True,
three,typical_jitter,M0.old_score,M0,0.02792863540607758,Mild|Severe,0.024808637043559033,0.6664447110744359,0.03969105515162008,0.40335310263905455,2.7391639535468166,False,51.464803880459066,-0.06689028720182072,False,True,baseline only; not a physical quantity
three,typical_jitter,M1.Sii_dBavg,M1,0.04624343070215081,Normal|Severe,0.04276120854030914,1.0657044242247402,0.033589715545810146,0.4102585875535869,0.6033707391774785,False,16.064083649739644,1.0684446017494673,False,True,dB averaging; shown for fragility
three,typical_jitter,M2.R,M2,0.44694190181031446,Mild|Severe,0.4105839317527294,3.1771790847216232,0.13426833417038045,0.3029837321420315,0.5898531109743902,False,14.60329740317397,0.23512332904256653,False,True,
three,typical_jitter,M2.R[k3],M2,0.08140340295861977,Mild|Severe,0.07530378907546717,1.417729971028683,0.0367349693724235,0.4037952982709676,1.618022605396752,False,4.311682818493932,0.5563037707180158,False,True,
three,typical_jitter,M3.A,M3,0.4469419018103435,Mild|Severe,0.4105839317527588,3.1771790847218604,0.13426833417037617,0.30298373214203433,0.5898531109743939,False,14.603297403173261,0.2351233290426028,False,True,affine copy of M2.R (identical separability)
three,typical_jitter,M3.ML_of_powavg,M3,0.44320089699906834,Mild|Severe,0.4068229294747396,3.1484645598982044,0.13470845128835907,0.3027804284153732,0.5905402808569492,False,13.850473565358614,0.22757811751107238,False,True,
three,typical_jitter,M3.ML_dBavg,M3,0.33286002974363144,Normal|Mild,0.3305182995224105,6.908766177531118,0.08431629560771027,0.34077804980535775,0.6437792997874989,False,9.09474636766578,0.7098865072412281,False,True,dB averaging; comparison only
three,typical_jitter,M4.N,M4,0.45506838937042315,Mild|Severe,0.41791171219689627,3.1994635662504316,0.13683687314774476,0.3012793806938605,0.5872740520767343,False,14.530112472508634,0.2391138491651591,False,True,
three,typical_jitter,M4.N[k3],M4,0.0797005334659776,Mild|Severe,0.07377962608133698,1.409352736215126,0.03613161840125007,0.40462259771597964,1.622075719944948,False,4.326626526722628,0.5514358903298339,False,True,
three,typical_jitter,M5.C,M5,0.3208098215516837,Normal|Mild,0.26418496545908304,1.730172159190584,0.10309705244835968,0.333028162361008,0.0159203229155635,True,3.1579296138359685,1.109970005287499,False,True,
three,typical_jitter,M5.C1,M5,0.27733002555552927,Normal|Mild,0.22701663633543556,1.5819782172283914,0.09020334215123901,0.34375099857759,0.014095153100085531,True,3.36939088019565,1.108642011938728,False,True,
three,typical_jitter,M5.C2,M5,16.423983791408013,Mild|Severe,4.22852411592608,3.3748118885297336,4.11229495800855,0.0020152503578943232,0.027098036201331794,True,0.6537218714480945,0.998667263515945,False,True,
three,typical_jitter,M5.C3,M5,0.29209533124265663,Mild|Severe,0.08211862870961514,0.4779831578602315,0.4668919917689536,0.1795328128104761,0.1218185039333001,True,4.415844605979441,1.109665152741249,False,True,
three,typical_jitter,M5.C[k3],M5,0.34949457671421924,Mild|Severe,0.27018654862614555,1.5431512830731335,0.094552341343871,0.33438201215029545,1.1451499808404462,False,3.0163897740956873,0.6603944172125572,False,True,
three,typical_jitter,M5.C1[k3],M5,0.36202724144684106,Mild|Severe,0.2836514211195971,1.618777113107474,0.09773106276742982,0.33170017469396396,1.0991513247193965,False,2.890340706561874,0.6314046833150522,False,True,
three,typical_jitter,M5.C2[k3],M5,4.980152844342321,Mild|Severe,3.123967059536519,4.094292213445346,1.2451077038065206,0.05727425483671185,0.12112125199211192,True,0.30972919528618775,0.8473303086216458,False,True,
three,typical_jitter,M5.C3[k3],M5,0.05965826325438236,Mild|Severe,0.025382296181005588,0.29724933808837134,0.04964342778336432,0.39130671634374253,0.876637465795243,False,2.5275198293810197,0.5200878984272762,False,True,
three,typical_jitter,M5.C3_dBavg[k3],M5,0.159707111218102,Mild|Severe,0.05332294828163847,0.40012502249402965,0.04251472177825995,0.38689587167307304,0.7151178971105577,False,2.0976611172958597,0.5301608899442593,False,True,dB averaging; comparison only
three,typical_jitter,M6.fc_A,M6,0.05571845748620351,Normal|Mild,0.044132792754170085,0.6515305243701236,0.01980780318651641,0.42701609126852386,9.193110581360541,False,35.15658019176105,0.793350011870136,False,True,
three,typical_jitter,M6.spread_A,M6,1.3527604415748646,Mild|Severe,1.1905214405515299,4.455704942543607,0.3382801079013075,0.20539189877120068,0.1945963214109634,True,16.834284700856863,0.4474171131267875,False,True,
three,typical_jitter,M6.fc_N,M6,0.055807078911625556,Normal|Mild,0.0441649794647293,0.6507032972462704,0.019890882422332917,0.42689665783624275,9.200559296961758,False,35.212989588373595,0.7933842990093355,False,True,
three,typical_jitter,M6.spread_N,M6,1.33934921043161,Mild|Severe,1.1789338949071078,4.436941706832207,0.3349227790724739,0.20655767368192662,0.19547763023025222,True,16.922615510640345,0.4444943313363963,False,True,
three,typical_jitter,M6.A[3.20],M6,0.39430272801457816,Mild|Severe,0.3565407284970871,2.728707416638666,0.10043019220699913,0.3276175595050808,2.1665730368827902,False,1.0644338898099095,0.9708860710308578,False,True,
three,typical_jitter,M6.N[3.20],M6,0.39439021037783617,Mild|Severe,0.35661154273883056,2.7286789487840912,0.10045346984484452,0.327599173899185,2.1663143617758873,False,1.06431305631095,0.9708859057805823,False,True,
three,typical_jitter,M6.A[3.25],M6,0.05284847435022544,Mild|Severe,0.047168198066359766,0.9368523226683759,0.015332295148510627,0.43293555604098133,6.141324422332923,False,3.0253365881290177,0.8309678939923738,False,True,
three,typical_jitter,M6.N[3.25],M6,0.05290047797970718,Mild|Severe,0.047211796780823316,0.937053230865,0.015347962994192884,0.4329021592064075,6.138876060899878,False,3.024159567315822,0.8310508614971875,False,True,
three,typical_jitter,M6.A[3.30],M6,0.0734210737210706,Mild|Severe,0.06304991980210883,0.9448309104692346,0.020008849026199562,0.4223304091864437,6.253384661154252,False,3.111888519930556,0.7366144006401281,False,True,
three,typical_jitter,M6.N[3.30],M6,0.07336944848765793,Mild|Severe,0.0629951324221669,0.9439443343414066,0.019999400439623494,0.42235281518981993,6.257894763259024,False,3.114174818732307,0.7366464854292081,False,True,
three,typical_jitter,M6.A[3.35],M6,0.12328977078481074,Normal|Mild,0.08933719382099613,0.8054865678167913,0.057731153228819415,0.38001260549804594,9.174629528272526,False,4.536846328526719,0.4215846784879971,False,True,
three,typical_jitter,M6.N[3.35],M6,0.12366844763518316,Normal|Mild,0.0895496653215799,0.8057117079930772,0.05773015300123592,0.37998433752855243,9.165788737689562,False,4.53238772054295,0.42211199837412394,False,True,
three,typical_jitter,M6.A[3.40],M6,0.3543405448298582,Mild|Severe,0.33604528715591353,3.6079047324833144,0.09009430172239509,0.33614251647161153,1.0551316563892896,False,0.4925155920237232,0.9583708782259162,False,True,
three,typical_jitter,M6.N[3.40],M6,0.35247031041128796,Mild|Severe,0.3342973925063585,3.6010606053959884,0.08961840236951744,0.33655118875432566,1.0556475101637575,False,0.49271790144652816,0.9582495767639138,False,True,
three,typical_jitter,M6.A[3.45],M6,0.01980722031179814,Mild|Severe,0.019398327697397216,1.3708952657261544,0.0051805161948440944,0.45991094085998574,1.1074952617720597,False,0.5564970262106895,0.8170965745418455,False,True,
three,typical_jitter,M6.N[3.45],M6,0.019535435825480053,Mild|Severe,0.01913211260036548,1.3613863711431338,0.00511101348793612,0.46018297179777934,1.1178291478249516,False,0.5620059023055536,0.8159198483021136,False,True,
three,typical_jitter,M6.A[3.50],M6,0.01168547716853526,Mild|Severe,0.01115671335982283,0.7022237278039287,0.025741345295278266,0.4222790471356681,2.5284102593453257,False,1.2276299903483874,0.778590683646538,False,True,
three,typical_jitter,M6.N[3.50],M6,0.011930063481732107,Mild|Severe,0.01139518081747599,0.7129642018798638,0.02553172440382245,0.42259069295565266,2.504225190332509,False,1.216170208218873,0.7811295173044985,False,True,
three,typical_jitter,M6.A[3.55],M6,0.38295645455426924,Mild|Severe,0.23016727864764286,1.0741506409766486,0.2575432580314038,0.24742136988633293,2.5928065465513632,False,1.2800812265336623,0.9258216803159636,False,True,
three,typical_jitter,M6.N[3.55],M6,0.3961116179007414,Mild|Severe,0.23689370808117882,1.0856868856191009,0.2506096353726907,0.25078914591968215,2.6544550749668083,False,1.3103823416320672,0.9251051104645266,False,True,
three,typical_jitter,M6.A[3.60],M6,0.2635327455679169,Normal|Severe,0.2493430292067636,3.0432949799359292,0.1955389143207742,0.2852750649916394,3.8086090570847992,False,1.878144288426812,0.496577075992832,False,True,
three,typical_jitter,M6.N[3.60],M6,0.23428144653974312,Normal|Severe,0.22191941452390015,2.9002581991322445,0.19927532158124217,0.2832625303190335,4.023990095147638,False,1.9842138937861558,0.46522879369112846,False,True,
three,typical_jitter,M6.A[3.65],M6,0.014072901369034557,Mild|Severe,0.01216503840229335,0.4236331849563739,0.021218334993339274,0.42933790742492944,7.350136775987727,False,3.592201038884153,0.8683631648582836,False,True,
three,typical_jitter,M6.N[3.65],M6,0.015286477888270178,Mild|Severe,0.013188485975537045,0.4383936754425199,0.02121462221307967,0.42931035793944494,7.085879725966653,False,3.4632158305498906,0.8689411818467742,False,True,
three,typical_jitter,M6.A[3.70],M6,0.012395882499625133,Normal|Mild,0.009946392294449631,0.317284357799217,0.0047562093427681125,0.4645930020375737,9.44639227715399,False,4.564536366280855,-0.20942884730708455,False,True,
three,typical_jitter,M6.N[3.70],M6,0.012025331119303654,Normal|Mild,0.009668720405946005,0.314126153701868,0.0045442846435916305,0.4653105442970598,9.507172832915366,False,4.593747959228465,-0.21992271137452254,False,True,
three,typical_jitter,M6.A[3.75],M6,0.03356128547908866,Normal|Severe,0.03286768305350043,1.7834606636907937,0.048532845767847166,0.39315881241365447,2.2430610789244834,False,0.9979913866069113,0.9064838340724133,False,True,
three,typical_jitter,M6.N[3.75],M6,0.0331333149427429,Normal|Severe,0.03244992984085661,1.773869105234194,0.048261254903288316,0.39346163862930766,2.2475071394271104,False,1.0047745451141632,0.906416603225503,False,True,
three,typical_jitter,M6.A[3.80],M6,0.027096643092551404,Mild|Severe,0.02496659442449987,0.7969987371730063,0.008924338373092793,0.4502067088352626,4.2556402090172,False,2.1034272190131516,0.5695498828534707,False,True,
three,typical_jitter,M6.N[3.80],M6,0.02729223896463574,Mild|Severe,0.02514172041385874,0.7988412454670345,0.008997950236868038,0.4500129777101484,4.243789521109866,False,2.0976661127883953,0.5689420763575402,False,True,
three,typical_jitter,M6.A[3.85],M6,0.005734846545050366,Mild|Severe,0.005488915282086844,0.5059554663283808,0.0036381582208416295,0.4702941828036491,11.12165713486816,False,5.418638365433843,0.8803259207486734,False,True,
three,typical_jitter,M6.N[3.85],M6,0.005755286853656744,Mild|Severe,0.005508383447407714,0.506753814729919,0.0036386245320450383,0.4702880980444763,11.09972828894369,False,5.408193039960818,0.8807824866488556,False,True,
three,typical_jitter,M6.A[3.90],M6,0.19230654671222597,Mild|Severe,0.1788931572122409,2.2648509634295073,0.053328023613724,0.37485007292626754,2.427107430239669,False,1.1602384005920339,0.9385672707837415,False,True,
three,typical_jitter,M6.N[3.90],M6,0.19239328705039505,Mild|Severe,0.17897303342527765,2.2652878358823085,0.05335410650733957,0.37482139300180967,2.4264155798866596,False,1.1599160700074334,0.938572550389716,False,True,
three,typical_jitter,M6.A[3.95],M6,0.5918656829661477,Mild|Severe,0.5387306631285552,3.464351913403895,0.16992967146148522,0.28467491515572757,1.3531636226640535,False,0.6567837759952005,0.9631235499349675,False,True,
three,typical_jitter,M6.N[3.95],M6,0.5919352561593265,Mild|Severe,0.5387952278839551,3.46459984287924,0.16994801791516936,0.2846639434818148,1.3530533147320616,False,0.6567307093475292,0.9631251790753101,False,True,
three,typical_jitter,M6.A[4.00],M6,0.5825444856967577,Mild|Severe,0.547360883246421,4.257417804593889,0.1496264134831764,0.29307382863489206,1.0331454915445484,False,0.5046967992162222,0.9641395327584685,False,True,
three,typical_jitter,M6.N[4.00],M6,0.5825643279306815,Mild|Severe,0.547380514027885,4.2575538622697575,0.14963156431658947,0.293070604984408,1.0330774997096446,False,0.5046636269681742,0.9641403845146854,False,True,
three,typical_jitter,M6.A[4.05],M6,0.2727931003882612,Normal|Mild,0.26521078365472545,4.368439416075051,0.06826954538863077,0.3559041197484858,1.0123737713175458,False,0.4971788324872408,0.9596753702316557,False,True,
three,typical_jitter,M6.N[4.05],M6,0.2728232861129376,Normal|Mild,0.2652405104722701,4.36879372810247,0.0682770516452252,0.3558965309766462,1.012300816684073,False,0.49714304746360677,0.9596760468242233,False,True,
three,typical_jitter,M6.A[4.10],M6,0.110218813931012,Normal|Mild,0.10829759892406557,3.5250419788945457,0.027735494923580007,0.40704256471930045,1.145950281943549,False,0.5646193373746308,0.9517028240665931,False,True,
three,typical_jitter,M6.N[4.10],M6,0.11023257492999615,Normal|Mild,0.10831119163245773,3.525328852205554,0.02773887880446463,0.4070369354723261,1.1458617487504954,False,0.5645757713743381,0.9517035091045349,False,True,
three,typical_jitter,M6.A[4.15],M6,0.04484114441299634,Normal|Mild,0.04426649022034511,2.6283766271672238,0.011260685806058907,0.44041907488585874,1.5238176143684896,False,0.752494290702151,0.9670778861086521,False,True,
three,typical_jitter,M6.N[4.15],M6,0.044846973433598364,Normal|Mild,0.04427226204837981,2.628588014574821,0.011262178065906875,0.4404151929319543,1.523691095532204,False,0.7524318922635214,0.9670783781328298,False,True,
three,typical_jitter,M7.D,M7,0.3785046455065667,Mild|Severe,0.32557339818325226,2.157838795797016,0.28772249347362977,0.24230875670647886,2.8801758265495416,False,0.6403744162604003,1.0406291852538982,False,True,
three,typical_jitter,M7.D_pow,M7,0.05804746320320469,Mild|Severe,0.050900484533980175,0.9092982087949278,0.06579136056735418,0.37544993515299663,11.279430578481113,False,1.653421837145379,0.9539599713950812,False,True,
three,typical_jitter,M7.D0,M7,0.3764686614337312,Mild|Severe,0.3236731191120156,2.148493784172603,0.2885829637674163,0.24197276062297204,2.838435593035072,False,0.6367012384143614,1.0400977204123802,False,True,
three,typical_jitter,M7.D1,M7,0.35970085992461454,Mild|Severe,0.2894445712244061,1.721574565931141,0.09880612698205417,0.3314001892903703,6.499243591446376,False,0.956620929489067,1.0964095867845518,False,True,
three,typical_jitter,M7.D2,M7,0.0379197068904707,Mild|Severe,0.034239551399839675,0.8399983489451123,0.015767737180484256,0.4362966744830393,8.015254397074145,False,1.3274694640412448,0.9896864174274714,False,True,
three,typical_jitter,M7.D3,M7,0.011051655117495127,Mild|Severe,0.010869190115134932,1.1474597584413915,0.01714875614158849,0.4364808046395551,12.317645754063063,False,1.8193162639933649,1.0792637982098021,False,True,
three,typical_jitter,M7.D3[k3],M7,0.05344533365719262,Mild|Severe,0.052751350375343044,2.8504418178793114,0.058085684261337436,0.3828970612180127,4.316804695649707,False,1.11736076015155,0.7995357013214418,False,True,
three,typical_jitter,M8.s1^2,M8,0.05960864586776634,Normal|Mild,,,0.020754526709259348,0.4250301359028401,9.480262709458074,False,232.17352456064776,0.6316871539323101,False,True,matrix-level: no per-antenna port-noise estimate
three,typical_jitter,M8.s2^2,M8,0.2692331557194808,Normal|Mild,,,0.06750087881482161,0.356735360843891,0.7337970959018116,False,18.162463695252168,0.06961483509342047,False,True,matrix-level: no per-antenna port-noise estimate
three,typical_jitter,M8.s3^2,M8,0.4361964638348042,Mild|Severe,,,0.1451012505306301,0.29600595847570577,0.49714158315490314,False,12.15212113425517,0.4261089097959391,False,True,matrix-level: no per-antenna port-noise estimate
three,typical_jitter,M8.s4^2,M8,0.3650062854120592,Mild|Severe,,,0.15867457515308528,0.28746412681313493,0.5864505308174505,False,14.612942440141918,0.27443873319110557,False,True,matrix-level: no per-antenna port-noise estimate
three,typical_jitter,M8.s5^2,M8,0.4453600927390405,Mild|Severe,,,0.2961205474686476,0.2382967705292118,0.5009747078351544,False,12.514195744000677,0.44667800844411787,False,True,matrix-level: no per-antenna port-noise estimate
three,typical_jitter,M8.s6^2,M8,0.40884701582301475,Mild|Severe,,,0.28744550527228485,0.24214998310449323,0.5582966881918288,False,13.881215755224481,0.482652433488475,False,True,matrix-level: no per-antenna port-noise estimate
three,typical_jitter,M8.lam0^2,M8,0.44875471671793776,Mild|Severe,0.4098589505711608,3.0752863293864943,0.1392091141188062,0.30060663761094963,0.5863909629150484,False,14.42353297190268,0.2975628538535421,False,True,
three,typical_jitter,M8.lam1^2,M8,0.4326107882959345,Mild|Severe,0.39595394011244195,3.0570915500064415,0.11795578966981152,0.31481563025236425,0.6252518256681932,False,15.577488187776066,0.21525857185759978,False,True,
three,typical_jitter,M8.lam2^2,M8,0.46797540505617136,Mild|Severe,0.43012101095938515,3.2610968100961624,0.15444309853537433,0.28978346615792006,0.5617542185676225,False,13.97232768882821,0.24208712103445473,False,True,
three,typical_jitter,M8.lam3^2,M8,0.48008776388540386,Mild|Severe,0.4426408498696892,3.368938206624962,0.14251092509254001,0.2969198585632407,0.5710495572978643,False,13.87131682685739,0.21940874996119689,False,True,
three,typical_jitter,M8.lam0^2[k3],M8,0.13271664988407747,Mild|Severe,0.12084009630219252,1.6433800790520217,0.04792738260149525,0.38725912438673643,1.6440934513211907,False,4.330221149135565,0.6227628746709614,False,True,
three,typical_jitter,M8.lam1^2[k3],M8,0.10431891061463994,Mild|Severe,0.0958506819078226,1.5367309335703834,0.041639232173842106,0.39628305572141986,1.604700639685425,False,4.286293807036796,0.5973786049664944,False,True,
three,typical_jitter,M8.lam2^2[k3],M8,0.05848279505280781,Mild|Severe,0.05435046594024553,1.2403185599394682,0.03213824229063889,0.41124015000145436,1.7015087215127138,False,4.5471083829792605,0.48017496710118096,False,True,
three,typical_jitter,M8.lam3^2[k3],M8,0.0510096653629748,Mild|Severe,0.047921034473991424,1.2581178443183483,0.02867098876716299,0.41624790989252475,1.4921398990437735,False,3.986481642407203,0.4947417286732955,False,True,
