scheme,profile,metric,method_id,min_J_meas,weakest_pair,min_J_eff,min_gap_over_port,min_bhatt,max_bayes_err,shift_move_over_min_gap,shift_robust,band_move_over_min_gap,band_gap_retention,freq_robust,any_ad_pair,note
binary,ideal,M0.old_score,M0,20.330010674210516,Normal|AD,15.661016261110174,11.678366332539657,5.551686919839582,5.1479276307234443e-05,0.16549461696041215,True,3.109396936284462,0.8468986724824201,False,False,baseline only; not a physical quantity
binary,ideal,M1.Sii_dBavg,M1,0.2598451273808261,Normal|AD,0.2470742840153389,3.170854178444997,0.07331002943430646,0.35457470439528505,0.2586585452884683,False,6.886499855624783,1.139296590254621,False,False,dB averaging; shown for fragility
binary,ideal,M2.R,M2,0.8782360880993573,Normal|AD,0.8360135385867888,5.89732504732378,0.2838906966591982,0.23326308478264646,0.32154188205149575,False,7.960578055471419,0.5754885632694305,False,False,
binary,ideal,M2.R[k3],M2,0.6860580932140602,Normal|AD,0.6393019993934529,4.3314106938467205,0.26141776433779473,0.2471310721986035,0.6808665962975798,False,1.8143632821637043,0.8327185750360918,False,False,
binary,ideal,M3.A,M3,0.8782360880993579,Normal|AD,0.8360135385867868,5.897325047323586,0.28389069665919797,0.2332630847826464,0.32154188205149914,False,7.960578055471068,0.575488563269423,False,False,affine copy of M2.R (identical separability)
binary,ideal,M3.ML_of_powavg,M3,0.8803084942623361,Normal|AD,0.8375648896511065,5.873623489109264,0.2811709605978459,0.23402760440922957,0.3239934579007221,False,7.598910640763066,0.5534402464212625,False,False,
binary,ideal,M3.ML_dBavg,M3,3.1829452469177326,Normal|AD,2.9083888883125613,8.21183221141702,0.8442211555901987,0.09505694226417725,0.3820714153558043,False,5.397568107802027,0.7939561628655123,False,False,dB averaging; comparison only
binary,ideal,M4.N,M4,0.8886803374052901,Normal|AD,0.8457744629682643,5.919113786601036,0.2873239294624583,0.23185419170508206,0.3202317486854896,False,7.923052805098755,0.5777620050331924,False,False,
binary,ideal,M4.N[k3],M4,0.6761077319044063,Normal|AD,0.6303529519432517,4.316150791273566,0.2584864072174627,0.2485016146466574,0.6804157331544999,False,1.8148997140315979,0.833307407107252,False,False,
binary,ideal,M5.C,M5,0.8175151266069236,Normal|AD,0.6548846303135213,2.565927030250425,0.2434800196712067,0.24819661320643555,0.009334183383325567,True,1.851513583205237,1.1104450882512082,False,False,
binary,ideal,M5.C1,M5,0.7446593453963685,Normal|AD,0.5978955959390452,2.463185378758969,0.22741398005620644,0.2565770625033428,0.00791554081853729,True,1.8921788827986634,1.11070650242348,False,False,
binary,ideal,M5.C2,M5,4.896364443837777,Normal|AD,3.4287320845036833,4.783105960000594,3.3421560154557777,0.0010194840403325513,0.021431555490489185,True,0.5170218409626933,1.0372653124051705,False,False,
binary,ideal,M5.C3,M5,59.03952097713443,Normal|AD,12.493540758250699,5.629736771155206,14.902994436640295,2.9592847138841484e-09,0.009443306130108296,True,0.34231394320918285,1.1096387824945886,False,False,
binary,ideal,M5.C[k3],M5,0.833788446549456,Normal|AD,0.6163090695849581,2.1738680201569314,0.2612457451174772,0.2419259814181872,0.8387330178899968,False,2.2092701748141574,0.6946944803934375,False,False,
binary,ideal,M5.C1[k3],M5,0.6834506164892952,Normal|AD,0.5138602049918141,2.0351218333723007,0.22939696029665196,0.2586367195022432,0.9046817564644858,False,2.3789613389773643,0.6755122303084232,False,False,
binary,ideal,M5.C2[k3],M5,2.7104163428176435,Normal|AD,2.1584857744279082,4.604318658445807,1.3184554645645228,0.041942451934616806,0.09236289637878883,True,0.23618881987421073,0.8704195776274413,True,False,
binary,ideal,M5.C3[k3],M5,52.74271691411051,Normal|AD,15.643082829705333,6.66918256324194,13.747038821025551,1.0591809821244717e-10,0.03739588196758407,True,0.10781975092122938,0.9242922724517313,True,False,
binary,ideal,M5.C3_dBavg[k3],M5,27.86317151202203,Normal|AD,10.273513762168196,5.7050713577498655,7.693166003614681,6.968634802838293e-07,0.06879497887030964,True,0.20179686849471837,0.896950832458875,True,False,dB averaging; comparison only
binary,ideal,M6.fc_A,M6,0.3610080722365339,Normal|AD,0.2803693385304118,1.5844074038317943,0.09116285904234779,0.3350106851017735,3.579570235000565,False,13.68910412912859,0.8642087822542781,False,False,
binary,ideal,M6.spread_A,M6,47.22707578947132,Normal|AD,29.525703209021746,12.55183376961385,12.060280766977055,2.4787547868806585e-08,0.058848105682851884,True,5.090876117226684,0.6475431241069775,False,False,
binary,ideal,M6.fc_N,M6,0.3630888357722756,Normal|AD,0.28163030225784547,1.5845021855494124,0.09168869690165131,0.3345634536488889,3.576655583316446,False,13.688813011412275,0.8644827153005603,False,False,
binary,ideal,M6.spread_N,M6,47.484373427047984,Normal|AD,29.601997396423716,12.538288260802506,12.119757481079368,2.4187752085283755e-08,0.05888922200282708,True,5.098075214543685,0.6471453152044315,False,False,
binary,ideal,M6.A[3.20],M6,5.939794930916613,Normal|AD,5.336761734028774,10.253426439415891,1.5018065225022603,0.04069772012169301,0.7703172381404927,False,0.3784556348772975,0.9952049067036713,False,False,
binary,ideal,M6.N[3.20],M6,5.940373640676748,Normal|AD,5.337092564440047,10.252136863305518,1.5019521766374782,0.040690247896605775,0.7703005385857824,False,0.37844965392193636,0.9952104038612011,False,False,
binary,ideal,M6.A[3.25],M6,3.102061917816776,Normal|AD,2.7655409334993593,7.1404272566862845,0.7767548412313503,0.10625881909009048,1.07217046665008,False,0.5281721528457642,0.9790143758858201,False,False,
binary,ideal,M6.N[3.25],M6,3.1029256110892125,Normal|AD,2.766090804485554,7.138803287275581,0.7769686839744667,0.10622738321358559,1.072178594832904,False,0.5281812376189042,0.978996194200869,False,False,
binary,ideal,M6.A[3.30],M6,0.7391281489907201,Normal|AD,0.6446215558156538,3.175383816826698,0.18747853814858603,0.27061939322455736,2.3385550736946015,False,1.1637414106734856,0.8620768195068275,False,False,
binary,ideal,M6.N[3.30],M6,0.7396641746386886,Normal|AD,0.644952881690879,3.173915798380798,0.1876249111452356,0.27054204022166095,2.338863530001479,False,1.163910577778516,0.8620318185176306,False,False,
binary,ideal,M6.A[3.35],M6,0.8314109824321644,Normal|AD,0.6035967509455783,2.098968386798424,0.2201429783681083,0.25527073806445477,3.7455999378613876,False,1.852195914161993,0.7317352262329804,False,False,
binary,ideal,M6.N[3.35],M6,0.834434158949553,Normal|AD,0.6050749043552702,2.0982511565451745,0.2210621839785855,0.2548420586684741,3.74454877129275,False,1.8516406340671943,0.7318292389056227,False,False,
binary,ideal,M6.A[3.40],M6,0.975548189141852,Normal|AD,0.9289752156234108,6.238417579181958,0.31836468790402583,0.21984684541664595,0.7463219842633726,False,0.3483690510979971,0.9870028662403364,False,False,
binary,ideal,M6.N[3.40],M6,0.9723889048380134,Normal|AD,0.925960559791378,6.2278714252270175,0.3173972972331711,0.220221984612682,0.7460490421654002,False,0.34821445121857547,0.9870420885394984,False,False,
binary,ideal,M6.A[3.45],M6,0.15233752678513604,Normal|AD,0.14909560170102648,3.743254684137344,0.06154596366059393,0.3743993226245565,0.45535789535264193,False,0.22880938941430748,0.9179309176847389,False,False,
binary,ideal,M6.N[3.45],M6,0.15146686928333958,Normal|AD,0.14824320031014795,3.7323812039555415,0.06133772082212356,0.37464241210367477,0.4578036940782182,False,0.23016789164057044,0.9176563763008986,False,False,
binary,ideal,M6.A[3.50],M6,0.06221252970103008,Normal|AD,0.05968220183748404,1.7131206414918034,0.059906338188557784,0.380918000890618,1.3088091801210082,False,0.6354717930846638,0.9759363101790508,False,False,
binary,ideal,M6.N[3.50],M6,0.060541357869681504,Normal|AD,0.05809725860824218,1.6965219253964052,0.0594241755741321,0.381425370213092,1.327607892107654,False,0.6447491914108571,0.9746170362832164,False,False,
binary,ideal,M6.A[3.55],M6,0.9393280674659857,Normal|AD,0.6243485306160581,1.9297276714326188,0.2524884859219558,0.24077455902138542,1.846406213973706,False,0.9115797452017949,0.9375507235769837,False,False,
binary,ideal,M6.N[3.55],M6,0.9292129808974163,Normal|AD,0.615639865228494,1.91014611077551,0.2502712497360457,0.2418187254042314,1.8642127139005198,False,0.920276046250954,0.9373028778754007,False,False,
binary,ideal,M6.A[3.60],M6,0.3763021968537833,Normal|AD,0.3644852404370314,4.81804144062915,0.5339915363156066,0.16040541277578685,2.159299064560057,False,1.064817928100236,0.715383830744962,False,False,
binary,ideal,M6.N[3.60],M6,0.36018987345830544,Normal|AD,0.3490523548835145,4.751511805831005,0.5210905272247517,0.16391487711091335,2.1865120572728705,False,1.0781606068572105,0.7104775096943087,False,False,
binary,ideal,M6.A[3.65],M6,0.3379476262886813,Normal|AD,0.3048353046450364,2.494465569143636,0.10693353105375618,0.3296140632703071,1.780215427202915,False,0.8700371029730325,0.900521559028839,False,False,
binary,ideal,M6.N[3.65],M6,0.34465995933901505,Normal|AD,0.31045661996874857,2.501362425316975,0.10887108033106017,0.3280940770308402,1.771569803580208,False,0.8658527700096065,0.901239477951427,False,False,
binary,ideal,M6.A[3.70],M6,0.03806035964610997,Normal|AD,0.03155419581637855,0.6075996323656544,0.01630478718681327,0.43544231571550374,5.290089392558038,False,2.556193381001822,0.4532876250780651,False,False,
binary,ideal,M6.N[3.70],M6,0.03779275441346018,Normal|AD,0.03138758650904262,0.6086014356090218,0.01604691438624941,0.43589054052420406,5.263025468939454,False,2.5430286092626124,0.4543792920431323,False,False,
binary,ideal,M6.A[3.75],M6,0.10573076124541014,Normal|AD,0.10380148974133155,3.3730345971519613,0.11445926274887247,0.3359636949088729,1.07450304408034,False,0.47807203867549614,0.9566407635304576,False,False,
binary,ideal,M6.N[3.75],M6,0.10509096083310915,Normal|AD,0.10317751284445172,3.3665252465191395,0.11403704357770791,0.3362667276761112,1.072949554967436,False,0.4796747392302611,0.95672515443299,False,False,
binary,ideal,M6.A[3.80],M6,0.10870082874669222,Normal|AD,0.10083360266285367,1.669257176936743,0.030265092939001075,0.40522177251620173,2.286719107788342,False,1.130252318644738,0.7889899341804657,False,False,
binary,ideal,M6.N[3.80],M6,0.1088682561747282,Normal|AD,0.10097202851691212,1.6686157601842115,0.03028838956149701,0.405168942688553,2.2864346397646838,False,1.1301636047410732,0.7889529575399138,False,False,
binary,ideal,M6.A[3.85],M6,0.4571654886538451,Normal|AD,0.4340752113456701,4.145907757562052,0.158238284358146,0.29764756887798327,1.6628709031667173,False,0.8101756746675336,0.9440173105776141,False,False,
binary,ideal,M6.N[3.85],M6,0.4573677136455606,Normal|AD,0.43425931716917554,4.146077512902754,0.1582806764963845,0.2976172050545582,1.6620276464333346,False,0.8098005749038583,0.9440305445998245,False,False,
binary,ideal,M6.A[3.90],M6,1.2087354184638244,Normal|AD,1.1158790968553252,5.389934098097816,0.3326746422755737,0.2095693657653102,1.2369788130099115,False,0.5913171793269703,0.9563767722970704,False,False,
binary,ideal,M6.N[3.90],M6,1.2089319648349703,Normal|AD,1.116057838062736,5.390287224204661,0.3327243356337636,0.20955114234426286,1.2367892495128918,False,0.5912308417461806,0.9563768340395541,False,False,
binary,ideal,M6.A[3.95],M6,2.9413481622792896,Normal|AD,2.5845690472764202,6.528036476814862,0.7722396131573674,0.10571545933086429,0.8754633164190034,False,0.4249228201767181,0.968112021287782,False,False,
binary,ideal,M6.N[3.95],M6,2.941521326957176,Normal|AD,2.5847402889911733,6.52842730337798,0.7722868209441638,0.10570819209535941,0.8754075038838579,False,0.42489603678894344,0.9681115100430948,False,False,
binary,ideal,M6.A[4.00],M6,5.037853912358461,Normal|AD,4.220105230388352,7.210900392403897,1.3273034326751296,0.04840794568246102,0.7031830435110771,False,0.3435084740994191,0.969493358126276,False,False,
binary,ideal,M6.N[4.00],M6,5.038104773122034,Normal|AD,4.220357576901455,7.211302069769958,1.3273689711401855,0.0484035961504391,0.7031445886276658,False,0.3434897173538449,0.9694931995798304,False,False,
binary,ideal,M6.A[4.05],M6,4.664929679421142,Normal|AD,3.8937950196814293,6.8637108482001965,1.2549153639082404,0.05252796657378802,0.647029840002285,False,0.3177576795752837,0.9668245259888731,False,False,
binary,ideal,M6.N[4.05],M6,4.665259884061694,Normal|AD,3.8940903740019053,6.864058981436952,1.25499786312899,0.052522026844080485,0.646995772520122,False,0.3177409765412714,0.9668245738798146,False,False,
binary,ideal,M6.A[4.10],M6,3.3339042904985314,Normal|AD,2.8133885241353784,6.0032920732899155,0.9008317593449467,0.08713297387362162,0.6708535664798694,False,0.3305351917527001,0.9620348292122003,False,False,
binary,ideal,M6.N[4.10],M6,3.334169995548973,Normal|AD,2.813617883182494,6.003566403079403,0.9008963220921632,0.08712499054239886,0.6708188639417603,False,0.3305181257471596,0.9620349492888727,False,False,
binary,ideal,M6.A[4.15],M6,1.9244661131523157,Normal|AD,1.6448302669269133,4.758107559147214,0.5235403983377298,0.15334458006696172,0.7806902817269863,False,0.38552184609683227,0.9761280264497427,False,False,
binary,ideal,M6.N[4.15],M6,1.924621469930998,Normal|AD,1.6449657975880974,4.75832696354334,0.5235766824623204,0.1533357733177344,0.7806503660338068,False,0.3855021754956584,0.9761281137561372,False,False,
binary,ideal,M7.D,M7,1.9376377777953362,Normal|AD,1.5843722857167084,4.168975133592044,2.066510858378396,0.010884406272208736,1.9566190794003742,False,0.43503205230218056,1.0732070246752756,False,False,
binary,ideal,M7.D_pow,M7,2.138057585320908,Normal|AD,1.6341106352932362,3.7236856795623914,1.9361104147135209,0.013808020203621041,2.6148480962881764,False,0.383303652887333,0.9832861823821415,False,False,
binary,ideal,M7.D0,M7,1.924161635317188,Normal|AD,1.5729082477128447,4.151233932074381,2.0628763919359505,0.010956730836161934,1.926145849409762,False,0.43206174932950975,1.0729056210753931,False,False,
binary,ideal,M7.D1,M7,2.8186706012421863,Normal|AD,1.5976726985512706,2.715961496182158,2.465534278058471,0.005230646748988752,5.137382397853133,False,0.7561691534447214,1.1031470832611483,False,False,
binary,ideal,M7.D2,M7,3.039586722139885,Normal|AD,2.613645369049803,6.107601515902517,1.7420814962432367,0.019683261621324284,1.4152344477883438,False,0.23438813303094727,1.0896632404510163,False,False,
binary,ideal,M7.D3,M7,0.607223484593449,Normal|AD,0.5926254005434427,7.021525521010293,2.407881755804963,0.005815792149859597,2.824622431398796,False,0.41719672993430706,1.1051534463706023,False,False,
binary,ideal,M7.D3[k3],M7,0.4830265532493001,Normal|AD,0.4738010730559102,7.0437515715725,2.446341765084129,0.005430164817101266,2.3348769852533797,False,0.6043590356849394,0.8829295572464334,False,False,
binary,ideal,M8.s1^2,M8,0.3879606968201247,Normal|AD,,,0.18264002113577543,0.28945356881316964,0.38658778368788715,False,9.467611926129504,0.4812807923190753,False,False,matrix-level: no per-antenna port-noise estimate
binary,ideal,M8.s2^2,M8,0.5404724983279086,Normal|AD,,,0.20463116712946594,0.27406105351939714,0.34043050563724214,False,8.42611225081776,0.5479289985210597,False,False,matrix-level: no per-antenna port-noise estimate
binary,ideal,M8.s3^2,M8,1.0236040102469097,Normal|AD,,,0.30998373031158405,0.22083055566980278,0.3048911132273407,False,7.452753634455273,0.6295062008196752,False,False,matrix-level: no per-antenna port-noise estimate
binary,ideal,M8.s4^2,M8,0.8371086736190138,Normal|AD,,,0.29941616794348924,0.22968559058169735,0.3365417791481166,False,8.385814981767334,0.5630977414792713,False,False,matrix-level: no per-antenna port-noise estimate
binary,ideal,M8.s5^2,M8,1.5587920168493379,Normal|AD,,,0.43296506286047554,0.17748920613861788,0.283965610203314,False,7.093374525841688,0.6246361996197416,False,False,matrix-level: no per-antenna port-noise estimate
binary,ideal,M8.s6^2,M8,1.937616288223661,Normal|AD,,,0.5356744864859581,0.15059773152823067,0.2917772301114223,False,7.254606321875211,0.5899370591975355,False,False,matrix-level: no per-antenna port-noise estimate
binary,ideal,M8.lam0^2,M8,0.8913715636846926,Normal|AD,0.8441880320179647,5.647662798074046,0.27622971925296363,0.23514710253763882,0.32184941791089255,False,7.916570999232756,0.6126552242079324,False,False,
binary,ideal,M8.lam1^2,M8,0.8175386015723013,Normal|AD,0.7758830411854699,5.5186235609743735,0.26253054133210096,0.2421414350293374,0.332300268888922,False,8.278909874241602,0.5793075927670636,False,False,
binary,ideal,M8.lam2^2,M8,0.9481615684177476,Normal|AD,0.9033071998814339,6.179758938151587,0.3104232420668185,0.2229965627069736,0.3110724611174289,False,7.737202887030531,0.5710455216761923,False,False,
binary,ideal,M8.lam3^2,M8,0.912063099016571,Normal|AD,0.8700249293391707,6.144285528517466,0.3047978851384901,0.22577791505062145,0.31444723120368434,False,7.63821127888421,0.5544009500014021,False,False,
binary,ideal,M8.lam0^2[k3],M8,0.7989783891410493,Normal|AD,0.7332352966905542,4.221619928184527,0.2905101368596553,0.2336931027779497,0.8164553757883164,False,2.1503840506894094,0.8420022824183525,False,False,
binary,ideal,M8.lam1^2[k3],M8,0.767385973250439,Normal|AD,0.7109822752963922,4.39842837286429,0.279845602204618,0.23819770846726243,0.7198466422873412,False,1.9227724651853562,0.841079237145904,False,False,
binary,ideal,M8.lam2^2[k3],M8,0.6043730885633798,Normal|AD,0.5655040726494616,4.193567642621458,0.24335232309794003,0.25640437412348804,0.649823312763247,False,1.7365864750279714,0.8201519343264992,False,False,
binary,ideal,M8.lam3^2[k3],M8,0.5746930081103374,Normal|AD,0.5427078407193623,4.416128364343703,0.23041066786391234,0.2624239330511237,0.5433540596269949,False,1.45165408780943,0.8351244566385124,False,False,
binary,good,M0.old_score,M0,19.95905679141528,Normal|AD,15.439280682338943,11.67723647071316,5.394117524614795,8.152612704080803e-05,0.16549461696041215,True,3.109396936284462,0.8468986724824201,False,False,baseline only; not a physical quantity
binary,good,M1.Sii_dBavg,M1,0.26023124838786765,Normal|AD,0.24743155183975307,3.17192144432773,0.07327955184440042,0.3545458952763402,0.2586585452884683,False,6.886499855624783,1.139296590254621,False,False,dB averaging; shown for fragility
binary,good,M2.R,M2,0.8762164989622622,Normal|AD,0.8341622419488441,5.895776242355582,0.28375977757176696,0.23337259210221634,0.32154188205149575,False,7.960578055471419,0.5754885632694305,False,False,
binary,good,M2.R[k3],M2,0.6858804736684251,Normal|AD,0.6391722498412128,4.332628944996844,0.26123210594619517,0.24720346166839147,0.6808665962975798,False,1.8143632821637043,0.8327185750360918,False,False,
binary,good,M3.A,M3,0.876216498962276,Normal|AD,0.8341622419488548,5.8957762423554385,0.28375977757176973,0.233372592102215,0.32154188205149914,False,7.960578055471068,0.575488563269423,False,False,affine copy of M2.R (identical separability)
binary,good,M3.ML_of_powavg,M3,0.8782890192237401,Normal|AD,0.8357288105297856,5.873061342721399,0.2810314708741692,0.2341408836772496,0.3239934579007221,False,7.598910640763066,0.5534402464212625,False,False,
binary,good,M3.ML_dBavg,M3,3.115870578227008,Normal|AD,2.857281143316319,8.298045312231116,0.8243689339219775,0.09788035201078504,0.3820714153558043,False,5.397568107802027,0.7939561628655123,False,False,dB averaging; comparison only
binary,good,M4.N,M4,0.88663106222891,Normal|AD,0.8438968658703307,5.917569746333518,0.28718276575300783,0.2319664927256178,0.3202317486854896,False,7.923052805098755,0.5777620050331924,False,False,
binary,good,M4.N[k3],M4,0.6759294866708271,Normal|AD,0.6302217898726434,4.317354721768311,0.25830064911663614,0.24857464677225585,0.6804157331544999,False,1.8148997140315979,0.833307407107252,False,False,
binary,good,M5.C,M5,0.8178087235594368,Normal|AD,0.6551211681739076,2.5664010061404587,0.24357945592499847,0.24815278354955295,0.009334183383325567,True,1.851513583205237,1.1104450882512082,False,False,
binary,good,M5.C1,M5,0.7449059738124606,Normal|AD,0.5980928780192585,2.4635855244031517,0.2274971930371761,0.2565382991399641,0.00791554081853729,True,1.8921788827986634,1.11070650242348,False,False,
binary,good,M5.C2,M5,4.890191393895246,Normal|AD,3.425832945657537,4.783406822061238,2.9234366875112814,0.002236159739333077,0.021431555490489185,True,0.5170218409626933,1.0372653124051705,False,False,
binary,good,M5.C3,M5,58.81746294473614,Normal|AD,12.490713494586581,5.631782198219702,14.846687065016841,3.197294175104229e-09,0.009443306130108296,True,0.34231394320918285,1.1096387824945886,False,False,
binary,good,M5.C[k3],M5,0.8345830177764407,Normal|AD,0.6170088068967166,2.1756635832925797,0.26118774939720135,0.24191363670256638,0.8387330178899968,False,2.2092701748141574,0.6946944803934375,False,False,
binary,good,M5.C1[k3],M5,0.6841330379039552,Normal|AD,0.5144596944045653,2.036827024038587,0.2293090691966116,0.25863815866106565,0.9046817564644858,False,2.3789613389773643,0.6755122303084232,False,False,
binary,good,M5.C2[k3],M5,2.7076713232857097,Normal|AD,2.1567525115672357,4.604360565692819,1.318022131010905,0.041973798117350206,0.09236289637878883,True,0.23618881987421073,0.8704195776274413,True,False,
binary,good,M5.C3[k3],M5,52.51721697707461,Normal|AD,15.632341531033088,6.67196418630725,13.67640388459523,1.3422983328843003e-10,0.03739588196758407,True,0.10781975092122938,0.9242922724517313,True,False,
binary,good,M5.C3_dBavg[k3],M5,27.78047661645556,Normal|AD,10.264565684484941,5.7060919935883305,7.663402584676794,7.543512432231658e-07,0.06879497887030964,True,0.20179686849471837,0.896950832458875,True,False,dB averaging; comparison only
binary,good,M6.fc_A,M6,0.35736379859105644,Normal|AD,0.27809876284225965,1.5835397673213163,0.09024921563284169,0.3357939500753254,3.579570235000565,False,13.68910412912859,0.8642087822542781,False,False,
binary,good,M6.spread_A,M6,33.86979434682717,Normal|AD,23.68563871969365,12.551664271612777,8.56665936026164,7.60973125466897e-06,0.058848105682851884,True,5.090876117226684,0.6475431241069775,False,False,
binary,good,M6.fc_N,M6,0.359403083510378,Normal|AD,0.27933957495571393,1.5836340181535031,0.09076464509025083,0.33535296568269957,3.576655583316446,False,13.688813011412275,0.8644827153005603,False,False,
binary,good,M6.spread_N,M6,33.97282412661769,Normal|AD,23.720532647512826,12.538124248724339,8.590500567067512,7.5207890876129986e-06,0.05888922200282708,True,5.098075214543685,0.6471453152044315,False,False,
binary,good,M6.A[3.20],M6,5.71276404483397,Normal|AD,5.15275715188269,10.253243992661943,1.4443342885812651,0.04378108650849968,0.7703172381404927,False,0.3784556348772975,0.9952049067036713,False,False,
binary,good,M6.N[3.20],M6,5.71321519794999,Normal|AD,5.1529971969487915,10.251955504316527,1.444447451931014,0.04377482924746713,0.7703005385857824,False,0.37844965392193636,0.9952104038612011,False,False,
binary,good,M6.A[3.25],M6,3.0457890102684058,Normal|AD,2.720447530045721,7.136994520974295,0.7623131585290465,0.1084262686905521,1.07217046665008,False,0.5281721528457642,0.9790143758858201,False,False,
binary,good,M6.N[3.25],M6,3.0465955662087696,Normal|AD,2.7209587942862643,7.1353727048267075,0.7625128904091756,0.10839620820624637,1.072178594832904,False,0.5281812376189042,0.978996194200869,False,False,
binary,good,M6.A[3.30],M6,0.7359242346140228,Normal|AD,0.6423641890668442,3.1789009694176387,0.1867116953802229,0.2710425923434553,2.3385550736946015,False,1.1637414106734856,0.8620768195068275,False,False,
binary,good,M6.N[3.30],M6,0.736451965564363,Normal|AD,0.642690795823104,3.177435492358975,0.18685603950985344,0.2709661292081626,2.338863530001479,False,1.163910577778516,0.8620318185176306,False,False,
binary,good,M6.A[3.35],M6,0.8239496072145258,Normal|AD,0.5986026858236688,2.0922271779931108,0.21848905026744364,0.25612393434619624,3.7455999378613876,False,1.852195914161993,0.7317352262329804,False,False,
binary,good,M6.N[3.35],M6,0.8269277618669774,Normal|AD,0.6000594316377537,2.0915053503372047,0.219398072831397,0.25569803798100593,3.74454877129275,False,1.8516406340671943,0.7318292389056227,False,False,
binary,good,M6.A[3.40],M6,0.9766226863832952,Normal|AD,0.9300032291146239,6.242190576066599,0.3187085813671724,0.21971505231193514,0.7463219842633726,False,0.3483690510979971,0.9870028662403364,False,False,
binary,good,M6.N[3.40],M6,0.9734568202262681,Normal|AD,0.9269822781149378,6.231627710857551,0.31773886959328185,0.22009085492293046,0.7460490421654002,False,0.34821445121857547,0.9870420885394984,False,False,
binary,good,M6.A[3.45],M6,0.15245032776451414,Normal|AD,0.14920837455682903,3.7460399753378155,0.06159313164977925,0.37435232543750574,0.45535789535264193,False,0.22880938941430748,0.9179309176847389,False,False,
binary,good,M6.N[3.45],M6,0.15157921882988606,Normal|AD,0.14835552223781553,3.735163425953523,0.06138495979900403,0.374595287535246,0.4578036940782182,False,0.23016789164057044,0.9176563763008986,False,False,
binary,good,M6.A[3.50],M6,0.06224686417088987,Normal|AD,0.05971700817143595,1.7142527568886003,0.05994487760640362,0.38088000954897916,1.3088091801210082,False,0.6354717930846638,0.9759363101790508,False,False,
binary,good,M6.N[3.50],M6,0.06057556857645911,Normal|AD,0.058131895394959755,1.6976549645507888,0.05946194859517907,0.38138795195248204,1.327607892107654,False,0.6447491914108571,0.9746170362832164,False,False,
binary,good,M6.A[3.55],M6,0.9437997547298941,Normal|AD,0.6270406496561582,1.9330283447277163,0.2535515585987064,0.24028919572664176,1.846406213973706,False,0.9115797452017949,0.9375507235769837,False,False,
binary,good,M6.N[3.55],M6,0.9336701834147503,Normal|AD,0.6183113594640826,1.9134312466087102,0.2513309275143586,0.24133120650126208,1.8642127139005198,False,0.920276046250954,0.9373028778754007,False,False,
binary,good,M6.A[3.60],M6,0.3760748786388113,Normal|AD,0.3642686328593827,4.817338209076297,0.5338840134661282,0.16043454749922229,2.159299064560057,False,1.064817928100236,0.715383830744962,False,False,
binary,good,M6.N[3.60],M6,0.35996713585547785,Normal|AD,0.3488399395798127,4.75079894124867,0.5209894225245638,0.16394263683007818,2.1865120572728705,False,1.0781606068572105,0.7104775096943087,False,False,
binary,good,M6.A[3.65],M6,0.33726803239878517,Normal|AD,0.3042294063559598,2.4922533772420086,0.1067355748746,0.3297697284295841,1.780215427202915,False,0.8700371029730325,0.900521559028839,False,False,
binary,good,M6.N[3.65],M6,0.34396331574404054,Normal|AD,0.30983654659996224,2.4991354537948087,0.10866865788636429,0.3282517141889343,1.771569803580208,False,0.8658527700096065,0.901239477951427,False,False,
binary,good,M6.A[3.70],M6,0.03823220253112936,Normal|AD,0.03170697790269041,0.6095500181488481,0.016425202983662006,0.4352251649989673,5.290089392558038,False,2.556193381001822,0.4532876250780651,False,False,
binary,good,M6.N[3.70],M6,0.03796222832045904,Normal|AD,0.031538476832050036,0.6105438178869215,0.016165084301201477,0.4356761208314416,5.263025468939454,False,2.5430286092626124,0.4543792920431323,False,False,
binary,good,M6.A[3.75],M6,0.1054121150922106,Normal|AD,0.10349008243330651,3.369219042392461,0.11411575689581809,0.33620746142556396,1.07450304408034,False,0.47807203867549614,0.9566407635304576,False,False,
binary,good,M6.N[3.75],M6,0.10477373138846967,Normal|AD,0.10286747244675334,3.3627090361055867,0.11369419159502153,0.33651045339572777,1.072949554967436,False,0.4796747392302611,0.95672515443299,False,False,
binary,good,M6.A[3.80],M6,0.1084710515878949,Normal|AD,0.10061879750219486,1.6673021583271939,0.030242253268952468,0.4052868920454522,2.286719107788342,False,1.130252318644738,0.7889899341804657,False,False,
binary,good,M6.N[3.80],M6,0.10863806657105475,Normal|AD,0.10075686695969177,1.6666606256150034,0.030265388166663885,0.4052342320605181,2.2864346397646838,False,1.1301636047410732,0.7889529575399138,False,False,
binary,good,M6.A[3.85],M6,0.45577616193266474,Normal|AD,0.43276966412288825,4.140892442924132,0.15831614790989684,0.2976971359143184,1.6628709031667173,False,0.8101756746675336,0.9440173105776141,False,False,
binary,good,M6.N[3.85],M6,0.45597767611500206,Normal|AD,0.43295313366270993,4.141061950886511,0.1583584079514458,0.2976668959971784,1.6620276464333346,False,0.8098005749038583,0.9440305445998245,False,False,
binary,good,M6.A[3.90],M6,1.193611944682671,Normal|AD,1.1031696801500237,5.396125237101753,0.3272664652584221,0.21142404011530033,1.2369788130099115,False,0.5913171793269703,0.9563767722970704,False,False,
binary,good,M6.N[3.90],M6,1.1938045437333793,Normal|AD,1.1033451470988076,5.396478645486962,0.3273149763909839,0.21140604605427232,1.2367892495128918,False,0.5912308417461806,0.9563768340395541,False,False,
binary,good,M6.A[3.95],M6,2.673770673611923,Normal|AD,2.3787742358789896,6.566671677447948,0.6980357408265981,0.11787266496047284,0.8754633164190034,False,0.4249228201767181,0.968112021287782,False,False,
binary,good,M6.N[3.95],M6,2.673931705442252,Normal|AD,2.3789330410566807,6.56706382997535,0.6980791807380707,0.11786513855877677,0.8754075038838579,False,0.42489603678894344,0.9681115100430948,False,False,
binary,good,M6.A[4.00],M6,3.495588918236433,Normal|AD,3.076876222179574,7.167572966134422,0.9072553643613999,0.0875161163297346,0.7031830435110771,False,0.3435084740994191,0.969493358126276,False,False,
binary,good,M6.N[4.00],M6,3.495784408090385,Normal|AD,3.0770689004561174,7.1679737443154705,0.9073058267985327,0.08750993949672259,0.7031445886276658,False,0.3434897173538449,0.9694931995798304,False,False,
binary,good,M6.A[4.05],M6,2.808329137773997,Normal|AD,2.520689856628886,7.0157581647911,0.7255676653776205,0.11342361174279446,0.647029840002285,False,0.3177576795752837,0.9668245259888731,False,False,
binary,good,M6.N[4.05],M6,2.8085167849226536,Normal|AD,2.5208667355681977,7.01610737731343,0.725614562953454,0.11341597732142408,0.646995772520122,False,0.3177409765412714,0.9668245738798146,False,False,
binary,good,M6.A[4.10],M6,1.4840670977089354,Normal|AD,1.3675704132054725,5.902823963016617,0.3912615021017339,0.18901428156309005,0.6708535664798694,False,0.3305351917527001,0.9620348292122003,False,False,
binary,good,M6.N[4.10],M6,1.4841798911096031,Normal|AD,1.3676761590489617,5.9030979399495545,0.39128906747610875,0.18900561855599263,0.6708188639417603,False,0.3305181257471596,0.9620349492888727,False,False,
binary,good,M6.A[4.15],M6,0.7283240256555671,Normal|AD,0.6819483768978944,4.628156830169493,0.1886340949670593,0.2706728069383845,0.7806902817269863,False,0.38552184609683227,0.9761280264497427,False,False,
binary,good,M6.N[4.15],M6,0.7283795013989302,Normal|AD,0.6820010929962216,4.628374267864884,0.18864751052739243,0.2706654046405322,0.7806503660338068,False,0.3855021754956584,0.9761281137561372,False,False,
binary,good,M7.D,M7,1.934521412263128,Normal|AD,1.581763597943423,4.165184419351556,2.0286379908547616,0.011664373448335178,1.9566190794003742,False,0.43503205230218056,1.0732070246752756,False,False,
binary,good,M7.D_pow,M7,2.115039982884972,Normal|AD,1.6149971784470325,3.6962095223615075,1.7992360195852424,0.0177009118657161,2.6148480962881764,False,0.383303652887333,0.9832861823821415,False,False,
binary,good,M7.D0,M7,1.921066012534895,Normal|AD,1.5703143467065115,4.147434826803001,2.0244975248879764,0.011752625621087235,1.926145849409762,False,0.43206174932950975,1.0729056210753931,False,False,
binary,good,M7.D1,M7,2.815355706810081,Normal|AD,1.5961610898658756,2.7150852867357926,2.428536421525441,0.005598713218226134,5.137382397853133,False,0.7561691534447214,1.1031470832611483,False,False,
binary,good,M7.D2,M7,3.0398973690851347,Normal|AD,2.6141015646169796,6.109490561137028,1.7409512473645705,0.01972335896444053,1.4152344477883438,False,0.23438813303094727,1.0896632404510163,False,False,
binary,good,M7.D3,M7,0.6059350920831968,Normal|AD,0.5913617043047029,7.0125244451959095,2.2866363721854035,0.007271415897260786,2.824622431398796,False,0.41719672993430706,1.1051534463706023,False,False,
binary,good,M7.D3[k3],M7,0.48186041914967526,Normal|AD,0.47265771067206014,7.035438419750469,2.2741528922873253,0.0074412597460774815,2.3348769852533797,False,0.6043590356849394,0.8829295572464334,False,False,
binary,good,M8.s1^2,M8,0.4199188770254417,Normal|AD,,,0.18849133314649563,0.2856302607604047,0.38658778368788715,False,9.467611926129504,0.4812807923190753,False,False,matrix-level: no per-antenna port-noise estimate
binary,good,M8.s2^2,M8,0.5769123845955884,Normal|AD,,,0.2149312801763949,0.26846258520461186,0.34043050563724214,False,8.42611225081776,0.5479289985210597,False,False,matrix-level: no per-antenna port-noise estimate
binary,good,M8.s3^2,M8,1.000881460718706,Normal|AD,,,0.30707639251339625,0.2223589148378385,0.3048911132273407,False,7.452753634455273,0.6295062008196752,False,False,matrix-level: no per-antenna port-noise estimate
binary,good,M8.s4^2,M8,0.8514547569357098,Normal|AD,,,0.2947519713099097,0.23074573962367462,0.3365417791481166,False,8.385814981767334,0.5630977414792713,False,False,matrix-level: no per-antenna port-noise estimate
binary,good,M8.s5^2,M8,1.4385163250123258,Normal|AD,,,0.4086058205561073,0.1851944142593477,0.283965610203314,False,7.093374525841688,0.6246361996197416,False,False,matrix-level: no per-antenna port-noise estimate
binary,good,M8.s6^2,M8,1.7750992733858375,Normal|AD,,,0.4920983622075362,0.16135737028926883,0.2917772301114223,False,7.254606321875211,0.5899370591975355,False,False,matrix-level: no per-antenna port-noise estimate
binary,good,M8.lam0^2,M8,0.8893631256662282,Normal|AD,0.842365310442753,5.6463261332727654,0.2761100439009127,0.23525560443482804,0.32184941791089255,False,7.916570999232756,0.6126552242079324,False,False,
binary,good,M8.lam1^2,M8,0.8157889638278933,Normal|AD,0.7742916547397392,5.517549425083729,0.2624754028014806,0.24222544676123847,0.332300268888922,False,8.278909874241602,0.5793075927670636,False,False,
binary,good,M8.lam2^2,M8,0.9457943580080024,Normal|AD,0.9011341370511246,6.177996311145044,0.3101831549970503,0.22313918531848118,0.3110724611174289,False,7.737202887030531,0.5710455216761923,False,False,
binary,good,M8.lam3^2,M8,0.9099609328171053,Normal|AD,0.8680832232797598,6.142081754117474,0.30462423309605563,0.22589461007649564,0.31444723120368434,False,7.63821127888421,0.5544009500014021,False,False,
binary,good,M8.lam0^2[k3],M8,0.7984594182043764,Normal|AD,0.7328155224940944,4.222226997776131,0.29019495152825436,0.23381235423197907,0.8164553757883164,False,2.1503840506894094,0.8420022824183525,False,False,
binary,good,M8.lam1^2[k3],M8,0.7670649657826293,Normal|AD,0.7107296716303302,4.399395557205658,0.27960436528070093,0.23828891474464847,0.7198466422873412,False,1.9227724651853562,0.841079237145904,False,False,
binary,good,M8.lam2^2[k3],M8,0.6043117727778762,Normal|AD,0.5654763213638492,4.195063688004721,0.243215672480676,0.25645913511137325,0.649823312763247,False,1.7365864750279714,0.8201519343264992,False,False,
binary,good,M8.lam3^2[k3],M8,0.5747231954171402,Normal|AD,0.5427570346499637,4.417757281176428,0.23030275788673293,0.2624658178025017,0.5433540596269949,False,1.45165408780943,0.8351244566385124,False,False,
binary,typical,M0.old_score,M0,17.321277899107695,Normal|AD,13.819797611018108,11.693108005302753,4.566120986378009,0.0004796531523002935,0.16549461696041215,True,3.109396936284462,0.8468986724824201,False,False,baseline only; not a physical quantity
binary,typical,M1.Sii_dBavg,M1,0.26008523308861103,Normal|AD,0.24733999779579727,3.1772112585180396,0.07333252687241852,0.35453443792672545,0.2586585452884683,False,6.886499855624783,1.139296590254621,False,False,dB averaging; shown for fragility
binary,typical,M2.R,M2,0.8561250361176042,Normal|AD,0.8162135477291951,5.917476394725475,0.2735488204332171,0.23724259904306105,0.32154188205149575,False,7.960578055471419,0.5754885632694305,False,False,
binary,typical,M2.R[k3],M2,0.6886732086127801,Normal|AD,0.6419192595465009,4.348631877976803,0.261889491948068,0.2468800538437657,0.6808665962975798,False,1.8143632821637043,0.8327185750360918,False,False,
binary,typical,M3.A,M3,0.8561250361175893,Normal|AD,0.8162135477291785,5.917476394725229,0.27354882043321316,0.2372425990430628,0.32154188205149914,False,7.960578055471068,0.575488563269423,False,False,affine copy of M2.R (identical separability)
binary,typical,M3.ML_of_powavg,M3,0.8579599701542923,Normal|AD,0.8176709032312555,5.901252231668998,0.27086684152059515,0.23800952297354644,0.3239934579007221,False,7.598910640763066,0.5534402464212625,False,False,
binary,typical,M3.ML_dBavg,M3,0.6458229563028984,Normal|AD,0.6406248407534149,12.61684186346837,0.16150576388889398,0.2849118409547653,0.3820714153558043,False,5.397568107802027,0.7939561628655123,False,False,dB averaging; comparison only
binary,typical,M4.N,M4,0.8661989179911054,Normal|AD,0.825650541164289,5.939299341061159,0.27681054462022014,0.23586890443187422,0.3202317486854896,False,7.923052805098755,0.5777620050331924,False,False,
binary,typical,M4.N[k3],M4,0.6787098822289794,Normal|AD,0.6329553899515895,4.333379906115529,0.2589568466696555,0.24824940806826856,0.6804157331544999,False,1.8148997140315979,0.833307407107252,False,False,
binary,typical,M5.C,M5,0.8155595975216006,Normal|AD,0.6540696426288249,2.570289777640191,0.2424413497890936,0.2486090018671074,0.009334183383325567,True,1.851513583205237,1.1104450882512082,False,False,
binary,typical,M5.C1,M5,0.7429935663793411,Normal|AD,0.5972365194772747,2.4675497752672326,0.2264120157701101,0.25698507274230314,0.00791554081853729,True,1.8921788827986634,1.11070650242348,False,False,
binary,typical,M5.C2,M5,4.8926516069126595,Normal|AD,3.4337629014450988,4.799115639649758,2.3918546438226125,0.006030923450288741,0.021431555490489185,True,0.5170218409626933,1.0372653124051705,False,False,
binary,typical,M5.C3,M5,58.049880106387995,Normal|AD,12.482681244266358,5.639536808650016,14.647089007632507,4.5013546355932565e-09,0.009443306130108296,True,0.34231394320918285,1.1096387824945886,False,False,
binary,typical,M5.C[k3],M5,0.8303862726376418,Normal|AD,0.6145280207664143,2.174410796285383,0.2601905865183947,0.24238966640560047,0.8387330178899968,False,2.2092701748141574,0.6946944803934375,False,False,
binary,typical,M5.C1[k3],M5,0.6807173605032618,Normal|AD,0.5123608555431557,2.0355015226466358,0.22848597488541622,0.2590745098331222,0.9046817564644858,False,2.3789613389773643,0.6755122303084232,False,False,
binary,typical,M5.C2[k3],M5,2.710502444278429,Normal|AD,2.161723160349405,4.621054418567541,1.2913919539788785,0.043988406420052036,0.09236289637878883,True,0.23618881987421073,0.8704195776274413,True,False,
binary,typical,M5.C3[k3],M5,51.749825698776824,Normal|AD,15.599416290137523,6.682931466001527,13.39133308596332,4.979876561062045e-10,0.03739588196758407,True,0.10781975092122938,0.9242922724517313,True,False,
binary,typical,M5.C3_dBavg[k3],M5,27.673392997028955,Normal|AD,10.251501952101346,5.70679544386497,7.574613618205707,1.081141396660835e-06,0.06879497887030964,True,0.20179686849471837,0.896950832458875,True,False,dB averaging; comparison only
binary,typical,M6.fc_A,M6,0.33532169605137324,Normal|AD,0.2652486913645865,1.593298252409782,0.08453405629636657,0.3407326318563224,3.579570235000565,False,13.68910412912859,0.8642087822542781,False,False,
binary,typical,M6.spread_A,M6,11.449769305544853,Normal|AD,10.014728275568565,12.641563543451717,2.869287404748688,0.008146749421398498,0.058848105682851884,True,5.090876117226684,0.6475431241069775,False,False,
binary,typical,M6.fc_N,M6,0.33711082470409776,Normal|AD,0.26637519080370786,1.5934157618724012,0.08498548301917337,0.3403312223182424,3.576655583316446,False,13.688813011412275,0.8644827153005603,False,False,
binary,typical,M6.spread_N,M6,11.437704456164703,Normal|AD,10.002822252648002,12.628087552118162,2.866069352787312,0.00818127022764039,0.05888922200282708,True,5.098075214543685,0.6471453152044315,False,False,
binary,typical,M6.A[3.20],M6,4.6737134514842635,Normal|AD,4.296179768202512,10.313579225637241,1.1768282395390102,0.06204664354787162,0.7703172381404927,False,0.3784556348772975,0.9952049067036713,False,False,
binary,typical,M6.N[3.20],M6,4.673622893576241,Normal|AD,4.29601640267228,10.312288898359885,1.1768032209773984,0.06204878546572415,0.7703005385857824,False,0.37844965392193636,0.9952104038612011,False,False,
binary,typical,M6.A[3.25],M6,2.8188070101137153,Normal|AD,2.538765485544452,7.149040301580621,0.7058645882061918,0.11734533812435231,1.07217046665008,False,0.5281721528457642,0.9790143758858201,False,False,
binary,typical,M6.N[3.25],M6,2.819339235699075,Normal|AD,2.5390817524214118,7.147405118114475,0.7059956160863622,0.1173236933019811,1.072178594832904,False,0.5281812376189042,0.978996194200869,False,False,
binary,typical,M6.A[3.30],M6,0.7046888214193251,Normal|AD,0.6191845444103306,3.194698097037819,0.17942453799161254,0.2751640602824162,2.3385550736946015,False,1.1637414106734856,0.8620768195068275,False,False,
binary,typical,M6.N[3.30],M6,0.7051415983815199,Normal|AD,0.6194651594384637,3.1932351766512714,0.17955104811064088,0.2750956100870231,2.338863530001479,False,1.163910577778516,0.8620318185176306,False,False,
binary,typical,M6.A[3.35],M6,0.813790230230915,Normal|AD,0.5970422497087294,2.1173674690266524,0.2150347917236196,0.2577064889220447,3.7455999378613876,False,1.852195914161993,0.7317352262329804,False,False,
binary,typical,M6.N[3.35],M6,0.8166347848209463,Normal|AD,0.5984621307391399,2.1166405652219695,0.2158963331247154,0.2572981102051076,3.74454877129275,False,1.8516406340671943,0.7318292389056227,False,False,
binary,typical,M6.A[3.40],M6,0.9741399043827181,Normal|AD,0.927848106212348,6.249022411126253,0.3182418316599739,0.2199237304639116,0.7463219842633726,False,0.3483690510979971,0.9870028662403364,False,False,
binary,typical,M6.N[3.40],M6,0.9709945721912019,Normal|AD,0.9248458635375726,6.238473027151959,0.31727907387510884,0.22029737954365253,0.7460490421654002,False,0.34821445121857547,0.9870420885394984,False,False,
binary,typical,M6.A[3.45],M6,0.15276241418335104,Normal|AD,0.1495269338374955,3.757626286761347,0.06155817507969732,0.3743495674953361,0.45535789535264193,False,0.22880938941430748,0.9179309176847389,False,False,
binary,typical,M6.N[3.45],M6,0.1518926819142971,Normal|AD,0.14867533534487082,3.746743510639359,0.061351082203854865,0.37459171351625664,0.4578036940782182,False,0.23016789164057044,0.9176563763008986,False,False,
binary,typical,M6.A[3.50],M6,0.06244079107671824,Normal|AD,0.059916129392470145,1.7215493496539245,0.060004891514664156,0.380817314731961,1.3088091801210082,False,0.6354717930846638,0.9759363101790508,False,False,
binary,typical,M6.N[3.50],M6,0.060771220565009616,Normal|AD,0.05833225223148332,1.7049642185539235,0.059523426224890395,0.3813236170794393,1.327607892107654,False,0.6447491914108571,0.9746170362832164,False,False,
binary,typical,M6.A[3.55],M6,0.9377752365461618,Normal|AD,0.6255528635533181,1.938493620648635,0.2520552280216502,0.2409639793715263,1.846406213973706,False,0.9115797452017949,0.9375507235769837,False,False,
binary,typical,M6.N[3.55],M6,0.9277040008700027,Normal|AD,0.6168778910243229,1.918936346018693,0.24984622485422192,0.24200533275432495,1.8642127139005198,False,0.920276046250954,0.9373028778754007,False,False,
binary,typical,M6.A[3.60],M6,0.3759955762049336,Normal|AD,0.36423224550862604,4.8253676460696875,0.5330595541936665,0.16065556535138348,2.159299064560057,False,1.064817928100236,0.715383830744962,False,False,
binary,typical,M6.N[3.60],M6,0.35987184710103726,Normal|AD,0.3487857534685331,4.758598154897033,0.5201082366212444,0.16418419831468467,2.1865120572728705,False,1.0781606068572105,0.7104775096943087,False,False,
binary,typical,M6.A[3.65],M6,0.33726634344418294,Normal|AD,0.30432724634651714,2.4964109156176115,0.1065930685833768,0.32983775229264,1.780215427202915,False,0.8700371029730325,0.900521559028839,False,False,
binary,typical,M6.N[3.65],M6,0.3439710512254579,Normal|AD,0.3099462295351822,2.503347814067763,0.1085264089441812,0.3283181098515018,1.771569803580208,False,0.8658527700096065,0.901239477951427,False,False,
binary,typical,M6.A[3.70],M6,0.03697857466160328,Normal|AD,0.03068691765046823,0.6005984345267826,0.015839926931742396,0.4363655654438407,5.290089392558038,False,2.556193381001822,0.4532876250780651,False,False,
binary,typical,M6.N[3.70],M6,0.03671793335250658,Normal|AD,0.030524030755963088,0.6015792777159213,0.015587863264555883,0.4368099025786485,5.263025468939454,False,2.5430286092626124,0.4543792920431323,False,False,
binary,typical,M6.A[3.75],M6,0.10550316649597985,Normal|AD,0.10358348145101023,3.3742558232223474,0.11424579611314516,0.33611555464555704,1.07450304408034,False,0.47807203867549614,0.9566407635304576,False,False,
binary,typical,M6.N[3.75],M6,0.10486387068045462,Normal|AD,0.1029599444580002,3.3677281881917596,0.11382409559721143,0.33641845665169756,1.072949554967436,False,0.4796747392302611,0.95672515443299,False,False,
binary,typical,M6.A[3.80],M6,0.10769817095566617,Normal|AD,0.0999282430116099,1.6643888272306848,0.03014419010625336,0.405523772017611,2.286719107788342,False,1.130252318644738,0.7889899341804657,False,False,
binary,typical,M6.N[3.80],M6,0.1078637913976556,Normal|AD,0.10006524648981416,1.6637485297632748,0.03016691078774056,0.4054715586838472,2.2864346397646838,False,1.1301636047410732,0.7889529575399138,False,False,
binary,typical,M6.A[3.85],M6,0.4533171300450201,Normal|AD,0.43086237586191634,4.170913628244061,0.1552669243403404,0.2991586194040449,1.6628709031667173,False,0.8101756746675336,0.9440173105776141,False,False,
binary,typical,M6.N[3.85],M6,0.45351529748980557,Normal|AD,0.43104317230731176,4.171087309671278,0.15530795976162157,0.2991287437092089,1.6620276464333346,False,0.8098005749038583,0.9440305445998245,False,False,
binary,typical,M6.A[3.90],M6,1.0725351118149613,Normal|AD,0.9997615008371269,5.428526961274276,0.28987744796166437,0.22526121172741323,1.2369788130099115,False,0.5913171793269703,0.9563767722970704,False,False,
binary,typical,M6.N[3.90],M6,1.072699401308502,Normal|AD,0.9999131707930399,5.42888381299173,0.2899185420752157,0.22524450393792764,1.2367892495128918,False,0.5912308417461806,0.9563768340395541,False,False,
binary,typical,M6.A[3.95],M6,1.5985108673475388,Normal|AD,1.491418149833546,6.672560755227766,0.404350185540894,0.18439428867841087,0.8754633164190034,False,0.4249228201767181,0.968112021287782,False,False,
binary,typical,M6.N[3.95],M6,1.5986162713047711,Normal|AD,1.4915217824815188,6.672957385392918,0.4043773181818139,0.18438623324934725,0.8754075038838579,False,0.42489603678894344,0.9681115100430948,False,False,
binary,typical,M6.A[4.00],M6,1.1839366011466963,Normal|AD,1.132642317076376,7.230879540824401,0.3012399076937294,0.21922856727211534,0.7031830435110771,False,0.3435084740994191,0.969493358126276,False,False,
binary,typical,M6.N[4.00],M6,1.1840082964988228,Normal|AD,1.132713363850011,7.231279547294789,0.3012580436863931,0.21922163246142867,0.7031445886276658,False,0.3434897173538449,0.9694931995798304,False,False,
binary,typical,M6.A[4.05],M6,0.6314168235366534,Normal|AD,0.6146955494549838,6.813471191333261,0.15879663806626027,0.28672404721845246,0.647029840002285,False,0.3177576795752837,0.9668245259888731,False,False,
binary,typical,M6.N[4.05],M6,0.6314597535774749,Normal|AD,0.6147378906018508,6.813817492081294,0.1588073774187228,0.2867175477517363,0.646995772520122,False,0.3177409765412714,0.9668245738798146,False,False,
binary,typical,M6.A[4.10],M6,0.34593322960179557,Normal|AD,0.3396273692634702,6.104362351540411,0.08795721905757145,0.33798858684603417,0.6708535664798694,False,0.3305351917527001,0.9620348292122003,False,False,
binary,typical,M6.N[4.10],M6,0.3459569825887744,Normal|AD,0.33965082211388603,6.1046374144984155,0.08796313991616328,0.3379833939086363,0.6708188639417603,False,0.3305181257471596,0.9620349492888727,False,False,
binary,typical,M6.A[4.15],M6,0.12926784780393508,Normal|AD,0.1276669096500089,4.5405885786503175,0.032973963002671684,0.3991307569046865,0.7806902817269863,False,0.38552184609683227,0.9761280264497427,False,False,
binary,typical,M6.N[4.15],M6,0.12927769691813604,Normal|AD,0.12767666952029114,4.540808553730908,0.032976400796758294,0.3991270535213435,0.7806503660338068,False,0.3855021754956584,0.9761281137561372,False,False,
binary,typical,M7.D,M7,1.920669931273889,Normal|AD,1.570393506389448,4.149924137846598,1.8223699040274797,0.01697108664228572,1.9566190794003742,False,0.43503205230218056,1.0732070246752756,False,False,
binary,typical,M7.D_pow,M7,1.9278388466320566,Normal|AD,1.4667631479582213,3.5022265808576805,1.196550303841017,0.051785626866961344,2.6148480962881764,False,0.383303652887333,0.9832861823821415,False,False,
binary,typical,M7.D0,M7,1.9073176727105434,Normal|AD,1.5590206753595133,4.132164348755665,1.8168027101647592,0.017142182497895876,1.926145849409762,False,0.43206174932950975,1.0729056210753931,False,False,
binary,typical,M7.D1,M7,2.7970499394433688,Normal|AD,1.5876162382417975,2.709859916955437,2.2655670884066947,0.0075617650516118275,5.137382397853133,False,0.7561691534447214,1.1031470832611483,False,False,
binary,typical,M7.D2,M7,3.0431521470658796,Normal|AD,2.6179763828614004,6.121747923627384,1.7315869789502605,0.020061249143501384,1.4152344477883438,False,0.23438813303094727,1.0896632404510163,False,False,
binary,typical,M7.D3,M7,0.599629301346875,Normal|AD,0.5852159364922273,6.978013465865037,1.926346285895799,0.01404645439364233,2.824622431398796,False,0.41719672993430706,1.1051534463706023,False,False,
binary,typical,M7.D3[k3],M7,0.4767563667657319,Normal|AD,0.4676567804783355,7.000290172217286,1.884897520352888,0.015146689746370935,2.3348769852533797,False,0.6043590356849394,0.8829295572464334,False,False,
binary,typical,M8.s1^2,M8,0.4892421484186649,Normal|AD,,,0.19590749745229172,0.279778966167802,0.38658778368788715,False,9.467611926129504,0.4812807923190753,False,False,matrix-level: no per-antenna port-noise estimate
binary,typical,M8.s2^2,M8,0.63090453575968,Normal|AD,,,0.22260560677795735,0.2633190230327767,0.34043050563724214,False,8.42611225081776,0.5479289985210597,False,False,matrix-level: no per-antenna port-noise estimate
binary,typical,M8.s3^2,M8,0.898932504017205,Normal|AD,,,0.2800467463823368,0.23371756896027496,0.3048911132273407,False,7.452753634455273,0.6295062008196752,False,False,matrix-level: no per-antenna port-noise estimate
binary,typical,M8.s4^2,M8,0.8518067544312982,Normal|AD,,,0.27295572315621885,0.23758365878643006,0.3365417791481166,False,8.385814981767334,0.5630977414792713,False,False,matrix-level: no per-antenna port-noise estimate
binary,typical,M8.s5^2,M8,1.184248472298818,Normal|AD,,,0.3410201504877031,0.20782937889806874,0.283965610203314,False,7.093374525841688,0.6246361996197416,False,False,matrix-level: no per-antenna port-noise estimate
binary,typical,M8.s6^2,M8,1.4386683003959173,Normal|AD,,,0.3974714283871128,0.18801400959744943,0.2917772301114223,False,7.254606321875211,0.5899370591975355,False,False,matrix-level: no per-antenna port-noise estimate
binary,typical,M8.lam0^2,M8,0.8690720192936086,Normal|AD,0.8244562481076875,5.667381998064223,0.26665235069054183,0.23890103131999105,0.32184941791089255,False,7.916570999232756,0.6126552242079324,False,False,
binary,typical,M8.lam1^2,M8,0.7972084799161293,Normal|AD,0.7578218471261361,5.538728615797579,0.2530671662552102,0.24596277245017756,0.332300268888922,False,8.278909874241602,0.5793075927670636,False,False,
binary,typical,M8.lam2^2,M8,0.9233507086519718,Normal|AD,0.8810276524574865,6.200184321334576,0.2986020759465787,0.22729590218767948,0.3110724611174289,False,7.737202887030531,0.5710455216761923,False,False,
binary,typical,M8.lam3^2,M8,0.88952774771122,Normal|AD,0.8497322985560084,6.163382281332233,0.29357852649788496,0.22990938957249643,0.31444723120368434,False,7.63821127888421,0.5544009500014021,False,False,
binary,typical,M8.lam0^2[k3],M8,0.8016267488082802,Normal|AD,0.735944119491402,4.238364008129292,0.2909665982935281,0.23346500964462447,0.8164553757883164,False,2.1503840506894094,0.8420022824183525,False,False,
binary,typical,M8.lam1^2[k3],M8,0.7699847010408578,Normal|AD,0.7136140168105536,4.415308757448349,0.28032449035284385,0.23795673893648014,0.7198466422873412,False,1.9227724651853562,0.841079237145904,False,False,
binary,typical,M8.lam2^2[k3],M8,0.606923837211941,Normal|AD,0.5680411346411859,4.211082664405686,0.24377512570424276,0.2561623837698588,0.649823312763247,False,1.7365864750279714,0.8201519343264992,False,False,
binary,typical,M8.lam3^2[k3],M8,0.5771928273140505,Normal|AD,0.5451767124025124,4.433633539155174,0.230899230711755,0.2621475299296559,0.5433540596269949,False,1.45165408780943,0.8351244566385124,False,False,
binary,noisy,M0.old_score,M0,11.681600546574561,Normal|AD,9.941068435445386,11.55158785085618,3.009792623730784,0.005543148934563668,0.16549461696041215,True,3.109396936284462,0.8468986724824201,False,False,baseline only; not a physical quantity
binary,noisy,M1.Sii_dBavg,M1,0.2548409454243998,Normal|AD,0.2423712048526244,3.1474685799392823,0.07149322404252027,0.3561495899662691,0.2586585452884683,False,6.886499855624783,1.139296590254621,False,False,dB averaging; shown for fragility
binary,noisy,M2.R,M2,0.8009933345581837,Normal|AD,0.7669194138527478,6.004726905767376,0.2539474046430793,0.24552901647633435,0.32154188205149575,False,7.960578055471419,0.5754885632694305,False,False,
binary,noisy,M2.R[k3],M2,0.686983553860038,Normal|AD,0.6409288335371001,4.372763589921828,0.26195287910637444,0.24690970370863202,0.6808665962975798,False,1.8143632821637043,0.8327185750360918,False,False,
binary,noisy,M3.A,M3,0.8009933345581705,Normal|AD,0.766919413852733,6.004726905767128,0.2539474046430765,0.24552901647633582,0.32154188205149914,False,7.960578055471068,0.575488563269423,False,False,affine copy of M2.R (identical separability)
binary,noisy,M3.ML_of_powavg,M3,0.8022544368260976,Normal|AD,0.7681457525683149,6.0111891657358845,0.2512903028474314,0.24633053653268472,0.3239934579007221,False,7.598910640763066,0.5534402464212625,False,False,
binary,noisy,M3.ML_dBavg,M3,0.45861148293417203,Normal|AD,0.458171401939234,30.90189711334526,0.11471855117140196,0.31598956818839596,0.3820714153558043,False,5.397568107802027,0.7939561628655123,False,False,dB averaging; comparison only
binary,noisy,M4.N,M4,0.8100766092156529,Normal|AD,0.7754840161329335,6.026607534577063,0.25680929575204936,0.244253941257076,0.3202317486854896,False,7.923052805098755,0.5777620050331924,False,False,
binary,noisy,M4.N[k3],M4,0.6770725732586564,Normal|AD,0.6319992018667667,4.3574343420072505,0.2590391146705829,0.24827080321970063,0.6804157331544999,False,1.8148997140315979,0.833307407107252,False,False,
binary,noisy,M5.C,M5,0.8103276897222425,Normal|AD,0.6515936950504636,2.5792818455538624,0.24029337589301675,0.24951422152580255,0.009334183383325567,True,1.851513583205237,1.1104450882512082,False,False,
binary,noisy,M5.C1,M5,0.7384077361635586,Normal|AD,0.5951215039418464,2.476644699860077,0.22443592880266777,0.2578517850334719,0.00791554081853729,True,1.8921788827986634,1.11070650242348,False,False,
binary,noisy,M5.C2,M5,4.625471981906055,Normal|AD,3.314208974615293,4.835463005675636,1.728034996337557,0.02080044664908337,0.021431555490489185,True,0.5170218409626933,1.0372653124051705,False,False,
binary,noisy,M5.C3,M5,47.95207660298871,Normal|AD,12.004571928711957,5.659234267196499,12.05833539173825,1.963251920773342e-07,0.009443306130108296,True,0.34231394320918285,1.1096387824945886,False,False,
binary,noisy,M5.C[k3],M5,0.8321184022841772,Normal|AD,0.6171181762471892,2.185608001115988,0.2603615308405592,0.24226877467464047,0.8387330178899968,False,2.2092701748141574,0.6946944803934375,False,False,
binary,noisy,M5.C1[k3],M5,0.6827406496608283,Normal|AD,0.5149169019894303,2.0468440019891947,0.22874157089145364,0.25889725770442956,0.9046817564644858,False,2.3789613389773643,0.6755122303084232,False,False,
binary,noisy,M5.C2[k3],M5,2.5833926207744216,Normal|AD,2.0865339810536687,4.6580753893574744,1.104266340584162,0.06082146000655083,0.09236289637878883,True,0.23618881987421073,0.8704195776274413,True,False,
binary,noisy,M5.C3[k3],M5,42.844695729376554,Normal|AD,14.730449320953054,6.700516839583387,10.891289753336101,2.3021100906042357e-07,0.03739588196758407,True,0.10781975092122938,0.9242922724517313,True,False,
binary,noisy,M5.C3_dBavg[k3],M5,24.98380990641318,Normal|AD,9.835557686663481,5.695902707263049,6.64923224271141,1.3066906639999267e-05,0.06879497887030964,True,0.20179686849471837,0.896950832458875,True,False,dB averaging; comparison only
binary,noisy,M6.fc_A,M6,0.3180164035152066,Normal|AD,0.2624053809063557,1.7323900725848194,0.08025038052428163,0.3446374202841661,3.579570235000565,False,13.68910412912859,0.8642087822542781,False,False,
binary,noisy,M6.spread_A,M6,3.5587122885873597,Normal|AD,3.4209033577654946,13.292086469279631,0.8898795197321696,0.0910798072601037,0.058848105682851884,True,5.090876117226684,0.6475431241069775,False,False,
binary,noisy,M6.fc_N,M6,0.31941594702351866,Normal|AD,0.2633686574678257,1.7325988933658516,0.08060219243610925,0.34431429331506286,3.576655583316446,False,13.688813011412275,0.8644827153005603,False,False,
binary,noisy,M6.spread_N,M6,3.550381752701172,Normal|AD,3.412949608345732,13.279242468099474,0.887786596645476,0.09133780811329917,0.05888922200282708,True,5.098075214543685,0.6471453152044315,False,False,
binary,noisy,M6.A[3.20],M6,2.6563360553284436,Normal|AD,2.525676368331766,10.133851829588135,0.6676109348899792,0.12383700326340302,0.7703172381404927,False,0.3784556348772975,0.9952049067036713,False,False,
binary,noisy,M6.N[3.20],M6,2.6558118511657764,Normal|AD,2.525169756892014,10.13251774174938,0.6674779370843952,0.12386065377720358,0.7703005385857824,False,0.37844965392193636,0.9952104038612011,False,False,
binary,noisy,M6.A[3.25],M6,2.087286522527678,Normal|AD,1.9283635006895405,7.117165690240575,0.522014568122608,0.15344213921203487,1.07217046665008,False,0.5281721528457642,0.9790143758858201,False,False,
binary,noisy,M6.N[3.25],M6,2.087255673689497,Normal|AD,1.928270140003425,7.115541508803849,0.5220079732047198,0.15344368896131225,1.072178594832904,False,0.5281812376189042,0.978996194200869,False,False,
binary,noisy,M6.A[3.30],M6,0.6267196035444995,Normal|AD,0.557486325768083,3.1769567356561836,0.15930604753364408,0.28676879701894686,2.3385550736946015,False,1.1637414106734856,0.8620768195068275,False,False,
binary,noisy,M6.N[3.30],M6,0.6270071579804247,Normal|AD,0.5576567187256151,3.175485314757048,0.15938755484842113,0.2867213927564306,2.338863530001479,False,1.163910577778516,0.8620318185176306,False,False,
binary,noisy,M6.A[3.35],M6,0.7584324972306036,Normal|AD,0.5711547649613455,2.1508359939118225,0.19997043676289866,0.26526119164540113,3.7455999378613876,False,1.852195914161993,0.7317352262329804,False,False,
binary,noisy,M6.N[3.35],M6,0.7607745435090518,Normal|AD,0.5723887826594289,2.1501289375774157,0.20068104754691776,0.26490805339927237,3.74454877129275,False,1.8516406340671943,0.7318292389056227,False,False,
binary,noisy,M6.A[3.40],M6,0.9672165050882339,Normal|AD,0.9219423390649126,6.2762971601903725,0.3163152585452382,0.22069081117633227,0.7463219842633726,False,0.3483690510979971,0.9870028662403364,False,False,
binary,noisy,M6.N[3.40],M6,0.9640931699286637,Normal|AD,0.9189588771258567,6.265694538572854,0.31536039788745646,0.22106325975637134,0.7460490421654002,False,0.34821445121857547,0.9870420885394984,False,False,
binary,noisy,M6.A[3.45],M6,0.15287615623249495,Normal|AD,0.14966500774727037,3.7749814112207254,0.06220685050881239,0.3738398860523091,0.45535789535264193,False,0.22880938941430748,0.9179309176847389,False,False,
binary,noisy,M6.N[3.45],M6,0.15201297308935727,Normal|AD,0.14881966652046302,3.76413491136426,0.06200009111937824,0.3740795503562314,0.4578036940782182,False,0.23016789164057044,0.9176563763008986,False,False,
binary,noisy,M6.A[3.50],M6,0.06323560995689806,Normal|AD,0.060717040670432945,1.7461204569074642,0.059623079153338115,0.3811650889526159,1.3088091801210082,False,0.6354717930846638,0.9759363101790508,False,False,
binary,noisy,M6.N[3.50],M6,0.06155370787527373,Normal|AD,0.05912020913199865,1.729396298368608,0.05914248502935146,0.3816731504348524,1.327607892107654,False,0.6447491914108571,0.9746170362832164,False,False,
binary,noisy,M6.A[3.55],M6,0.8974015148195056,Normal|AD,0.6052861606531768,1.9284641804155183,0.24155787044456034,0.24572072899885575,1.846406213973706,False,0.9115797452017949,0.9375507235769837,False,False,
binary,noisy,M6.N[3.55],M6,0.887112997533676,Normal|AD,0.5965742102968301,1.9086866980154478,0.23925270091606146,0.24683669367253203,1.8642127139005198,False,0.920276046250954,0.9373028778754007,False,False,
binary,noisy,M6.A[3.60],M6,0.376446692597258,Normal|AD,0.3648044465161473,4.857115322083435,0.5316263552705983,0.16103995846965802,2.159299064560057,False,1.064817928100236,0.715383830744962,False,False,
binary,noisy,M6.N[3.60],M6,0.3603277484419115,Normal|AD,0.3493550659973039,4.790060173711412,0.5188256202595536,0.16453575880437632,2.1865120572728705,False,1.0781606068572105,0.7104775096943087,False,False,
binary,noisy,M6.A[3.65],M6,0.3407153038156613,Normal|AD,0.30784416885374216,2.526207001417457,0.10717256348624318,0.3292504943976704,1.780215427202915,False,0.8700371029730325,0.900521559028839,False,False,
binary,noisy,M6.N[3.65],M6,0.3474356494259598,Normal|AD,0.3134878275609066,2.5331247062620497,0.10910260151825846,0.32773758898999217,1.771569803580208,False,0.8658527700096065,0.901239477951427,False,False,
binary,noisy,M6.A[3.70],M6,0.03627212807062736,Normal|AD,0.030224354847579214,0.6021189376960014,0.015281503787961427,0.43737813623491123,5.290089392558038,False,2.556193381001822,0.4532876250780651,False,False,
binary,noisy,M6.N[3.70],M6,0.03602189427561066,Normal|AD,0.030066935987716523,0.6031196746901328,0.015043523326846171,0.4378033351115498,5.263025468939454,False,2.5430286092626124,0.4543792920431323,False,False,
binary,noisy,M6.A[3.75],M6,0.104926503810026,Normal|AD,0.10303936108192281,3.3849854288926204,0.11435707818095603,0.3360456820645535,1.07450304408034,False,0.47807203867549614,0.9566407635304576,False,False,
binary,noisy,M6.N[3.75],M6,0.10429319453794694,Normal|AD,0.10242149120725351,3.378469664366979,0.11393825762907436,0.33634633901733274,1.072949554967436,False,0.4796747392302611,0.95672515443299,False,False,
binary,noisy,M6.A[3.80],M6,0.1114202640931509,Normal|AD,0.10349333732093437,1.7056929810292067,0.030857090873869664,0.4041958995314934,2.286719107788342,False,1.130252318644738,0.7889899341804657,False,False,
binary,noisy,M6.N[3.80],M6,0.11159223617708519,Normal|AD,0.10363614906182517,1.7050528958011224,0.030881687420735552,0.4041417894515473,2.2864346397646838,False,1.1301636047410732,0.7889529575399138,False,False,
binary,noisy,M6.A[3.85],M6,0.4337300757008365,Normal|AD,0.41324433641000086,4.183140015234493,0.14735975618192318,0.30382957543427047,1.6628709031667173,False,0.8101756746675336,0.9440173105776141,False,False,
binary,noisy,M6.N[3.85],M6,0.4339111128304931,Normal|AD,0.41341026451450175,4.183310453946253,0.14739560786455969,0.30380207131746706,1.6620276464333346,False,0.8098005749038583,0.9440305445998245,False,False,
binary,noisy,M6.A[3.90],M6,0.6878369765637342,Normal|AD,0.6548866815704327,5.228910193011043,0.17924736551051773,0.2760277907775326,1.2369788130099115,False,0.5913171793269703,0.9563767722970704,False,False,
binary,noisy,M6.N[3.90],M6,0.6879330947120778,Normal|AD,0.6549780857969961,5.229266402274795,0.17927099788156756,0.27601432824556593,1.2367892495128918,False,0.5912308417461806,0.9563768340395541,False,False,
binary,noisy,M6.A[3.95],M6,0.6727274241883574,Normal|AD,0.6541129351593865,6.8759921642196975,0.16960137921468663,0.28041820855524,0.8754633164190034,False,0.4249228201767181,0.968112021287782,False,False,
binary,noisy,M6.N[3.95],M6,0.672771473671873,Normal|AD,0.654156646144108,6.876384501889711,0.16961260694317254,0.2804117393858963,0.8754075038838579,False,0.42489603678894344,0.9681115100430948,False,False,
binary,noisy,M6.A[4.00],M6,0.3747091261705768,Normal|AD,0.36953341153284974,7.314823089401019,0.09376620731774593,0.33251948835548417,0.7031830435110771,False,0.3435084740994191,0.969493358126276,False,False,
binary,noisy,M6.N[4.00],M6,0.37473241146823655,Normal|AD,0.36955660360191306,7.315214027043137,0.09377205140168943,0.332514592620069,0.7031445886276658,False,0.3434897173538449,0.9694931995798304,False,False,
binary,noisy,M6.A[4.05],M6,0.20725392057744474,Normal|AD,0.20570579839560335,7.4214202577590305,0.051814304071411264,0.37375936305742835,0.647029840002285,False,0.3177576795752837,0.9668245259888731,False,False,
binary,noisy,M6.N[4.05],M6,0.2072664162482418,Normal|AD,0.20571825580970396,7.421776998978906,0.05181742695784648,0.3737556879204017,0.646995772520122,False,0.3177409765412714,0.9668245738798146,False,False,
binary,noisy,M6.A[4.10],M6,0.09816983608791176,Normal|AD,0.09772879105070302,6.595896376814538,0.024564098852970433,0.41231172122100557,0.6708535664798694,False,0.3305351917527001,0.9620348292122003,False,False,
binary,noisy,M6.N[4.10],M6,0.09817572346693666,Normal|AD,0.09773466187677354,6.5961684957732825,0.024565571961303833,0.4123091346652425,0.6708188639417603,False,0.3305181257471596,0.9620349492888727,False,False,
binary,noisy,M6.A[4.15],M6,0.06298297415769413,Normal|AD,0.06277469740284769,6.16167082197399,0.015748025973847203,0.4295715598432071,0.7806902817269863,False,0.38552184609683227,0.9761280264497427,False,False,
binary,noisy,M6.N[4.15],M6,0.06298620776470308,Normal|AD,0.06277792510989594,6.161900128361771,0.01574883282198785,0.42956977270089763,0.7806503660338068,False,0.3855021754956584,0.9761281137561372,False,False,
binary,noisy,M7.D,M7,1.8360747872780783,Normal|AD,1.503331022968305,4.073169925383357,1.1911305603407745,0.052272067098364496,1.9566190794003742,False,0.43503205230218056,1.0732070246752756,False,False,
binary,noisy,M7.D_pow,M7,1.026347810808862,Normal|AD,0.8170845018250343,2.8310609560429008,0.396854163315546,0.1959227601219041,2.6148480962881764,False,0.383303652887333,0.9832861823821415,False,False,
binary,noisy,M7.D0,M7,1.82301096995117,Normal|AD,1.4921870684601846,4.055298577398425,1.184621099293272,0.052867994467232865,1.926145849409762,False,0.43206174932950975,1.0729056210753931,False,False,
binary,noisy,M7.D1,M7,2.729326238172349,Normal|AD,1.5546499861661571,2.6878185209146075,1.8430091237644122,0.01636999238418402,5.137382397853133,False,0.7561691534447214,1.1031470832611483,False,False,
binary,noisy,M7.D2,M7,2.987634421145771,Normal|AD,2.5826008822713384,6.172511095625444,1.4649198904674339,0.032411900969816144,1.4152344477883438,False,0.23438813303094727,1.0896632404510163,False,False,
binary,noisy,M7.D3,M7,0.5686727418756805,Normal|AD,0.5550499098965699,6.807356919358016,1.2645244726267917,0.04593685561890289,2.824622431398796,False,0.41719672993430706,1.1051534463706023,False,False,
binary,noisy,M7.D3[k3],M7,0.45061989647528716,Normal|AD,0.44204703389766503,6.8169716665915825,1.3042968070241987,0.04282974973155916,2.3348769852533797,False,0.6043590356849394,0.8829295572464334,False,False,
binary,noisy,M8.s1^2,M8,0.4669382686876033,Normal|AD,,,0.16537487557607988,0.29401627035443534,0.38658778368788715,False,9.467611926129504,0.4812807923190753,False,False,matrix-level: no per-antenna port-noise estimate
binary,noisy,M8.s2^2,M8,0.6411809245888089,Normal|AD,,,0.21040715316446948,0.267304882444959,0.34043050563724214,False,8.42611225081776,0.5479289985210597,False,False,matrix-level: no per-antenna port-noise estimate
binary,noisy,M8.s3^2,M8,0.7813365338087096,Normal|AD,,,0.2426473359063862,0.24997931005058513,0.3048911132273407,False,7.452753634455273,0.6295062008196752,False,False,matrix-level: no per-antenna port-noise estimate
binary,noisy,M8.s4^2,M8,0.8024206501211143,Normal|AD,,,0.24714934475664624,0.24764974221366823,0.3365417791481166,False,8.385814981767334,0.5630977414792713,False,False,matrix-level: no per-antenna port-noise estimate
binary,noisy,M8.s5^2,M8,0.9650147476630807,Normal|AD,,,0.2775433394974455,0.23218401248171505,0.283965610203314,False,7.093374525841688,0.6246361996197416,False,False,matrix-level: no per-antenna port-noise estimate
binary,noisy,M8.s6^2,M8,1.006297645678772,Normal|AD,,,0.2803521438188077,0.23002051933881987,0.2917772301114223,False,7.254606321875211,0.5899370591975355,False,False,matrix-level: no per-antenna port-noise estimate
binary,noisy,M8.lam0^2,M8,0.812961184601208,Normal|AD,0.774849056776214,5.749457383113713,0.24839033089373228,0.2468206423602658,0.32184941791089255,False,7.916570999232756,0.6126552242079324,False,False,
binary,noisy,M8.lam1^2,M8,0.7461303188407653,Normal|AD,0.7125047192429071,5.623169772150965,0.23538579298731663,0.2538701162295316,0.332300268888922,False,8.278909874241602,0.5793075927670636,False,False,
binary,noisy,M8.lam2^2,M8,0.8617714066055125,Normal|AD,0.8257953131634531,6.289849347533145,0.2759018993445699,0.2363084095271441,0.3110724611174289,False,7.737202887030531,0.5710455216761923,False,False,
binary,noisy,M8.lam3^2,M8,0.8334688029557096,Normal|AD,0.7993779192333395,6.251966127304563,0.2717776453218377,0.23861670039071195,0.31444723120368434,False,7.63821127888421,0.5544009500014021,False,False,
binary,noisy,M8.lam0^2[k3],M8,0.7969440877729957,Normal|AD,0.7327063775446603,4.263820214644271,0.2900394637710516,0.2339081778569753,0.8164553757883164,False,2.1503840506894094,0.8420022824183525,False,False,
binary,noisy,M8.lam1^2[k3],M8,0.7669618618946338,Normal|AD,0.7115969710054454,4.440191523256096,0.28005599951290444,0.23813964037291258,0.7198466422873412,False,1.9227724651853562,0.841079237145904,False,False,
binary,noisy,M8.lam2^2[k3],M8,0.6062644192219022,Normal|AD,0.5678639656373056,4.234479323766348,0.24415194007911162,0.25603715188040005,0.649823312763247,False,1.7365864750279714,0.8201519343264992,False,False,
binary,noisy,M8.lam3^2[k3],M8,0.5771695241625456,Normal|AD,0.54545434125532,4.455662473356426,0.2313994993030949,0.26194999976633593,0.5433540596269949,False,1.45165408780943,0.8351244566385124,False,False,
binary,very_noisy,M0.old_score,M0,5.928165321378528,Normal|AD,5.4005860083556,11.016704880070476,1.5027556192516027,0.04046351386359175,0.16549461696041215,True,3.109396936284462,0.8468986724824201,False,False,baseline only; not a physical quantity
binary,very_noisy,M1.Sii_dBavg,M1,0.24502055001612663,Normal|AD,0.23343379637915201,3.1420799624186873,0.06853884755089612,0.35895735506603704,0.2586585452884683,False,6.886499855624783,1.139296590254621,False,False,dB averaging; shown for fragility
binary,very_noisy,M2.R,M2,0.6216957857771146,Normal|AD,0.6025821225330149,6.260948276178197,0.18225982585815456,0.27842277640683044,0.32154188205149575,False,7.960578055471419,0.5754885632694305,False,False,
binary,very_noisy,M2.R[k3],M2,0.6719421910602457,Normal|AD,0.6292202387302446,4.4489420561773345,0.25323460455766067,0.2505437628935384,0.6808665962975798,False,1.8143632821637043,0.8327185750360918,False,False,
binary,very_noisy,M3.A,M3,0.6216957857771147,Normal|AD,0.6025821225330136,6.260948276177991,0.1822598258581548,0.27842277640683033,0.32154188205149914,False,7.960578055471068,0.575488563269423,False,False,affine copy of M2.R (identical separability)
binary,very_noisy,M3.ML_of_powavg,M3,0.6213229846337932,Normal|AD,0.6028770241181672,6.37290488774196,0.179921171349495,0.27929063741908056,0.3239934579007221,False,7.598910640763066,0.5534402464212625,False,False,
binary,very_noisy,M3.ML_dBavg,M3,0.4676620080527624,Normal|AD,0.4674824157905176,49.34235484252854,0.11710696172083603,0.31426218316254634,0.3820714153558043,False,5.397568107802027,0.7939561628655123,False,False,dB averaging; comparison only
binary,very_noisy,M4.N,M4,0.6280080054124176,Normal|AD,0.6086435755126728,6.28314020758627,0.18406371163814017,0.27741703467945245,0.3202317486854896,False,7.923052805098755,0.5777620050331924,False,False,
binary,very_noisy,M4.N[k3],M4,0.6623204338756795,Normal|AD,0.620501637747511,4.433378163019229,0.2504469454558208,0.25187882758863556,0.6804157331544999,False,1.8148997140315979,0.833307407107252,False,False,
binary,very_noisy,M5.C,M5,0.7787401426506108,Normal|AD,0.6348350489544984,2.6212210303705734,0.22915637067524774,0.2544756691801165,0.009334183383325567,True,1.851513583205237,1.1104450882512082,False,False,
binary,very_noisy,M5.C1,M5,0.7102401044237171,Normal|AD,0.5800614129429283,2.5158493437306193,0.21426029648292505,0.2625979637242561,0.00791554081853729,True,1.8921788827986634,1.11070650242348,False,False,
binary,very_noisy,M5.C2,M5,1.7693123599951233,Normal|AD,1.5453640661426034,4.941499767033164,0.4797685845435317,0.1642634218179382,0.021431555490489185,True,0.5170218409626933,1.0372653124051705,False,False,
binary,very_noisy,M5.C3,M5,11.929691933904003,Normal|AD,6.972579264371402,5.793112297632923,2.982846355866088,0.007284751308363341,0.009443306130108296,True,0.34231394320918285,1.1096387824945886,False,False,
binary,very_noisy,M5.C[k3],M5,0.8040751766474377,Normal|AD,0.6062339403384528,2.2198572113277417,0.25081839137260004,0.24640793307293762,0.8387330178899968,False,2.2092701748141574,0.6946944803934375,False,False,
binary,very_noisy,M5.C1[k3],M5,0.6618433236822437,Normal|AD,0.5068803304028342,2.0808046752188583,0.2207219385784512,0.26265340844727053,0.9046817564644858,False,2.3789613389773643,0.6755122303084232,False,False,
binary,very_noisy,M5.C2[k3],M5,1.4047522737795592,Normal|AD,1.2513226496252778,4.786795916915439,0.43479158225051595,0.1793370032292628,0.09236289637878883,True,0.23618881987421073,0.8704195776274413,True,False,
binary,very_noisy,M5.C3[k3],M5,13.424039149834929,Normal|AD,8.477441026287002,6.783216478505789,3.35926579727675,0.004721318671925305,0.03739588196758407,True,0.10781975092122938,0.9242922724517313,True,False,
binary,very_noisy,M5.C3_dBavg[k3],M5,11.739543908029892,Normal|AD,4.877300596565136,4.0850494225539835,2.9718896256354905,0.0066680041574115325,0.06879497887030964,True,0.20179686849471837,0.896950832458875,True,False,dB averaging; comparison only
binary,very_noisy,M6.fc_A,M6,0.19026189786145742,Normal|AD,0.1708833364656667,1.8318082091215608,0.048017822081072976,0.37857199685275905,3.579570235000565,False,13.68910412912859,0.8642087822542781,False,False,
binary,very_noisy,M6.spread_A,M6,0.8577427854685094,Normal|AD,0.8505176842818127,14.210627055051328,0.21453623509334938,0.2562363343196993,0.058848105682851884,True,5.090876117226684,0.6475431241069775,False,False,
binary,very_noisy,M6.fc_N,M6,0.1907583670050139,Normal|AD,0.17129601047651646,1.832452424219877,0.04814149878293611,0.3784196809784406,3.576655583316446,False,13.688813011412275,0.8644827153005603,False,False,
binary,very_noisy,M6.spread_N,M6,0.8554639954266408,Normal|AD,0.8482677379045425,14.201329119314519,0.21396851679281353,0.25651591983852384,0.05888922200282708,True,5.098075214543685,0.6471453152044315,False,False,
binary,very_noisy,M6.A[3.20],M6,1.059474749173571,Normal|AD,1.040979766851864,10.920800838363173,0.26496910795386475,0.23332633900183752,0.7703172381404927,False,0.3784556348772975,0.9952049067036713,False,False,
binary,very_noisy,M6.N[3.20],M6,1.0591346156611725,Normal|AD,1.0406472227405277,10.919544134394071,0.26488417587591584,0.23336206875724785,0.7703005385857824,False,0.37844965392193636,0.9952104038612011,False,False,
binary,very_noisy,M6.A[3.25],M6,1.0317752939582019,Normal|AD,0.9900232386520309,6.995058081569068,0.25794517220165,0.23630016360179318,1.07217046665008,False,0.5281721528457642,0.9790143758858201,False,False,
binary,very_noisy,M6.N[3.25],M6,1.0313797545441021,Normal|AD,0.9896395657496206,6.9933557203963055,0.25784634950948754,0.23634256950812615,1.072178594832904,False,0.5281812376189042,0.978996194200869,False,False,
binary,very_noisy,M6.A[3.30],M6,0.4475885373150232,Normal|AD,0.41101326984346587,3.1716747309089928,0.1125778446848119,0.31776861536763157,2.3385550736946015,False,1.1637414106734856,0.8620768195068275,False,False,
binary,very_noisy,M6.N[3.30],M6,0.44757774201702855,Normal|AD,0.41097287405660365,3.1701980521160813,0.11257811377171532,0.3177692986061826,2.338863530001479,False,1.163910577778516,0.8620318185176306,False,False,
binary,very_noisy,M6.A[3.35],M6,0.5554978805178434,Normal|AD,0.4519066681143765,2.201502169518102,0.14652330128812097,0.2959356101354387,3.7455999378613876,False,1.852195914161993,0.7317352262329804,False,False,
binary,very_noisy,M6.N[3.35],M6,0.5565186839238367,Normal|AD,0.45251255416974406,2.2005980351275714,0.14684340792000347,0.29574369939320083,3.74454877129275,False,1.8516406340671943,0.7318292389056227,False,False,
binary,very_noisy,M6.A[3.40],M6,0.9510568778594974,Normal|AD,0.9086739251793037,6.385967022498596,0.3145418786036467,0.2216884501549655,0.7463219842633726,False,0.3483690510979971,0.9870028662403364,False,False,
binary,very_noisy,M6.N[3.40],M6,0.9479860252535657,Normal|AD,0.9057327674614387,6.375083914317923,0.31359823889630334,0.22205899064898088,0.7460490421654002,False,0.34821445121857547,0.9870420885394984,False,False,
binary,very_noisy,M6.A[3.45],M6,0.14624134820616816,Normal|AD,0.14333819858197638,3.8001115943471113,0.0587039599193611,0.37719787440566843,0.45535789535264193,False,0.22880938941430748,0.9179309176847389,False,False,
binary,very_noisy,M6.N[3.45],M6,0.14540618834397864,Normal|AD,0.14251936345264254,3.7890746293223763,0.05850684142961461,0.3774351557362221,0.4578036940782182,False,0.23016789164057044,0.9176563763008986,False,False,
binary,very_noisy,M6.A[3.50],M6,0.061016519272508056,Normal|AD,0.05873758481272634,1.7734985485693606,0.05576214900278896,0.38501015243494763,1.3088091801210082,False,0.6354717930846638,0.9759363101790508,False,False,
binary,very_noisy,M6.N[3.50],M6,0.059396221256312054,Normal|AD,0.05719391105388588,1.7564268138425254,0.055330846476885326,0.38548614624045763,1.327607892107654,False,0.6447491914108571,0.9746170362832164,False,False,
binary,very_noisy,M6.A[3.55],M6,0.8444716050616757,Normal|AD,0.5911435896198592,1.9852372030423306,0.2258122783071319,0.2528559831517212,1.846406213973706,False,0.9115797452017949,0.9375507235769837,False,False,
binary,very_noisy,M6.N[3.55],M6,0.8341797274880292,Normal|AD,0.5826008568214193,1.9655916173507157,0.22345150372759146,0.25404471089897196,1.8642127139005198,False,0.920276046250954,0.9373028778754007,False,False,
binary,very_noisy,M6.A[3.60],M6,0.3739251878991461,Normal|AD,0.3628664194043552,4.953673339515091,0.5231819096531056,0.16332905894091934,2.159299064560057,False,1.064817928100236,0.715383830744962,False,False,
binary,very_noisy,M6.N[3.60],M6,0.3580967829155317,Normal|AD,0.3476678668952828,4.886274926078819,0.5108811122597905,0.16673541498328048,2.1865120572728705,False,1.0781606068572105,0.7104775096943087,False,False,
binary,very_noisy,M6.A[3.65],M6,0.33313383693008275,Normal|AD,0.3023395148349085,2.557622849421371,0.10550681528370612,0.3307321700860494,1.780215427202915,False,0.8700371029730325,0.900521559028839,False,False,
binary,very_noisy,M6.N[3.65],M6,0.33967391009320264,Normal|AD,0.30787778176289904,2.5647683573232616,0.10738773843185696,0.3292425186376124,1.771569803580208,False,0.8658527700096065,0.901239477951427,False,False,
binary,very_noisy,M6.A[3.70],M6,0.03344974039743693,Normal|AD,0.028246196060147492,0.6026174849462679,0.013768242741909749,0.44038706974509184,5.290089392558038,False,2.556193381001822,0.4532876250780651,False,False,
binary,very_noisy,M6.N[3.70],M6,0.033226887954296805,Normal|AD,0.028101235914109318,0.603598263396967,0.013556606075878538,0.44078174483403626,5.263025468939454,False,2.5430286092626124,0.4543792920431323,False,False,
binary,very_noisy,M6.A[3.75],M6,0.10367802150575535,Normal|AD,0.10189899294053699,3.4462901085466857,0.11137120742045432,0.3381577212332785,1.07450304408034,False,0.47807203867549614,0.9566407635304576,False,False,
binary,very_noisy,M6.N[3.75],M6,0.10305435247124024,Normal|AD,0.10128981082028041,3.439656627609386,0.11096152498043446,0.3384560161836384,1.072949554967436,False,0.4796747392302611,0.95672515443299,False,False,
binary,very_noisy,M6.A[3.80],M6,0.11017839707753407,Normal|AD,0.10269429887236582,1.7388681428612343,0.0305695049128917,0.40467680563114794,2.286719107788342,False,1.130252318644738,0.7889899341804657,False,False,
binary,very_noisy,M6.N[3.80],M6,0.11034227170766482,Normal|AD,0.10283126370471307,1.7381987464497028,0.03059218999407815,0.4046255503328606,2.2864346397646838,False,1.1301636047410732,0.7889529575399138,False,False,
binary,very_noisy,M6.A[3.85],M6,0.40962704205340705,Normal|AD,0.3930214306836518,4.403418765102564,0.12893655849446278,0.31359246859346623,1.6628709031667173,False,0.8101756746675336,0.9440173105776141,False,False,
binary,very_noisy,M6.N[3.85],M6,0.40977762140360796,Normal|AD,0.39316132764157097,4.403595630613635,0.12896473675971126,0.31356843492455233,1.6620276464333346,False,0.8098005749038583,0.9440305445998245,False,False,
binary,very_noisy,M6.A[3.90],M6,0.4001628373936808,Normal|AD,0.3913094149370284,5.947547639664141,0.10143150585775206,0.3266575877129994,1.2369788130099115,False,0.5913171793269703,0.9563767722970704,False,False,
binary,very_noisy,M6.N[3.90],M6,0.4002054443683732,Normal|AD,0.39135132337529344,5.947948112232933,0.10144176399625097,0.3266492095686323,1.2367892495128918,False,0.5912308417461806,0.9563768340395541,False,False,
binary,very_noisy,M6.A[3.95],M6,0.22789956381432858,Normal|AD,0.22604976285353792,7.463220489031283,0.05706422588237849,0.36779018355702014,0.8754633164190034,False,0.4249228201767181,0.968112021287782,False,False,
binary,very_noisy,M6.N[3.95],M6,0.22792005325802625,Normal|AD,0.22607017876630395,7.463744662623495,0.05706931238872248,0.36778448985095635,0.8754075038838579,False,0.42489603678894344,0.9681115100430948,False,False,
binary,very_noisy,M6.A[4.00],M6,0.11657364400775207,Normal|AD,0.11618916248690375,8.393831735101747,0.029183241477876917,0.4045784213031639,0.7031830435110771,False,0.3435084740994191,0.969493358126276,False,False,
binary,very_noisy,M6.N[4.00],M6,0.11658221398938814,Normal|AD,0.1161977230921063,8.394347138241406,0.02918540266585765,0.40457496814470006,0.7031445886276658,False,0.3434897173538449,0.9694931995798304,False,False,
binary,very_noisy,M6.A[4.05],M6,0.05518788132874799,Normal|AD,0.055088131481914875,7.807459874775852,0.013942760266437742,0.43385678395044447,0.647029840002285,False,0.3177576795752837,0.9668245259888731,False,False,
binary,very_noisy,M6.N[4.05],M6,0.05519170387669558,Normal|AD,0.0550919509061518,7.807878668344509,0.01394369198894669,0.433854555142583,0.646995772520122,False,0.3177409765412714,0.9668245738798146,False,False,
binary,very_noisy,M6.A[4.10],M6,0.016863986048708545,Normal|AD,0.016845220856654353,5.50246087033431,0.004432158268666604,0.46295535557142253,0.6708535664798694,False,0.3305351917527001,0.9620348292122003,False,False,
binary,very_noisy,M6.N[4.10],M6,0.016865353665598663,Normal|AD,0.01684658744772369,5.502756778621672,0.004432598550112023,0.462953687154948,0.6708188639417603,False,0.3305181257471596,0.9620349492888727,False,False,
binary,very_noisy,M6.A[4.15],M6,0.0039014334367074993,Normal|AD,0.0038983410992041185,3.1363431505103194,0.0012950202745956505,0.4810361300945253,0.7806902817269863,False,0.38552184609683227,0.9761280264497427,False,False,
binary,very_noisy,M6.N[4.15],M6,0.003901679818885427,Normal|AD,0.0038985873704528457,3.136484993934157,0.0012950714594101385,0.48103566305507134,0.7806503660338068,False,0.3855021754956584,0.9761281137561372,False,False,
binary,very_noisy,M7.D,M7,1.2166185885869993,Normal|AD,1.0373140250553448,3.7519036330788866,0.5008075235637972,0.16564241943327862,1.9566190794003742,False,0.43503205230218056,1.0732070246752756,False,False,
binary,very_noisy,M7.D_pow,M7,0.0012439610472953764,Normal|AD,0.001206166639603782,0.2817787725467574,0.00031314056134024105,0.4900344358892301,2.6148480962881764,False,0.383303652887333,0.9832861823821415,False,False,
binary,very_noisy,M7.D0,M7,1.2036691221933549,Normal|AD,1.0264010169167337,3.733462496578353,0.4952415127811518,0.16716675290891483,1.926145849409762,False,0.43206174932950975,1.0729056210753931,False,False,
binary,very_noisy,M7.D1,M7,2.4360400667192303,Normal|AD,1.4166323490707173,2.6020271883888055,1.3168096338771327,0.0420009990830359,5.137382397853133,False,0.7561691534447214,1.1031470832611483,False,False,
binary,very_noisy,M7.D2,M7,1.2252151525633974,Normal|AD,1.1558553030037413,6.39026459811157,0.34854719810969753,0.20483978683826842,1.4152344477883438,False,0.23438813303094727,1.0896632404510163,False,False,
binary,very_noisy,M7.D3,M7,0.3763624868477948,Normal|AD,0.3689812497343395,6.134168944490823,0.35981752274481305,0.214591614146855,2.824622431398796,False,0.41719672993430706,1.1051534463706023,False,False,
binary,very_noisy,M7.D3[k3],M7,0.3352628806370732,Normal|AD,0.3295035260481963,6.1937098739393965,0.5023854939114054,0.16914299618555456,2.3348769852533797,False,0.6043590356849394,0.8829295572464334,False,False,
binary,very_noisy,M8.s1^2,M8,0.3307614394818348,Normal|AD,,,0.0969819247590053,0.33501674600071774,0.38658778368788715,False,9.467611926129504,0.4812807923190753,False,False,matrix-level: no per-antenna port-noise estimate
binary,very_noisy,M8.s2^2,M8,0.46924315683359413,Normal|AD,,,0.13701228311543284,0.30563708468483275,0.34043050563724214,False,8.42611225081776,0.5479289985210597,False,False,matrix-level: no per-antenna port-noise estimate
binary,very_noisy,M8.s3^2,M8,0.5508416079214595,Normal|AD,,,0.15449233821680208,0.2930702618035525,0.3048911132273407,False,7.452753634455273,0.6295062008196752,False,False,matrix-level: no per-antenna port-noise estimate
binary,very_noisy,M8.s4^2,M8,0.5739329472359875,Normal|AD,,,0.16011415703877038,0.28946128284362843,0.3365417791481166,False,8.385814981767334,0.5630977414792713,False,False,matrix-level: no per-antenna port-noise estimate
binary,very_noisy,M8.s5^2,M8,0.5763059812959938,Normal|AD,,,0.15637448748483013,0.29076258441925373,0.283965610203314,False,7.093374525841688,0.6246361996197416,False,False,matrix-level: no per-antenna port-noise estimate
binary,very_noisy,M8.s6^2,M8,0.5058243214796065,Normal|AD,,,0.13416436329688095,0.30421472146271483,0.2917772301114223,False,7.254606321875211,0.5899370591975355,False,False,matrix-level: no per-antenna port-noise estimate
binary,very_noisy,M8.lam0^2,M8,0.6311521512857452,Normal|AD,0.6097415502720224,5.995708323495108,0.18099344429416475,0.2783486962919927,0.32184941791089255,False,7.916570999232756,0.6126552242079324,False,False,
binary,very_noisy,M8.lam1^2,M8,0.5808020035524935,Normal|AD,0.5619136595113225,5.878505152459069,0.1697277783178371,0.28541557975491927,0.332300268888922,False,8.278909874241602,0.5793075927670636,False,False,
binary,very_noisy,M8.lam2^2,M8,0.6623004563636202,Normal|AD,0.6424651376196487,6.550096770429954,0.19482768611385373,0.2717248607332123,0.3110724611174289,False,7.737202887030531,0.5710455216761923,False,False,
binary,very_noisy,M8.lam3^2,M8,0.6496474368987852,Normal|AD,0.6302553245958356,6.498297132382156,0.19431711518495404,0.2725788951814275,0.31444723120368434,False,7.63821127888421,0.5544009500014021,False,False,
binary,very_noisy,M8.lam0^2[k3],M8,0.7714412191920406,Normal|AD,0.7130706559911733,4.34145954488114,0.27771988758849864,0.23878721093961336,0.8164553757883164,False,2.1503840506894094,0.8420022824183525,False,False,
binary,very_noisy,M8.lam1^2[k3],M8,0.7443680251631661,Normal|AD,0.6936641076097488,4.512972699886282,0.2689737971308409,0.2426193327286704,0.7198466422873412,False,1.9227724651853562,0.841079237145904,False,False,
binary,very_noisy,M8.lam2^2[k3],M8,0.5962491251709403,Normal|AD,0.5603185750735434,4.312354469855547,0.23660198074125338,0.2592820533714429,0.649823312763247,False,1.7365864750279714,0.8201519343264992,False,False,
binary,very_noisy,M8.lam3^2[k3],M8,0.5704629080041709,Normal|AD,0.5404290610278728,4.530984422552511,0.2263535696290066,0.26418051058303593,0.5433540596269949,False,1.45165408780943,0.8351244566385124,False,False,
binary,typical_jitter,M0.old_score,M0,15.806083650508604,Normal|AD,12.833306251988127,11.681946683223352,4.150460760169552,0.0009436492239842872,0.16549461696041215,True,3.109396936284462,0.8468986724824201,False,False,baseline only; not a physical quantity
binary,typical_jitter,M1.Sii_dBavg,M1,0.2431158325754816,Normal|AD,0.23097635687440257,3.0416232382426456,0.06867176384800686,0.35911648395674123,0.2586585452884683,False,6.886499855624783,1.139296590254621,False,False,dB averaging; shown for fragility
binary,typical_jitter,M2.R,M2,0.8443091141768096,Normal|AD,0.805615298758,5.929373543117191,0.2698333279529656,0.2388337460913535,0.32154188205149575,False,7.960578055471419,0.5754885632694305,False,False,
binary,typical_jitter,M2.R[k3],M2,0.674361222634427,Normal|AD,0.6303481312844732,4.395017318615036,0.2472995777495331,0.25261305365212805,0.6808665962975798,False,1.8143632821637043,0.8327185750360918,False,False,
binary,typical_jitter,M3.A,M3,0.8443091141768098,Normal|AD,0.8056152987579976,5.929373543116996,0.26983332795296583,0.23883374609135347,0.32154188205149914,False,7.960578055471068,0.575488563269423,False,False,affine copy of M2.R (identical separability)
binary,typical_jitter,M3.ML_of_powavg,M3,0.846025807051819,Normal|AD,0.8069703690583534,5.912822489205439,0.2671625880724125,0.23960595953695302,0.3239934579007221,False,7.598910640763066,0.5534402464212625,False,False,
binary,typical_jitter,M3.ML_dBavg,M3,0.6604607206006183,Normal|AD,0.6554446016529308,13.137797909264435,0.16514186971458855,0.28275129363590623,0.3820714153558043,False,5.397568107802027,0.7939561628655123,False,False,dB averaging; comparison only
binary,typical_jitter,M4.N,M4,0.8541783711109913,Normal|AD,0.8148723556147511,5.951200262179908,0.273015045721936,0.23747928209359706,0.3202317486854896,False,7.923052805098755,0.5777620050331924,False,False,
binary,typical_jitter,M4.N[k3],M4,0.6650475265123004,Normal|AD,0.621918173453023,4.379469348569787,0.24474629306375612,0.25386856667588176,0.6804157331544999,False,1.8148997140315979,0.833307407107252,False,False,
binary,typical_jitter,M5.C,M5,0.8171233193237935,Normal|AD,0.6551536609731049,2.571067941620069,0.24369418488141714,0.24814459429343744,0.009334183383325567,True,1.851513583205237,1.1104450882512082,False,False,
binary,typical_jitter,M5.C1,M5,0.7443805620464691,Normal|AD,0.5982043110783442,2.468305264269677,0.2276720360152303,0.2565042454260558,0.00791554081853729,True,1.8921788827986634,1.11070650242348,False,False,
binary,typical_jitter,M5.C2,M5,4.859463127520248,Normal|AD,3.415961664519432,4.795755387108677,2.3925928593366486,0.0060208733042765375,0.021431555490489185,True,0.5170218409626933,1.0372653124051705,False,False,
binary,typical_jitter,M5.C3,M5,57.80630730698094,Normal|AD,12.46696612081748,5.638263890670892,14.582112063113568,5.140859337516574e-09,0.009443306130108296,True,0.34231394320918285,1.1096387824945886,False,False,
binary,typical_jitter,M5.C[k3],M5,0.7904512742895539,Normal|AD,0.5976017292647886,2.2133452517765484,0.24074293325083107,0.250209081942326,0.8387330178899968,False,2.2092701748141574,0.6946944803934375,False,False,
binary,typical_jitter,M5.C1[k3],M5,0.6519694219987203,Normal|AD,0.500373472141019,2.0745884264670136,0.2112383437221483,0.266486052262571,0.9046817564644858,False,2.3789613389773643,0.6755122303084232,False,False,
binary,typical_jitter,M5.C2[k3],M5,2.6972578560712894,Normal|AD,2.1534101462293345,4.621691541476435,1.2800963503128662,0.04486569388465865,0.09236289637878883,True,0.23618881987421073,0.8704195776274413,True,False,
binary,typical_jitter,M5.C3[k3],M5,51.35192126917545,Normal|AD,15.566880232939138,6.684106769001806,13.28544810154705,6.192407757505256e-10,0.03739588196758407,True,0.10781975092122938,0.9242922724517313,True,False,
binary,typical_jitter,M5.C3_dBavg[k3],M5,27.452368319143947,Normal|AD,10.220188063387818,5.706426602223314,7.506866731159565,1.264197455058069e-06,0.06879497887030964,True,0.20179686849471837,0.896950832458875,True,False,dB averaging; comparison only
binary,typical_jitter,M6.fc_A,M6,0.2245682026544144,Normal|AD,0.19489634615730325,1.717586500295122,0.056934164507780285,0.36828600385474225,3.579570235000565,False,13.68910412912859,0.8642087822542781,False,False,
binary,typical_jitter,M6.spread_A,M6,11.11132287459184,Normal|AD,9.741625718728578,12.571911769279987,2.7834469003944844,0.009018866612892371,0.058848105682851884,True,5.090876117226684,0.6475431241069775,False,False,
binary,typical_jitter,M6.fc_N,M6,0.22539347707534463,Normal|AD,0.19551815467421033,1.7176034904293036,0.0571419231931255,0.36805394098940813,3.576655583316446,False,13.688813011412275,0.8644827153005603,False,False,
binary,typical_jitter,M6.spread_N,M6,11.09955390088613,Normal|AD,9.729993122246315,12.558372814945534,2.7803147336549014,0.009055809997235879,0.05888922200282708,True,5.098075214543685,0.6471453152044315,False,False,
binary,typical_jitter,M6.A[3.20],M6,3.1437126808997977,Normal|AD,2.961918991549152,10.121237310729182,0.792957445783821,0.10366827533023117,0.7703172381404927,False,0.3784556348772975,0.9952049067036713,False,False,
binary,typical_jitter,M6.N[3.20],M6,3.1436283092471333,Normal|AD,2.9618009714455664,10.119963332171146,0.7929344339086184,0.10367165659353413,0.7703005385857824,False,0.37844965392193636,0.9952104038612011,False,False,
binary,typical_jitter,M6.A[3.25],M6,1.7686917850056139,Normal|AD,1.6473722656918386,6.93061240843164,0.44295796132899656,0.17330564250506164,1.07217046665008,False,0.5281721528457642,0.9790143758858201,False,False,
binary,typical_jitter,M6.N[3.25],M6,1.768876076972699,Normal|AD,1.6474797516745054,6.929006591484272,0.44300254303576714,0.17329344852949766,1.072178594832904,False,0.5281812376189042,0.978996194200869,False,False,
binary,typical_jitter,M6.A[3.30],M6,0.3996995962483469,Normal|AD,0.3673121084645144,3.0110006140694026,0.10134242489544026,0.32673792040967964,2.3385550736946015,False,1.1637414106734856,0.8620768195068275,False,False,
binary,typical_jitter,M6.N[3.30],M6,0.39983507393470924,Normal|AD,0.3673986409808571,3.009592322804624,0.10138168364320106,0.3267080979221169,2.338863530001479,False,1.163910577778516,0.8620318185176306,False,False,
binary,typical_jitter,M6.A[3.35],M6,0.4166567299859976,Normal|AD,0.3577996998020779,2.250738355772221,0.10445968170012325,0.3238999424912681,3.7455999378613876,False,1.852195914161993,0.7317352262329804,False,False,
binary,typical_jitter,M6.N[3.35],M6,0.41752733203343334,Normal|AD,0.35840399645789844,2.249906192298192,0.10468344306892174,0.32372584267173404,3.74454877129275,False,1.8516406340671943,0.7318292389056227,False,False,
binary,typical_jitter,M6.A[3.40],M6,0.969323293065184,Normal|AD,0.9240781910127231,6.292422808994202,0.31139578355331643,0.2220708746190165,0.7463219842633726,False,0.3483690510979971,0.9870028662403364,False,False,
binary,typical_jitter,M6.N[3.40],M6,0.9662617667603349,Normal|AD,0.9211485707507772,6.28167465304109,0.3104888184996243,0.22242955813386756,0.7460490421654002,False,0.34821445121857547,0.9870420885394984,False,False,
binary,typical_jitter,M6.A[3.45],M6,0.14982558046293937,Normal|AD,0.1466474196958511,3.718409912642681,0.06084845867843482,0.3751768707551726,0.45535789535264193,False,0.22880938941430748,0.9179309176847389,False,False,
binary,typical_jitter,M6.N[3.45],M6,0.1489470190549731,Normal|AD,0.14578735852065533,3.707410081251892,0.06063525277993151,0.3754259612935845,0.4578036940782182,False,0.23016789164057044,0.9176563763008986,False,False,
binary,typical_jitter,M6.A[3.50],M6,0.06168897948858708,Normal|AD,0.0591916667048707,1.7100649476013472,0.06064170541012527,0.38022393113457575,1.3088091801210082,False,0.6354717930846638,0.9759363101790508,False,False,
binary,typical_jitter,M6.N[3.50],M6,0.06001135713806679,Normal|AD,0.05759993594870956,1.6931919142021228,0.060154575925333784,0.3807324096873675,1.327607892107654,False,0.6447491914108571,0.9746170362832164,False,False,
binary,typical_jitter,M6.A[3.55],M6,0.7302420108931996,Normal|AD,0.5304009521513486,1.9688298788117824,0.19192476854831575,0.26939042659125045,1.846406213973706,False,0.9115797452017949,0.9375507235769837,False,False,
binary,typical_jitter,M6.N[3.55],M6,0.721437010284887,Normal|AD,0.5228391556724293,1.9489961576760562,0.1898630560231855,0.2705389030753863,1.8642127139005198,False,0.920276046250954,0.9373028778754007,False,False,
binary,typical_jitter,M6.A[3.60],M6,0.35809569054977336,Normal|AD,0.3476982526216887,4.893872280496721,0.45365975746705894,0.18345179562791145,2.159299064560057,False,1.064817928100236,0.715383830744962,False,False,
binary,typical_jitter,M6.N[3.60],M6,0.34338041611854975,Normal|AD,0.333547777281768,4.826660373597301,0.4457443903915427,0.1859200824484915,2.1865120572728705,False,1.0781606068572105,0.7104775096943087,False,False,
binary,typical_jitter,M6.A[3.65],M6,0.31749942396385317,Normal|AD,0.2896145143751547,2.5681004677442223,0.09684895629568843,0.3363872764672319,1.780215427202915,False,0.8700371029730325,0.900521559028839,False,False,
binary,typical_jitter,M6.N[3.65],M6,0.3233376028921946,Normal|AD,0.29460244371735794,2.574865058843574,0.09846587159240515,0.3350341470307212,1.771569803580208,False,0.8658527700096065,0.901239477951427,False,False,
binary,typical_jitter,M6.A[3.70],M6,0.03853205760890108,Normal|AD,0.03223539428327788,0.6281123826685365,0.015503151878550132,0.4365757944440254,5.290089392558038,False,2.556193381001822,0.4532876250780651,False,False,
binary,typical_jitter,M6.N[3.70],M6,0.03826220174192959,Normal|AD,0.03206040806548546,0.6289640781285453,0.015287216362434944,0.4369604839761354,5.263025468939454,False,2.5430286092626124,0.4543792920431323,False,False,
binary,typical_jitter,M6.A[3.75],M6,0.10693719435263604,Normal|AD,0.10497608380083273,3.383557302939066,0.11560029206141924,0.3351548332667509,1.07450304408034,False,0.47807203867549614,0.9566407635304576,False,False,
binary,typical_jitter,M6.N[3.75],M6,0.10630435300322108,Normal|AD,0.10435905729411936,3.377246664119975,0.11518839310044024,0.3354489603773159,1.072949554967436,False,0.4796747392302611,0.95672515443299,False,False,
binary,typical_jitter,M6.A[3.80],M6,0.10940637451536842,Normal|AD,0.10198407476943969,1.733936731428062,0.02963866470999974,0.40559291667187036,2.286719107788342,False,1.130252318644738,0.7889899341804657,False,False,
binary,typical_jitter,M6.N[3.80],M6,0.10956413748254613,Normal|AD,0.10211551084287329,1.7332330594397447,0.029662156026529298,0.4055418981219428,2.2864346397646838,False,1.1301636047410732,0.7889529575399138,False,False,
binary,typical_jitter,M6.A[3.85],M6,0.4258991774757957,Normal|AD,0.406950381800578,4.277089343137268,0.14821445592170532,0.3039551416383075,1.6628709031667173,False,0.8101756746675336,0.9440173105776141,False,False,
binary,typical_jitter,M6.N[3.85],M6,0.4260808420498723,Normal|AD,0.4071174281954319,4.277229831591051,0.14825181629061487,0.3039270398156845,1.6620276464333346,False,0.8098005749038583,0.9440305445998245,False,False,
binary,typical_jitter,M6.A[3.90],M6,0.9635599493152253,Normal|AD,0.9072524347941718,5.572309886302431,0.25964879597391743,0.23772270965736236,1.2369788130099115,False,0.5913171793269703,0.9563767722970704,False,False,
binary,typical_jitter,M6.N[3.90],M6,0.9637108236428064,Normal|AD,0.9073928066919572,5.572657542739991,0.2596865546885443,0.23770604349246188,1.2367892495128918,False,0.5912308417461806,0.9563768340395541,False,False,
binary,typical_jitter,M6.A[3.95],M6,1.4243177182695308,Normal|AD,1.338654069439262,6.671973811609648,0.36284235151560223,0.19746418468758925,0.8754633164190034,False,0.4249228201767181,0.968112021287782,False,False,
binary,typical_jitter,M6.N[3.95],M6,1.4244258072727094,Normal|AD,1.3387590877424536,6.672369096431185,0.36287033244231137,0.1974550268348917,0.8754075038838579,False,0.42489603678894344,0.9681115100430948,False,False,
binary,typical_jitter,M6.A[4.00],M6,1.0864149370497163,Normal|AD,1.0418024059565223,7.1232323075196335,0.27739040558618494,0.22872785065207757,0.7031830435110771,False,0.3435084740994191,0.969493358126276,False,False,
binary,typical_jitter,M6.N[4.00],M6,1.0864890996995866,Normal|AD,1.041875378736706,7.123629911679423,0.27740923652110905,0.2287201654922581,0.7031445886276658,False,0.3434897173538449,0.9694931995798304,False,False,
binary,typical_jitter,M6.A[4.05],M6,0.6503396531538523,Normal|AD,0.6336883383888834,7.035560591332982,0.16432598937593695,0.28357544995298956,0.647029840002285,False,0.3177576795752837,0.9668245259888731,False,False,
binary,typical_jitter,M6.N[4.05],M6,0.6503828236874475,Normal|AD,0.6337309282266789,7.0359078513690125,0.16433677091997406,0.2835690555948349,0.646995772520122,False,0.3177409765412714,0.9668245738798146,False,False,
binary,typical_jitter,M6.A[4.10],M6,0.31444842118096966,Normal|AD,0.30911225978703455,6.035779197076112,0.0793604151421534,0.3454612538328056,0.6708535664798694,False,0.3305351917527001,0.9620348292122003,False,False,
binary,typical_jitter,M6.N[4.10],M6,0.3144703453275552,Normal|AD,0.30913392579977406,6.036055145546172,0.07936586417723218,0.3454561856283486,0.6708188639417603,False,0.3305181257471596,0.9620349492888727,False,False,
binary,typical_jitter,M6.A[4.15],M6,0.13360393625212266,Normal|AD,0.13192688082646534,4.584770106972464,0.03340120022454592,0.39802549362785195,0.7806902817269863,False,0.38552184609683227,0.9761280264497427,False,False,
binary,typical_jitter,M6.N[4.15],M6,0.1336139680230001,Normal|AD,0.13193682022753825,4.584988676003094,0.03340370759241736,0.39802175008486596,0.7806503660338068,False,0.3855021754956584,0.9761281137561372,False,False,
binary,typical_jitter,M7.D,M7,1.3824334234665197,Normal|AD,1.1939406149188878,4.184861417180375,0.5752979417014426,0.14662123303864985,1.9566190794003742,False,0.43503205230218056,1.0732070246752756,False,False,
binary,typical_jitter,M7.D_pow,M7,1.216307492971643,Normal|AD,1.0191875121325407,3.546487321837223,0.472163823255183,0.17289102469276063,2.6148480962881764,False,0.383303652887333,0.9832861823821415,False,False,
binary,typical_jitter,M7.D0,M7,1.384335539428946,Normal|AD,1.1939203322287029,4.166511082608305,0.5804050971921526,0.14546146691281792,1.926145849409762,False,0.43206174932950975,1.0729056210753931,False,False,
binary,typical_jitter,M7.D1,M7,0.7286386971155628,Normal|AD,0.6118483985648091,2.7630557232757673,0.23671612970416706,0.2541808312651407,5.137382397853133,False,0.7561691534447214,1.1031470832611483,False,False,
binary,typical_jitter,M7.D2,M7,2.3371886608398453,Normal|AD,2.0819759805016407,6.175165708044999,0.9612291512713036,0.07742265768044984,1.4152344477883438,False,0.23438813303094727,1.0896632404510163,False,False,
binary,typical_jitter,M7.D3,M7,0.4856700613675118,Normal|AD,0.47625449234010037,7.009417378335638,0.4215072739575256,0.19320776620729813,2.824622431398796,False,0.41719672993430706,1.1051534463706023,False,False,
binary,typical_jitter,M7.D3[k3],M7,0.4078857110185905,Normal|AD,0.40120671701944716,7.000238142547307,0.45461320202938904,0.18306490394039823,2.3348769852533797,False,0.6043590356849394,0.8829295572464334,False,False,
binary,typical_jitter,M8.s1^2,M8,0.4792246805660021,Normal|AD,,,0.19450400412965108,0.2807778728487478,0.38658778368788715,False,9.467611926129504,0.4812807923190753,False,False,matrix-level: no per-antenna port-noise estimate
binary,typical_jitter,M8.s2^2,M8,0.6251792224364199,Normal|AD,,,0.22042834720119125,0.26436811546873945,0.34043050563724214,False,8.42611225081776,0.5479289985210597,False,False,matrix-level: no per-antenna port-noise estimate
binary,typical_jitter,M8.s3^2,M8,0.8990061776373962,Normal|AD,,,0.2778939884838053,0.23436845821473007,0.3048911132273407,False,7.452753634455273,0.6295062008196752,False,False,matrix-level: no per-antenna port-noise estimate
binary,typical_jitter,M8.s4^2,M8,0.8447026148831406,Normal|AD,,,0.270476509972464,0.23861777747826882,0.3365417791481166,False,8.385814981767334,0.5630977414792713,False,False,matrix-level: no per-antenna port-noise estimate
binary,typical_jitter,M8.s5^2,M8,1.16239702112611,Normal|AD,,,0.33276793500157453,0.2106244886560465,0.283965610203314,False,7.093374525841688,0.6246361996197416,False,False,matrix-level: no per-antenna port-noise estimate
binary,typical_jitter,M8.s6^2,M8,1.412542568182661,Normal|AD,,,0.3932511303481094,0.18950093374281715,0.2917772301114223,False,7.254606321875211,0.5899370591975355,False,False,matrix-level: no per-antenna port-noise estimate
binary,typical_jitter,M8.lam0^2,M8,0.8567278788579218,Normal|AD,0.813499679283901,5.678473020592665,0.2630664570578054,0.24047759100687133,0.32184941791089255,False,7.916570999232756,0.6126552242079324,False,False,
binary,typical_jitter,M8.lam1^2,M8,0.7863912836698419,Normal|AD,0.7481914877953466,5.5502200727816255,0.24977926076909227,0.24745958619948194,0.332300268888922,False,8.278909874241602,0.5793075927670636,False,False,
binary,typical_jitter,M8.lam2^2,M8,0.9100400252619497,Normal|AD,0.8690477225982446,6.211777628745223,0.2942194685323708,0.2290471731799687,0.3110724611174289,False,7.737202887030531,0.5710455216761923,False,False,
binary,typical_jitter,M8.lam3^2,M8,0.8779411367620041,Normal|AD,0.8393143997792044,6.176835324374951,0.2896077189843114,0.231510150334999,0.31444723120368434,False,7.63821127888421,0.5544009500014021,False,False,
binary,typical_jitter,M8.lam0^2[k3],M8,0.7648919910198465,Normal|AD,0.7063554471523795,4.29648366903918,0.26458948471888966,0.24340648698759315,0.8164553757883164,False,2.1503840506894094,0.8420022824183525,False,False,
binary,typical_jitter,M8.lam1^2[k3],M8,0.7464315778386195,Normal|AD,0.6944674828157256,4.466674172534945,0.26140638592023013,0.24512980253466926,0.7198466422873412,False,1.9227724651853562,0.841079237145904,False,False,
binary,typical_jitter,M8.lam2^2[k3],M8,0.5990477772600228,Normal|AD,0.5618216453650282,4.252271700471159,0.23250296922140767,0.2607809313071301,0.649823312763247,False,1.7365864750279714,0.8201519343264992,False,False,
binary,typical_jitter,M8.lam3^2[k3],M8,0.5742984209865677,Normal|AD,0.5430409830297815,4.467076844333533,0.22422633643265966,0.26489244582868504,0.5433540596269949,False,1.45165408780943,0.8351244566385124,False,False,
