scheme,profile,metric,method_id,min_J_meas,weakest_pair,min_J_eff,min_gap_over_port,min_bhatt,max_bayes_err,shift_move_over_min_gap,shift_robust,band_move_over_min_gap,band_gap_retention,freq_robust,any_ad_pair,note
binary_early,ideal,M0.old_score,M0,14.402745856474997,Normal|MCI,2.68907553465569,2.5715362388391085,3.8756385011425225,0.001078772916604334,0.9379543061159982,False,17.622761992974976,1.220415345065506,False,False,baseline only; not a physical quantity
binary_early,ideal,M1.Sii_dBavg,M1,0.10799439618186756,Normal|MCI,0.10327283730111984,2.1735315950305707,1.932378399746243,0.013895469013078266,0.5227351377309039,False,13.91724926968558,0.7232054363268927,False,False,dB averaging; shown for fragility
binary_early,ideal,M2.R,M2,0.7120458623341226,Normal|MCI,0.6573013420448067,4.135051412280096,1.3206882504738084,0.04161183141941925,0.6961870382777623,False,17.23586123231692,1.1915556921042831,False,False,
binary_early,ideal,M2.R[k3],M2,2.137834273758293,Normal|MCI,2.0067842109613347,8.091587532111154,2.5318017463131297,0.004625554726701804,0.8124244025616314,False,2.1649365875152533,0.8157573520815975,False,False,
binary_early,ideal,M3.A,M3,0.7120458623340948,Normal|MCI,0.6573013420447672,4.135051412279447,1.3206882504737802,0.04161183141942131,0.6961870382777346,False,17.235861232315294,1.1915556921042092,False,False,affine copy of M2.R (identical separability)
binary_early,ideal,M3.ML_of_powavg,M3,0.7134964178643052,Normal|MCI,0.6587028210636557,4.141815540161321,1.3237276965663176,0.04138863985439866,0.6945620521595371,False,16.290189940941936,1.0928615563328445,False,False,
binary_early,ideal,M3.ML_dBavg,M3,0.6843037468093864,Normal|MCI,0.5765016369613563,2.7053664432312807,0.8308047132136134,0.09727425720142904,1.5021934635152414,False,21.221664863014613,1.4118588281740663,False,False,dB averaging; comparison only
binary_early,ideal,M4.N,M4,0.7025883580330679,Normal|MCI,0.6480703766586872,4.0870191638931,1.3161127528199403,0.04194853370055125,0.703912154095905,False,17.415928276774824,1.1924478476083935,False,False,
binary_early,ideal,M4.N[k3],M4,2.151256980579008,Normal|MCI,2.020130626372322,8.141527184960164,2.5372698246611503,0.00458012616836765,0.8024554973603899,False,2.140421189161069,0.8186211595849416,False,False,
binary_early,ideal,M5.C,M5,4.3756920334996305,Normal|MCI,2.6610975873083684,3.685429146974228,3.0212159312687294,0.001861562443211074,0.00724532782038685,True,1.4371715578445852,1.1119914300910716,False,False,
binary_early,ideal,M5.C1,M5,4.265806985109956,Normal|MCI,2.5865998033137907,3.625167492582732,2.990255143162914,0.0019719633549900254,0.005984985477924988,True,1.4306872259018946,1.1117184955851152,False,False,
binary_early,ideal,M5.C2,M5,1377.9821646067778,Normal|MCI,0.6948547373783598,1.1791567311414313,344.519303230083,1.0091527561573625e-155,0.14246385929636426,True,3.436844648851716,1.1446352508923074,False,False,
binary_early,ideal,M5.C3,M5,16.377539838003134,Normal|MCI,0.9588357202771846,1.4272087355660679,5.364427541718062,2.3167865874933863e-05,0.04346530892916244,True,1.5755902739305003,1.1159145698043529,False,False,
binary_early,ideal,M5.C[k3],M5,6.399889769243852,Normal|MCI,3.853933847485764,4.401775941650846,3.717138239644095,0.0005029640607040328,0.5703040480438828,False,1.5022130964735418,0.7427813753371019,False,False,
binary_early,ideal,M5.C1[k3],M5,6.484599179873846,Normal|MCI,3.95485176894127,4.502804500740391,3.7456681543514305,0.0004763880413276606,0.5636510980275753,False,1.482183277487569,0.7467418431031599,False,False,
binary_early,ideal,M5.C2[k3],M5,9.692951072184723,Normal|MCI,2.3057105220597336,2.459825380507187,3.7112458073535444,0.0005186190275837893,0.34824008862985667,False,0.8905136022268052,0.7948429066681524,False,False,
binary_early,ideal,M5.C3[k3],M5,31.411676938347096,Normal|MCI,0.5250002609973017,1.033367331093003,8.645315440946412,1.116222829082045e-07,0.29221712244927084,False,0.8425199701055275,0.8909458639523097,False,False,
binary_early,ideal,M5.C3_dBavg[k3],M5,21.877625582273016,Normal|MCI,0.5301890848300729,1.0424557199807434,6.4181279898986565,4.044994680148518e-06,0.6586475384748233,False,1.9320161571171894,0.8589970813464247,False,False,dB averaging; comparison only
binary_early,ideal,M6.fc_A,M6,2.9224464173763236,Normal|MCI,2.2792606732210556,4.5511072494949065,1.7932490820202103,0.01792917075474676,1.8306741474293968,False,7.000921168029759,0.6626690170590033,False,False,
binary_early,ideal,M6.spread_A,M6,0.3751324991651317,Normal|MCI,0.10434174080952664,0.5376745283522893,0.10244934183068952,0.3282979625485056,1.6305350672783572,False,141.0555520179952,-3.8328096022389655,False,False,
binary_early,ideal,M6.fc_N,M6,2.9151897046717283,Normal|MCI,2.2705640126454236,4.531703408735219,1.7898418516467913,0.018039542918090016,1.8368782678843651,False,7.030222102202133,0.6613654924097294,False,False,
binary_early,ideal,M6.spread_N,M6,0.35396111673699654,Normal|MCI,0.09898938975100134,0.5242531961169121,0.09777091985817882,0.3324209528160917,1.6713008057468979,False,144.68551161053057,-3.9672254208076114,False,False,
binary_early,ideal,M6.A[3.20],M6,4.442051568326585,Normal|MCI,4.031451473164356,9.339593866064543,1.7868488894291934,0.018504329775516234,1.4405850760136973,False,0.7077571584060658,0.9769911725167649,False,False,
binary_early,ideal,M6.N[3.20],M6,4.442877167129524,Normal|MCI,4.032049013525602,9.338560862511507,1.7869220994108508,0.01850230987161574,1.440488897073596,False,0.7077140638857087,0.9769976937700822,False,False,
binary_early,ideal,M6.A[3.25],M6,4.3803966302249515,Normal|MCI,3.975275853071315,9.271779456307545,2.075478266565579,0.010807204304971719,1.3209639087448872,False,0.6507326709839762,0.9645141619137919,False,False,
binary_early,ideal,M6.N[3.25],M6,4.3815490326183015,Normal|MCI,3.976032033014099,9.269349142639024,2.075537872994179,0.010806223341801537,1.3209396842218029,False,0.6507269969709946,0.9645335943580449,False,False,
binary_early,ideal,M6.A[3.30],M6,4.529133731561294,Normal|MCI,4.054772604723824,8.799363845507024,2.342116976666148,0.006597957296899026,1.2708739234284478,False,0.6324283866884514,0.9956834876013037,False,False,
binary_early,ideal,M6.N[3.30],M6,4.531365465445703,Normal|MCI,4.056035459487165,8.793925848793705,2.3422362638516097,0.006596375618622341,1.271051218597614,False,0.6325251299391119,0.9957280819399587,False,False,
binary_early,ideal,M6.A[3.35],M6,7.046293377558606,Normal|MCI,4.966048790918358,5.800209086431553,3.0087066114990844,0.0019271941164018633,2.0558678541450495,False,1.0166248672245044,0.8462380573114165,False,False,
binary_early,ideal,M6.N[3.35],M6,7.065319740001692,Normal|MCI,4.9692183642375225,5.787870525070369,3.0118466221686617,0.0019161535334984998,2.0581068496153123,False,1.0177125482288978,0.8459101318130559,False,False,
binary_early,ideal,M6.A[3.40],M6,2.310506734928365,Normal|MCI,2.191171642711457,9.211338244930698,2.611414559021091,0.003990179513234171,0.9779480677301927,False,0.45648774598881525,0.7808217055829446,False,False,
binary_early,ideal,M6.N[3.40],M6,2.3136169542631886,Normal|MCI,2.193886656656304,9.208010148577367,2.6128247713887465,0.0039801251605072014,0.9748337522141883,False,0.454998506628136,0.781252159812456,False,False,
binary_early,ideal,M6.A[3.45],M6,3.5643313409433914,Normal|MCI,3.487106103740969,17.941427234330472,3.5112474181870397,0.00073843323811183,0.15902339035125299,True,0.07990647624696372,0.978593482042398,True,False,
binary_early,ideal,M6.N[3.45],M6,3.5655107573332474,Normal|MCI,3.488282502523941,17.94707128063691,3.5120100694559255,0.0007405960419652971,0.15940040339196496,True,0.080141019502382,0.9785407689836493,True,False,
binary_early,ideal,M6.A[3.50],M6,3.856021609693445,Normal|MCI,3.696996740663185,13.38988163556503,2.9981341482588446,0.0019426651746770275,0.30453423237008487,False,0.14786182557337121,0.860833425198483,False,False,
binary_early,ideal,M6.N[3.50],M6,3.8598088189413433,Normal|MCI,3.701589706961838,13.438864124253966,3.0007865871098414,0.0019337293002892235,0.30451664175005244,False,0.14788768559352258,0.861636319468268,False,False,
binary_early,ideal,M6.A[3.55],M6,9.647430216555373,Normal|MCI,7.767205395616016,8.927879601414347,3.933634262389579,0.0003366100981481876,0.9475905384652429,False,0.46783006635942725,0.7478189782004524,False,False,
binary_early,ideal,M6.N[3.55],M6,9.649283994280916,Normal|MCI,7.756878515604482,8.894037140345995,3.9290029993877957,0.0003396008142633722,0.952891323435038,False,0.4703986047830544,0.7457086993344266,False,False,
binary_early,ideal,M6.A[3.60],M6,129.02253917755448,Normal|MCI,82.87431152215528,21.5268380570418,33.706859928920935,5.570402465909927e-29,0.5492929872892508,False,0.2708735581120155,0.7798419333142081,False,False,
binary_early,ideal,M6.N[3.60],M6,123.67911045464659,Normal|MCI,81.15132108806837,21.725739471466056,32.380203774011385,6.755326938706369e-28,0.5455517459509983,False,0.2690094479607684,0.7811656002421068,False,False,
binary_early,ideal,M6.A[3.65],M6,7.335197409366538,Normal|MCI,6.784865037467445,13.448658870221335,4.211590380603526,0.00019719869246709226,0.6425246946508956,False,0.3140183572058094,0.9076658359197088,False,False,
binary_early,ideal,M6.N[3.65],M6,7.346269813290377,Normal|MCI,6.788148763248325,13.36779908915979,4.208945486563271,0.00019851208276955445,0.6459726223912041,False,0.3157184003235187,0.9074138211155747,False,False,
binary_early,ideal,M6.A[3.70],M6,0.5108617233814038,Normal|MCI,0.42751780541745016,2.2893217119113696,2.010169097786194,0.0120574287962085,1.8893346095708183,False,0.9129344071721379,0.19931862198240638,False,False,
binary_early,ideal,M6.N[3.70],M6,0.5239119603609717,Normal|MCI,0.43918769549229136,2.3305870654218164,2.014869525165383,0.011953910856968683,1.8514324039334014,False,0.8945891672204365,0.21397768836788636,False,False,
binary_early,ideal,M6.A[3.75],M6,14.103375156332156,Normal|MCI,13.477424503489095,24.643928073572024,5.371951869835009,2.1567983231414508e-05,0.19488397205299288,True,0.08670852850332787,0.9412957605751504,True,False,
binary_early,ideal,M6.N[3.75],M6,14.064248656599379,Normal|MCI,13.442203187401125,24.654569761178976,5.3632501476613506,2.1924617988737233e-05,0.19413749202028144,True,0.08679145298911249,0.9414378555077777,True,False,
binary_early,ideal,M6.A[3.80],M6,2.079471213618481,Normal|MCI,1.8953299108965336,6.542718824924693,2.7347996192934843,0.003176600140690193,0.7844460346468127,False,0.38772665452940097,0.743979101317002,False,False,
binary_early,ideal,M6.N[3.80],M6,2.074522852850066,Normal|MCI,1.8904724489971532,6.528161628078831,2.732984912580644,0.003181787562360624,0.7857419626549199,False,0.3883850224565367,0.7432754872695474,False,False,
binary_early,ideal,M6.A[3.85],M6,9.269734829672048,Normal|MCI,8.212905038647493,12.003130570109708,3.794983249959611,0.0004379348934747713,0.6745187878942459,False,0.3286356824317819,0.896094594379395,False,False,
binary_early,ideal,M6.N[3.85],M6,9.267383221514875,Normal|MCI,8.210578139521294,12.000047957785975,3.794292762445385,0.0004385085418842662,0.6743920465601944,False,0.3285884372543381,0.8961420538162675,False,False,
binary_early,ideal,M6.A[3.90],M6,5.224236314093215,Normal|MCI,4.506982200930196,8.102756771004326,2.164193375635861,0.00929564782390886,1.028171886557491,False,0.4915004957466428,0.8792582160147987,False,False,
binary_early,ideal,M6.N[3.90],M6,5.224173575438007,Normal|MCI,4.506908269958262,8.102578442283331,2.164157113008207,0.009296268113443798,1.028106096299846,False,0.49147260372706025,0.8792693634444285,False,False,
binary_early,ideal,M6.A[3.95],M6,2.114185605204885,Normal|MCI,1.7067423220794067,4.208593219668286,0.9215156693279936,0.08282436486856244,1.7771910505727067,False,0.862593576497441,0.8761660699879268,False,False,
binary_early,ideal,M6.N[3.95],M6,2.1144716258455687,Normal|MCI,1.7069844061403399,4.208949445967872,0.9215840234063151,0.0828147820023003,1.7770356011597754,False,0.8625187479153948,0.8761763597869535,False,False,
binary_early,ideal,M6.A[4.00],M6,0.22399533901048468,Normal|MCI,0.16988277112084563,1.1859328115903236,0.15261656109481753,0.3097063728270708,5.949126013746755,False,2.9061781538466747,0.7279952746153416,False,False,
binary_early,ideal,M6.N[4.00],M6,0.2241474109753647,Normal|MCI,0.17000017159445624,1.1863651519467062,0.1526545616697053,0.30968128627745145,5.946939436671475,False,2.905110242275349,0.7280817744280753,False,False,
binary_early,ideal,M6.A[4.05],M6,0.3055142283349606,Normal|MCI,0.23685845871433064,1.451899807948548,0.0938292918150935,0.3390603788768086,4.393982349532017,False,2.157893730955463,0.8615343217155187,False,False,
binary_early,ideal,M6.N[4.05],M6,0.30533450796754963,Normal|MCI,0.2367210728965614,1.451499269910498,0.09378414424221466,0.33910079638457497,4.395240133695523,False,2.1585116186680655,0.8614855522254155,False,False,
binary_early,ideal,M6.A[4.10],M6,1.1994265510695659,Normal|MCI,0.9848669385742845,3.3183074208147985,0.30621528068663156,0.21742047519980004,1.7344928943104414,False,0.8545992300866767,0.974511324012318,False,False,
binary_early,ideal,M6.N[4.10],M6,1.1991071201656225,Normal|MCI,0.9846088650128961,3.317905235022899,0.30613542596500465,0.2174507554206548,1.7347011520870415,False,0.8547019237804634,0.974505257832981,False,False,
binary_early,ideal,M6.A[4.15],M6,1.2611615696922707,Normal|MCI,1.0970545486105392,4.106302052781069,0.3154983076003083,0.21350905725450503,1.2320955905874873,False,0.6084356085492635,0.9985320344721537,False,False,
binary_early,ideal,M6.N[4.15],M6,1.2608851579703357,Normal|MCI,1.0968185476115564,4.105915944246477,0.31542925741019656,0.2135343658745869,1.2322068783593678,False,0.6084906290144227,0.9985329194524358,False,False,
binary_early,ideal,M7.D,M7,36860.90969558028,Normal|MCI,198.83558055695082,19.995697484061665,9215.353695356189,0.0,0.6061736202971164,False,0.13477582676445757,1.1086959292583747,False,False,
binary_early,ideal,M7.D_pow,M7,11817.43021269944,Normal|MCI,64.44512894609827,11.384067888411847,2954.386883438911,0.0,0.9490287908894683,False,0.13911561545756893,1.0947602141796153,False,False,
binary_early,ideal,M7.D0,M7,36026.624336320165,Normal|MCI,194.90054827953992,19.797003639937117,9006.780599195647,0.0,0.6005560179988092,False,0.1347132065759417,1.108656090407779,False,False,
binary_early,ideal,M7.D1,M7,259063.71475917322,Normal|MCI,169.51594765660775,18.4188458638528,64765.960397277784,0.0,0.9406234224731882,False,0.1384499657605906,1.1105853861582795,False,False,
binary_early,ideal,M7.D2,M7,1009.7222261137662,Normal|MCI,138.42805486058185,17.912063068225862,253.55575756530652,3.5105283788072864e-201,1.1030000683089733,False,0.18267653613715049,1.1057789040854769,False,False,
binary_early,ideal,M7.D3,M7,75850.36035968062,Normal|MCI,97.05650048754764,13.941366577788886,18962.622156314577,0.0,1.1953558532547002,False,0.1765540581785762,1.107788153576282,False,False,
binary_early,ideal,M7.D3[k3],M7,39875.498047904504,Normal|MCI,96.23377874352846,13.890038659067077,9968.891800840103,0.0,1.349917359956953,False,0.3494123069740265,0.7964840912539173,False,False,
binary_early,ideal,M8.s1^2,M8,0.888615560604725,Normal|MCI,,,1.2419930285021326,0.047794203405112416,0.4817724678324504,False,11.798703825090026,1.1648676310445085,False,False,matrix-level: no per-antenna port-noise estimate
binary_early,ideal,M8.s2^2,M8,0.8094781957461177,Normal|MCI,,,1.3054587270373497,0.04274528008765469,0.5531536247648251,False,13.691295160198619,1.1608908998574892,False,False,matrix-level: no per-antenna port-noise estimate
binary_early,ideal,M8.s3^2,M8,0.6676258230852197,Normal|MCI,,,1.2310753964755607,0.04871698711173603,0.6594511038657075,False,16.119612536610894,1.1931844440543418,False,False,matrix-level: no per-antenna port-noise estimate
binary_early,ideal,M8.s4^2,M8,0.9078317896940193,Normal|MCI,,,1.240346539329718,0.04793337476037561,0.7017378044169414,False,17.485625138275005,1.196249615078882,False,False,matrix-level: no per-antenna port-noise estimate
binary_early,ideal,M8.s5^2,M8,0.578927129346899,Normal|MCI,,,1.1038808794247137,0.06083435033105845,0.8796660468227229,False,21.97379014773157,1.2046510429459851,False,False,matrix-level: no per-antenna port-noise estimate
binary_early,ideal,M8.s6^2,M8,0.300166467684371,Normal|MCI,,,0.8799653295905427,0.08949650083568626,1.7088342925408515,False,42.48761994542873,1.3485048964603819,False,False,matrix-level: no per-antenna port-noise estimate
binary_early,ideal,M8.lam0^2,M8,0.6928468376458605,Normal|MCI,0.6341385953114241,3.8687990397097125,1.333526064603643,0.04067884083004242,0.6875078886513103,False,16.910718833574457,1.1989914246368483,False,False,
binary_early,ideal,M8.lam1^2,M8,0.7394372993779342,Normal|MCI,0.6797095656805431,4.102412696399302,1.3363912877405888,0.040474521745318834,0.6681529898153976,False,16.64632533516181,1.1901291390315019,False,False,
binary_early,ideal,M8.lam2^2,M8,0.6357934931830316,Normal|MCI,0.5872297976325105,3.921220060523745,1.2815141594612656,0.04458515190555311,0.7610223215793789,False,18.928657594655657,1.1902685242652378,False,False,
binary_early,ideal,M8.lam3^2,M8,0.7735219302235503,Normal|MCI,0.7149714296588058,4.34640659486332,1.3256526313396455,0.04124933951864249,0.6910728944979849,False,16.786793628551493,1.194497273118859,False,False,
binary_early,ideal,M8.lam0^2[k3],M8,2.1769338192931964,Normal|MCI,2.012581442403051,7.3017397259493775,2.483996314699712,0.005053213075707119,1.0442916276541439,False,2.750460254129286,0.8340810148580726,False,False,
binary_early,ideal,M8.lam1^2[k3],M8,2.189004506208562,Normal|MCI,2.044335373926232,7.865502239786341,2.527450917815856,0.004663227474145907,0.892890531172802,False,2.384987616679728,0.8306038024862227,False,False,
binary_early,ideal,M8.lam2^2[k3],M8,2.0326062340255318,Normal|MCI,1.9134999876375143,8.081436917665066,2.512634866526345,0.00479143398719194,0.7513432114400722,False,2.0078880419703937,0.8061665341943678,False,False,
binary_early,ideal,M8.lam3^2[k3],M8,2.287160984133095,Normal|MCI,2.1730977881953106,9.33534197383911,2.6355882106028012,0.0038146364747974064,0.56861700609703,False,1.5191479417037266,0.8089065956345693,False,False,
binary_early,good,M0.old_score,M0,9.025868764158364,Normal|MCI,2.415300885672984,2.568181664091746,2.337614318791105,0.012971859145003154,0.9379543061159982,False,17.622761992974976,1.220415345065506,False,False,baseline only; not a physical quantity
binary_early,good,M1.Sii_dBavg,M1,0.1083002501717385,Normal|MCI,0.10355822133900668,2.174903158255223,1.5707732539287318,0.026677728806295032,0.5227351377309039,False,13.91724926968558,0.7232054363268927,False,False,dB averaging; shown for fragility
binary_early,good,M2.R,M2,0.7053348694335031,Normal|MCI,0.6514865143036845,4.131228050005151,0.9668513130045246,0.0770942537181824,0.6961870382777623,False,17.23586123231692,1.1915556921042831,False,False,
binary_early,good,M2.R[k3],M2,2.134164431775269,Normal|MCI,2.003569027950454,8.092210009877906,2.1847374672513755,0.008768457335881049,0.8124244025616314,False,2.1649365875152533,0.8157573520815975,False,False,
binary_early,good,M3.A,M3,0.705334869433525,Normal|MCI,0.6514865143036913,4.1312280500046565,0.9668513130045179,0.07709425371818326,0.6961870382777346,False,17.235861232315294,1.1915556921042092,False,False,affine copy of M2.R (identical separability)
binary_early,good,M3.ML_of_powavg,M3,0.7068264265828674,Normal|MCI,0.6529385525919441,4.138681618143607,0.9698769688115065,0.07669409182245733,0.6945620521595371,False,16.290189940941936,1.0928615563328445,False,False,
binary_early,good,M3.ML_dBavg,M3,0.615603153784254,Normal|MCI,0.527522059764498,2.715466057136135,0.5036894393912185,0.16827410112005803,1.5021934635152414,False,21.221664863014613,1.4118588281740663,False,False,dB averaging; comparison only
binary_early,good,M4.N,M4,0.6958672034815764,Normal|MCI,0.6422544064353425,4.083170317518236,0.9623080203679878,0.07769894630542151,0.703912154095905,False,17.415928276774824,1.1924478476083935,False,False,
binary_early,good,M4.N[k3],M4,2.1475693923893795,Normal|MCI,2.016897569444097,8.142158401071788,2.1901684715429375,0.008680428557971399,0.8024554973603899,False,2.140421189161069,0.8186211595849416,False,False,
binary_early,good,M5.C,M5,4.380203156555648,Normal|MCI,2.6640161205895447,3.687637651051081,2.670541887163016,0.0035814978217318166,0.00724532782038685,True,1.4371715578445852,1.1119914300910716,False,False,
binary_early,good,M5.C1,M5,4.269883453380409,Normal|MCI,2.5892642407711803,3.627242013350724,2.6406782037060585,0.003785058575312263,0.005984985477924988,True,1.4306872259018946,1.1117184955851152,False,False,
binary_early,good,M5.C2,M5,211.24253895017475,Normal|MCI,0.6982674709801011,1.1837088040619566,52.81130540737862,4.305003665895198e-25,0.14246385929636426,True,3.436844648851716,1.1446352508923074,False,False,
binary_early,good,M5.C3,M5,16.132965666423566,Normal|MCI,0.9602412925007361,1.4289943351870817,4.826896916661854,8.383434754056413e-05,0.04346530892916244,True,1.5755902739305003,1.1159145698043529,False,False,
binary_early,good,M5.C[k3],M5,6.385565946966586,Normal|MCI,3.8492186360383327,4.402472213408647,3.355605448873024,0.000995452141314343,0.5703040480438828,False,1.5022130964735418,0.7427813753371019,False,False,
binary_early,good,M5.C1[k3],M5,6.471163622639673,Normal|MCI,3.950486961596264,4.503736098400223,3.385960346449001,0.0009402042061148145,0.5636510980275753,False,1.482183277487569,0.7467418431031599,False,False,
binary_early,good,M5.C2[k3],M5,9.627170847036117,Normal|MCI,2.309448762805654,2.465077327320138,3.1599000740731458,0.0016250242192645784,0.34824008862985667,False,0.8905136022268052,0.7948429066681524,False,False,
binary_early,good,M5.C3[k3],M5,28.212425069816764,Normal|MCI,0.5279469626994884,1.037318646217292,7.425363383170351,5.018110846093984e-06,0.29221712244927084,False,0.8425199701055275,0.8909458639523097,False,False,
binary_early,good,M5.C3_dBavg[k3],M5,20.538582484167488,Normal|MCI,0.5327772585746142,1.0459117750328577,5.637715533757417,4.0376489360254834e-05,0.6586475384748233,False,1.9320161571171894,0.8589970813464247,False,False,dB averaging; comparison only
binary_early,good,M6.fc_A,M6,2.899491536527241,Normal|MCI,2.2703773370683575,4.574674499296406,1.4754131686021563,0.03178675810242495,1.8306741474293968,False,7.000921168029759,0.6626690170590033,False,False,
binary_early,good,M6.spread_A,M6,0.10160458325803902,Normal|MCI,0.05670203482416852,0.5065653436288743,0.02657839218940639,0.40978694702058166,1.6305350672783572,False,141.0555520179952,-3.8328096022389655,False,False,
binary_early,good,M6.fc_N,M6,2.8920801242760525,Normal|MCI,2.26164823997987,4.555264538321766,1.472011364478135,0.03197860805097386,1.8368782678843651,False,7.030222102202133,0.6613654924097294,False,False,
binary_early,good,M6.spread_N,M6,0.09610120823746694,Normal|MCI,0.05367770592273246,0.4931432982331715,0.02527544288360648,0.41210305040803075,1.6713008057468979,False,144.68551161053057,-3.9672254208076114,False,False,
binary_early,good,M6.A[3.20],M6,4.069739737820941,Normal|MCI,3.724268487831014,9.367265972605344,1.379992736482019,0.03875562959429178,1.4405850760136973,False,0.7077571584060658,0.9769911725167649,False,False,
binary_early,good,M6.N[3.20],M6,4.070303321758403,Normal|MCI,3.7246705071915995,9.36623027728444,1.38002065287248,0.038754773566788955,1.440488897073596,False,0.7077140638857087,0.9769976937700822,False,False,
binary_early,good,M6.A[3.25],M6,4.261782795226002,Normal|MCI,3.883674603203063,9.356728498463154,1.692302526870292,0.021943873011100814,1.3209639087448872,False,0.6507326709839762,0.9645141619137919,False,False,
binary_early,good,M6.N[3.25],M6,4.262780408022711,Normal|MCI,3.884323808479911,9.354296905827582,1.6923363842712171,0.021943113037872723,1.3209396842218029,False,0.6507269969709946,0.9645335943580449,False,False,
binary_early,good,M6.A[3.30],M6,4.482689021280473,Normal|MCI,4.018092574552377,8.805546824097435,2.0336491583608116,0.011696606909684232,1.2708739234284478,False,0.6324283866884514,0.9956834876013037,False,False,
binary_early,good,M6.N[3.30],M6,4.4848208413549004,Normal|MCI,4.019290082988869,8.800108616238942,2.0337487887490986,0.011694949682557345,1.271051218597614,False,0.6325251299391119,0.9957280819399587,False,False,
binary_early,good,M6.A[3.35],M6,7.011009122907413,Normal|MCI,4.949619547517525,5.802446372567662,2.640115124182516,0.003934501343932334,2.0558678541450495,False,1.0166248672245044,0.8462380573114165,False,False,
binary_early,good,M6.N[3.35],M6,7.0296214487986814,Normal|MCI,4.95266953244237,5.790118089387864,2.6432015099934514,0.003913765842245074,2.0581068496153123,False,1.0177125482288978,0.8459101318130559,False,False,
binary_early,good,M6.A[3.40],M6,2.3076657165099856,Normal|MCI,2.1884608387753017,9.205000646505226,2.288666394239703,0.007244116582989266,0.9779480677301927,False,0.45648774598881525,0.7808217055829446,False,False,
binary_early,good,M6.N[3.40],M6,2.310782396861855,Normal|MCI,2.1911825656810664,9.201709569395929,2.2900758258754994,0.007225641566958756,0.9748337522141883,False,0.454998506628136,0.781252159812456,False,False,
binary_early,good,M6.A[3.45],M6,3.564060043702718,Normal|MCI,3.4868862708080655,17.946159724911023,3.166554787880171,0.001417199145744345,0.15902339035125299,True,0.07990647624696372,0.978593482042398,True,False,
binary_early,good,M6.N[3.45],M6,3.5652457207324657,Normal|MCI,3.4880687817439093,17.95181966384063,3.167140017441782,0.0014163131308313902,0.15940040339196496,True,0.080141019502382,0.9785407689836493,True,False,
binary_early,good,M6.A[3.50],M6,3.8592448139418627,Normal|MCI,3.700204296377373,13.40062714850384,2.6626637532497712,0.0036314408117863162,0.30453423237008487,False,0.14786182557337121,0.860833425198483,False,False,
binary_early,good,M6.N[3.50],M6,3.8629832430020534,Normal|MCI,3.704751413706233,13.449589265637956,2.6651825732842878,0.0036144163686301868,0.30451664175005244,False,0.14788768559352258,0.861636319468268,False,False,
binary_early,good,M6.A[3.55],M6,9.65386353868374,Normal|MCI,7.773135343820731,8.933068675608402,3.63869728173976,0.0005976654660754658,0.9475905384652429,False,0.46783006635942725,0.7478189782004524,False,False,
binary_early,good,M6.N[3.55],M6,9.655735170371052,Normal|MCI,7.762826806889765,8.899238051141126,3.633865119820803,0.0006034182233276876,0.952891323435038,False,0.4703986047830544,0.7457086993344266,False,False,
binary_early,good,M6.A[3.60],M6,128.5674488869113,Normal|MCI,82.66930697637503,21.520636268465985,33.23372487168643,1.830078193200369e-27,0.5492929872892508,False,0.2708735581120155,0.7798419333142081,False,False,
binary_early,good,M6.N[3.60],M6,123.25746741176893,Normal|MCI,80.95383054362927,21.719582193589314,31.915844875509563,1.8185964261236678e-26,0.5455517459509983,False,0.2690094479607684,0.7811656002421068,False,False,
binary_early,good,M6.A[3.65],M6,7.331715120672323,Normal|MCI,6.781913155969756,13.44902364450911,3.9107644943066817,0.0003485844374955986,0.6425246946508956,False,0.3140183572058094,0.9076658359197088,False,False,
binary_early,good,M6.N[3.65],M6,7.342693979081812,Normal|MCI,6.785119781411686,13.368113908439158,3.9088790661695887,0.00034980037735246724,0.6459726223912041,False,0.3157184003235187,0.9074138211155747,False,False,
binary_early,good,M6.A[3.70],M6,0.5090235292980828,Normal|MCI,0.42619878911120673,2.288811312782556,1.6358286974159497,0.023743872507517676,1.8893346095708183,False,0.9129344071721379,0.19931862198240638,False,False,
binary_early,good,M6.N[3.70],M6,0.5220383837281495,Normal|MCI,0.4378394980056746,2.3300782852349022,1.64063414457963,0.023539457784290986,1.8514324039334014,False,0.8945891672204365,0.21397768836788636,False,False,
binary_early,good,M6.A[3.75],M6,14.058417565672334,Normal|MCI,13.436053718093929,24.637515153397093,5.033096400243659,4.183513596894287e-05,0.19488397205299288,True,0.08670852850332787,0.9412957605751504,True,False,
binary_early,good,M6.N[3.75],M6,14.019457073990496,Normal|MCI,13.400973147302906,24.64816287490442,5.024451252503638,4.25232720430913e-05,0.19413749202028144,True,0.08679145298911249,0.9414378555077777,True,False,
binary_early,good,M6.A[3.80],M6,2.077445814827737,Normal|MCI,1.893348982265671,6.536902802014646,2.3725221502704454,0.006208100951256966,0.7844460346468127,False,0.38772665452940097,0.743979101317002,False,False,
binary_early,good,M6.N[3.80],M6,2.0724930347895434,Normal|MCI,1.8884877638256083,6.522340888253938,2.37076781806885,0.006226099086992808,0.7857419626549199,False,0.3883850224565367,0.7432754872695474,False,False,
binary_early,good,M6.A[3.85],M6,9.245506406812527,Normal|MCI,8.191255758188575,11.986258909784507,3.43330269185412,0.000887133469398754,0.6745187878942459,False,0.3286356824317819,0.896094594379395,False,False,
binary_early,good,M6.N[3.85],M6,9.243149296742363,Normal|MCI,8.188925133846665,11.983176306643912,3.4326144550122972,0.0008882700826018932,0.6743920465601944,False,0.3285884372543381,0.8961420538162675,False,False,
binary_early,good,M6.A[3.90],M6,4.96731766849856,Normal|MCI,4.31630257017067,8.115894169222681,1.7535210803292534,0.020170136348728912,1.028171886557491,False,0.4915004957466428,0.8792582160147987,False,False,
binary_early,good,M6.N[3.90],M6,4.967234819631903,Normal|MCI,4.316215176644653,8.115715997648616,1.7534810094188629,0.020171596824764132,1.028106096299846,False,0.49147260372706025,0.8792693634444285,False,False,
binary_early,good,M6.A[3.95],M6,1.6456029719581364,Normal|MCI,1.3982428552877055,4.313243685907196,0.5481754186853424,0.15036760552754935,1.7771910505727067,False,0.862593576497441,0.8761660699879268,False,False,
binary_early,good,M6.N[3.95],M6,1.6458166288742153,Normal|MCI,1.3984321598871445,4.313603341192847,0.5482271694548914,0.15035439567724715,1.7770356011597754,False,0.8625187479153948,0.8761763597869535,False,False,
binary_early,good,M6.A[4.00],M6,0.10192680227545876,Normal|MCI,0.08917048111472067,1.1937325334282067,0.04348510076917332,0.3948292950833595,5.949126013746755,False,2.9061781538466747,0.7279952746153416,False,False,
binary_early,good,M6.N[4.00],M6,0.1019954015701965,Normal|MCI,0.0892310565138083,1.1941641897697584,0.04350213399369572,0.3948058168641714,5.946939436671475,False,2.905110242275349,0.7280817744280753,False,False,
binary_early,good,M6.A[4.05],M6,0.0752769573713137,Normal|MCI,0.06888616362419968,1.273897909631194,0.020458567561977642,0.4214211852284919,4.393982349532017,False,2.157893730955463,0.8615343217155187,False,False,
binary_early,good,M6.N[4.05],M6,0.07522656222411184,Normal|MCI,0.06884026858117558,1.2734955794913672,0.020445939666520217,0.42144613286088584,4.395240133695523,False,2.1585116186680655,0.8614855522254155,False,False,
binary_early,good,M6.A[4.10],M6,0.34425161535456594,Normal|MCI,0.32347915670037775,3.274403461519039,0.08647194038547207,0.33890356600962307,1.7344928943104414,False,0.8545992300866767,0.974511324012318,False,False,
binary_early,good,M6.N[4.10],M6,0.34415848136788235,Normal|MCI,0.32339211563598647,3.27400019329035,0.08644864132685563,0.3389240933081494,1.7347011520870415,False,0.8547019237804634,0.974505257832981,False,False,
binary_early,good,M6.A[4.15],M6,0.3429064865590205,Normal|MCI,0.329535335116399,4.111207898155857,0.08598617110797042,0.3392774550414269,1.2320955905874873,False,0.6084356085492635,0.9985320344721537,False,False,
binary_early,good,M6.N[4.15],M6,0.34283299660547256,Normal|MCI,0.32946507470754066,4.110825550693363,0.0859677806243732,0.3392936993709259,1.2322068783593678,False,0.6084906290144227,0.9985329194524358,False,False,
binary_early,good,M7.D,M7,22775.83297760637,Normal|MCI,198.05471587336712,19.9896009609234,5693.965453483257,0.0,0.6061736202971164,False,0.13477582676445757,1.1086959292583747,False,False,
binary_early,good,M7.D_pow,M7,4515.786901733716,Normal|MCI,63.752461347917354,11.372368880210923,1128.9517214574216,0.0,0.9490287908894683,False,0.13911561545756893,1.0947602141796153,False,False,
binary_early,good,M7.D0,M7,22181.5857096535,Normal|MCI,194.1250190346674,19.790852875697084,5545.4032790489055,0.0,0.6005560179988092,False,0.1347132065759417,1.108656090407779,False,False,
binary_early,good,M7.D1,M7,123675.33234144069,Normal|MCI,169.4134367356109,18.41987088180902,30918.850243048302,0.0,0.9406234224731882,False,0.1384499657605906,1.1105853861582795,False,False,
binary_early,good,M7.D2,M7,984.4188986144427,Normal|MCI,137.86431586651182,17.906199614478318,246.71905435654557,4.598177195052467e-168,1.1030000683089733,False,0.18267653613715049,1.1057789040854769,False,False,
binary_early,good,M7.D3,M7,25417.246249938602,Normal|MCI,96.67545413408943,13.931587619629482,6354.330073195392,0.0,1.1953558532547002,False,0.1765540581785762,1.107788153576282,False,False,
binary_early,good,M7.D3[k3],M7,11583.847603823488,Normal|MCI,95.58344929666755,13.8837107918926,2895.9811386013357,0.0,1.349917359956953,False,0.3494123069740265,0.7964840912539173,False,False,
binary_early,good,M8.s1^2,M8,0.8329977556964842,Normal|MCI,,,0.8721741331728247,0.09063640010432455,0.4817724678324504,False,11.798703825090026,1.1648676310445085,False,False,matrix-level: no per-antenna port-noise estimate
binary_early,good,M8.s2^2,M8,0.7943638671135275,Normal|MCI,,,0.9456223230784616,0.07994954752715532,0.5531536247648251,False,13.691295160198619,1.1608908998574892,False,False,matrix-level: no per-antenna port-noise estimate
binary_early,good,M8.s3^2,M8,0.6526066294014483,Normal|MCI,,,0.8796832352727898,0.08951223578954323,0.6594511038657075,False,16.119612536610894,1.1931844440543418,False,False,matrix-level: no per-antenna port-noise estimate
binary_early,good,M8.s4^2,M8,0.8753315557370887,Normal|MCI,,,0.9067652166705953,0.08543748989680697,0.7017378044169414,False,17.485625138275005,1.196249615078882,False,False,matrix-level: no per-antenna port-noise estimate
binary_early,good,M8.s5^2,M8,0.5824210052453334,Normal|MCI,,,0.7574769436361581,0.11016486314621128,0.8796660468227229,False,21.97379014773157,1.2046510429459851,False,False,matrix-level: no per-antenna port-noise estimate
binary_early,good,M8.s6^2,M8,0.3287117756104998,Normal|MCI,,,0.5613901448608338,0.15326360760052687,1.7088342925408515,False,42.48761994542873,1.3485048964603819,False,False,matrix-level: no per-antenna port-noise estimate
binary_early,good,M8.lam0^2,M8,0.6863589105501577,Normal|MCI,0.6285666382540746,3.8639492533184905,0.9789827991044261,0.07550291472200756,0.6875078886513103,False,16.910718833574457,1.1989914246368483,False,False,
binary_early,good,M8.lam1^2,M8,0.732783092569517,Normal|MCI,0.6739846712425958,4.098688325094792,0.9815933163778195,0.07516217152697027,0.6681529898153976,False,16.64632533516181,1.1901291390315019,False,False,
binary_early,good,M8.lam2^2,M8,0.629125914741414,Normal|MCI,0.5814539940716974,3.9175102319012667,0.9285440324003666,0.08233839600421651,0.7610223215793789,False,18.928657594655657,1.1902685242652378,False,False,
binary_early,good,M8.lam3^2,M8,0.766318710755823,Normal|MCI,0.708739416847611,4.343400116528119,0.9730105340740308,0.07627847066201883,0.6910728944979849,False,16.786793628551493,1.194497273118859,False,False,
binary_early,good,M8.lam0^2[k3],M8,2.1725479179558524,Normal|MCI,2.0088765453826354,7.302808993390999,2.1313841633229016,0.009668094726093285,1.0442916276541439,False,2.750460254129286,0.8340810148580726,False,False,
binary_early,good,M8.lam1^2[k3],M8,2.1849919399824187,Normal|MCI,2.040863688882976,7.866333567146853,2.1783787126639838,0.008870563210498447,0.892890531172802,False,2.384987616679728,0.8306038024862227,False,False,
binary_early,good,M8.lam2^2[k3],M8,2.029235537284558,Normal|MCI,1.9105211177439902,8.08175000337527,2.168641077892646,0.009030454534880791,0.7513432114400722,False,2.0078880419703937,0.8061665341943678,False,False,
binary_early,good,M8.lam3^2[k3],M8,2.283871029078154,Normal|MCI,2.170137658395193,9.335777058455864,2.2929422893295146,0.007188181580483641,0.56861700609703,False,1.5191479417037266,0.8089065956345693,False,False,
binary_early,typical,M0.old_score,M0,3.1414387990156283,Normal|MCI,1.6713422732984982,2.672631438935536,0.7939208785506945,0.1034692184771711,0.9379543061159982,False,17.622761992974976,1.220415345065506,False,False,baseline only; not a physical quantity
binary_early,typical,M1.Sii_dBavg,M1,0.10471700789661789,Normal|MCI,0.10016183469380294,2.145963338044887,1.1621886979310296,0.05495864563045162,0.5227351377309039,False,13.91724926968558,0.7232054363268927,False,False,dB averaging; shown for fragility
binary_early,typical,M2.R,M2,0.6722997193806673,Normal|MCI,0.6257435086339289,4.251144102016612,0.5761298797787209,0.14915735401136881,0.6961870382777623,False,17.23586123231692,1.1915556921042831,False,False,
binary_early,typical,M2.R[k3],M2,2.132589327850991,Normal|MCI,2.0027400812169325,8.110753287041513,1.727105680934615,0.020165429660126064,0.8124244025616314,False,2.1649365875152533,0.8157573520815975,False,False,
binary_early,typical,M3.A,M3,0.672299719380665,Normal|MCI,0.6257435086339148,4.251144102016024,0.5761298797787137,0.1491573540113706,0.6961870382777346,False,17.235861232315294,1.1915556921042092,False,False,affine copy of M2.R (identical separability)
binary_early,typical,M3.ML_of_powavg,M3,0.6737315979479159,Normal|MCI,0.6272213237108879,4.262794660890256,0.5789495288232316,0.14845930726891368,0.6945620521595371,False,16.290189940941936,1.0928615563328445,False,False,
binary_early,typical,M3.ML_dBavg,M3,0.000781706798241836,Normal|MCI,0.0007782206144445846,0.5907628372415265,0.0014218645127987263,0.48171994899128123,1.5021934635152414,False,21.221664863014613,1.4118588281740663,False,False,dB averaging; comparison only
binary_early,typical,M4.N,M4,0.6631566765775796,Normal|MCI,0.6168434714606168,4.202987889169258,0.5719479324120749,0.1502105643852757,0.703912154095905,False,17.415928276774824,1.1924478476083935,False,False,
binary_early,typical,M4.N[k3],M4,2.1459628583453543,Normal|MCI,2.016035567943785,8.160654710246169,1.7324268624317964,0.019973408226850523,0.8024554973603899,False,2.140421189161069,0.8186211595849416,False,False,
binary_early,typical,M5.C,M5,4.333468477659076,Normal|MCI,2.648257860886988,3.690505530727493,2.210036644201441,0.008418008451243028,0.00724532782038685,True,1.4371715578445852,1.1119914300910716,False,False,
binary_early,typical,M5.C1,M5,4.224072747998958,Normal|MCI,2.574029109853496,3.6302765006885567,2.1801670831119226,0.008889271554566248,0.005984985477924988,True,1.4306872259018946,1.1117184955851152,False,False,
binary_early,typical,M5.C2,M5,23.039468226504873,Normal|MCI,0.6834670233673851,1.1868967583359271,5.760143469790967,0.00034366554760883664,0.14246385929636426,True,3.436844648851716,1.1446352508923074,False,False,
binary_early,typical,M5.C3,M5,13.93962531433577,Normal|MCI,0.9447745099114152,1.4237016322446943,3.7636671201538885,0.001246967705111849,0.04346530892916244,True,1.5755902739305003,1.1159145698043529,False,False,
binary_early,typical,M5.C[k3],M5,6.350163656057284,Normal|MCI,3.8351513839404126,4.400769867413289,2.8739252817620065,0.0024698958244221466,0.5703040480438828,False,1.5022130964735418,0.7427813753371019,False,False,
binary_early,typical,M5.C1[k3],M5,6.435486045711029,Normal|MCI,3.9359282496874752,4.501918920847348,2.90086419711373,0.0023490360899574925,0.5636510980275753,False,1.482183277487569,0.7467418431031599,False,False,
binary_early,typical,M5.C2[k3],M5,7.900437714060353,Normal|MCI,2.2035882911870255,2.472227496343471,2.245717220523622,0.010885266012677386,0.34824008862985667,False,0.8905136022268052,0.7948429066681524,False,False,
binary_early,typical,M5.C3[k3],M5,14.189440305370827,Normal|MCI,0.5136393902890378,1.0324057302773553,3.5988000760455807,0.0030661366161927163,0.29221712244927084,False,0.8425199701055275,0.8909458639523097,False,False,
binary_early,typical,M5.C3_dBavg[k3],M5,12.986568819970797,Normal|MCI,0.5213454321766966,1.0422573392124903,3.3530010621728614,0.0034700192212846,0.6586475384748233,False,1.9320161571171894,0.8589970813464247,False,False,dB averaging; comparison only
binary_early,typical,M6.fc_A,M6,2.55402971480033,Normal|MCI,2.059794530397254,4.61395220338519,0.9734842153191188,0.07579483078639043,1.8306741474293968,False,7.000921168029759,0.6626690170590033,False,False,
binary_early,typical,M6.spread_A,M6,0.007513622202982147,Normal|MCI,0.006637319143493379,0.33737186440734335,0.0023742160632503452,0.47405418789456344,1.6305350672783572,False,141.0555520179952,-3.8328096022389655,False,False,
binary_early,typical,M6.fc_N,M6,2.5456979096055026,Normal|MCI,2.0510156396978614,4.594515747071294,0.9701266864904042,0.07621840942253488,1.8368782678843651,False,7.030222102202133,0.6613654924097294,False,False,
binary_early,typical,M6.spread_N,M6,0.006933123561095934,Normal|MCI,0.006124579974799848,0.3240902044032029,0.0022358576265460966,0.4749337663766043,1.6713008057468979,False,144.68551161053057,-3.9672254208076114,False,False,
binary_early,typical,M6.A[3.20],M6,2.4390290613943595,Normal|MCI,2.309581586240888,9.329177313676894,0.691692609189676,0.11838096473249171,1.4405850760136973,False,0.7077571584060658,0.9769911725167649,False,False,
binary_early,typical,M6.N[3.20],M6,2.438898236410183,Normal|MCI,2.3094372631757794,9.32814929726538,0.6916088777936317,0.11839623192918389,1.440488897073596,False,0.7077140638857087,0.9769976937700822,False,False,
binary_early,typical,M6.A[3.25],M6,3.59292457238938,Normal|MCI,3.316842543085342,9.291426723039883,1.1506544485318546,0.057168332571709855,1.3209639087448872,False,0.6507326709839762,0.9645141619137919,False,False,
binary_early,typical,M6.N[3.25],M6,3.593278842477157,Normal|MCI,3.3170116295526606,9.289006822226243,1.1505757104784613,0.05717715109267961,1.3209396842218029,False,0.6507269969709946,0.9645335943580449,False,False,
binary_early,typical,M6.A[3.30],M6,4.0508272347676115,Normal|MCI,3.6638656382475214,8.7583580325668,1.5154129339047206,0.030206397827610778,1.2708739234284478,False,0.6324283866884514,0.9956834876013037,False,False,
binary_early,typical,M6.N[3.30],M6,4.052219807031406,Normal|MCI,3.664568424322535,8.752905592280777,1.515370196977759,0.03021028993468225,1.271051218597614,False,0.6325251299391119,0.9957280819399587,False,False,
binary_early,typical,M6.A[3.35],M6,6.443916912530699,Normal|MCI,4.660973893870361,5.804429854743751,2.0527626523731852,0.012630627400112665,2.0558678541450495,False,1.0166248672245044,0.8462380573114165,False,False,
binary_early,typical,M6.N[3.35],M6,6.457999686391164,Normal|MCI,4.662810317870573,5.7920559477348945,2.0548922003742027,0.012596849616996824,2.0581068496153123,False,1.0177125482288978,0.8459101318130559,False,False,
binary_early,typical,M6.A[3.40],M6,2.3039160336150175,Normal|MCI,2.18548630731091,9.221296862042177,1.8378354480645933,0.01650942117032297,0.9779480677301927,False,0.45648774598881525,0.7808217055829446,False,False,
binary_early,typical,M6.N[3.40],M6,2.307066436852077,Normal|MCI,2.188240098686744,9.217988829802636,1.8391861015872728,0.016469389570236543,0.9748337522141883,False,0.454998506628136,0.781252159812456,False,False,
binary_early,typical,M6.A[3.45],M6,3.553594538708204,Normal|MCI,3.477042060035148,17.966946648788362,2.7103240373407806,0.003322817096759449,0.15902339035125299,True,0.07990647624696372,0.978593482042398,True,False,
binary_early,typical,M6.N[3.45],M6,3.554761274659922,Normal|MCI,3.478205033495016,17.9724592132074,2.7107710015091273,0.0033198844484254326,0.15940040339196496,True,0.080141019502382,0.9785407689836493,True,False,
binary_early,typical,M6.A[3.50],M6,3.8354920318153263,Normal|MCI,3.6784756428576477,13.40562263524498,2.179980714396395,0.008872009489756114,0.30453423237008487,False,0.14786182557337121,0.860833425198483,False,False,
binary_early,typical,M6.N[3.50],M6,3.839386047549091,Normal|MCI,3.6831559917007595,13.454688619507381,2.1825362735968685,0.008830450919146974,0.30451664175005244,False,0.14788768559352258,0.861636319468268,False,False,
binary_early,typical,M6.A[3.55],M6,9.40975198169368,Normal|MCI,7.608743890705495,8.916670887770135,3.119236183054347,0.0017340174594536214,0.9475905384652429,False,0.46783006635942725,0.7478189782004524,False,False,
binary_early,typical,M6.N[3.55],M6,9.408228394641249,Normal|MCI,7.5966480520326805,8.882825428157334,3.113861133471733,0.0017547486838884574,0.952891323435038,False,0.4703986047830544,0.7457086993344266,False,False,
binary_early,typical,M6.A[3.60],M6,125.99031357652156,Normal|MCI,81.70427713078155,21.561182008484472,32.13314362361396,1.2496861548652678e-23,0.5492929872892508,False,0.2708735581120155,0.7798419333142081,False,False,
binary_early,typical,M6.N[3.60],M6,120.83084554790663,Normal|MCI,80.00104933941937,21.760212929840662,30.852348378273796,7.889247451941808e-23,0.5455517459509983,False,0.2690094479607684,0.7811656002421068,False,False,
binary_early,typical,M6.A[3.65],M6,7.312318318266245,Normal|MCI,6.766465331486589,13.464357279463645,3.4408315344441043,0.0008495911883905069,0.6425246946508956,False,0.3140183572058094,0.9076658359197088,False,False,
binary_early,typical,M6.N[3.65],M6,7.323136112038451,Normal|MCI,6.769587455026123,13.383409047106051,3.4391931180162563,0.0008522669830589898,0.6459726223912041,False,0.3157184003235187,0.9074138211155747,False,False,
binary_early,typical,M6.A[3.70],M6,0.5143066818781187,Normal|MCI,0.4308963955900694,2.3051686569767478,1.1929613791144213,0.052079898828318566,1.8893346095708183,False,0.9129344071721379,0.19931862198240638,False,False,
binary_early,typical,M6.N[3.70],M6,0.5273700413277204,Normal|MCI,0.4425892179288175,2.3465203506034396,1.1978700548299834,0.05163534066290905,1.8514324039334014,False,0.8945891672204365,0.21397768836788636,False,False,
binary_early,typical,M6.A[3.75],M6,14.030409307262467,Normal|MCI,13.41201383882219,24.669708364396612,4.564537833792999,0.00011094863085599191,0.19488397205299288,True,0.08670852850332787,0.9412957605751504,True,False,
binary_early,typical,M6.N[3.75],M6,13.991695937666368,Normal|MCI,13.377139217178433,24.680321595211833,4.5559664470550585,0.00011267266747144858,0.19413749202028144,True,0.08679145298911249,0.9414378555077777,True,False,
binary_early,typical,M6.A[3.80],M6,2.079752713899393,Normal|MCI,1.8958744689299367,6.548780916626689,1.9258113399231385,0.014068136754429467,0.7844460346468127,False,0.38772665452940097,0.743979101317002,False,False,
binary_early,typical,M6.N[3.80],M6,2.0748022490367046,Normal|MCI,1.8910147183975303,6.534205458596204,1.923984502558397,0.014114844603558862,0.7857419626549199,False,0.3883850224565367,0.7432754872695474,False,False,
binary_early,typical,M6.A[3.85],M6,8.880891004841018,Normal|MCI,7.912527385099381,12.047075949418993,2.910019836538863,0.0026008574471328484,0.6745187878942459,False,0.3286356824317819,0.896094594379395,False,False,
binary_early,typical,M6.N[3.85],M6,8.878514672662739,Normal|MCI,7.910199907250875,12.04399616765551,2.9093261909601846,0.002604131050723664,0.6743920465601944,False,0.3285884372543381,0.8961420538162675,False,False,
binary_early,typical,M6.A[3.90],M6,3.7679638604345698,Normal|MCI,3.3970552557757463,8.307803453612767,1.0934514180167527,0.06399351374231198,1.028171886557491,False,0.4915004957466428,0.8792582160147987,False,False,
binary_early,typical,M6.N[3.90],M6,3.7678380748328673,Normal|MCI,3.3969393703994037,8.307633953908853,1.0934083939797155,0.06399783536877712,1.028106096299846,False,0.49147260372706025,0.8792693634444285,False,False,
binary_early,typical,M6.A[3.95],M6,0.5592854797004534,Normal|MCI,0.5265905615302674,4.24451602815235,0.1627115581262912,0.28938226181878657,1.7771910505727067,False,0.862593576497441,0.8761660699879268,False,False,
binary_early,typical,M6.N[3.95],M6,0.5593563273302062,Normal|MCI,0.5266586069616085,4.244877196553547,0.16272880451455227,0.289371264423794,1.7770356011597754,False,0.8625187479153948,0.8761763597869535,False,False,
binary_early,typical,M6.A[4.00],M6,0.016787467489098977,Normal|MCI,0.016307885169913553,1.0685007485460685,0.004470769708067472,0.462916116865447,5.949126013746755,False,2.9061781538466747,0.7279952746153416,False,False,
binary_early,typical,M6.N[4.00],M6,0.016799915194940684,Normal|MCI,0.016320001082886164,1.0689241123355078,0.004473907920483113,0.46290277563028126,5.946939436671475,False,2.905110242275349,0.7280817744280753,False,False,
binary_early,typical,M6.A[4.05],M6,0.01219454902219186,Normal|MCI,0.012004919708210651,1.2425811546716055,0.003343840383108797,0.4681492695889371,4.393982349532017,False,2.157893730955463,0.8615343217155187,False,False,
binary_early,typical,M6.N[4.05],M6,0.01218598935662861,Normal|MCI,0.011996500351063276,1.2421689589387794,0.0033416867919947076,0.4681599658424386,4.395240133695523,False,2.1585116186680655,0.8614855522254155,False,False,
binary_early,typical,M6.A[4.10],M6,0.028951658419048006,Normal|MCI,0.02864158993104938,2.3127115346962603,0.007469511942124593,0.4517343926164873,1.7344928943104414,False,0.8545992300866767,0.974511324012318,False,False,
binary_early,typical,M6.N[4.10],M6,0.028940681779411014,Normal|MCI,0.028630738223467764,2.31230087861371,0.007466748534370465,0.4517433882001398,1.7347011520870415,False,0.8547019237804634,0.974505257832981,False,False,
binary_early,typical,M6.A[4.15],M6,0.06026130845919438,Normal|MCI,0.05987399853615615,4.316423971188021,0.015795140091861812,0.4302608374732563,1.2320955905874873,False,0.6084356085492635,0.9985320344721537,False,False,
binary_early,typical,M6.N[4.15],M6,0.06024861022235073,Normal|MCI,0.059861392608680175,4.316029161987204,0.01579198992034588,0.4302679142053043,1.2322068783593678,False,0.6084906290144227,0.9985329194524358,False,False,
binary_early,typical,M7.D,M7,6480.090724752243,Normal|MCI,193.54318138396053,19.975073065092563,1620.0388470093205,0.0,0.6061736202971164,False,0.13477582676445757,1.1086959292583747,False,False,
binary_early,typical,M7.D_pow,M7,467.9228377175244,Normal|MCI,56.484694841266396,11.334835894441122,116.98834728120337,1.6560691560323903e-53,0.9490287908894683,False,0.13911561545756893,1.0947602141796153,False,False,
binary_early,typical,M7.D0,M7,6281.822931499423,Normal|MCI,189.64447337841705,19.77614466374513,1570.4721399168911,0.0,0.6005560179988092,False,0.1347132065759417,1.108656090407779,False,False,
binary_early,typical,M7.D1,M7,32907.461811484114,Normal|MCI,168.85746405253667,18.424352811630133,8226.990234727244,0.0,0.9406234224731882,False,0.1384499657605906,1.1105853861582795,False,False,
binary_early,typical,M7.D2,M7,790.2309257242875,Normal|MCI,133.35387143425075,17.912358683302337,197.6892542074365,1.6894714413616432e-99,1.1030000683089733,False,0.18267653613715049,1.1057789040854769,False,False,
binary_early,typical,M7.D3,M7,4428.207961178003,Normal|MCI,95.20836781417393,13.949936730164762,1107.1128642339015,0.0,1.1953558532547002,False,0.1765540581785762,1.107788153576282,False,False,
binary_early,typical,M7.D3[k3],M7,2066.664755086894,Normal|MCI,92.36194175835504,13.905597660574013,516.7070822915524,3.3081027242861337e-236,1.349917359956953,False,0.3494123069740265,0.7964840912539173,False,False,
binary_early,typical,M8.s1^2,M8,0.6986258968708507,Normal|MCI,,,0.4441293875008195,0.18521230234371372,0.4817724678324504,False,11.798703825090026,1.1648676310445085,False,False,matrix-level: no per-antenna port-noise estimate
binary_early,typical,M8.s2^2,M8,0.7041342172464359,Normal|MCI,,,0.5233515903030415,0.1626698689211292,0.5531536247648251,False,13.691295160198619,1.1608908998574892,False,False,matrix-level: no per-antenna port-noise estimate
binary_early,typical,M8.s3^2,M8,0.5899191575560278,Normal|MCI,,,0.4716293362514039,0.17749528400942535,0.6594511038657075,False,16.119612536610894,1.1931844440543418,False,False,matrix-level: no per-antenna port-noise estimate
binary_early,typical,M8.s4^2,M8,0.6789103417632831,Normal|MCI,,,0.46673932950601654,0.1785957300134287,0.7017378044169414,False,17.485625138275005,1.196249615078882,False,False,matrix-level: no per-antenna port-noise estimate
binary_early,typical,M8.s5^2,M8,0.5279375408109707,Normal|MCI,,,0.37967041246708777,0.20685945175319986,0.8796660468227229,False,21.97379014773157,1.2046510429459851,False,False,matrix-level: no per-antenna port-noise estimate
binary_early,typical,M8.s6^2,M8,0.38231467472460745,Normal|MCI,,,0.28051303506417424,0.24525327118423845,1.7088342925408515,False,42.48761994542873,1.3485048964603819,False,False,matrix-level: no per-antenna port-noise estimate
binary_early,typical,M8.lam0^2,M8,0.6577116677075426,Normal|MCI,0.6071483003364733,3.974313923849539,0.5883400127429627,0.14618884616097103,0.6875078886513103,False,16.910718833574457,1.1989914246368483,False,False,
binary_early,typical,M8.lam1^2,M8,0.6990138954865557,Normal|MCI,0.647985141993693,4.213402478585436,0.5897663158011341,0.1457792663027214,0.6681529898153976,False,16.64632533516181,1.1901291390315019,False,False,
binary_early,typical,M8.lam2^2,M8,0.5986431609484417,Normal|MCI,0.5577780964543159,4.0425336541639,0.5408149531718952,0.158284677570328,0.7610223215793789,False,18.928657594655657,1.1902685242652378,False,False,
binary_early,typical,M8.lam3^2,M8,0.7268019249305047,Normal|MCI,0.6774372432777772,4.466315480851567,0.5809640360415622,0.14787146291490785,0.6910728944979849,False,16.786793628551493,1.194497273118859,False,False,
binary_early,typical,M8.lam0^2[k3],M8,2.1713475137801113,Normal|MCI,2.0086772236231116,7.3228581678311,1.6770361899742836,0.02207167766911843,1.0442916276541439,False,2.750460254129286,0.8340810148580726,False,False,
binary_early,typical,M8.lam1^2[k3],M8,2.1839193395792194,Normal|MCI,2.0405846194791804,7.885602805163535,1.7220369169292928,0.02035241170675004,0.892890531172802,False,2.384987616679728,0.8306038024862227,False,False,
binary_early,typical,M8.lam2^2[k3],M8,2.026720619205551,Normal|MCI,1.9087707344187088,8.09916159506058,1.7100815487123924,0.020790917673931656,0.7513432114400722,False,2.0078880419703937,0.8061665341943678,False,False,
binary_early,typical,M8.lam3^2[k3],M8,2.2822618210194263,Normal|MCI,2.1690792300261514,9.352885604375048,1.8315796897734624,0.016697126086743935,0.56861700609703,False,1.5191479417037266,0.8089065956345693,False,False,
binary_early,noisy,M0.old_score,M0,0.8987089170015221,Normal|MCI,0.7142420280556786,2.6380803096133008,0.22506204839486862,0.25118835908846027,0.9379543061159982,False,17.622761992974976,1.220415345065506,False,False,baseline only; not a physical quantity
binary_early,noisy,M1.Sii_dBavg,M1,0.10343113259597479,Normal|MCI,0.09895978787905571,2.1396904059898825,0.7796702076924993,0.10616809365879107,0.5227351377309039,False,13.91724926968558,0.7232054363268927,False,False,dB averaging; shown for fragility
binary_early,noisy,M2.R,M2,0.5031675799711035,Normal|MCI,0.4764645484870865,4.237467063260449,0.2536326122778189,0.25479305747697256,0.6961870382777623,False,17.23586123231692,1.1915556921042831,False,False,
binary_early,noisy,M2.R[k3],M2,2.100846146213979,Normal|MCI,1.975026997697188,8.121294686462342,1.361751966329756,0.03875342315068395,0.8124244025616314,False,2.1649365875152533,0.8157573520815975,False,False,
binary_early,noisy,M3.A,M3,0.5031675799711238,Normal|MCI,0.47646454848709874,4.23746706325994,0.2536326122778243,0.25479305747696995,0.6961870382777346,False,17.235861232315294,1.1915556921042092,False,False,affine copy of M2.R (identical separability)
binary_early,noisy,M3.ML_of_powavg,M3,0.5045419285728637,Normal|MCI,0.4780140160487651,4.264149341197586,0.25557015882882766,0.2539642337129081,0.6945620521595371,False,16.290189940941936,1.0928615563328445,False,False,
binary_early,noisy,M3.ML_dBavg,M3,0.006702963316853802,Normal|MCI,0.006699180369582653,4.872413195495586,0.001709912260081789,0.4768002833465641,1.5021934635152414,False,21.221664863014613,1.4118588281740663,False,False,dB averaging; comparison only
binary_early,noisy,M4.N,M4,0.49522981588218984,Normal|MCI,0.46877234377623705,4.18914320795073,0.25052084218233717,0.2562449597242401,0.703912154095905,False,17.415928276774824,1.1924478476083935,False,False,
binary_early,noisy,M4.N[k3],M4,2.114511025418582,Normal|MCI,1.988571912961277,8.171660425692629,1.3672992383881888,0.03837618291556832,0.8024554973603899,False,2.140421189161069,0.8186211595849416,False,False,
binary_early,noisy,M5.C,M5,4.2362754286879625,Normal|MCI,2.6192428081294907,3.70455103159547,1.794111652486598,0.01815907130400624,0.00724532782038685,True,1.4371715578445852,1.1119914300910716,False,False,
binary_early,noisy,M5.C1,M5,4.124023568047664,Normal|MCI,2.542780202914152,3.6419218288073254,1.7628216919342707,0.019193092795592386,0.005984985477924988,True,1.4306872259018946,1.1117184955851152,False,False,
binary_early,noisy,M5.C2,M5,2.217528240189446,Normal|MCI,0.5955423526993249,1.276093122392685,0.554696749917579,0.1461031984320282,0.14246385929636426,True,3.436844648851716,1.1446352508923074,False,False,
binary_early,noisy,M5.C3,M5,5.9354034020320015,Normal|MCI,0.8930844409327937,1.4500107532443305,1.5067723596112923,0.0401545815611238,0.04346530892916244,True,1.5755902739305003,1.1159145698043529,False,False,
binary_early,noisy,M5.C[k3],M5,6.352600103262729,Normal|MCI,3.8600053773645326,4.4356663939211565,2.486264284072494,0.005184241976809377,0.5703040480438828,False,1.5022130964735418,0.7427813753371019,False,False,
binary_early,noisy,M5.C1[k3],M5,6.446193739247505,Normal|MCI,3.965330791697199,4.539468424994994,2.5214086944234806,0.004857502260890866,0.5636510980275753,False,1.482183277487569,0.7467418431031599,False,False,
binary_early,noisy,M5.C2[k3],M5,3.0888742327445464,Normal|MCI,1.622943690472559,2.615231508389607,0.7931025763113306,0.10312863257207616,0.34824008862985667,False,0.8905136022268052,0.7948429066681524,False,False,
binary_early,noisy,M5.C3[k3],M5,2.6600783875687846,Normal|MCI,0.4534314858056674,1.0455664270494953,0.6659000350513932,0.1242168223622766,0.29221712244927084,False,0.8425199701055275,0.8909458639523097,False,False,
binary_early,noisy,M5.C3_dBavg[k3],M5,3.0085414659894947,Normal|MCI,0.463187912249145,1.0463995631953416,0.7576922726486254,0.10894744883835676,0.6586475384748233,False,1.9320161571171894,0.8589970813464247,False,False,dB averaging; comparison only
binary_early,noisy,M6.fc_A,M6,1.8854700885672462,Normal|MCI,1.6192062577251782,4.788724144284877,0.5763637025486029,0.14239413825390765,1.8306741474293968,False,7.000921168029759,0.6626690170590033,False,False,
binary_early,noisy,M6.spread_A,M6,0.00020996819353124644,Normal|MCI,0.0002037435210954115,0.11723989107469408,5.2525395764665685e-05,0.4959117904110443,1.6305350672783572,False,141.0555520179952,-3.8328096022389655,False,False,
binary_early,noisy,M6.fc_N,M6,1.8765813534206228,Normal|MCI,1.6107800857737478,4.769120525848631,0.5734357627425519,0.1430555121758915,1.8368782678843651,False,7.030222102202133,0.6613654924097294,False,False,
binary_early,noisy,M6.spread_N,M6,0.0002587611370190231,Normal|MCI,0.0002510883847757392,0.13013743640866726,6.473412584296973e-05,0.4954615369886065,1.6713008057468979,False,144.68551161053057,-3.9672254208076114,False,False,
binary_early,noisy,M6.A[3.20],M6,1.1848615840756778,Normal|MCI,1.1562854604044193,9.792186610004869,0.31025586405900807,0.21651894690100823,1.4405850760136973,False,0.7077571584060658,0.9769911725167649,False,False,
binary_early,noisy,M6.N[3.20],M6,1.1846357376978631,Normal|MCI,1.1560648028627392,9.791208010673909,0.3101875486034308,0.21654386955365806,1.440488897073596,False,0.7077140638857087,0.9769976937700822,False,False,
binary_early,noisy,M6.A[3.25],M6,2.152052157435998,Normal|MCI,2.0526565522607414,9.427921287585896,0.6255272006062886,0.1312338075085466,1.3209639087448872,False,0.6507326709839762,0.9645141619137919,False,False,
binary_early,noisy,M6.N[3.25],M6,2.1516894126016135,Normal|MCI,2.0522779100700634,9.425503426507161,0.6253525208892169,0.13126884985770973,1.3209396842218029,False,0.6507269969709946,0.9645335943580449,False,False,
binary_early,noisy,M6.A[3.30],M6,3.4447515866564817,Normal|MCI,3.1690011058458594,8.898094391172563,1.0682914733522866,0.06555227866364821,1.2708739234284478,False,0.6324283866884514,0.9956834876013037,False,False,
binary_early,noisy,M6.N[3.30],M6,3.4450477229078293,Normal|MCI,3.168938969796425,8.892614571411618,1.0680725801981992,0.0655779828344777,1.271051218597614,False,0.6325251299391119,0.9957280819399587,False,False,
binary_early,noisy,M6.A[3.35],M6,5.277811373260222,Normal|MCI,4.046805999935988,5.890716857097736,1.4922166822974552,0.03545068863638171,2.0558678541450495,False,1.0166248672245044,0.8462380573114165,False,False,
binary_early,noisy,M6.N[3.35],M6,5.28326942822244,Normal|MCI,4.046017974827934,5.878293884862627,1.4926070788553831,0.035456289363078854,2.0581068496153123,False,1.0177125482288978,0.8459101318130559,False,False,
binary_early,noisy,M6.A[3.40],M6,2.268246719714219,Normal|MCI,2.1541011957497807,9.252599231567073,1.4640619648004343,0.03233288571074682,0.9779480677301927,False,0.45648774598881525,0.7808217055829446,False,False,
binary_early,noisy,M6.N[3.40],M6,2.271428361146905,Normal|MCI,2.1568935129406093,9.249325210792717,1.4653423215040609,0.03225966262442309,0.9748337522141883,False,0.454998506628136,0.781252159812456,False,False,
binary_early,noisy,M6.A[3.45],M6,3.5672804416784065,Normal|MCI,3.490706017772441,18.034262734920777,2.360942299630542,0.006349097227103712,0.15902339035125299,True,0.07990647624696372,0.978593482042398,True,False,
binary_early,noisy,M6.N[3.45],M6,3.56846990313322,Normal|MCI,3.4918920691198547,18.039931478888,2.361565059318709,0.006341836292520566,0.15940040339196496,True,0.080141019502382,0.9785407689836493,True,False,
binary_early,noisy,M6.A[3.50],M6,3.784250089304667,Normal|MCI,3.6330343662079607,13.484696942836832,1.8299712325429311,0.016873420252854734,0.30453423237008487,False,0.14786182557337121,0.860833425198483,False,False,
binary_early,noisy,M6.N[3.50],M6,3.788463106708857,Normal|MCI,3.637978447227443,13.534134089624311,1.8323765840777972,0.016799994728448266,0.30451664175005244,False,0.14788768559352258,0.861636319468268,False,False,
binary_early,noisy,M6.A[3.55],M6,8.796717119486608,Normal|MCI,7.21303541329862,8.951594344119567,2.6226939897693637,0.005160086136169179,0.9475905384652429,False,0.46783006635942725,0.7478189782004524,False,False,
binary_early,noisy,M6.N[3.55],M6,8.78135645134887,Normal|MCI,7.1927115741937975,8.917204170108107,2.61440488625754,0.005252564711400614,0.952891323435038,False,0.4703986047830544,0.7457086993344266,False,False,
binary_early,noisy,M6.A[3.60],M6,118.22765564238786,Normal|MCI,78.5496615229363,21.635744365088815,29.893922154279934,3.691385275998943e-19,0.5492929872892508,False,0.2708735581120155,0.7798419333142081,False,False,
binary_early,noisy,M6.N[3.60],M6,113.65438904471921,Normal|MCI,76.96110108073188,21.834860688390815,28.758604272729944,1.387852308668769e-18,0.5455517459509983,False,0.2690094479607684,0.7811656002421068,False,False,
binary_early,noisy,M6.A[3.65],M6,7.294844499945895,Normal|MCI,6.758966406298697,13.565323630855612,3.077182455604005,0.0016965845987167508,0.6425246946508956,False,0.3140183572058094,0.9076658359197088,False,False,
binary_early,noisy,M6.N[3.65],M6,7.304731300567574,Normal|MCI,6.761434851886363,13.483980671639367,3.0741215570789824,0.001706773254871743,0.6459726223912041,False,0.3157184003235187,0.9074138211155747,False,False,
binary_early,noisy,M6.A[3.70],M6,0.5040402087268641,Normal|MCI,0.4244150149906455,2.3180228258125597,0.8426675806620263,0.09535988844919455,1.8893346095708183,False,0.9129344071721379,0.19931862198240638,False,False,
binary_early,noisy,M6.N[3.70],M6,0.5168871227523537,Normal|MCI,0.4359431289581628,2.359584085155515,0.847381687600894,0.09459615760422206,1.8514324039334014,False,0.8945891672204365,0.21397768836788636,False,False,
binary_early,noisy,M6.A[3.75],M6,13.786130591449561,Normal|MCI,13.190731597678765,24.715339782968083,4.163041620366123,0.00029102978152347473,0.19488397205299288,True,0.08670852850332787,0.9412957605751504,True,False,
binary_early,noisy,M6.N[3.75],M6,13.749159610630413,Normal|MCI,13.157378608995401,24.726192799610352,4.154853540209379,0.0002948252713292949,0.19413749202028144,True,0.08679145298911249,0.9414378555077777,True,False,
binary_early,noisy,M6.A[3.80],M6,2.066084779072712,Normal|MCI,1.8870735667955332,6.599991341276282,1.57277276668931,0.02661251840481523,0.7844460346468127,False,0.38772665452940097,0.743979101317002,False,False,
binary_early,noisy,M6.N[3.80],M6,2.061150691202419,Normal|MCI,1.8822325456873807,6.585356873637831,1.5710307304636957,0.026695578195207337,0.7857419626549199,False,0.3883850224565367,0.7432754872695474,False,False,
binary_early,noisy,M6.A[3.85],M6,7.9765212831915075,Normal|MCI,7.194725475488499,12.116640068447477,2.3604591276762186,0.008234338605290738,0.6745187878942459,False,0.3286356824317819,0.896094594379395,False,False,
binary_early,noisy,M6.N[3.85],M6,7.974049725810346,Normal|MCI,7.192353902946476,12.113540522410116,2.3597608375481487,0.008243859789434435,0.6743920465601944,False,0.3285884372543381,0.8961420538162675,False,False,
binary_early,noisy,M6.A[3.90],M6,1.599141225128848,Normal|MCI,1.517183064236107,7.694515845986947,0.44311069505259104,0.17454608331516686,1.028171886557491,False,0.4915004957466428,0.8792582160147987,False,False,
binary_early,noisy,M6.N[3.90],M6,1.5990306660626001,Normal|MCI,1.5170796784155358,7.694324418753926,0.443078372210705,0.17455514820799348,1.028106096299846,False,0.49147260372706025,0.8792693634444285,False,False,
binary_early,noisy,M6.A[3.95],M6,0.1494545522463818,Normal|MCI,0.14670533167787597,3.993813018396605,0.03818357246398785,0.39167266458167543,1.7771910505727067,False,0.862593576497441,0.8761660699879268,False,False,
binary_early,noisy,M6.N[3.95],M6,0.14947310885787565,Normal|MCI,0.14672366996883462,3.9941519855458942,0.03818815810015789,0.391666218663649,1.7770356011597754,False,0.8625187479153948,0.8761763597869535,False,False,
binary_early,noisy,M6.A[4.00],M6,0.003960654484890388,Normal|MCI,0.0039316360370979415,1.0359720561542471,0.0013669522370271514,0.4806669526209224,5.949126013746755,False,2.9061781538466747,0.7279952746153416,False,False,
binary_early,noisy,M6.N[4.00],M6,0.003963767254858588,Normal|MCI,0.003934727434728804,1.0364048491612878,0.0013677595396831646,0.48066052893031663,5.946939436671475,False,2.905110242275349,0.7280817744280753,False,False,
binary_early,noisy,M6.A[4.05],M6,0.00043410003959691373,Normal|MCI,0.00043230421504649526,0.457164704634534,0.0006280611763017428,0.48783746938116185,4.393982349532017,False,2.157893730955463,0.8615343217155187,False,False,
binary_early,noisy,M6.N[4.05],M6,0.0004348474310999722,Normal|MCI,0.0004330485877470447,0.4575674186295957,0.0006282626149059732,0.4878354169696666,4.395240133695523,False,2.1585116186680655,0.8614855522254155,False,False,
binary_early,noisy,M6.A[4.10],M6,0.008538457541845243,Normal|MCI,0.008517628238428833,2.642571073344311,0.0023236511952681236,0.4733915109160731,1.7344928943104414,False,0.8545992300866767,0.974511324012318,False,False,
binary_early,noisy,M6.N[4.10],M6,0.008535744112421141,Normal|MCI,0.008514921911866275,2.6421819026638755,0.002322970905931339,0.4733955667197637,1.7347011520870415,False,0.8547019237804634,0.974505257832981,False,False,
binary_early,noisy,M6.A[4.15],M6,0.0021248263227658325,Normal|MCI,0.002121268964942929,1.5918817725522738,0.0006998859931258291,0.4860348429184928,1.2320955905874873,False,0.6084356085492635,0.9985320344721537,False,False,
binary_early,noisy,M6.N[4.15],M6,0.0021236757957615875,Normal|MCI,0.0021201204614173714,1.5914725460125942,0.000699574893016776,0.48603823021041215,1.2322068783593678,False,0.6084906290144227,0.9985329194524358,False,False,
binary_early,noisy,M7.D,M7,647.940061861795,Normal|MCI,151.72495581722762,19.905630290535992,161.98839573263794,5.699721094440362e-73,0.6061736202971164,False,0.13477582676445757,1.1086959292583747,False,False,
binary_early,noisy,M7.D_pow,M7,36.704986900703084,Normal|MCI,22.987025003681875,11.091087269803259,9.176307538020316,9.173253370681849e-06,0.9490287908894683,False,0.13911561545756893,1.0947602141796153,False,False,
binary_early,noisy,M7.D0,M7,626.5994406607289,Normal|MCI,148.23282228325928,19.70614867537102,156.6532673365894,1.2191811457745472e-70,0.6005560179988092,False,0.1347132065759417,1.108656090407779,False,False,
binary_early,noisy,M7.D1,M7,5940.81311165952,Normal|MCI,165.1134122601324,18.430062886646834,1485.3436593200597,0.0,0.9406234224731882,False,0.1384499657605906,1.1105853861582795,False,False,
binary_early,noisy,M7.D2,M7,150.59456175420715,Normal|MCI,77.60266657018735,17.89454436166757,37.65117955584988,1.835374057148087e-18,1.1030000683089733,False,0.18267653613715049,1.1057789040854769,False,False,
binary_early,noisy,M7.D3,M7,364.00180462252246,Normal|MCI,76.77408433487564,13.949572979113292,91.04269715433044,1.8227810850721206e-43,1.1953558532547002,False,0.1765540581785762,1.107788153576282,False,False,
binary_early,noisy,M7.D3[k3],M7,192.62192581383093,Normal|MCI,63.94303370309019,13.836008498060021,48.205256839440054,4.26138076432836e-24,1.349917359956953,False,0.3494123069740265,0.7964840912539173,False,False,
binary_early,noisy,M8.s1^2,M8,0.36718954997298164,Normal|MCI,,,0.15693943973656116,0.3029116288332151,0.4817724678324504,False,11.798703825090026,1.1648676310445085,False,False,matrix-level: no per-antenna port-noise estimate
binary_early,noisy,M8.s2^2,M8,0.4395089975805984,Normal|MCI,,,0.19993993526785497,0.27971805578344877,0.5531536247648251,False,13.691295160198619,1.1608908998574892,False,False,matrix-level: no per-antenna port-noise estimate
binary_early,noisy,M8.s3^2,M8,0.43209294197596537,Normal|MCI,,,0.1994043329280046,0.280188055132027,0.6594511038657075,False,16.119612536610894,1.1931844440543418,False,False,matrix-level: no per-antenna port-noise estimate
binary_early,noisy,M8.s4^2,M8,0.4591018947158634,Normal|MCI,,,0.1844036125909983,0.286041410485144,0.7017378044169414,False,17.485625138275005,1.196249615078882,False,False,matrix-level: no per-antenna port-noise estimate
binary_early,noisy,M8.s5^2,M8,0.3609635648830895,Normal|MCI,,,0.16495913962851347,0.29911902919613,0.8796660468227229,False,21.97379014773157,1.2046510429459851,False,False,matrix-level: no per-antenna port-noise estimate
binary_early,noisy,M8.s6^2,M8,0.23406228719318498,Normal|MCI,,,0.0901358442460505,0.34771451499948725,1.7088342925408515,False,42.48761994542873,1.3485048964603819,False,False,matrix-level: no per-antenna port-noise estimate
binary_early,noisy,M8.lam0^2,M8,0.49829794718265474,Normal|MCI,0.4684613809033272,3.955687941189929,0.2610790497216589,0.2518066539534927,0.6875078886513103,False,16.910718833574457,1.1989914246368483,False,False,
binary_early,noisy,M8.lam1^2,M8,0.5264781980259156,Normal|MCI,0.49677288860404134,4.196305481600316,0.26416442924814854,0.2500314353345893,0.6681529898153976,False,16.64632533516181,1.1901291390315019,False,False,
binary_early,noisy,M8.lam2^2,M8,0.44051263990020995,Normal|MCI,0.4178650085365067,4.0318168360809015,0.22774994288897557,0.2671694965722102,0.7610223215793789,False,18.928657594655657,1.1902685242652378,False,False,
binary_early,noisy,M8.lam3^2,M8,0.5394003142546465,Normal|MCI,0.5116464660914777,4.459580222963183,0.25765818337727,0.2524039703836043,0.6910728944979849,False,16.786793628551493,1.194497273118859,False,False,
binary_early,noisy,M8.lam0^2[k3],M8,2.1253474404249793,Normal|MCI,1.9698181412530515,7.33731095557371,1.3037447277372562,0.04293317951295417,1.0442916276541439,False,2.750460254129286,0.8340810148580726,False,False,
binary_early,noisy,M8.lam1^2[k3],M8,2.145345664175681,Normal|MCI,2.007137476537251,7.893785305143303,1.3508819022026681,0.039509851893318314,0.892890531172802,False,2.384987616679728,0.8306038024862227,False,False,
binary_early,noisy,M8.lam2^2[k3],M8,2.0025066490787626,Normal|MCI,1.887667128667524,8.113701063153913,1.3489585299024553,0.039630280209433724,0.7513432114400722,False,2.0078880419703937,0.8061665341943678,False,False,
binary_early,noisy,M8.lam3^2[k3],M8,2.2576048419291315,Normal|MCI,2.1469284837464317,9.358803323454802,1.4728262550544016,0.03183121142228434,0.56861700609703,False,1.5191479417037266,0.8089065956345693,False,False,
binary_early,very_noisy,M0.old_score,M0,0.3440273926363327,Normal|MCI,0.31626176898343195,2.7995043156734254,0.0860171008533813,0.3391588603610589,0.9379543061159982,False,17.622761992974976,1.220415345065506,False,False,baseline only; not a physical quantity
binary_early,very_noisy,M1.Sii_dBavg,M1,0.0913416736816436,Normal|MCI,0.08763902245522784,2.079418196416496,0.4506358214491985,0.1846467708603574,0.5227351377309039,False,13.91724926968558,0.7232054363268927,False,False,dB averaging; shown for fragility
binary_early,very_noisy,M2.R,M2,0.2947414654370082,Normal|MCI,0.28729754744839997,4.769806779096747,0.09484462248501374,0.33962211644035945,0.6961870382777623,False,17.23586123231692,1.1915556921042831,False,False,
binary_early,very_noisy,M2.R[k3],M2,1.9774071757510379,Normal|MCI,1.87091803181939,8.33561722110627,0.9874611915031277,0.07421778667663644,0.8124244025616314,False,2.1649365875152533,0.8157573520815975,False,False,
binary_early,very_noisy,M3.A,M3,0.29474146543701873,Normal|MCI,0.2872975474484082,4.7698067790961645,0.0948446224850168,0.3396221164403569,0.6961870382777346,False,17.235861232315294,1.1915556921042092,False,False,affine copy of M2.R (identical separability)
binary_early,very_noisy,M3.ML_of_powavg,M3,0.2962622329120537,Normal|MCI,0.289076945435696,4.8824499269643304,0.09619914407927967,0.33878349403515645,0.6945620521595371,False,16.290189940941936,1.0928615563328445,False,False,
binary_early,very_noisy,M3.ML_dBavg,M3,0.041613609841078515,Normal|MCI,0.041603849449771496,18.83500920050561,0.01171665886984033,0.4408968269247383,1.5021934635152414,False,21.221664863014613,1.4118588281740663,False,False,dB averaging; comparison only
binary_early,very_noisy,M4.N,M4,0.28971496023727233,Normal|MCI,0.2823704056389253,4.719840426179893,0.0932874742271043,0.34091299506304484,0.703912154095905,False,17.415928276774824,1.1924478476083935,False,False,
binary_early,very_noisy,M4.N[k3],M4,1.9910257262894615,Normal|MCI,1.8843381999811895,8.386408965416134,0.9928519646028919,0.07353957656157341,0.8024554973603899,False,2.140421189161069,0.8186211595849416,False,False,
binary_early,very_noisy,M5.C,M5,3.872631928976458,Normal|MCI,2.5271531015535444,3.8141296491055896,1.328023840152249,0.042199714382132554,0.00724532782038685,True,1.4371715578445852,1.1119914300910716,False,False,
binary_early,very_noisy,M5.C1,M5,3.793597780319111,Normal|MCI,2.4656850424585204,3.7533984557582825,1.312063453294068,0.043286067939936224,0.005984985477924988,True,1.4306872259018946,1.1117184955851152,False,False,
binary_early,very_noisy,M5.C2,M5,0.06350032266911353,Normal|MCI,0.05814068019139779,1.1737486555333194,0.01715510894431355,0.42787451278763844,0.14246385929636426,True,3.436844648851716,1.1446352508923074,False,False,
binary_early,very_noisy,M5.C3,M5,0.603472879141785,Normal|MCI,0.3842087490815674,1.4542655169711338,0.1514438643319856,0.2911642674956615,0.04346530892916244,True,1.5755902739305003,1.1159145698043529,False,False,
binary_early,very_noisy,M5.C[k3],M5,5.78442545913217,Normal|MCI,3.6734004469310038,4.486757113462148,1.9115752976800875,0.01573131798567067,0.5703040480438828,False,1.5022130964735418,0.7427813753371019,False,False,
binary_early,very_noisy,M5.C1[k3],M5,5.883321927473792,Normal|MCI,3.7762317354407102,4.592128797693522,1.9495244143361512,0.014695827141712397,0.5636510980275753,False,1.482183277487569,0.7467418431031599,False,False,
binary_early,very_noisy,M5.C2[k3],M5,0.19222220205814308,Normal|MCI,0.18042410898707373,2.424700754457313,0.04808034782998378,0.3782570053483556,0.34824008862985667,False,0.8905136022268052,0.7948429066681524,False,False,
binary_early,very_noisy,M5.C3[k3],M5,0.3085263084769653,Normal|MCI,0.20909062954589938,1.139087963234071,0.07799505481235118,0.3467804129846894,0.29221712244927084,False,0.8425199701055275,0.8909458639523097,False,False,
binary_early,very_noisy,M5.C3_dBavg[k3],M5,0.2549394759635293,Normal|MCI,0.14478146030058484,0.8186192755449658,0.06415681676241548,0.3602862689275992,0.6586475384748233,False,1.9320161571171894,0.8589970813464247,False,False,dB averaging; comparison only
binary_early,very_noisy,M6.fc_A,M6,0.8308589656156335,Normal|MCI,0.7792716679556384,5.010161292015824,0.21878793099981964,0.2557537270725638,1.8306741474293968,False,7.000921168029759,0.6626690170590033,False,False,
binary_early,very_noisy,M6.spread_A,M6,0.001719599883527208,Normal|MCI,0.001708959977857378,0.7432343249562919,0.00048019923908669754,0.48797514093634053,1.6305350672783572,False,141.0555520179952,-3.8328096022389655,False,False,
binary_early,very_noisy,M6.fc_N,M6,0.8251360766889427,Normal|MCI,0.7738531787744201,4.990232633499436,0.2172160781323011,0.2565126502145818,1.8368782678843651,False,7.030222102202133,0.6613654924097294,False,False,
binary_early,very_noisy,M6.spread_N,M6,0.0017778289357860866,Normal|MCI,0.0017668310412995302,0.755792745566157,0.0004940614011040324,0.48778815549600296,1.6713008057468979,False,144.68551161053057,-3.9672254208076114,False,False,
binary_early,very_noisy,M6.A[3.20],M6,0.22853801940437335,Normal|MCI,0.22712678857312582,8.576880904461971,0.05763913498466022,0.3673552946506948,1.4405850760136973,False,0.7077571584060658,0.9769911725167649,False,False,
binary_early,very_noisy,M6.N[3.20],M6,0.22844996875160142,Normal|MCI,0.2270393876713089,8.57555280485685,0.05761635483190856,0.3673802505936833,1.440488897073596,False,0.7077140638857087,0.9769976937700822,False,False,
binary_early,very_noisy,M6.A[3.25],M6,0.8855532545082745,Normal|MCI,0.8693474052924877,9.747272863448883,0.22580940647198616,0.251372562376225,1.3209639087448872,False,0.6507326709839762,0.9645141619137919,False,False,
binary_early,very_noisy,M6.N[3.25],M6,0.8851713626381211,Normal|MCI,0.8689719218643465,9.74499310250386,0.22570355761539956,0.25142173461695183,1.3209396842218029,False,0.6507269969709946,0.9645335943580449,False,False,
binary_early,very_noisy,M6.A[3.30],M6,2.1359899140770082,Normal|MCI,2.032655401245068,9.166927100827772,0.5691977227242709,0.14278097119511612,1.2708739234284478,False,0.6324283866884514,0.9956834876013037,False,False,
binary_early,very_noisy,M6.N[3.30],M6,2.1348807641346057,Normal|MCI,2.0315277748335476,9.161185370523341,0.5688175809702571,0.1428639260647017,1.271051218597614,False,0.6325251299391119,0.9957280819399587,False,False,
binary_early,very_noisy,M6.A[3.35],M6,2.8159351695025983,Normal|MCI,2.4290958732206542,5.946800367652726,0.7314368117060166,0.11236346464569447,2.0558678541450495,False,1.0166248672245044,0.8462380573114165,False,False,
binary_early,very_noisy,M6.N[3.35],M6,2.8127160360274805,Normal|MCI,2.425272834041688,5.934091258529165,0.7303385008042687,0.11254896847177323,2.0581068496153123,False,1.0177125482288978,0.8459101318130559,False,False,
binary_early,very_noisy,M6.A[3.40],M6,2.2390061856522094,Normal|MCI,2.132405902857,9.464515877934952,1.1248374966219512,0.05867166355028074,0.9779480677301927,False,0.45648774598881525,0.7808217055829446,False,False,
binary_early,very_noisy,M6.N[3.40],M6,2.2422741565537434,Normal|MCI,2.1352949422171337,9.46103365156733,1.1262812461170206,0.05852588352088623,0.9748337522141883,False,0.454998506628136,0.781252159812456,False,False,
binary_early,very_noisy,M6.A[3.45],M6,3.4813975058532884,Normal|MCI,3.4120176048504094,18.504638210673537,1.9932067614429747,0.012483697229016454,0.15902339035125299,True,0.07990647624696372,0.978593482042398,True,False,
binary_early,very_noisy,M6.N[3.45],M6,3.482586661823099,Normal|MCI,3.4132016315473646,18.510325049591096,1.993492309482745,0.012477056734076761,0.15940040339196496,True,0.080141019502382,0.9785407689836493,True,False,
binary_early,very_noisy,M6.A[3.50],M6,3.5045855545058813,Normal|MCI,3.3788212808667724,13.722628241988653,1.4265119481271575,0.03496397206301128,0.30453423237008487,False,0.14786182557337121,0.860833425198483,False,False,
binary_early,very_noisy,M6.N[3.50],M6,3.510112594802028,Normal|MCI,3.3848413799502137,13.772698421612423,1.4292667323376653,0.03479548404523873,0.30451664175005244,False,0.14788768559352258,0.861636319468268,False,False,
binary_early,very_noisy,M6.A[3.55],M6,7.0782809252119065,Normal|MCI,6.058185036421099,9.169162376451254,1.9285867696569032,0.019552707612544892,0.9475905384652429,False,0.46783006635942725,0.7478189782004524,False,False,
binary_early,very_noisy,M6.N[3.55],M6,7.041855436436677,Normal|MCI,6.025105695293729,9.135532145028685,1.916388448051982,0.01995766060539067,0.952891323435038,False,0.4703986047830544,0.7457086993344266,False,False,
binary_early,very_noisy,M6.A[3.60],M6,94.43236381008796,Normal|MCI,68.13590984834602,22.121514869313312,23.69357639341948,3.90540914813347e-13,0.5492929872892508,False,0.2708735581120155,0.7798419333142081,False,False,
binary_early,very_noisy,M6.N[3.60],M6,91.50000512684025,Normal|MCI,66.93155461769064,22.32811856824788,22.965473532906074,7.808066666912654e-13,0.5455517459509983,False,0.2690094479607684,0.7811656002421068,False,False,
binary_early,very_noisy,M6.A[3.65],M6,7.202119935627479,Normal|MCI,6.696909898410664,13.818039038147022,2.7274668340476986,0.003336806197614125,0.6425246946508956,False,0.3140183572058094,0.9076658359197088,False,False,
binary_early,very_noisy,M6.N[3.65],M6,7.209745101977047,Normal|MCI,6.6978323370185775,13.735488496685962,2.724100703468693,0.0033602066615874542,0.6459726223912041,False,0.3157184003235187,0.9074138211155747,False,False,
binary_early,very_noisy,M6.A[3.70],M6,0.4665151712359716,Normal|MCI,0.3997810609617449,2.3642045807850596,0.5046095882662798,0.16833711736472548,1.8893346095708183,False,0.9129344071721379,0.19931862198240638,False,False,
binary_early,very_noisy,M6.N[3.70],M6,0.4786991670543907,Normal|MCI,0.41080048108405826,2.406750777138686,0.5089789583678315,0.167097494902788,1.8514324039334014,False,0.8945891672204365,0.21397768836788636,False,False,
binary_early,very_noisy,M6.A[3.75],M6,12.93623160382266,Normal|MCI,12.43032570082288,25.21304330187362,3.6333445128567825,0.0011328365614814684,0.19488397205299288,True,0.08670852850332787,0.9412957605751504,True,False,
binary_early,very_noisy,M6.N[3.75],M6,12.904330280335616,Normal|MCI,12.401294649406195,25.224169262241936,3.626324093527735,0.001142664543278101,0.19413749202028144,True,0.08679145298911249,0.9414378555077777,True,False,
binary_early,very_noisy,M6.A[3.80],M6,2.0176230312510386,Normal|MCI,1.8521152164807062,6.719852783751707,1.227867445548489,0.04903597510768335,0.7844460346468127,False,0.38772665452940097,0.743979101317002,False,False,
binary_early,very_noisy,M6.N[3.80],M6,2.01266597730147,Normal|MCI,1.8472628631872419,6.704916275444894,1.2260650041472028,0.04919053220239452,0.7857419626549199,False,0.3883850224565367,0.7432754872695474,False,False,
binary_early,very_noisy,M6.A[3.85],M6,5.471362020288943,Normal|MCI,5.106169695033591,12.36942536365625,1.4772283451838195,0.038130733706362045,0.6745187878942459,False,0.3286356824317819,0.896094594379395,False,False,
binary_early,very_noisy,M6.N[3.85],M6,5.469161685669524,Normal|MCI,5.104083179503697,12.366338166611694,1.4766278883594608,0.03816366609315302,0.6743920465601944,False,0.3285884372543381,0.8961420538162675,False,False,
binary_early,very_noisy,M6.A[3.90],M6,0.7264026603868674,Normal|MCI,0.713377095064241,8.920003006940695,0.1890913864909655,0.27059260854826267,1.028171886557491,False,0.4915004957466428,0.8792582160147987,False,False,
binary_early,very_noisy,M6.N[3.90],M6,0.7263546865175746,Normal|MCI,0.7133305028690708,8.919890259265067,0.18907960684466593,0.2705990781074485,1.028106096299846,False,0.49147260372706025,0.8792693634444285,False,False,
binary_early,very_noisy,M6.A[3.95],M6,0.07527319073839218,Normal|MCI,0.07491784326766684,5.6337968102105,0.01885883721245197,0.42304492595253657,1.7771910505727067,False,0.862593576497441,0.8761660699879268,False,False,
binary_early,very_noisy,M6.N[3.95],M6,0.0752867066988284,Normal|MCI,0.07493131474340071,5.634456466346141,0.018862209014274652,0.4230381184758812,1.7770356011597754,False,0.8625187479153948,0.8761763597869535,False,False,
binary_early,very_noisy,M6.A[4.00],M6,0.010328209781006254,Normal|MCI,0.010309451281580876,3.369350965627062,0.0028907515832743338,0.4705319302961704,5.949126013746755,False,2.9061781538466747,0.7279952746153416,False,False,
binary_early,very_noisy,M6.N[4.00],M6,0.010332041728341899,Normal|MCI,0.010313277267664026,3.370065774136844,0.002891796995486727,0.4705265422273887,5.946939436671475,False,2.905110242275349,0.7280817744280753,False,False,
binary_early,very_noisy,M6.A[4.05],M6,0.0011866957039133803,Normal|MCI,0.0011855576829896853,1.572428490135458,0.00038034029926590834,0.48964389992744006,4.393982349532017,False,2.157893730955463,0.8615343217155187,False,False,
binary_early,very_noisy,M6.N[4.05],M6,0.0011861046353528058,Normal|MCI,0.0011849672192537205,1.5720631294112255,0.0003800935668997036,0.48964691574100117,4.395240133695523,False,2.1585116186680655,0.8614855522254155,False,False,
binary_early,very_noisy,M6.A[4.10],M6,0.00650938603557824,Normal|MCI,0.006505541717058047,4.693718750282326,0.0016801371496458744,0.4770700271955261,1.7344928943104414,False,0.8545992300866767,0.974511324012318,False,False,
binary_early,very_noisy,M6.N[4.10],M6,0.0065085330476829266,Normal|MCI,0.006504689306434063,4.693456116456411,0.0016799145293112548,0.4770715364325871,1.7347011520870415,False,0.8547019237804634,0.974505257832981,False,False,
binary_early,very_noisy,M6.A[4.15],M6,0.002694395264876924,Normal|MCI,0.0026932584318935956,3.5730272837428134,0.000690511720917474,0.485269305514607,1.2320955905874873,False,0.6084356085492635,0.9985320344721537,False,False,
binary_early,very_noisy,M6.N[4.15],M6,0.002694141737165219,Normal|MCI,0.0026930050468919452,3.5729153717492355,0.0006904418586154293,0.48527002436740907,1.2322068783593678,False,0.6084906290144227,0.9985329194524358,False,False,
binary_early,very_noisy,M7.D,M7,53.64998280420959,Normal|MCI,41.83879683722828,19.495870486493477,13.413265320505387,1.101420627904578e-07,0.6061736202971164,False,0.13477582676445757,1.1086959292583747,False,False,
binary_early,very_noisy,M7.D_pow,M7,1.3381304464384938,Normal|MCI,1.3035571580342549,10.045207653311069,0.33494084608292163,0.20656999978933108,0.9490287908894683,False,0.13911561545756893,1.0947602141796153,False,False,
binary_early,very_noisy,M7.D0,M7,51.87384881417476,Normal|MCI,40.56734719452837,19.293606365237363,12.969222762453716,1.7451645925486798e-07,0.6005560179988092,False,0.1347132065759417,1.108656090407779,False,False,
binary_early,very_noisy,M7.D1,M7,1149.0208020913012,Normal|MCI,148.05946331955616,18.43692024983543,287.3520397550443,2.4123582293665637e-139,0.9406234224731882,False,0.1384499657605906,1.1105853861582795,False,False,
binary_early,very_noisy,M7.D2,M7,2.8992767244489177,Normal|MCI,2.844766747404271,17.39583037247387,0.7248472341215487,0.11428749863067045,1.1030000683089733,False,0.18267653613715049,1.1057789040854769,False,False,
binary_early,very_noisy,M7.D3,M7,12.492812920724974,Normal|MCI,11.097497391917,14.096828885168495,3.1291112590984977,0.006073721079012371,1.1953558532547002,False,0.1765540581785762,1.107788153576282,False,False,
binary_early,very_noisy,M7.D3[k3],M7,10.492812750950998,Normal|MCI,9.492605341448753,14.112652182162643,2.6364946666103353,0.010484067692833117,1.349917359956953,False,0.3494123069740265,0.7964840912539173,False,False,
binary_early,very_noisy,M8.s1^2,M8,0.15837463509541222,Normal|MCI,,,0.04716215457064978,0.38396011457389245,0.4817724678324504,False,11.798703825090026,1.1648676310445085,False,False,matrix-level: no per-antenna port-noise estimate
binary_early,very_noisy,M8.s2^2,M8,0.19534946087964797,Normal|MCI,,,0.060187307577063164,0.370234802782337,0.5531536247648251,False,13.691295160198619,1.1608908998574892,False,False,matrix-level: no per-antenna port-noise estimate
binary_early,very_noisy,M8.s3^2,M8,0.20990180809233458,Normal|MCI,,,0.06917128892391165,0.36294177642838077,0.6594511038657075,False,16.119612536610894,1.1931844440543418,False,False,matrix-level: no per-antenna port-noise estimate
binary_early,very_noisy,M8.s4^2,M8,0.21358359184210798,Normal|MCI,,,0.06449350416151296,0.36524100999772324,0.7017378044169414,False,17.485625138275005,1.196249615078882,False,False,matrix-level: no per-antenna port-noise estimate
binary_early,very_noisy,M8.s5^2,M8,0.19206914215767917,Normal|MCI,,,0.05643238561485503,0.3729735695571309,0.8796660468227229,False,21.97379014773157,1.2046510429459851,False,False,matrix-level: no per-antenna port-noise estimate
binary_early,very_noisy,M8.s6^2,M8,0.14728841088302713,Normal|MCI,,,0.04325240243266702,0.38842881438154375,1.7088342925408515,False,42.48761994542873,1.3485048964603819,False,False,matrix-level: no per-antenna port-noise estimate
binary_early,very_noisy,M8.lam0^2,M8,0.29950034939294945,Normal|MCI,0.2907044533587855,4.449379640470802,0.09814533541095935,0.337482481470358,0.6875078886513103,False,16.910718833574457,1.1989914246368483,False,False,
binary_early,very_noisy,M8.lam1^2,M8,0.3088498365502883,Normal|MCI,0.3004445577522089,4.6988847687865025,0.09975449044707117,0.33579308486777104,0.6681529898153976,False,16.64632533516181,1.1901291390315019,False,False,
binary_early,very_noisy,M8.lam2^2,M8,0.25496276682596547,Normal|MCI,0.24892409103279103,4.584753467828045,0.08231043501604844,0.35030910666862214,0.7610223215793789,False,18.928657594655657,1.1902685242652378,False,False,
binary_early,very_noisy,M8.lam3^2,M8,0.3109036196632556,Normal|MCI,0.303393597040946,5.01199316275951,0.09729965262812762,0.3368144513104471,0.6910728944979849,False,16.786793628551493,1.194497273118859,False,False,
binary_early,very_noisy,M8.lam0^2[k3],M8,1.9684800117790437,Normal|MCI,1.841684901816659,7.562004195964737,0.9313688529730522,0.0815681909815968,1.0442916276541439,False,2.750460254129286,0.8340810148580726,False,False,
binary_early,very_noisy,M8.lam1^2[k3],M8,2.010085193486193,Normal|MCI,1.8947575356412545,8.127038469523274,0.9777144506149023,0.07544020267718768,0.892890531172802,False,2.384987616679728,0.8306038024862227,False,False,
binary_early,very_noisy,M8.lam2^2[k3],M8,1.886110394967515,Normal|MCI,1.7884924247422638,8.313372070770514,0.9730496808357195,0.07607806985079317,0.7513432114400722,False,2.0078880419703937,0.8061665341943678,False,False,
binary_early,very_noisy,M8.lam3^2[k3],M8,2.1571332860471184,Normal|MCI,2.0597350041894193,9.55176248970817,1.0925796655555624,0.06201753459094981,0.56861700609703,False,1.5191479417037266,0.8089065956345693,False,False,
binary_early,typical_jitter,M0.old_score,M0,2.101940028581518,Normal|MCI,1.266854274012234,2.5253579870340297,0.5312090036254773,0.1513001137481152,0.9379543061159982,False,17.622761992974976,1.220415345065506,False,False,baseline only; not a physical quantity
binary_early,typical_jitter,M1.Sii_dBavg,M1,0.10486194328420342,Normal|MCI,0.10020097589987707,2.123351495580116,1.080692399481773,0.06333643710784448,0.5227351377309039,False,13.91724926968558,0.7232054363268927,False,False,dB averaging; shown for fragility
binary_early,typical_jitter,M2.R,M2,0.5912032705256987,Normal|MCI,0.5518163161739466,4.070094386415937,0.4870381017892422,0.17303334843617796,0.6961870382777623,False,17.23586123231692,1.1915556921042831,False,False,
binary_early,typical_jitter,M2.R[k3],M2,1.6982074806236513,Normal|MCI,1.6114182222204299,7.941115617989413,0.7334993109800476,0.11321148615674981,0.8124244025616314,False,2.1649365875152533,0.8157573520815975,False,False,
binary_early,typical_jitter,M3.A,M3,0.5912032705256995,Normal|MCI,0.5518163161739371,4.070094386415374,0.48703810178924317,0.17303334843617765,0.6961870382777346,False,17.235861232315294,1.1915556921042092,False,False,affine copy of M2.R (identical separability)
binary_early,typical_jitter,M3.ML_of_powavg,M3,0.592926027864342,Normal|MCI,0.5535353039250761,4.08216858886916,0.48972932580077294,0.17226104613157125,0.6945620521595371,False,16.290189940941936,1.0928615563328445,False,False,
binary_early,typical_jitter,M3.ML_dBavg,M3,5.4497380356041175e-05,Normal|MCI,5.425040354462495e-05,0.15473059941588385,0.00019595554626575666,0.4932227152220289,1.5021934635152414,False,21.221664863014613,1.4118588281740663,False,False,dB averaging; comparison only
binary_early,typical_jitter,M4.N,M4,0.5824062077448695,Normal|MCI,0.5432883101440693,4.022123698768059,0.483036655470341,0.17420612597303034,0.703912154095905,False,17.415928276774824,1.1924478476083935,False,False,
binary_early,typical_jitter,M4.N[k3],M4,1.715106072452056,Normal|MCI,1.6276948858712093,7.992147339747538,0.7410017837537274,0.11181735228907548,0.8024554973603899,False,2.140421189161069,0.8186211595849416,False,False,
binary_early,typical_jitter,M5.C,M5,4.348058671333732,Normal|MCI,2.649608463397448,3.683215563489605,2.1917777157555838,0.008708770208788082,0.00724532782038685,True,1.4371715578445852,1.1119914300910716,False,False,
binary_early,typical_jitter,M5.C1,M5,4.238862587070269,Normal|MCI,2.5754385348872795,3.622961952633775,2.1633422931391655,0.009171491887199821,0.005984985477924988,True,1.4306872259018946,1.1117184955851152,False,False,
binary_early,typical_jitter,M5.C2,M5,22.765484324790606,Normal|MCI,0.6841991021045066,1.1877704626693348,5.692784781887126,0.0003671713199298172,0.14246385929636426,True,3.436844648851716,1.1446352508923074,False,False,
binary_early,typical_jitter,M5.C3,M5,13.627243369117846,Normal|MCI,0.9427492565649285,1.4232478209214368,3.6916421443092986,0.0013568601210727682,0.04346530892916244,True,1.5755902739305003,1.1159145698043529,False,False,
binary_early,typical_jitter,M5.C[k3],M5,5.180941154713959,Normal|MCI,3.4103855084151102,4.467517623800163,1.5943044036978677,0.028184764863464346,0.5703040480438828,False,1.5022130964735418,0.7427813753371019,False,False,
binary_early,typical_jitter,M5.C1[k3],M5,5.260193851749777,Normal|MCI,3.49741817527186,4.5686840916042435,1.6159331278113878,0.027232594774593017,0.5636510980275753,False,1.482183277487569,0.7467418431031599,False,False,
binary_early,typical_jitter,M5.C2[k3],M5,7.030186654161544,Normal|MCI,2.142022470137931,2.4822044200776596,1.9018628876796302,0.020654791866167966,0.34824008862985667,False,0.8905136022268052,0.7948429066681524,False,False,
binary_early,typical_jitter,M5.C3[k3],M5,13.417349320508874,Normal|MCI,0.5006625677931882,1.019871272154726,3.407077376024728,0.003821808835070698,0.29221712244927084,False,0.8425199701055275,0.8909458639523097,False,False,
binary_early,typical_jitter,M5.C3_dBavg[k3],M5,12.01779885134445,Normal|MCI,0.5072106700238589,1.029136296569503,3.115670065011878,0.004592659335205652,0.6586475384748233,False,1.9320161571171894,0.8589970813464247,False,False,dB averaging; comparison only
binary_early,typical_jitter,M6.fc_A,M6,1.1476911401134253,Normal|MCI,1.0414075524722504,4.7424719505648305,0.3231917612708841,0.21365687353026505,1.8306741474293968,False,7.000921168029759,0.6626690170590033,False,False,
binary_early,typical_jitter,M6.spread_A,M6,0.03964843364252959,Normal|MCI,0.03525046958516442,0.7972318315137299,0.010060417837880751,0.44380357443671864,1.6305350672783572,False,141.0555520179952,-3.8328096022389655,False,False,
binary_early,typical_jitter,M6.fc_N,M6,1.141858744034573,Normal|MCI,1.0358067966376878,4.7228183626367555,0.3215168385257745,0.21427398926549088,1.8368782678843651,False,7.030222102202133,0.6613654924097294,False,False,
binary_early,typical_jitter,M6.spread_N,M6,0.03833603346965655,Normal|MCI,0.03408396374162673,0.7839591693012674,0.009736598019802159,0.4447223231774634,1.6713008057468979,False,144.68551161053057,-3.9672254208076114,False,False,
binary_early,typical_jitter,M6.A[3.20],M6,1.6295743684842212,Normal|MCI,1.5764597881736124,9.835278496349758,0.4381422011852551,0.1754508654497596,1.4405850760136973,False,0.7077571584060658,0.9769911725167649,False,False,
binary_early,typical_jitter,M6.N[3.20],M6,1.6295246340464284,Normal|MCI,1.5764020225820496,9.834204756367747,0.43811222662789573,0.17545875981322287,1.440488897073596,False,0.7077140638857087,0.9769976937700822,False,False,
binary_early,typical_jitter,M6.A[3.25],M6,2.055102103770491,Normal|MCI,1.9690048549699881,9.695282237049529,0.5655748411932243,0.14369954495103474,1.3209639087448872,False,0.6507326709839762,0.9645141619137919,False,False,
binary_early,typical_jitter,M6.N[3.25],M6,2.0551432822320113,Normal|MCI,1.9690000410792734,9.692778967150511,0.5655482143287658,0.14370508474652607,1.3209396842218029,False,0.6507269969709946,0.9645335943580449,False,False,
binary_early,typical_jitter,M6.A[3.30],M6,2.1431589663162995,Normal|MCI,2.037366040090775,9.085491095596499,0.5882849888044728,0.13872505353971937,1.2708739234284478,False,0.6324283866884514,0.9956834876013037,False,False,
binary_early,typical_jitter,M6.N[3.30],M6,2.143215699450347,Normal|MCI,2.0372933580806487,9.079897321203239,0.5882297069494983,0.13873644937472243,1.271051218597614,False,0.6325251299391119,0.9957280819399587,False,False,
binary_early,typical_jitter,M6.A[3.35],M6,1.473533377711428,Normal|MCI,1.364477380506617,6.072302247547611,0.370018016079581,0.19489383041404118,2.0558678541450495,False,1.0166248672245044,0.8462380573114165,False,False,
binary_early,typical_jitter,M6.N[3.35],M6,1.4720545292442087,Normal|MCI,1.3627882222922358,6.059656414556004,0.3696104746948392,0.19502308562641613,2.0581068496153123,False,1.0177125482288978,0.8459101318130559,False,False,
binary_early,typical_jitter,M6.A[3.40],M6,1.8779244523680532,Normal|MCI,1.7962015065051473,9.085724791781884,0.6914909380369086,0.12024191755252395,0.9779480677301927,False,0.45648774598881525,0.7808217055829446,False,False,
binary_early,typical_jitter,M6.N[3.40],M6,1.882405471864409,Normal|MCI,1.8002547729012686,9.083075835860434,0.6935823278055144,0.11983846850650852,0.9748337522141883,False,0.454998506628136,0.781252159812456,False,False,
binary_early,typical_jitter,M6.A[3.45],M6,3.5576524491457158,Normal|MCI,3.4811948418464542,17.999090956655706,1.901692408651455,0.014766851185348035,0.15902339035125299,True,0.07990647624696372,0.978593482042398,True,False,
binary_early,typical_jitter,M6.N[3.45],M6,3.55861920966607,Normal|MCI,3.482169991361318,18.005045240327036,1.90061624794552,0.01479616115960776,0.15940040339196496,True,0.080141019502382,0.9785407689836493,True,False,
binary_early,typical_jitter,M6.A[3.50],M6,3.779948181377494,Normal|MCI,3.627870498978307,13.42922858552803,1.5115344895038012,0.030175227070853218,0.30453423237008487,False,0.14786182557337121,0.860833425198483,False,False,
binary_early,typical_jitter,M6.N[3.50],M6,3.783723897256599,Normal|MCI,3.632420791010795,13.478726812695045,1.5121699042228185,0.030143168243659414,0.30451664175005244,False,0.14788768559352258,0.861636319468268,False,False,
binary_early,typical_jitter,M6.A[3.55],M6,6.514124434101023,Normal|MCI,5.615783667929737,9.024593599779777,2.1459625313603548,0.010426230362710821,0.9475905384652429,False,0.46783006635942725,0.7478189782004524,False,False,
binary_early,typical_jitter,M6.N[3.55],M6,6.499342540940773,Normal|MCI,5.598879750563523,8.990159471911335,2.1444028580222625,0.010443154996574678,0.952891323435038,False,0.4703986047830544,0.7457086993344266,False,False,
binary_early,typical_jitter,M6.A[3.60],M6,30.018715679434102,Normal|MCI,26.569893064657286,21.506539002280764,7.528863541570723,4.357393138597228e-05,0.5492929872892508,False,0.2708735581120155,0.7798419333142081,False,False,
binary_early,typical_jitter,M6.N[3.60],M6,30.094694267710803,Normal|MCI,26.68515848875906,21.704372422982694,7.545105323191413,4.369527909975791e-05,0.5455517459509983,False,0.2690094479607684,0.7811656002421068,False,False,
binary_early,typical_jitter,M6.A[3.65],M6,5.751893567845833,Normal|MCI,5.412394089788981,13.542397856125561,1.7257276955018885,0.023190904898172052,0.6425246946508956,False,0.3140183572058094,0.9076658359197088,False,False,
binary_early,typical_jitter,M6.N[3.65],M6,5.743970883018848,Normal|MCI,5.401551495234307,13.461740046945001,1.7212474552024273,0.02338751447062311,0.6459726223912041,False,0.3157184003235187,0.9074138211155747,False,False,
binary_early,typical_jitter,M6.A[3.70],M6,0.4284602189312162,Normal|MCI,0.36765147732606973,2.276173695814606,0.33506968262319675,0.22340220937491656,1.8893346095708183,False,0.9129344071721379,0.19931862198240638,False,False,
binary_early,typical_jitter,M6.N[3.70],M6,0.44051451280949827,Normal|MCI,0.37845050512469064,2.317820207537461,0.34097319600219766,0.2211328909571452,1.8514324039334014,False,0.8945891672204365,0.21397768836788636,False,False,
binary_early,typical_jitter,M6.A[3.75],M6,13.937276457853521,Normal|MCI,13.322160155457489,24.570424609525062,4.179082410218557,0.0002903461042461884,0.19488397205299288,True,0.08670852850332787,0.9412957605751504,True,False,
binary_early,typical_jitter,M6.N[3.75],M6,13.899953522920638,Normal|MCI,13.288583108873718,24.58152380632334,4.169761569118775,0.00029501202152093525,0.19413749202028144,True,0.08679145298911249,0.9414378555077777,True,False,
binary_early,typical_jitter,M6.A[3.80],M6,1.9152702819688898,Normal|MCI,1.7603723512300018,6.597957203007583,1.2350151908913403,0.04841810009047559,0.7844460346468127,False,0.38772665452940097,0.743979101317002,False,False,
binary_early,typical_jitter,M6.N[3.80],M6,1.9107370488112942,Normal|MCI,1.7559107561126492,6.583310247899101,1.2349111843477036,0.04842662070536666,0.7857419626549199,False,0.3883850224565367,0.7432754872695474,False,False,
binary_early,typical_jitter,M6.A[3.85],M6,6.464335409528641,Normal|MCI,5.948936628948374,12.215884473506753,1.7107144858991026,0.02834352034995272,0.6745187878942459,False,0.3286356824317819,0.896094594379395,False,False,
binary_early,typical_jitter,M6.N[3.85],M6,6.4632773629879585,Normal|MCI,5.947794631599577,12.212717642401556,1.7105103966422228,0.0283490510242947,0.6743920465601944,False,0.3285884372543381,0.8961420538162675,False,False,
binary_early,typical_jitter,M6.A[3.90],M6,2.688794825760708,Normal|MCI,2.4974152198070505,8.37705522900514,0.7197740196897536,0.11382719279027038,1.028171886557491,False,0.4915004957466428,0.8792582160147987,False,False,
binary_early,typical_jitter,M6.N[3.90],M6,2.6887863316135365,Normal|MCI,2.4973996380725962,8.376860750567378,0.7197770227889126,0.11382659694596847,1.028106096299846,False,0.49147260372706025,0.8792693634444285,False,False,
binary_early,typical_jitter,M6.A[3.95],M6,0.4579182598168732,Normal|MCI,0.43547292816505184,4.215281146132793,0.12180162973543932,0.3128795989353226,1.7771910505727067,False,0.862593576497441,0.8761660699879268,False,False,
binary_early,typical_jitter,M6.N[3.95],M6,0.45798101275910913,Normal|MCI,0.43553324783701053,4.215633417318214,0.12181733674180073,0.3128681114879684,1.7770356011597754,False,0.8625187479153948,0.8761763597869535,False,False,
binary_early,typical_jitter,M6.A[4.00],M6,0.011843502726766134,Normal|MCI,0.011534670616071547,0.9405815463172074,0.0030062029799396376,0.46921332828887713,5.949126013746755,False,2.9061781538466747,0.7279952746153416,False,False,
binary_early,typical_jitter,M6.N[4.00],M6,0.011853605265143863,Normal|MCI,0.011544523370597998,0.9410039556137854,0.0030087319214322198,0.4692003165387427,5.946939436671475,False,2.905110242275349,0.7280817744280753,False,False,
binary_early,typical_jitter,M6.A[4.05],M6,0.019506243708474418,Normal|MCI,0.019203796680721794,1.5738767142513341,0.005331639877511984,0.45977165679991705,4.393982349532017,False,2.157893730955463,0.8615343217155187,False,False,
binary_early,typical_jitter,M6.N[4.05],M6,0.019495690735762787,Normal|MCI,0.019193418551535613,1.5734805764436437,0.005328987006121586,0.4597820676407913,4.395240133695523,False,2.1585116186680655,0.8614855522254155,False,False,
binary_early,typical_jitter,M6.A[4.10],M6,0.06984055108854689,Normal|MCI,0.0691664232915381,3.785692791420577,0.01757628476844866,0.4257556286438358,1.7344928943104414,False,0.8545992300866767,0.974511324012318,False,False,
binary_early,typical_jitter,M6.N[4.10],M6,0.069824495873025,Normal|MCI,0.06915053916346327,3.785303330895024,0.0175722674404863,0.4257640397492562,1.7347011520870415,False,0.8547019237804634,0.974505257832981,False,False,
binary_early,typical_jitter,M6.A[4.15],M6,0.07383158411901126,Normal|MCI,0.0733141037010081,4.573860300115602,0.019766570703914466,0.4224698399091531,1.2320955905874873,False,0.6084356085492635,0.9985320344721537,False,False,
binary_early,typical_jitter,M6.N[4.15],M6,0.07381735628571413,Normal|MCI,0.07329998913621709,4.573479869232193,0.01976302432394269,0.4224769600189833,1.2322068783593678,False,0.6084906290144227,0.9985329194524358,False,False,
binary_early,typical_jitter,M7.D,M7,34.774993353362376,Normal|MCI,29.61338286614265,19.97560411523241,8.750954850040271,8.772917482208205e-06,0.6061736202971164,False,0.13477582676445757,1.1086959292583747,False,False,
binary_early,typical_jitter,M7.D_pow,M7,15.728930907934737,Normal|MCI,12.641945198244212,11.350219029445771,4.016620514417327,0.001670193181926463,0.9490287908894683,False,0.13911561545756893,1.0947602141796153,False,False,
binary_early,typical_jitter,M7.D0,M7,35.43842335043679,Normal|MCI,30.00119918463287,19.775746291234206,8.915416795164761,7.399332202691965e-06,0.6005560179988092,False,0.1347132065759417,1.108656090407779,False,False,
binary_early,typical_jitter,M7.D1,M7,14.077213346015638,Normal|MCI,13.004723925372373,18.476827499079487,3.6451403898128643,0.0022794725054850044,0.9406234224731882,False,0.1384499657605906,1.1105853861582795,False,False,
binary_early,typical_jitter,M7.D2,M7,14.656972137725992,Normal|MCI,13.425963471588304,17.880485402598982,3.750543665630624,0.002279877440767713,1.1030000683089733,False,0.18267653613715049,1.1057789040854769,False,False,
binary_early,typical_jitter,M7.D3,M7,8.517752994773124,Normal|MCI,7.837124235264372,14.005568322029339,2.1985706302046335,0.01578085227787892,1.1953558532547002,False,0.1765540581785762,1.107788153576282,False,False,
binary_early,typical_jitter,M7.D3[k3],M7,6.126476256682746,Normal|MCI,5.761476772340451,13.907246660573406,1.5651673731183091,0.03683006672775463,1.349917359956953,False,0.3494123069740265,0.7964840912539173,False,False,
binary_early,typical_jitter,M8.s1^2,M8,0.628360627332282,Normal|MCI,,,0.4009276564609645,0.19914983041717987,0.4817724678324504,False,11.798703825090026,1.1648676310445085,False,False,matrix-level: no per-antenna port-noise estimate
binary_early,typical_jitter,M8.s2^2,M8,0.6224305359668338,Normal|MCI,,,0.4562635230259626,0.18192550781511208,0.5531536247648251,False,13.691295160198619,1.1608908998574892,False,False,matrix-level: no per-antenna port-noise estimate
binary_early,typical_jitter,M8.s3^2,M8,0.5160783789983956,Normal|MCI,,,0.4055733360617949,0.19825196540994708,0.6594511038657075,False,16.119612536610894,1.1931844440543418,False,False,matrix-level: no per-antenna port-noise estimate
binary_early,typical_jitter,M8.s4^2,M8,0.5847081122288895,Normal|MCI,,,0.4049982314528637,0.1980922280808334,0.7017378044169414,False,17.485625138275005,1.196249615078882,False,False,matrix-level: no per-antenna port-noise estimate
binary_early,typical_jitter,M8.s5^2,M8,0.45355470608108767,Normal|MCI,,,0.3416026305598499,0.22081659211754817,0.8796660468227229,False,21.97379014773157,1.2046510429459851,False,False,matrix-level: no per-antenna port-noise estimate
binary_early,typical_jitter,M8.s6^2,M8,0.34947201911169795,Normal|MCI,,,0.23201060653246597,0.26681888910093926,1.7088342925408515,False,42.48761994542873,1.3485048964603819,False,False,matrix-level: no per-antenna port-noise estimate
binary_early,typical_jitter,M8.lam0^2,M8,0.580166694586287,Normal|MCI,0.5371781988638553,3.8078028969066557,0.4971015320896145,0.1702083561719151,0.6875078886513103,False,16.910718833574457,1.1989914246368483,False,False,
binary_early,typical_jitter,M8.lam1^2,M8,0.6176833747995732,Normal|MCI,0.5742191700206193,4.039902914579702,0.5011382608941961,0.16897876871611764,0.6681529898153976,False,16.64632533516181,1.1901291390315019,False,False,
binary_early,typical_jitter,M8.lam2^2,M8,0.5201247313577069,Normal|MCI,0.4860709004022548,3.8533244054069122,0.4533663449533616,0.1831578949444347,0.7610223215793789,False,18.928657594655657,1.1902685242652378,False,False,
binary_early,typical_jitter,M8.lam3^2,M8,0.6398881118320617,Normal|MCI,0.5981461009702731,4.2823678840977895,0.4912271005794049,0.17169746887744128,0.6910728944979849,False,16.786793628551493,1.194497273118859,False,False,
binary_early,typical_jitter,M8.lam0^2[k3],M8,1.5255554276154493,Normal|MCI,1.439148083942782,7.128635487816422,0.5961644883218515,0.1410867011426912,1.0442916276541439,False,2.750460254129286,0.8340810148580726,False,False,
binary_early,typical_jitter,M8.lam1^2[k3],M8,1.6605234607161419,Normal|MCI,1.5725467111867955,7.704692796071874,0.6814044658371972,0.12306032592844648,0.892890531172802,False,2.384987616679728,0.8306038024862227,False,False,
binary_early,typical_jitter,M8.lam2^2[k3],M8,1.6754112263243615,Normal|MCI,1.5909012272435517,7.942244788466212,0.7702413585771468,0.10676052393059891,0.7513432114400722,False,2.0078880419703937,0.8061665341943678,False,False,
binary_early,typical_jitter,M8.lam3^2[k3],M8,2.0113648151261616,Normal|MCI,1.9203878019772123,9.214866638894174,0.9538411046957546,0.07853271622384075,0.56861700609703,False,1.5191479417037266,0.8089065956345693,False,False,
