timestamp,git_hash,track,model_id,sim_set,classes,method_id,feature_desc,feature_dim,classifier,noise_profile,cv_scheme,n_sims_per_class,n_test,accuracy,balanced_accuracy,macro_f1,min_pairwise_fisher,min_pairwise_bhattacharyya,reject_rate,accuracy_on_accepted,notes
2026-09-27T17:49:19+00:00,7ca77f1,A,A-sphere7-ring6-hfss,hfss-v1-masked,binary:Normal|AD(Mild+Moderate+Severe),M0,M0.old_score: mean_B Σ_{j≠i}|S_ii+S_ij|/VSWR_i,1,none-fisher,ideal,none (noisy realisations of 1 sim/stage),Normal:1|AD:3,2000,,,,131.85024153949297,33.38368485255807,,,weakest=Normal|AD; J_eff_min=22.2; gap/port_min=7.31; gap/mesh=pending; bayes_err_max=3.23e-22; shift_robust=yes; band_gap_retention=0.76; freq_robust=no; baseline only; not a physical quantity
2026-09-27T17:49:19+00:00,7ca77f1,A,A-sphere7-ring6-hfss,hfss-v1-masked,binary:Normal|AD(Mild+Moderate+Severe),M1,M1.Sii_dBavg: mean_B 20log10|S_ii|,1,none-fisher,ideal,none (noisy realisations of 1 sim/stage),Normal:1|AD:3,2000,,,,0.9639431115912683,0.6472453681802581,,,weakest=Normal|AD; J_eff_min=0.0182; gap/port_min=0.193; gap/mesh=pending; bayes_err_max=0.132; shift_robust=no; band_gap_retention=1.54; freq_robust=no; dB averaging; shown for fragility
2026-09-27T17:49:19+00:00,7ca77f1,A,A-sphere7-ring6-hfss,hfss-v1-masked,binary:Normal|AD(Mild+Moderate+Severe),M2,M2.R: <|S_ii|^2>_B,1,none-fisher,ideal,none (noisy realisations of 1 sim/stage),Normal:1|AD:3,2000,,,,59.32838849385607,15.098228169444653,,,weakest=Normal|AD; J_eff_min=5.58; gap/port_min=3.51; gap/mesh=pending; bayes_err_max=4.23e-10; shift_robust=no; band_gap_retention=0.36; freq_robust=no
2026-09-27T17:49:19+00:00,7ca77f1,A,A-sphere7-ring6-hfss,hfss-v1-masked,binary:Normal|AD(Mild+Moderate+Severe),M2,M2.R[k3]: <|S_ii|^2> over k3 window,1,none-fisher,ideal,none (noisy realisations of 1 sim/stage),Normal:1|AD:3,2000,,,,17.604402056289487,6.088346959204463,,,weakest=Normal|AD; J_eff_min=7.58; gap/port_min=5.16; gap/mesh=pending; bayes_err_max=5.49e-06; shift_robust=no; band_gap_retention=0.91; freq_robust=no
2026-09-27T17:49:19+00:00,7ca77f1,A,A-sphere7-ring6-hfss,hfss-v1-masked,binary:Normal|AD(Mild+Moderate+Severe),M3,M3.A: <1-|S_ii|^2>_B,1,none-fisher,ideal,none (noisy realisations of 1 sim/stage),Normal:1|AD:3,2000,,,,59.328388493856366,15.09822816944474,,,weakest=Normal|AD; J_eff_min=5.58; gap/port_min=3.51; gap/mesh=pending; bayes_err_max=4.23e-10; shift_robust=no; band_gap_retention=0.36; freq_robust=no; affine copy of M2.R (identical separability)
2026-09-27T17:49:19+00:00,7ca77f1,A,A-sphere7-ring6-hfss,hfss-v1-masked,binary:Normal|AD(Mild+Moderate+Severe),M3,M3.ML_of_powavg: -10log10<A>_B (dB),1,none-fisher,ideal,none (noisy realisations of 1 sim/stage),Normal:1|AD:3,2000,,,,59.98254060195277,15.257294532094464,,,weakest=Normal|AD; J_eff_min=5.61; gap/port_min=3.52; gap/mesh=pending; bayes_err_max=3.66e-10; shift_robust=no; band_gap_retention=0.35; freq_robust=no
2026-09-27T17:49:19+00:00,7ca77f1,A,A-sphere7-ring6-hfss,hfss-v1-masked,binary:Normal|AD(Mild+Moderate+Severe),M3,M3.ML_dBavg: <-10log10 A>_B (dB-averaged ML),1,none-fisher,ideal,none (noisy realisations of 1 sim/stage),Normal:1|AD:3,2000,,,,46.88418533926885,11.986022001175337,,,weakest=Normal|AD; J_eff_min=13.6; gap/port_min=6.19; gap/mesh=pending; bayes_err_max=2.42e-08; shift_robust=no; band_gap_retention=0.76; freq_robust=no; dB averaging; comparison only
2026-09-27T17:49:19+00:00,7ca77f1,A,A-sphere7-ring6-hfss,hfss-v1-masked,binary:Normal|AD(Mild+Moderate+Severe),M4,M4.N: <1-Σ_j|S_ji|^2>_B (absorbed+radiated+loss),1,none-fisher,ideal,none (noisy realisations of 1 sim/stage),Normal:1|AD:3,2000,,,,58.65134841270189,14.933749125430676,,,weakest=Normal|AD; J_eff_min=5.61; gap/port_min=3.52; gap/mesh=pending; bayes_err_max=4.92e-10; shift_robust=no; band_gap_retention=0.36; freq_robust=no
2026-09-27T17:49:19+00:00,7ca77f1,A,A-sphere7-ring6-hfss,hfss-v1-masked,binary:Normal|AD(Mild+Moderate+Severe),M4,M4.N[k3]: <N> over k3 window,1,none-fisher,ideal,none (noisy realisations of 1 sim/stage),Normal:1|AD:3,2000,,,,17.722218503151865,6.114898478808127,,,weakest=Normal|AD; J_eff_min=7.59; gap/port_min=5.15; gap/mesh=pending; bayes_err_max=5.22e-06; shift_robust=no; band_gap_retention=0.91; freq_robust=no
2026-09-27T17:49:19+00:00,7ca77f1,A,A-sphere7-ring6-hfss,hfss-v1-masked,binary:Normal|AD(Mild+Moderate+Severe),M5,M5.C: <Σ_(j≠i)|S_ji|^2> (full),1,none-fisher,ideal,none (noisy realisations of 1 sim/stage),Normal:1|AD:3,2000,,,,2.554744633047187,2.593178639644921,,,weakest=Normal|AD; J_eff_min=1.2; gap/port_min=2.13; gap/mesh=pending; bayes_err_max=0.00413; shift_robust=yes; band_gap_retention=1.11; freq_robust=no
2026-09-27T17:49:19+00:00,7ca77f1,A,A-sphere7-ring6-hfss,hfss-v1-masked,binary:Normal|AD(Mild+Moderate+Severe),M5,"M5.C1: <|S_(i±1,i)|^2> (full)",1,none-fisher,ideal,none (noisy realisations of 1 sim/stage),Normal:1|AD:3,2000,,,,2.0819620234619,2.4947213256382343,,,weakest=Normal|AD; J_eff_min=1.02; gap/port_min=1.99; gap/mesh=pending; bayes_err_max=0.00495; shift_robust=yes; band_gap_retention=1.11; freq_robust=no
2026-09-27T17:49:19+00:00,7ca77f1,A,A-sphere7-ring6-hfss,hfss-v1-masked,binary:Normal|AD(Mild+Moderate+Severe),M5,"M5.C2: <|S_(i±2,i)|^2> (full)",1,none-fisher,ideal,none (noisy realisations of 1 sim/stage),Normal:1|AD:3,2000,,,,3.639439261354598,3.162431574908649,,,weakest=Normal|AD; J_eff_min=2.09; gap/port_min=3.13; gap/mesh=pending; bayes_err_max=0.00143; shift_robust=yes; band_gap_retention=1.03; freq_robust=no
2026-09-27T17:49:19+00:00,7ca77f1,A,A-sphere7-ring6-hfss,hfss-v1-masked,binary:Normal|AD(Mild+Moderate+Severe),M5,"M5.C3: <|S_(i±3,i)|^2> (full)",1,none-fisher,ideal,none (noisy realisations of 1 sim/stage),Normal:1|AD:3,2000,,,,697.0745085416443,175.40199389603615,,,weakest=Normal|AD; J_eff_min=13; gap/port_min=5.14; gap/mesh=pending; bayes_err_max=6.81e-140; shift_robust=yes; band_gap_retention=1.11; freq_robust=no
2026-09-27T17:49:19+00:00,7ca77f1,A,A-sphere7-ring6-hfss,hfss-v1-masked,binary:Normal|AD(Mild+Moderate+Severe),M5,M5.C[k3]: <Σ_(j≠i)|S_ji|^2> (k3),1,none-fisher,ideal,none (noisy realisations of 1 sim/stage),Normal:1|AD:3,2000,,,,2.848784680466978,2.5598900019394994,,,weakest=Normal|AD; J_eff_min=0.651; gap/port_min=1.3; gap/mesh=pending; bayes_err_max=0.00439; shift_robust=no; band_gap_retention=0.72; freq_robust=no
2026-09-27T17:49:19+00:00,7ca77f1,A,A-sphere7-ring6-hfss,hfss-v1-masked,binary:Normal|AD(Mild+Moderate+Severe),M5,"M5.C1[k3]: <|S_(i±1,i)|^2> (k3)",1,none-fisher,ideal,none (noisy realisations of 1 sim/stage),Normal:1|AD:3,2000,,,,2.0059007937338618,2.374614687701654,,,weakest=Normal|AD; J_eff_min=0.5; gap/port_min=1.15; gap/mesh=pending; bayes_err_max=0.00618; shift_robust=no; band_gap_retention=0.68; freq_robust=no
2026-09-27T17:49:19+00:00,7ca77f1,A,A-sphere7-ring6-hfss,hfss-v1-masked,binary:Normal|AD(Mild+Moderate+Severe),M5,"M5.C2[k3]: <|S_(i±2,i)|^2> (k3)",1,none-fisher,ideal,none (noisy realisations of 1 sim/stage),Normal:1|AD:3,2000,,,,2.194080989288648,2.7588287306404213,,,weakest=Normal|AD; J_eff_min=1.41; gap/port_min=2.8; gap/mesh=pending; bayes_err_max=0.00303; shift_robust=yes; band_gap_retention=0.82; freq_robust=yes
2026-09-27T17:49:19+00:00,7ca77f1,A,A-sphere7-ring6-hfss,hfss-v1-masked,binary:Normal|AD(Mild+Moderate+Severe),M5,"M5.C3[k3]: <|S_(i±3,i)|^2> (k3)",1,none-fisher,ideal,none (noisy realisations of 1 sim/stage),Normal:1|AD:3,2000,,,,1127.9077513552993,282.9777241989288,,,weakest=Normal|AD; J_eff_min=18; gap/port_min=6.04; gap/mesh=pending; bayes_err_max=1.37e-218; shift_robust=yes; band_gap_retention=0.94; freq_robust=yes
2026-09-27T17:49:19+00:00,7ca77f1,A,A-sphere7-ring6-hfss,hfss-v1-masked,binary:Normal|AD(Mild+Moderate+Severe),M5,"M5.C3_dBavg[k3]: mean over k3 window of 10log10|S_(i+3,i)|^2",1,none-fisher,ideal,none (noisy realisations of 1 sim/stage),Normal:1|AD:3,2000,,,,571.4507350595323,144.19064138713696,,,weakest=Normal|AD; J_eff_min=12.2; gap/port_min=4.99; gap/mesh=pending; bayes_err_max=1.13e-118; shift_robust=yes; band_gap_retention=0.91; freq_robust=yes; dB averaging; comparison only
2026-09-27T17:49:19+00:00,7ca77f1,A,A-sphere7-ring6-hfss,hfss-v1-masked,binary:Normal|AD(Mild+Moderate+Severe),M6,M6.fc_A: power-weighted centroid of A(f) [GHz],1,none-fisher,ideal,none (noisy realisations of 1 sim/stage),Normal:1|AD:3,2000,,,,5.450993081773401,2.0059865951655795,,,weakest=Normal|AD; J_eff_min=0.927; gap/port_min=1.49; gap/mesh=pending; bayes_err_max=0.0127; shift_robust=no; band_gap_retention=0.84; freq_robust=no
2026-09-27T17:49:19+00:00,7ca77f1,A,A-sphere7-ring6-hfss,hfss-v1-masked,binary:Normal|AD(Mild+Moderate+Severe),M6,M6.spread_A: spectral spread of A(f) [MHz],1,none-fisher,ideal,none (noisy realisations of 1 sim/stage),Normal:1|AD:3,2000,,,,76.75164027837529,19.409816595784605,,,weakest=Normal|AD; J_eff_min=33; gap/port_min=10.8; gap/mesh=pending; bayes_err_max=3.58e-12; shift_robust=yes; band_gap_retention=0.62; freq_robust=no
2026-09-27T17:49:20+00:00,7ca77f1,A,A-sphere7-ring6-hfss,hfss-v1-masked,binary:Normal|AD(Mild+Moderate+Severe),M6,M6.fc_N: power-weighted centroid of N(f) [GHz],1,none-fisher,ideal,none (noisy realisations of 1 sim/stage),Normal:1|AD:3,2000,,,,5.464833062574952,2.0091611386242105,,,weakest=Normal|AD; J_eff_min=0.929; gap/port_min=1.5; gap/mesh=pending; bayes_err_max=0.0126; shift_robust=no; band_gap_retention=0.84; freq_robust=no
2026-09-27T17:49:20+00:00,7ca77f1,A,A-sphere7-ring6-hfss,hfss-v1-masked,binary:Normal|AD(Mild+Moderate+Severe),M6,M6.spread_N: spectral spread of N(f) [MHz],1,none-fisher,ideal,none (noisy realisations of 1 sim/stage),Normal:1|AD:3,2000,,,,77.26771278585444,19.53684858777614,,,weakest=Normal|AD; J_eff_min=33.2; gap/port_min=10.8; gap/mesh=pending; bayes_err_max=3.17e-12; shift_robust=yes; band_gap_retention=0.62; freq_robust=no
2026-09-27T17:49:20+00:00,7ca77f1,A,A-sphere7-ring6-hfss,hfss-v1-masked,binary:Normal|AD(Mild+Moderate+Severe),M6,M6.A[3.20]: <A> in 50 MHz sub-band from 3.20 GHz,1,none-fisher,ideal,none (noisy realisations of 1 sim/stage),Normal:1|AD:3,2000,,,,48.90204555541913,12.67659639568621,,,weakest=Normal|AD; J_eff_min=23.4; gap/port_min=9.47; gap/mesh=pending; bayes_err_max=1.45e-09; shift_robust=no; band_gap_retention=1.00; freq_robust=no
2026-09-27T17:49:20+00:00,7ca77f1,A,A-sphere7-ring6-hfss,hfss-v1-masked,binary:Normal|AD(Mild+Moderate+Severe),M6,M6.N[3.20]: <N> in 50 MHz sub-band from 3.20 GHz,1,none-fisher,ideal,none (noisy realisations of 1 sim/stage),Normal:1|AD:3,2000,,,,48.89198500777952,12.674021218182626,,,weakest=Normal|AD; J_eff_min=23.4; gap/port_min=9.47; gap/mesh=pending; bayes_err_max=1.46e-09; shift_robust=no; band_gap_retention=1.00; freq_robust=no
2026-09-27T17:49:20+00:00,7ca77f1,A,A-sphere7-ring6-hfss,hfss-v1-masked,binary:Normal|AD(Mild+Moderate+Severe),M6,M6.A[3.25]: <A> in 50 MHz sub-band from 3.25 GHz,1,none-fisher,ideal,none (noisy realisations of 1 sim/stage),Normal:1|AD:3,2000,,,,270.475174675683,67.7584673850173,,,weakest=Normal|AD; J_eff_min=19.3; gap/port_min=6.44; gap/mesh=pending; bayes_err_max=1.08e-35; shift_robust=no; band_gap_retention=0.97; freq_robust=no
2026-09-27T17:49:20+00:00,7ca77f1,A,A-sphere7-ring6-hfss,hfss-v1-masked,binary:Normal|AD(Mild+Moderate+Severe),M6,M6.N[3.25]: <N> in 50 MHz sub-band from 3.25 GHz,1,none-fisher,ideal,none (noisy realisations of 1 sim/stage),Normal:1|AD:3,2000,,,,270.2638335658758,67.70563501796812,,,weakest=Normal|AD; J_eff_min=19.3; gap/port_min=6.44; gap/mesh=pending; bayes_err_max=1.14e-35; shift_robust=no; band_gap_retention=0.97; freq_robust=no
2026-09-27T17:49:20+00:00,7ca77f1,A,A-sphere7-ring6-hfss,hfss-v1-masked,binary:Normal|AD(Mild+Moderate+Severe),M6,M6.A[3.30]: <A> in 50 MHz sub-band from 3.30 GHz,1,none-fisher,ideal,none (noisy realisations of 1 sim/stage),Normal:1|AD:3,2000,,,,13.352216815060142,4.012679327789075,,,weakest=Normal|AD; J_eff_min=2.53; gap/port_min=2.5; gap/mesh=pending; bayes_err_max=0.000395; shift_robust=no; band_gap_retention=0.82; freq_robust=no
2026-09-27T17:49:20+00:00,7ca77f1,A,A-sphere7-ring6-hfss,hfss-v1-masked,binary:Normal|AD(Mild+Moderate+Severe),M6,M6.N[3.30]: <N> in 50 MHz sub-band from 3.30 GHz,1,none-fisher,ideal,none (noisy realisations of 1 sim/stage),Normal:1|AD:3,2000,,,,13.359595341209248,4.014003255663381,,,weakest=Normal|AD; J_eff_min=2.53; gap/port_min=2.5; gap/mesh=pending; bayes_err_max=0.000395; shift_robust=no; band_gap_retention=0.82; freq_robust=no
2026-09-27T17:49:20+00:00,7ca77f1,A,A-sphere7-ring6-hfss,hfss-v1-masked,binary:Normal|AD(Mild+Moderate+Severe),M6,M6.A[3.35]: <A> in 50 MHz sub-band from 3.35 GHz,1,none-fisher,ideal,none (noisy realisations of 1 sim/stage),Normal:1|AD:3,2000,,,,3.2048740966666562,2.1956092428721874,,,weakest=Normal|AD; J_eff_min=1.85; gap/port_min=2.96; gap/mesh=pending; bayes_err_max=0.0086; shift_robust=no; band_gap_retention=0.80; freq_robust=no
2026-09-27T17:49:20+00:00,7ca77f1,A,A-sphere7-ring6-hfss,hfss-v1-masked,binary:Normal|AD(Mild+Moderate+Severe),M6,M6.N[3.35]: <N> in 50 MHz sub-band from 3.35 GHz,1,none-fisher,ideal,none (noisy realisations of 1 sim/stage),Normal:1|AD:3,2000,,,,3.210267230143902,2.1963151284018156,,,weakest=Normal|AD; J_eff_min=1.85; gap/port_min=2.96; gap/mesh=pending; bayes_err_max=0.00859; shift_robust=no; band_gap_retention=0.80; freq_robust=no
2026-09-27T17:49:20+00:00,7ca77f1,A,A-sphere7-ring6-hfss,hfss-v1-masked,binary:Normal|AD(Mild+Moderate+Severe),M6,M6.A[3.40]: <A> in 50 MHz sub-band from 3.40 GHz,1,none-fisher,ideal,none (noisy realisations of 1 sim/stage),Normal:1|AD:3,2000,,,,16.39684396943111,5.78200583501691,,,weakest=Normal|AD; J_eff_min=9.33; gap/port_min=6.58; gap/mesh=pending; bayes_err_max=9.89e-06; shift_robust=yes; band_gap_retention=0.98; freq_robust=yes
2026-09-27T17:49:20+00:00,7ca77f1,A,A-sphere7-ring6-hfss,hfss-v1-masked,binary:Normal|AD(Mild+Moderate+Severe),M6,M6.N[3.40]: <N> in 50 MHz sub-band from 3.40 GHz,1,none-fisher,ideal,none (noisy realisations of 1 sim/stage),Normal:1|AD:3,2000,,,,16.441788253343542,5.792277019380888,,,weakest=Normal|AD; J_eff_min=9.33; gap/port_min=6.57; gap/mesh=pending; bayes_err_max=9.69e-06; shift_robust=yes; band_gap_retention=0.98; freq_robust=yes
2026-09-27T17:49:20+00:00,7ca77f1,A,A-sphere7-ring6-hfss,hfss-v1-masked,binary:Normal|AD(Mild+Moderate+Severe),M6,M6.A[3.45]: <A> in 50 MHz sub-band from 3.45 GHz,1,none-fisher,ideal,none (noisy realisations of 1 sim/stage),Normal:1|AD:3,2000,,,,35.26631495546404,10.07719801820821,,,weakest=Normal|AD; J_eff_min=7.24; gap/port_min=4.27; gap/mesh=pending; bayes_err_max=3.12e-09; shift_robust=no; band_gap_retention=0.95; freq_robust=no
2026-09-27T17:49:20+00:00,7ca77f1,A,A-sphere7-ring6-hfss,hfss-v1-masked,binary:Normal|AD(Mild+Moderate+Severe),M6,M6.N[3.45]: <N> in 50 MHz sub-band from 3.45 GHz,1,none-fisher,ideal,none (noisy realisations of 1 sim/stage),Normal:1|AD:3,2000,,,,35.58921567525809,10.155189364993852,,,weakest=Normal|AD; J_eff_min=7.23; gap/port_min=4.26; gap/mesh=pending; bayes_err_max=2.7e-09; shift_robust=no; band_gap_retention=0.95; freq_robust=no
2026-09-27T17:49:20+00:00,7ca77f1,A,A-sphere7-ring6-hfss,hfss-v1-masked,binary:Normal|AD(Mild+Moderate+Severe),M6,M6.A[3.50]: <A> in 50 MHz sub-band from 3.50 GHz,1,none-fisher,ideal,none (noisy realisations of 1 sim/stage),Normal:1|AD:3,2000,,,,61.920063590008276,16.259016843235642,,,weakest=Normal|AD; J_eff_min=3.65; gap/port_min=2.78; gap/mesh=pending; bayes_err_max=2.92e-13; shift_robust=no; band_gap_retention=0.97; freq_robust=no
2026-09-27T17:49:20+00:00,7ca77f1,A,A-sphere7-ring6-hfss,hfss-v1-masked,binary:Normal|AD(Mild+Moderate+Severe),M6,M6.N[3.50]: <N> in 50 MHz sub-band from 3.50 GHz,1,none-fisher,ideal,none (noisy realisations of 1 sim/stage),Normal:1|AD:3,2000,,,,63.59314777875661,16.668783835501337,,,weakest=Normal|AD; J_eff_min=3.63; gap/port_min=2.78; gap/mesh=pending; bayes_err_max=1.57e-13; shift_robust=no; band_gap_retention=0.96; freq_robust=no
2026-09-27T17:49:20+00:00,7ca77f1,A,A-sphere7-ring6-hfss,hfss-v1-masked,binary:Normal|AD(Mild+Moderate+Severe),M6,M6.A[3.55]: <A> in 50 MHz sub-band from 3.55 GHz,1,none-fisher,ideal,none (noisy realisations of 1 sim/stage),Normal:1|AD:3,2000,,,,73.32807964745224,19.181253870889535,,,weakest=Normal|AD; J_eff_min=1.34; gap/port_min=1.65; gap/mesh=pending; bayes_err_max=1.15e-15; shift_robust=no; band_gap_retention=0.96; freq_robust=no
2026-09-27T17:49:20+00:00,7ca77f1,A,A-sphere7-ring6-hfss,hfss-v1-masked,binary:Normal|AD(Mild+Moderate+Severe),M6,M6.N[3.55]: <N> in 50 MHz sub-band from 3.55 GHz,1,none-fisher,ideal,none (noisy realisations of 1 sim/stage),Normal:1|AD:3,2000,,,,76.60327939517619,19.984168948647888,,,weakest=Normal|AD; J_eff_min=1.32; gap/port_min=1.64; gap/mesh=pending; bayes_err_max=3.34e-16; shift_robust=no; band_gap_retention=0.96; freq_robust=no
2026-09-27T17:49:20+00:00,7ca77f1,A,A-sphere7-ring6-hfss,hfss-v1-masked,binary:Normal|AD(Mild+Moderate+Severe),M6,M6.A[3.60]: <A> in 50 MHz sub-band from 3.60 GHz,1,none-fisher,ideal,none (noisy realisations of 1 sim/stage),Normal:1|AD:3,2000,,,,0.08158688422642345,1.2291280451171656,,,weakest=Normal|AD; J_eff_min=0.0108; gap/port_min=0.158; gap/mesh=pending; bayes_err_max=0.0489; shift_robust=no; band_gap_retention=-11.66; freq_robust=no
2026-09-27T17:49:20+00:00,7ca77f1,A,A-sphere7-ring6-hfss,hfss-v1-masked,binary:Normal|AD(Mild+Moderate+Severe),M6,M6.N[3.60]: <N> in 50 MHz sub-band from 3.60 GHz,1,none-fisher,ideal,none (noisy realisations of 1 sim/stage),Normal:1|AD:3,2000,,,,0.20859993147853922,1.2649140113438802,,,weakest=Normal|AD; J_eff_min=0.0283; gap/port_min=0.256; gap/mesh=pending; bayes_err_max=0.0459; shift_robust=no; band_gap_retention=-6.80; freq_robust=no
2026-09-27T17:49:20+00:00,7ca77f1,A,A-sphere7-ring6-hfss,hfss-v1-masked,binary:Normal|AD(Mild+Moderate+Severe),M6,M6.A[3.65]: <A> in 50 MHz sub-band from 3.65 GHz,1,none-fisher,ideal,none (noisy realisations of 1 sim/stage),Normal:1|AD:3,2000,,,,5.2388954389880125,2.691176280933929,,,weakest=Normal|AD; J_eff_min=0.733; gap/port_min=1.31; gap/mesh=pending; bayes_err_max=0.00346; shift_robust=no; band_gap_retention=0.98; freq_robust=no
2026-09-27T17:49:20+00:00,7ca77f1,A,A-sphere7-ring6-hfss,hfss-v1-masked,binary:Normal|AD(Mild+Moderate+Severe),M6,M6.N[3.65]: <N> in 50 MHz sub-band from 3.65 GHz,1,none-fisher,ideal,none (noisy realisations of 1 sim/stage),Normal:1|AD:3,2000,,,,5.219559306739488,2.68904740572523,,,weakest=Normal|AD; J_eff_min=0.74; gap/port_min=1.31; gap/mesh=pending; bayes_err_max=0.00347; shift_robust=no; band_gap_retention=0.98; freq_robust=no
2026-09-27T17:49:20+00:00,7ca77f1,A,A-sphere7-ring6-hfss,hfss-v1-masked,binary:Normal|AD(Mild+Moderate+Severe),M6,M6.A[3.70]: <A> in 50 MHz sub-band from 3.70 GHz,1,none-fisher,ideal,none (noisy realisations of 1 sim/stage),Normal:1|AD:3,2000,,,,0.04508995623792349,1.362796148920481,,,weakest=Normal|AD; J_eff_min=0.00565; gap/port_min=0.114; gap/mesh=pending; bayes_err_max=0.0386; shift_robust=no; band_gap_retention=0.12; freq_robust=no
2026-09-27T17:49:20+00:00,7ca77f1,A,A-sphere7-ring6-hfss,hfss-v1-masked,binary:Normal|AD(Mild+Moderate+Severe),M6,M6.N[3.70]: <N> in 50 MHz sub-band from 3.70 GHz,1,none-fisher,ideal,none (noisy realisations of 1 sim/stage),Normal:1|AD:3,2000,,,,0.047011065892302834,1.3642004131887169,,,weakest=Normal|AD; J_eff_min=0.00592; gap/port_min=0.116; gap/mesh=pending; bayes_err_max=0.0385; shift_robust=no; band_gap_retention=0.14; freq_robust=no
2026-09-27T17:49:20+00:00,7ca77f1,A,A-sphere7-ring6-hfss,hfss-v1-masked,binary:Normal|AD(Mild+Moderate+Severe),M6,M6.A[3.75]: <A> in 50 MHz sub-band from 3.75 GHz,1,none-fisher,ideal,none (noisy realisations of 1 sim/stage),Normal:1|AD:3,2000,,,,2.4320160254682315,1.484940658116055,,,weakest=Normal|AD; J_eff_min=0.0765; gap/port_min=0.397; gap/mesh=pending; bayes_err_max=0.0312; shift_robust=no; band_gap_retention=0.31; freq_robust=no
2026-09-27T17:49:20+00:00,7ca77f1,A,A-sphere7-ring6-hfss,hfss-v1-masked,binary:Normal|AD(Mild+Moderate+Severe),M6,M6.N[3.75]: <N> in 50 MHz sub-band from 3.75 GHz,1,none-fisher,ideal,none (noisy realisations of 1 sim/stage),Normal:1|AD:3,2000,,,,2.4793201166426377,1.4985108147482467,,,weakest=Normal|AD; J_eff_min=0.0785; gap/port_min=0.403; gap/mesh=pending; bayes_err_max=0.0304; shift_robust=no; band_gap_retention=0.32; freq_robust=no
2026-09-27T17:49:20+00:00,7ca77f1,A,A-sphere7-ring6-hfss,hfss-v1-masked,binary:Normal|AD(Mild+Moderate+Severe),M6,M6.A[3.80]: <A> in 50 MHz sub-band from 3.80 GHz,1,none-fisher,ideal,none (noisy realisations of 1 sim/stage),Normal:1|AD:3,2000,,,,21.649317915949865,6.133797511889984,,,weakest=Normal|AD; J_eff_min=0.489; gap/port_min=1; gap/mesh=pending; bayes_err_max=9.91e-06; shift_robust=no; band_gap_retention=0.97; freq_robust=no
2026-09-27T17:49:20+00:00,7ca77f1,A,A-sphere7-ring6-hfss,hfss-v1-masked,binary:Normal|AD(Mild+Moderate+Severe),M6,M6.N[3.80]: <N> in 50 MHz sub-band from 3.80 GHz,1,none-fisher,ideal,none (noisy realisations of 1 sim/stage),Normal:1|AD:3,2000,,,,21.674502066490927,6.1401896225927475,,,weakest=Normal|AD; J_eff_min=0.49; gap/port_min=1; gap/mesh=pending; bayes_err_max=9.8e-06; shift_robust=no; band_gap_retention=0.97; freq_robust=no
2026-09-27T17:49:20+00:00,7ca77f1,A,A-sphere7-ring6-hfss,hfss-v1-masked,binary:Normal|AD(Mild+Moderate+Severe),M6,M6.A[3.85]: <A> in 50 MHz sub-band from 3.85 GHz,1,none-fisher,ideal,none (noisy realisations of 1 sim/stage),Normal:1|AD:3,2000,,,,24.472994070471263,6.54568153531145,,,weakest=Normal|AD; J_eff_min=2.32; gap/port_min=2.26; gap/mesh=pending; bayes_err_max=1.36e-05; shift_robust=no; band_gap_retention=0.98; freq_robust=no
2026-09-27T17:49:20+00:00,7ca77f1,A,A-sphere7-ring6-hfss,hfss-v1-masked,binary:Normal|AD(Mild+Moderate+Severe),M6,M6.N[3.85]: <N> in 50 MHz sub-band from 3.85 GHz,1,none-fisher,ideal,none (noisy realisations of 1 sim/stage),Normal:1|AD:3,2000,,,,24.474760518070543,6.54621138245129,,,weakest=Normal|AD; J_eff_min=2.32; gap/port_min=2.26; gap/mesh=pending; bayes_err_max=1.36e-05; shift_robust=no; band_gap_retention=0.98; freq_robust=no
2026-09-27T17:49:20+00:00,7ca77f1,A,A-sphere7-ring6-hfss,hfss-v1-masked,binary:Normal|AD(Mild+Moderate+Severe),M6,M6.A[3.90]: <A> in 50 MHz sub-band from 3.90 GHz,1,none-fisher,ideal,none (noisy realisations of 1 sim/stage),Normal:1|AD:3,2000,,,,21.18845038196079,5.5794810708774945,,,weakest=Normal|AD; J_eff_min=5.97; gap/port_min=4.08; gap/mesh=pending; bayes_err_max=0.000102; shift_robust=no; band_gap_retention=0.98; freq_robust=no
2026-09-27T17:49:20+00:00,7ca77f1,A,A-sphere7-ring6-hfss,hfss-v1-masked,binary:Normal|AD(Mild+Moderate+Severe),M6,M6.N[3.90]: <N> in 50 MHz sub-band from 3.90 GHz,1,none-fisher,ideal,none (noisy realisations of 1 sim/stage),Normal:1|AD:3,2000,,,,21.18823195285896,5.5794635744808065,,,weakest=Normal|AD; J_eff_min=5.98; gap/port_min=4.08; gap/mesh=pending; bayes_err_max=0.000102; shift_robust=no; band_gap_retention=0.98; freq_robust=no
2026-09-27T17:49:20+00:00,7ca77f1,A,A-sphere7-ring6-hfss,hfss-v1-masked,binary:Normal|AD(Mild+Moderate+Severe),M6,M6.A[3.95]: <A> in 50 MHz sub-band from 3.95 GHz,1,none-fisher,ideal,none (noisy realisations of 1 sim/stage),Normal:1|AD:3,2000,,,,20.097345086366747,5.189020250296069,,,weakest=Normal|AD; J_eff_min=8.71; gap/port_min=5.54; gap/mesh=pending; bayes_err_max=0.000287; shift_robust=no; band_gap_retention=0.98; freq_robust=no
2026-09-27T17:49:20+00:00,7ca77f1,A,A-sphere7-ring6-hfss,hfss-v1-masked,binary:Normal|AD(Mild+Moderate+Severe),M6,M6.N[3.95]: <N> in 50 MHz sub-band from 3.95 GHz,1,none-fisher,ideal,none (noisy realisations of 1 sim/stage),Normal:1|AD:3,2000,,,,20.09705257774754,5.188966224227646,,,weakest=Normal|AD; J_eff_min=8.71; gap/port_min=5.54; gap/mesh=pending; bayes_err_max=0.000287; shift_robust=no; band_gap_retention=0.98; freq_robust=no
2026-09-27T17:49:20+00:00,7ca77f1,A,A-sphere7-ring6-hfss,hfss-v1-masked,binary:Normal|AD(Mild+Moderate+Severe),M6,M6.A[4.00]: <A> in 50 MHz sub-band from 4.00 GHz,1,none-fisher,ideal,none (noisy realisations of 1 sim/stage),Normal:1|AD:3,2000,,,,17.15770991526681,4.387719232980705,,,weakest=Normal|AD; J_eff_min=9.06; gap/port_min=6.2; gap/mesh=pending; bayes_err_max=0.00102; shift_robust=no; band_gap_retention=0.97; freq_robust=no
2026-09-27T17:49:20+00:00,7ca77f1,A,A-sphere7-ring6-hfss,hfss-v1-masked,binary:Normal|AD(Mild+Moderate+Severe),M6,M6.N[4.00]: <N> in 50 MHz sub-band from 4.00 GHz,1,none-fisher,ideal,none (noisy realisations of 1 sim/stage),Normal:1|AD:3,2000,,,,17.15768817367755,4.387723422843305,,,weakest=Normal|AD; J_eff_min=9.06; gap/port_min=6.2; gap/mesh=pending; bayes_err_max=0.00102; shift_robust=no; band_gap_retention=0.97; freq_robust=no
2026-09-27T17:49:20+00:00,7ca77f1,A,A-sphere7-ring6-hfss,hfss-v1-masked,binary:Normal|AD(Mild+Moderate+Severe),M6,M6.A[4.05]: <A> in 50 MHz sub-band from 4.05 GHz,1,none-fisher,ideal,none (noisy realisations of 1 sim/stage),Normal:1|AD:3,2000,,,,11.993369085039248,3.022274303642889,,,weakest=Normal|AD; J_eff_min=7.16; gap/port_min=5.96; gap/mesh=pending; bayes_err_max=0.00652; shift_robust=no; band_gap_retention=0.97; freq_robust=no
2026-09-27T17:49:20+00:00,7ca77f1,A,A-sphere7-ring6-hfss,hfss-v1-masked,binary:Normal|AD(Mild+Moderate+Severe),M6,M6.N[4.05]: <N> in 50 MHz sub-band from 4.05 GHz,1,none-fisher,ideal,none (noisy realisations of 1 sim/stage),Normal:1|AD:3,2000,,,,11.993519948063266,3.022315449082185,,,weakest=Normal|AD; J_eff_min=7.16; gap/port_min=5.96; gap/mesh=pending; bayes_err_max=0.00652; shift_robust=no; band_gap_retention=0.97; freq_robust=no
2026-09-27T17:49:20+00:00,7ca77f1,A,A-sphere7-ring6-hfss,hfss-v1-masked,binary:Normal|AD(Mild+Moderate+Severe),M6,M6.A[4.10]: <A> in 50 MHz sub-band from 4.10 GHz,1,none-fisher,ideal,none (noisy realisations of 1 sim/stage),Normal:1|AD:3,2000,,,,8.462598041416808,2.1215766995252827,,,weakest=Normal|AD; J_eff_min=5.36; gap/port_min=5.4; gap/mesh=pending; bayes_err_max=0.0195; shift_robust=no; band_gap_retention=0.97; freq_robust=no
2026-09-27T17:49:20+00:00,7ca77f1,A,A-sphere7-ring6-hfss,hfss-v1-masked,binary:Normal|AD(Mild+Moderate+Severe),M6,M6.N[4.10]: <N> in 50 MHz sub-band from 4.10 GHz,1,none-fisher,ideal,none (noisy realisations of 1 sim/stage),Normal:1|AD:3,2000,,,,8.462777571166717,2.1216227470973688,,,weakest=Normal|AD; J_eff_min=5.36; gap/port_min=5.4; gap/mesh=pending; bayes_err_max=0.0195; shift_robust=no; band_gap_retention=0.97; freq_robust=no
2026-09-27T17:49:20+00:00,7ca77f1,A,A-sphere7-ring6-hfss,hfss-v1-masked,binary:Normal|AD(Mild+Moderate+Severe),M6,M6.A[4.15]: <A> in 50 MHz sub-band from 4.15 GHz,1,none-fisher,ideal,none (noisy realisations of 1 sim/stage),Normal:1|AD:3,2000,,,,4.559520394153579,1.144408771469755,,,weakest=Normal|AD; J_eff_min=3.09; gap/port_min=4.38; gap/mesh=pending; bayes_err_max=0.0649; shift_robust=no; band_gap_retention=0.98; freq_robust=no
2026-09-27T17:49:20+00:00,7ca77f1,A,A-sphere7-ring6-hfss,hfss-v1-masked,binary:Normal|AD(Mild+Moderate+Severe),M6,M6.N[4.15]: <N> in 50 MHz sub-band from 4.15 GHz,1,none-fisher,ideal,none (noisy realisations of 1 sim/stage),Normal:1|AD:3,2000,,,,4.559686227877538,1.144450743539451,,,weakest=Normal|AD; J_eff_min=3.09; gap/port_min=4.38; gap/mesh=pending; bayes_err_max=0.0649; shift_robust=no; band_gap_retention=0.98; freq_robust=no
2026-09-27T17:49:20+00:00,7ca77f1,A,A-sphere7-ring6-hfss,hfss-v1-masked,binary:Normal|AD(Mild+Moderate+Severe),M7,"M7.D: <Σ_j|S_ji - S_ref,ji|^2>_B, ref = circulant(Normal)",1,none-fisher,ideal,none (noisy realisations of 1 sim/stage),Normal:1|AD:3,2000,,,,18.677549570573305,6.606236120903985,,,weakest=Normal|AD; J_eff_min=7.72; gap/port_min=5.13; gap/mesh=pending; bayes_err_max=2e-06; shift_robust=no; band_gap_retention=1.02; freq_robust=no
2026-09-27T17:49:20+00:00,7ca77f1,A,A-sphere7-ring6-hfss,hfss-v1-masked,binary:Normal|AD(Mild+Moderate+Severe),M7,"M7.D_pow: <Σ_j(|S_ji|^2 - |S_ref,ji|^2)^2>_B (phase-free)",1,none-fisher,ideal,none (noisy realisations of 1 sim/stage),Normal:1|AD:3,2000,,,,9.554669705693216,3.9534362969595365,,,weakest=Normal|AD; J_eff_min=6.08; gap/port_min=5.78; gap/mesh=pending; bayes_err_max=0.000324; shift_robust=no; band_gap_retention=0.83; freq_robust=no
2026-09-27T17:49:20+00:00,7ca77f1,A,A-sphere7-ring6-hfss,hfss-v1-masked,binary:Normal|AD(Mild+Moderate+Severe),M7,"M7.D0: <|S_(i±0,i) - ref|^2>_B",1,none-fisher,ideal,none (noisy realisations of 1 sim/stage),Normal:1|AD:3,2000,,,,18.664531947850406,6.5992646192580064,,,weakest=Normal|AD; J_eff_min=7.67; gap/port_min=5.1; gap/mesh=pending; bayes_err_max=2.03e-06; shift_robust=no; band_gap_retention=1.02; freq_robust=no
2026-09-27T17:49:20+00:00,7ca77f1,A,A-sphere7-ring6-hfss,hfss-v1-masked,binary:Normal|AD(Mild+Moderate+Severe),M7,"M7.D1: <|S_(i±1,i) - ref|^2>_B",1,none-fisher,ideal,none (noisy realisations of 1 sim/stage),Normal:1|AD:3,2000,,,,19.197373475130544,6.980579637200915,,,weakest=Normal|AD; J_eff_min=1.88; gap/port_min=2.04; gap/mesh=pending; bayes_err_max=9.67e-07; shift_robust=no; band_gap_retention=1.09; freq_robust=no
2026-09-27T17:49:20+00:00,7ca77f1,A,A-sphere7-ring6-hfss,hfss-v1-masked,binary:Normal|AD(Mild+Moderate+Severe),M7,"M7.D2: <|S_(i±2,i) - ref|^2>_B",1,none-fisher,ideal,none (noisy realisations of 1 sim/stage),Normal:1|AD:3,2000,,,,8.277367296928272,4.537264969650886,,,weakest=Normal|AD; J_eff_min=3.74; gap/port_min=3.69; gap/mesh=pending; bayes_err_max=0.000106; shift_robust=no; band_gap_retention=1.08; freq_robust=no
2026-09-27T17:49:20+00:00,7ca77f1,A,A-sphere7-ring6-hfss,hfss-v1-masked,binary:Normal|AD(Mild+Moderate+Severe),M7,"M7.D3: <|S_(i±3,i) - ref|^2>_B",1,none-fisher,ideal,none (noisy realisations of 1 sim/stage),Normal:1|AD:3,2000,,,,9.090349119890638,5.182712612448704,,,weakest=Normal|AD; J_eff_min=5.77; gap/port_min=5.62; gap/mesh=pending; bayes_err_max=3.16e-05; shift_robust=no; band_gap_retention=1.11; freq_robust=no
2026-09-27T17:49:20+00:00,7ca77f1,A,A-sphere7-ring6-hfss,hfss-v1-masked,binary:Normal|AD(Mild+Moderate+Severe),M7,"M7.D3[k3]: <|S_(i+3,i) - ref|^2> over k3 window",1,none-fisher,ideal,none (noisy realisations of 1 sim/stage),Normal:1|AD:3,2000,,,,8.850915805839934,5.153337729936911,,,weakest=Normal|AD; J_eff_min=6.42; gap/port_min=6.84; gap/mesh=pending; bayes_err_max=3.21e-05; shift_robust=no; band_gap_retention=0.91; freq_robust=no
2026-09-27T17:49:20+00:00,7ca77f1,A,A-sphere7-ring6-hfss,hfss-v1-masked,binary:Normal|AD(Mild+Moderate+Severe),M8,M8.s1^2: <s_1(S)^2>_B (singular value),1,none-fisher,ideal,none (noisy realisations of 1 sim/stage),Normal:1|AD:3,2000,,,,1.4316722653071905,1.092437011502372,,,weakest=Normal|AD; J_eff_min=nan; gap/port_min=nan; gap/mesh=pending; bayes_err_max=0.062; shift_robust=no; band_gap_retention=-0.19; freq_robust=no; matrix-level: no per-antenna port-noise estimate
2026-09-27T17:49:20+00:00,7ca77f1,A,A-sphere7-ring6-hfss,hfss-v1-masked,binary:Normal|AD(Mild+Moderate+Severe),M8,M8.s2^2: <s_2(S)^2>_B (singular value),1,none-fisher,ideal,none (noisy realisations of 1 sim/stage),Normal:1|AD:3,2000,,,,44.737146797839955,11.318225243999791,,,weakest=Normal|AD; J_eff_min=nan; gap/port_min=nan; gap/mesh=pending; bayes_err_max=2.23e-07; shift_robust=no; band_gap_retention=0.21; freq_robust=no; matrix-level: no per-antenna port-noise estimate
2026-09-27T17:49:20+00:00,7ca77f1,A,A-sphere7-ring6-hfss,hfss-v1-masked,binary:Normal|AD(Mild+Moderate+Severe),M8,M8.s3^2: <s_3(S)^2>_B (singular value),1,none-fisher,ideal,none (noisy realisations of 1 sim/stage),Normal:1|AD:3,2000,,,,86.75707612213205,21.848053446755316,,,weakest=Normal|AD; J_eff_min=nan; gap/port_min=nan; gap/mesh=pending; bayes_err_max=6.36e-13; shift_robust=no; band_gap_retention=0.48; freq_robust=no; matrix-level: no per-antenna port-noise estimate
2026-09-27T17:49:20+00:00,7ca77f1,A,A-sphere7-ring6-hfss,hfss-v1-masked,binary:Normal|AD(Mild+Moderate+Severe),M8,M8.s4^2: <s_4(S)^2>_B (singular value),1,none-fisher,ideal,none (noisy realisations of 1 sim/stage),Normal:1|AD:3,2000,,,,112.15406636434017,28.0537835451586,,,weakest=Normal|AD; J_eff_min=nan; gap/port_min=nan; gap/mesh=pending; bayes_err_max=2.24e-14; shift_robust=no; band_gap_retention=0.19; freq_robust=no; matrix-level: no per-antenna port-noise estimate
2026-09-27T17:49:20+00:00,7ca77f1,A,A-sphere7-ring6-hfss,hfss-v1-masked,binary:Normal|AD(Mild+Moderate+Severe),M8,M8.s5^2: <s_5(S)^2>_B (singular value),1,none-fisher,ideal,none (noisy realisations of 1 sim/stage),Normal:1|AD:3,2000,,,,75.80263613016349,19.164458961043927,,,weakest=Normal|AD; J_eff_min=nan; gap/port_min=nan; gap/mesh=pending; bayes_err_max=5.61e-12; shift_robust=no; band_gap_retention=0.56; freq_robust=no; matrix-level: no per-antenna port-noise estimate
2026-09-27T17:49:20+00:00,7ca77f1,A,A-sphere7-ring6-hfss,hfss-v1-masked,binary:Normal|AD(Mild+Moderate+Severe),M8,M8.s6^2: <s_6(S)^2>_B (singular value),1,none-fisher,ideal,none (noisy realisations of 1 sim/stage),Normal:1|AD:3,2000,,,,28.492897855752584,7.50288747419418,,,weakest=Normal|AD; J_eff_min=nan; gap/port_min=nan; gap/mesh=pending; bayes_err_max=4.31e-06; shift_robust=no; band_gap_retention=0.48; freq_robust=no; matrix-level: no per-antenna port-noise estimate
2026-09-27T17:49:20+00:00,7ca77f1,A,A-sphere7-ring6-hfss,hfss-v1-masked,binary:Normal|AD(Mild+Moderate+Severe),M8,M8.lam0^2: <|λ_0|^2> circulant mode 0 (full),1,none-fisher,ideal,none (noisy realisations of 1 sim/stage),Normal:1|AD:3,2000,,,,67.75172010628309,17.196383760812765,,,weakest=Normal|AD; J_eff_min=5.57; gap/port_min=3.48; gap/mesh=pending; bayes_err_max=3.18e-11; shift_robust=no; band_gap_retention=0.45; freq_robust=no
2026-09-27T17:49:20+00:00,7ca77f1,A,A-sphere7-ring6-hfss,hfss-v1-masked,binary:Normal|AD(Mild+Moderate+Severe),M8,M8.lam1^2: <|λ_1|^2> circulant mode 1 (full),1,none-fisher,ideal,none (noisy realisations of 1 sim/stage),Normal:1|AD:3,2000,,,,57.530628893096946,14.641582778264222,,,weakest=Normal|AD; J_eff_min=4.94; gap/port_min=3.29; gap/mesh=pending; bayes_err_max=8.39e-10; shift_robust=no; band_gap_retention=0.37; freq_robust=no
2026-09-27T17:49:20+00:00,7ca77f1,A,A-sphere7-ring6-hfss,hfss-v1-masked,binary:Normal|AD(Mild+Moderate+Severe),M8,M8.lam2^2: <|λ_2|^2> circulant mode 2 (full),1,none-fisher,ideal,none (noisy realisations of 1 sim/stage),Normal:1|AD:3,2000,,,,62.27540622247668,15.831684883965293,,,weakest=Normal|AD; J_eff_min=6.04; gap/port_min=3.66; gap/mesh=pending; bayes_err_max=1.72e-10; shift_robust=no; band_gap_retention=0.34; freq_robust=no
2026-09-27T17:49:20+00:00,7ca77f1,A,A-sphere7-ring6-hfss,hfss-v1-masked,binary:Normal|AD(Mild+Moderate+Severe),M8,M8.lam3^2: <|λ_3|^2> circulant mode 3 (full),1,none-fisher,ideal,none (noisy realisations of 1 sim/stage),Normal:1|AD:3,2000,,,,44.30307073529313,11.411138628989635,,,weakest=Normal|AD; J_eff_min=5.54; gap/port_min=3.56; gap/mesh=pending; bayes_err_max=2.58e-08; shift_robust=no; band_gap_retention=0.29; freq_robust=no
2026-09-27T17:49:20+00:00,7ca77f1,A,A-sphere7-ring6-hfss,hfss-v1-masked,binary:Normal|AD(Mild+Moderate+Severe),M8,M8.lam0^2[k3]: <|λ_0|^2> circulant mode 0 (k3),1,none-fisher,ideal,none (noisy realisations of 1 sim/stage),Normal:1|AD:3,2000,,,,15.010193143767665,5.44419808742978,,,weakest=Normal|AD; J_eff_min=6.72; gap/port_min=4.93; gap/mesh=pending; bayes_err_max=1.89e-05; shift_robust=no; band_gap_retention=0.91; freq_robust=no
2026-09-27T17:49:20+00:00,7ca77f1,A,A-sphere7-ring6-hfss,hfss-v1-masked,binary:Normal|AD(Mild+Moderate+Severe),M8,M8.lam1^2[k3]: <|λ_1|^2> circulant mode 1 (k3),1,none-fisher,ideal,none (noisy realisations of 1 sim/stage),Normal:1|AD:3,2000,,,,16.604063770900247,5.847000190961,,,weakest=Normal|AD; J_eff_min=7.36; gap/port_min=5.14; gap/mesh=pending; bayes_err_max=8.72e-06; shift_robust=no; band_gap_retention=0.91; freq_robust=no
2026-09-27T17:49:20+00:00,7ca77f1,A,A-sphere7-ring6-hfss,hfss-v1-masked,binary:Normal|AD(Mild+Moderate+Severe),M8,M8.lam2^2[k3]: <|λ_2|^2> circulant mode 2 (k3),1,none-fisher,ideal,none (noisy realisations of 1 sim/stage),Normal:1|AD:3,2000,,,,18.87748479376113,6.386371349961621,,,weakest=Normal|AD; J_eff_min=7.73; gap/port_min=5.12; gap/mesh=pending; bayes_err_max=3.1e-06; shift_robust=no; band_gap_retention=0.90; freq_robust=no
2026-09-27T17:49:20+00:00,7ca77f1,A,A-sphere7-ring6-hfss,hfss-v1-masked,binary:Normal|AD(Mild+Moderate+Severe),M8,M8.lam3^2[k3]: <|λ_3|^2> circulant mode 3 (k3),1,none-fisher,ideal,none (noisy realisations of 1 sim/stage),Normal:1|AD:3,2000,,,,20.731870804466165,6.857612211950528,,,weakest=Normal|AD; J_eff_min=8.49; gap/port_min=5.36; gap/mesh=pending; bayes_err_max=1.25e-06; shift_robust=no; band_gap_retention=0.91; freq_robust=no
2026-09-27T17:49:20+00:00,7ca77f1,A,A-sphere7-ring6-hfss,hfss-v1-masked,binary:Normal|AD(Mild+Moderate+Severe),M0,M0.old_score: mean_B Σ_{j≠i}|S_ii+S_ij|/VSWR_i,1,none-fisher,good,none (noisy realisations of 1 sim/stage),Normal:1|AD:3,2000,,,,103.10535134106999,25.960189579361025,,,weakest=Normal|AD; J_eff_min=21.2; gap/port_min=7.3; gap/mesh=pending; bayes_err_max=2.69e-15; shift_robust=yes; band_gap_retention=0.76; freq_robust=no; baseline only; not a physical quantity
2026-09-27T17:49:20+00:00,7ca77f1,A,A-sphere7-ring6-hfss,hfss-v1-masked,binary:Normal|AD(Mild+Moderate+Severe),M1,M1.Sii_dBavg: mean_B 20log10|S_ii|,1,none-fisher,good,none (noisy realisations of 1 sim/stage),Normal:1|AD:3,2000,,,,0.767645187489724,0.36134967398503637,,,weakest=Normal|AD; J_eff_min=0.0192; gap/port_min=0.199; gap/mesh=pending; bayes_err_max=0.211; shift_robust=no; band_gap_retention=1.54; freq_robust=no; dB averaging; shown for fragility
2026-09-27T17:49:20+00:00,7ca77f1,A,A-sphere7-ring6-hfss,hfss-v1-masked,binary:Normal|AD(Mild+Moderate+Severe),M2,M2.R: <|S_ii|^2>_B,1,none-fisher,good,none (noisy realisations of 1 sim/stage),Normal:1|AD:3,2000,,,,38.110905900194126,9.617020981099646,,,weakest=Normal|AD; J_eff_min=5.26; gap/port_min=3.5; gap/mesh=pending; bayes_err_max=2.49e-06; shift_robust=no; band_gap_retention=0.36; freq_robust=no
2026-09-27T17:49:20+00:00,7ca77f1,A,A-sphere7-ring6-hfss,hfss-v1-masked,binary:Normal|AD(Mild+Moderate+Severe),M2,M2.R[k3]: <|S_ii|^2> over k3 window,1,none-fisher,good,none (noisy realisations of 1 sim/stage),Normal:1|AD:3,2000,,,,17.55380064978337,5.693407296724381,,,weakest=Normal|AD; J_eff_min=7.57; gap/port_min=5.16; gap/mesh=pending; bayes_err_max=1.23e-05; shift_robust=no; band_gap_retention=0.91; freq_robust=no
2026-09-27T17:49:20+00:00,7ca77f1,A,A-sphere7-ring6-hfss,hfss-v1-masked,binary:Normal|AD(Mild+Moderate+Severe),M3,M3.A: <1-|S_ii|^2>_B,1,none-fisher,good,none (noisy realisations of 1 sim/stage),Normal:1|AD:3,2000,,,,38.11090590019643,9.61702098110023,,,weakest=Normal|AD; J_eff_min=5.26; gap/port_min=3.5; gap/mesh=pending; bayes_err_max=2.49e-06; shift_robust=no; band_gap_retention=0.36; freq_robust=no; affine copy of M2.R (identical separability)
2026-09-27T17:49:20+00:00,7ca77f1,A,A-sphere7-ring6-hfss,hfss-v1-masked,binary:Normal|AD(Mild+Moderate+Severe),M3,M3.ML_of_powavg: -10log10<A>_B (dB),1,none-fisher,good,none (noisy realisations of 1 sim/stage),Normal:1|AD:3,2000,,,,38.3796981897256,9.681345411072037,,,weakest=Normal|AD; J_eff_min=5.3; gap/port_min=3.51; gap/mesh=pending; bayes_err_max=2.38e-06; shift_robust=no; band_gap_retention=0.35; freq_robust=no
2026-09-27T17:49:20+00:00,7ca77f1,A,A-sphere7-ring6-hfss,hfss-v1-masked,binary:Normal|AD(Mild+Moderate+Severe),M3,M3.ML_dBavg: <-10log10 A>_B (dB-averaged ML),1,none-fisher,good,none (noisy realisations of 1 sim/stage),Normal:1|AD:3,2000,,,,30.702133186191478,7.752738606360995,,,weakest=Normal|AD; J_eff_min=12; gap/port_min=6.27; gap/mesh=pending; bayes_err_max=2.29e-05; shift_robust=no; band_gap_retention=0.76; freq_robust=no; dB averaging; comparison only
2026-09-27T17:49:20+00:00,7ca77f1,A,A-sphere7-ring6-hfss,hfss-v1-masked,binary:Normal|AD(Mild+Moderate+Severe),M4,M4.N: <1-Σ_j|S_ji|^2>_B (absorbed+radiated+loss),1,none-fisher,good,none (noisy realisations of 1 sim/stage),Normal:1|AD:3,2000,,,,37.9473591916162,9.578644052602247,,,weakest=Normal|AD; J_eff_min=5.3; gap/port_min=3.51; gap/mesh=pending; bayes_err_max=2.54e-06; shift_robust=no; band_gap_retention=0.36; freq_robust=no
2026-09-27T17:49:20+00:00,7ca77f1,A,A-sphere7-ring6-hfss,hfss-v1-masked,binary:Normal|AD(Mild+Moderate+Severe),M4,M4.N[k3]: <N> over k3 window,1,none-fisher,good,none (noisy realisations of 1 sim/stage),Normal:1|AD:3,2000,,,,17.670935639321403,5.719996517892071,,,weakest=Normal|AD; J_eff_min=7.58; gap/port_min=5.15; gap/mesh=pending; bayes_err_max=1.17e-05; shift_robust=no; band_gap_retention=0.91; freq_robust=no
2026-09-27T17:49:20+00:00,7ca77f1,A,A-sphere7-ring6-hfss,hfss-v1-masked,binary:Normal|AD(Mild+Moderate+Severe),M5,M5.C: <Σ_(j≠i)|S_ji|^2> (full),1,none-fisher,good,none (noisy realisations of 1 sim/stage),Normal:1|AD:3,2000,,,,2.5506345726997703,2.2576666333364375,,,weakest=Normal|AD; J_eff_min=1.2; gap/port_min=2.13; gap/mesh=pending; bayes_err_max=0.00767; shift_robust=yes; band_gap_retention=1.11; freq_robust=no
2026-09-27T17:49:20+00:00,7ca77f1,A,A-sphere7-ring6-hfss,hfss-v1-masked,binary:Normal|AD(Mild+Moderate+Severe),M5,"M5.C1: <|S_(i±1,i)|^2> (full)",1,none-fisher,good,none (noisy realisations of 1 sim/stage),Normal:1|AD:3,2000,,,,2.0791934647603028,2.159356727792016,,,weakest=Normal|AD; J_eff_min=1.02; gap/port_min=2; gap/mesh=pending; bayes_err_max=0.00919; shift_robust=yes; band_gap_retention=1.11; freq_robust=no
2026-09-27T17:49:20+00:00,7ca77f1,A,A-sphere7-ring6-hfss,hfss-v1-masked,binary:Normal|AD(Mild+Moderate+Severe),M5,"M5.C2: <|S_(i±2,i)|^2> (full)",1,none-fisher,good,none (noisy realisations of 1 sim/stage),Normal:1|AD:3,2000,,,,3.6433678810432246,2.617283515666765,,,weakest=Normal|AD; J_eff_min=2.09; gap/port_min=3.13; gap/mesh=pending; bayes_err_max=0.00395; shift_robust=yes; band_gap_retention=1.03; freq_robust=no
2026-09-27T17:49:20+00:00,7ca77f1,A,A-sphere7-ring6-hfss,hfss-v1-masked,binary:Normal|AD(Mild+Moderate+Severe),M5,"M5.C3: <|S_(i±3,i)|^2> (full)",1,none-fisher,good,none (noisy realisations of 1 sim/stage),Normal:1|AD:3,2000,,,,688.0180038023695,172.6725227240997,,,weakest=Normal|AD; J_eff_min=13; gap/port_min=5.14; gap/mesh=pending; bayes_err_max=6.12e-121; shift_robust=yes; band_gap_retention=1.11; freq_robust=no
2026-09-27T17:49:20+00:00,7ca77f1,A,A-sphere7-ring6-hfss,hfss-v1-masked,binary:Normal|AD(Mild+Moderate+Severe),M5,M5.C[k3]: <Σ_(j≠i)|S_ji|^2> (k3),1,none-fisher,good,none (noisy realisations of 1 sim/stage),Normal:1|AD:3,2000,,,,2.847130849259891,2.2123227274417183,,,weakest=Normal|AD; J_eff_min=0.653; gap/port_min=1.3; gap/mesh=pending; bayes_err_max=0.00834; shift_robust=no; band_gap_retention=0.72; freq_robust=no
2026-09-27T17:49:20+00:00,7ca77f1,A,A-sphere7-ring6-hfss,hfss-v1-masked,binary:Normal|AD(Mild+Moderate+Severe),M5,"M5.C1[k3]: <|S_(i±1,i)|^2> (k3)",1,none-fisher,good,none (noisy realisations of 1 sim/stage),Normal:1|AD:3,2000,,,,2.0059417771571555,2.027647142212837,,,weakest=Normal|AD; J_eff_min=0.501; gap/port_min=1.16; gap/mesh=pending; bayes_err_max=0.0117; shift_robust=no; band_gap_retention=0.68; freq_robust=no
2026-09-27T17:49:20+00:00,7ca77f1,A,A-sphere7-ring6-hfss,hfss-v1-masked,binary:Normal|AD(Mild+Moderate+Severe),M5,"M5.C2[k3]: <|S_(i±2,i)|^2> (k3)",1,none-fisher,good,none (noisy realisations of 1 sim/stage),Normal:1|AD:3,2000,,,,2.1890272645086863,2.2138340452790373,,,weakest=Normal|AD; J_eff_min=1.4; gap/port_min=2.8; gap/mesh=pending; bayes_err_max=0.00831; shift_robust=yes; band_gap_retention=0.82; freq_robust=yes
2026-09-27T17:49:20+00:00,7ca77f1,A,A-sphere7-ring6-hfss,hfss-v1-masked,binary:Normal|AD(Mild+Moderate+Severe),M5,"M5.C3[k3]: <|S_(i±3,i)|^2> (k3)",1,none-fisher,good,none (noisy realisations of 1 sim/stage),Normal:1|AD:3,2000,,,,1096.5644349713561,274.67352985380353,,,weakest=Normal|AD; J_eff_min=18; gap/port_min=6.04; gap/mesh=pending; bayes_err_max=9.15e-180; shift_robust=yes; band_gap_retention=0.94; freq_robust=yes
2026-09-27T17:49:20+00:00,7ca77f1,A,A-sphere7-ring6-hfss,hfss-v1-masked,binary:Normal|AD(Mild+Moderate+Severe),M5,"M5.C3_dBavg[k3]: mean over k3 window of 10log10|S_(i+3,i)|^2",1,none-fisher,good,none (noisy realisations of 1 sim/stage),Normal:1|AD:3,2000,,,,566.0336318420744,142.35644290942523,,,weakest=Normal|AD; J_eff_min=12.2; gap/port_min=4.98; gap/mesh=pending; bayes_err_max=1.66e-106; shift_robust=yes; band_gap_retention=0.91; freq_robust=yes; dB averaging; comparison only
2026-09-27T17:49:20+00:00,7ca77f1,A,A-sphere7-ring6-hfss,hfss-v1-masked,binary:Normal|AD(Mild+Moderate+Severe),M6,M6.fc_A: power-weighted centroid of A(f) [GHz],1,none-fisher,good,none (noisy realisations of 1 sim/stage),Normal:1|AD:3,2000,,,,4.888041804656595,1.539535436452133,,,weakest=Normal|AD; J_eff_min=0.913; gap/port_min=1.5; gap/mesh=pending; bayes_err_max=0.0304; shift_robust=no; band_gap_retention=0.84; freq_robust=no
2026-09-27T17:49:20+00:00,7ca77f1,A,A-sphere7-ring6-hfss,hfss-v1-masked,binary:Normal|AD(Mild+Moderate+Severe),M6,M6.spread_A: spectral spread of A(f) [MHz],1,none-fisher,good,none (noisy realisations of 1 sim/stage),Normal:1|AD:3,2000,,,,47.40151586322176,11.911828426708492,,,weakest=Normal|AD; J_eff_min=26.1; gap/port_min=10.8; gap/mesh=pending; bayes_err_max=2.56e-07; shift_robust=yes; band_gap_retention=0.62; freq_robust=no
2026-09-27T17:49:20+00:00,7ca77f1,A,A-sphere7-ring6-hfss,hfss-v1-masked,binary:Normal|AD(Mild+Moderate+Severe),M6,M6.fc_N: power-weighted centroid of N(f) [GHz],1,none-fisher,good,none (noisy realisations of 1 sim/stage),Normal:1|AD:3,2000,,,,4.8998508098370195,1.5422424016827128,,,weakest=Normal|AD; J_eff_min=0.915; gap/port_min=1.5; gap/mesh=pending; bayes_err_max=0.0303; shift_robust=no; band_gap_retention=0.84; freq_robust=no
2026-09-27T17:49:20+00:00,7ca77f1,A,A-sphere7-ring6-hfss,hfss-v1-masked,binary:Normal|AD(Mild+Moderate+Severe),M6,M6.spread_N: spectral spread of N(f) [MHz],1,none-fisher,good,none (noisy realisations of 1 sim/stage),Normal:1|AD:3,2000,,,,47.551877188428385,11.948525447662327,,,weakest=Normal|AD; J_eff_min=26.1; gap/port_min=10.8; gap/mesh=pending; bayes_err_max=2.49e-07; shift_robust=yes; band_gap_retention=0.62; freq_robust=no
2026-09-27T17:49:20+00:00,7ca77f1,A,A-sphere7-ring6-hfss,hfss-v1-masked,binary:Normal|AD(Mild+Moderate+Severe),M6,M6.A[3.20]: <A> in 50 MHz sub-band from 3.20 GHz,1,none-fisher,good,none (noisy realisations of 1 sim/stage),Normal:1|AD:3,2000,,,,39.07771841339366,9.943639090397006,,,weakest=Normal|AD; J_eff_min=20.9; gap/port_min=9.46; gap/mesh=pending; bayes_err_max=7.75e-07; shift_robust=no; band_gap_retention=1.00; freq_robust=no
2026-09-27T17:49:20+00:00,7ca77f1,A,A-sphere7-ring6-hfss,hfss-v1-masked,binary:Normal|AD(Mild+Moderate+Severe),M6,M6.N[3.20]: <N> in 50 MHz sub-band from 3.20 GHz,1,none-fisher,good,none (noisy realisations of 1 sim/stage),Normal:1|AD:3,2000,,,,39.06760557333614,9.941068607503874,,,weakest=Normal|AD; J_eff_min=20.9; gap/port_min=9.46; gap/mesh=pending; bayes_err_max=7.77e-07; shift_robust=no; band_gap_retention=1.00; freq_robust=no
2026-09-27T17:49:20+00:00,7ca77f1,A,A-sphere7-ring6-hfss,hfss-v1-masked,binary:Normal|AD(Mild+Moderate+Severe),M6,M6.A[3.25]: <A> in 50 MHz sub-band from 3.25 GHz,1,none-fisher,good,none (noisy realisations of 1 sim/stage),Normal:1|AD:3,2000,,,,127.22520636024727,31.829002960304738,,,weakest=Normal|AD; J_eff_min=17.7; gap/port_min=6.4; gap/mesh=pending; bayes_err_max=3.6e-16; shift_robust=no; band_gap_retention=0.97; freq_robust=no
2026-09-27T17:49:20+00:00,7ca77f1,A,A-sphere7-ring6-hfss,hfss-v1-masked,binary:Normal|AD(Mild+Moderate+Severe),M6,M6.N[3.25]: <N> in 50 MHz sub-band from 3.25 GHz,1,none-fisher,good,none (noisy realisations of 1 sim/stage),Normal:1|AD:3,2000,,,,127.12417536511272,31.8037481026236,,,weakest=Normal|AD; J_eff_min=17.6; gap/port_min=6.4; gap/mesh=pending; bayes_err_max=3.69e-16; shift_robust=no; band_gap_retention=0.97; freq_robust=no
2026-09-27T17:49:20+00:00,7ca77f1,A,A-sphere7-ring6-hfss,hfss-v1-masked,binary:Normal|AD(Mild+Moderate+Severe),M6,M6.A[3.30]: <A> in 50 MHz sub-band from 3.30 GHz,1,none-fisher,good,none (noisy realisations of 1 sim/stage),Normal:1|AD:3,2000,,,,12.33050790606403,3.443105735197857,,,weakest=Normal|AD; J_eff_min=2.49; gap/port_min=2.5; gap/mesh=pending; bayes_err_max=0.00163; shift_robust=no; band_gap_retention=0.82; freq_robust=no
2026-09-27T17:49:20+00:00,7ca77f1,A,A-sphere7-ring6-hfss,hfss-v1-masked,binary:Normal|AD(Mild+Moderate+Severe),M6,M6.N[3.30]: <N> in 50 MHz sub-band from 3.30 GHz,1,none-fisher,good,none (noisy realisations of 1 sim/stage),Normal:1|AD:3,2000,,,,12.335177648707836,3.4438188278093245,,,weakest=Normal|AD; J_eff_min=2.48; gap/port_min=2.49; gap/mesh=pending; bayes_err_max=0.00163; shift_robust=no; band_gap_retention=0.82; freq_robust=no
2026-09-27T17:49:20+00:00,7ca77f1,A,A-sphere7-ring6-hfss,hfss-v1-masked,binary:Normal|AD(Mild+Moderate+Severe),M6,M6.A[3.35]: <A> in 50 MHz sub-band from 3.35 GHz,1,none-fisher,good,none (noisy realisations of 1 sim/stage),Normal:1|AD:3,2000,,,,3.179284560251597,1.8382076403510053,,,weakest=Normal|AD; J_eff_min=1.84; gap/port_min=2.96; gap/mesh=pending; bayes_err_max=0.0165; shift_robust=no; band_gap_retention=0.80; freq_robust=no
2026-09-27T17:49:20+00:00,7ca77f1,A,A-sphere7-ring6-hfss,hfss-v1-masked,binary:Normal|AD(Mild+Moderate+Severe),M6,M6.N[3.35]: <N> in 50 MHz sub-band from 3.35 GHz,1,none-fisher,good,none (noisy realisations of 1 sim/stage),Normal:1|AD:3,2000,,,,3.184606414645305,1.8389076028668825,,,weakest=Normal|AD; J_eff_min=1.84; gap/port_min=2.96; gap/mesh=pending; bayes_err_max=0.0165; shift_robust=no; band_gap_retention=0.80; freq_robust=no
2026-09-27T17:49:20+00:00,7ca77f1,A,A-sphere7-ring6-hfss,hfss-v1-masked,binary:Normal|AD(Mild+Moderate+Severe),M6,M6.A[3.40]: <A> in 50 MHz sub-band from 3.40 GHz,1,none-fisher,good,none (noisy realisations of 1 sim/stage),Normal:1|AD:3,2000,,,,16.40219698672247,5.421135713828062,,,weakest=Normal|AD; J_eff_min=9.34; gap/port_min=6.59; gap/mesh=pending; bayes_err_max=2.06e-05; shift_robust=yes; band_gap_retention=0.98; freq_robust=yes
2026-09-27T17:49:20+00:00,7ca77f1,A,A-sphere7-ring6-hfss,hfss-v1-masked,binary:Normal|AD(Mild+Moderate+Severe),M6,M6.N[3.40]: <N> in 50 MHz sub-band from 3.40 GHz,1,none-fisher,good,none (noisy realisations of 1 sim/stage),Normal:1|AD:3,2000,,,,16.44711476470536,5.431203945851772,,,weakest=Normal|AD; J_eff_min=9.34; gap/port_min=6.58; gap/mesh=pending; bayes_err_max=2.02e-05; shift_robust=yes; band_gap_retention=0.98; freq_robust=yes
2026-09-27T17:49:20+00:00,7ca77f1,A,A-sphere7-ring6-hfss,hfss-v1-masked,binary:Normal|AD(Mild+Moderate+Severe),M6,M6.A[3.45]: <A> in 50 MHz sub-band from 3.45 GHz,1,none-fisher,good,none (noisy realisations of 1 sim/stage),Normal:1|AD:3,2000,,,,34.84075765391087,9.603358722643957,,,weakest=Normal|AD; J_eff_min=7.22; gap/port_min=4.27; gap/mesh=pending; bayes_err_max=1.53e-08; shift_robust=no; band_gap_retention=0.95; freq_robust=no
2026-09-27T17:49:20+00:00,7ca77f1,A,A-sphere7-ring6-hfss,hfss-v1-masked,binary:Normal|AD(Mild+Moderate+Severe),M6,M6.N[3.45]: <N> in 50 MHz sub-band from 3.45 GHz,1,none-fisher,good,none (noisy realisations of 1 sim/stage),Normal:1|AD:3,2000,,,,35.154258538952426,9.679043224742447,,,weakest=Normal|AD; J_eff_min=7.22; gap/port_min=4.26; gap/mesh=pending; bayes_err_max=1.35e-08; shift_robust=no; band_gap_retention=0.95; freq_robust=no
2026-09-27T17:49:20+00:00,7ca77f1,A,A-sphere7-ring6-hfss,hfss-v1-masked,binary:Normal|AD(Mild+Moderate+Severe),M6,M6.A[3.50]: <A> in 50 MHz sub-band from 3.50 GHz,1,none-fisher,good,none (noisy realisations of 1 sim/stage),Normal:1|AD:3,2000,,,,56.637291187488316,14.618377880884712,,,weakest=Normal|AD; J_eff_min=3.63; gap/port_min=2.78; gap/mesh=pending; bayes_err_max=7.85e-11; shift_robust=no; band_gap_retention=0.97; freq_robust=no
2026-09-27T17:49:20+00:00,7ca77f1,A,A-sphere7-ring6-hfss,hfss-v1-masked,binary:Normal|AD(Mild+Moderate+Severe),M6,M6.N[3.50]: <N> in 50 MHz sub-band from 3.50 GHz,1,none-fisher,good,none (noisy realisations of 1 sim/stage),Normal:1|AD:3,2000,,,,58.01310103258781,14.954876352293452,,,weakest=Normal|AD; J_eff_min=3.61; gap/port_min=2.78; gap/mesh=pending; bayes_err_max=5.21e-11; shift_robust=no; band_gap_retention=0.96; freq_robust=no
2026-09-27T17:49:20+00:00,7ca77f1,A,A-sphere7-ring6-hfss,hfss-v1-masked,binary:Normal|AD(Mild+Moderate+Severe),M6,M6.A[3.55]: <A> in 50 MHz sub-band from 3.55 GHz,1,none-fisher,good,none (noisy realisations of 1 sim/stage),Normal:1|AD:3,2000,,,,68.99899103754898,17.807127481709554,,,weakest=Normal|AD; J_eff_min=1.33; gap/port_min=1.65; gap/mesh=pending; bayes_err_max=2.13e-13; shift_robust=no; band_gap_retention=0.96; freq_robust=no
2026-09-27T17:49:20+00:00,7ca77f1,A,A-sphere7-ring6-hfss,hfss-v1-masked,binary:Normal|AD(Mild+Moderate+Severe),M6,M6.N[3.55]: <N> in 50 MHz sub-band from 3.55 GHz,1,none-fisher,good,none (noisy realisations of 1 sim/stage),Normal:1|AD:3,2000,,,,71.84537959787231,18.50432771480475,,,weakest=Normal|AD; J_eff_min=1.32; gap/port_min=1.64; gap/mesh=pending; bayes_err_max=8.79e-14; shift_robust=no; band_gap_retention=0.96; freq_robust=no
2026-09-27T17:49:20+00:00,7ca77f1,A,A-sphere7-ring6-hfss,hfss-v1-masked,binary:Normal|AD(Mild+Moderate+Severe),M6,M6.A[3.60]: <A> in 50 MHz sub-band from 3.60 GHz,1,none-fisher,good,none (noisy realisations of 1 sim/stage),Normal:1|AD:3,2000,,,,0.08382890078334579,0.9241993096697331,,,weakest=Normal|AD; J_eff_min=0.0113; gap/port_min=0.162; gap/mesh=pending; bayes_err_max=0.083; shift_robust=no; band_gap_retention=-11.66; freq_robust=no
2026-09-27T17:49:20+00:00,7ca77f1,A,A-sphere7-ring6-hfss,hfss-v1-masked,binary:Normal|AD(Mild+Moderate+Severe),M6,M6.N[3.60]: <N> in 50 MHz sub-band from 3.60 GHz,1,none-fisher,good,none (noisy realisations of 1 sim/stage),Normal:1|AD:3,2000,,,,0.21074579700175095,0.9585521738467114,,,weakest=Normal|AD; J_eff_min=0.0291; gap/port_min=0.26; gap/mesh=pending; bayes_err_max=0.0782; shift_robust=no; band_gap_retention=-6.80; freq_robust=no
2026-09-27T17:49:20+00:00,7ca77f1,A,A-sphere7-ring6-hfss,hfss-v1-masked,binary:Normal|AD(Mild+Moderate+Severe),M6,M6.A[3.65]: <A> in 50 MHz sub-band from 3.65 GHz,1,none-fisher,good,none (noisy realisations of 1 sim/stage),Normal:1|AD:3,2000,,,,5.21799397832706,2.3357810509261485,,,weakest=Normal|AD; J_eff_min=0.732; gap/port_min=1.31; gap/mesh=pending; bayes_err_max=0.00672; shift_robust=no; band_gap_retention=0.98; freq_robust=no
2026-09-27T17:49:20+00:00,7ca77f1,A,A-sphere7-ring6-hfss,hfss-v1-masked,binary:Normal|AD(Mild+Moderate+Severe),M6,M6.N[3.65]: <N> in 50 MHz sub-band from 3.65 GHz,1,none-fisher,good,none (noisy realisations of 1 sim/stage),Normal:1|AD:3,2000,,,,5.198997324697307,2.33358698956516,,,weakest=Normal|AD; J_eff_min=0.738; gap/port_min=1.31; gap/mesh=pending; bayes_err_max=0.00675; shift_robust=no; band_gap_retention=0.98; freq_robust=no
2026-09-27T17:49:20+00:00,7ca77f1,A,A-sphere7-ring6-hfss,hfss-v1-masked,binary:Normal|AD(Mild+Moderate+Severe),M6,M6.A[3.70]: <A> in 50 MHz sub-band from 3.70 GHz,1,none-fisher,good,none (noisy realisations of 1 sim/stage),Normal:1|AD:3,2000,,,,0.04339746072499149,1.0449955013695058,,,weakest=Normal|AD; J_eff_min=0.00546; gap/port_min=0.112; gap/mesh=pending; bayes_err_max=0.0674; shift_robust=no; band_gap_retention=0.12; freq_robust=no
2026-09-27T17:49:20+00:00,7ca77f1,A,A-sphere7-ring6-hfss,hfss-v1-masked,binary:Normal|AD(Mild+Moderate+Severe),M6,M6.N[3.70]: <N> in 50 MHz sub-band from 3.70 GHz,1,none-fisher,good,none (noisy realisations of 1 sim/stage),Normal:1|AD:3,2000,,,,0.04528180462645022,1.0464142594483996,,,weakest=Normal|AD; J_eff_min=0.00573; gap/port_min=0.115; gap/mesh=pending; bayes_err_max=0.0672; shift_robust=no; band_gap_retention=0.14; freq_robust=no
2026-09-27T17:49:20+00:00,7ca77f1,A,A-sphere7-ring6-hfss,hfss-v1-masked,binary:Normal|AD(Mild+Moderate+Severe),M6,M6.A[3.75]: <A> in 50 MHz sub-band from 3.75 GHz,1,none-fisher,good,none (noisy realisations of 1 sim/stage),Normal:1|AD:3,2000,,,,2.2993393299399147,1.130425995177107,,,weakest=Normal|AD; J_eff_min=0.076; gap/port_min=0.397; gap/mesh=pending; bayes_err_max=0.0581; shift_robust=no; band_gap_retention=0.31; freq_robust=no
2026-09-27T17:49:20+00:00,7ca77f1,A,A-sphere7-ring6-hfss,hfss-v1-masked,binary:Normal|AD(Mild+Moderate+Severe),M6,M6.N[3.75]: <N> in 50 MHz sub-band from 3.75 GHz,1,none-fisher,good,none (noisy realisations of 1 sim/stage),Normal:1|AD:3,2000,,,,2.3447446163004764,1.1432096980086137,,,weakest=Normal|AD; J_eff_min=0.078; gap/port_min=0.402; gap/mesh=pending; bayes_err_max=0.0569; shift_robust=no; band_gap_retention=0.32; freq_robust=no
2026-09-27T17:49:20+00:00,7ca77f1,A,A-sphere7-ring6-hfss,hfss-v1-masked,binary:Normal|AD(Mild+Moderate+Severe),M6,M6.A[3.80]: <A> in 50 MHz sub-band from 3.80 GHz,1,none-fisher,good,none (noisy realisations of 1 sim/stage),Normal:1|AD:3,2000,,,,19.981108600414444,5.404407338064842,,,weakest=Normal|AD; J_eff_min=0.483; gap/port_min=0.995; gap/mesh=pending; bayes_err_max=7.89e-05; shift_robust=no; band_gap_retention=0.97; freq_robust=no
2026-09-27T17:49:20+00:00,7ca77f1,A,A-sphere7-ring6-hfss,hfss-v1-masked,binary:Normal|AD(Mild+Moderate+Severe),M6,M6.N[3.80]: <N> in 50 MHz sub-band from 3.80 GHz,1,none-fisher,good,none (noisy realisations of 1 sim/stage),Normal:1|AD:3,2000,,,,20.005057369168064,5.410493032383009,,,weakest=Normal|AD; J_eff_min=0.484; gap/port_min=0.996; gap/mesh=pending; bayes_err_max=7.82e-05; shift_robust=no; band_gap_retention=0.97; freq_robust=no
2026-09-27T17:49:20+00:00,7ca77f1,A,A-sphere7-ring6-hfss,hfss-v1-masked,binary:Normal|AD(Mild+Moderate+Severe),M6,M6.A[3.85]: <A> in 50 MHz sub-band from 3.85 GHz,1,none-fisher,good,none (noisy realisations of 1 sim/stage),Normal:1|AD:3,2000,,,,18.399275548795767,4.762175450040484,,,weakest=Normal|AD; J_eff_min=2.22; gap/port_min=2.24; gap/mesh=pending; bayes_err_max=0.000495; shift_robust=no; band_gap_retention=0.98; freq_robust=no
2026-09-27T17:49:20+00:00,7ca77f1,A,A-sphere7-ring6-hfss,hfss-v1-masked,binary:Normal|AD(Mild+Moderate+Severe),M6,M6.N[3.85]: <N> in 50 MHz sub-band from 3.85 GHz,1,none-fisher,good,none (noisy realisations of 1 sim/stage),Normal:1|AD:3,2000,,,,18.4022093342536,4.762967020687188,,,weakest=Normal|AD; J_eff_min=2.22; gap/port_min=2.25; gap/mesh=pending; bayes_err_max=0.000495; shift_robust=no; band_gap_retention=0.98; freq_robust=no
2026-09-27T17:49:20+00:00,7ca77f1,A,A-sphere7-ring6-hfss,hfss-v1-masked,binary:Normal|AD(Mild+Moderate+Severe),M6,M6.A[3.90]: <A> in 50 MHz sub-band from 3.90 GHz,1,none-fisher,good,none (noisy realisations of 1 sim/stage),Normal:1|AD:3,2000,,,,13.685282147390403,3.502588817850329,,,weakest=Normal|AD; J_eff_min=5.18; gap/port_min=4.08; gap/mesh=pending; bayes_err_max=0.00312; shift_robust=no; band_gap_retention=0.98; freq_robust=no
2026-09-27T17:49:20+00:00,7ca77f1,A,A-sphere7-ring6-hfss,hfss-v1-masked,binary:Normal|AD(Mild+Moderate+Severe),M6,M6.N[3.90]: <N> in 50 MHz sub-band from 3.90 GHz,1,none-fisher,good,none (noisy realisations of 1 sim/stage),Normal:1|AD:3,2000,,,,13.685929419653696,3.50276896348652,,,weakest=Normal|AD; J_eff_min=5.18; gap/port_min=4.08; gap/mesh=pending; bayes_err_max=0.00312; shift_robust=no; band_gap_retention=0.98; freq_robust=no
2026-09-27T17:49:20+00:00,7ca77f1,A,A-sphere7-ring6-hfss,hfss-v1-masked,binary:Normal|AD(Mild+Moderate+Severe),M6,M6.A[3.95]: <A> in 50 MHz sub-band from 3.95 GHz,1,none-fisher,good,none (noisy realisations of 1 sim/stage),Normal:1|AD:3,2000,,,,10.355822209345252,2.6244131720794655,,,weakest=Normal|AD; J_eff_min=6.21; gap/port_min=5.57; gap/mesh=pending; bayes_err_max=0.0101; shift_robust=no; band_gap_retention=0.98; freq_robust=no
2026-09-27T17:49:20+00:00,7ca77f1,A,A-sphere7-ring6-hfss,hfss-v1-masked,binary:Normal|AD(Mild+Moderate+Severe),M6,M6.N[3.95]: <N> in 50 MHz sub-band from 3.95 GHz,1,none-fisher,good,none (noisy realisations of 1 sim/stage),Normal:1|AD:3,2000,,,,10.356105489912622,2.6244905094643984,,,weakest=Normal|AD; J_eff_min=6.21; gap/port_min=5.57; gap/mesh=pending; bayes_err_max=0.0101; shift_robust=no; band_gap_retention=0.98; freq_robust=no
2026-09-27T17:49:20+00:00,7ca77f1,A,A-sphere7-ring6-hfss,hfss-v1-masked,binary:Normal|AD(Mild+Moderate+Severe),M6,M6.A[4.00]: <A> in 50 MHz sub-band from 4.00 GHz,1,none-fisher,good,none (noisy realisations of 1 sim/stage),Normal:1|AD:3,2000,,,,7.172595001693987,1.8080556572041193,,,weakest=Normal|AD; J_eff_min=5.21; gap/port_min=6.18; gap/mesh=pending; bayes_err_max=0.028; shift_robust=no; band_gap_retention=0.97; freq_robust=no
2026-09-27T17:49:20+00:00,7ca77f1,A,A-sphere7-ring6-hfss,hfss-v1-masked,binary:Normal|AD(Mild+Moderate+Severe),M6,M6.N[4.00]: <N> in 50 MHz sub-band from 4.00 GHz,1,none-fisher,good,none (noisy realisations of 1 sim/stage),Normal:1|AD:3,2000,,,,7.172811320669542,1.808112010481044,,,weakest=Normal|AD; J_eff_min=5.21; gap/port_min=6.18; gap/mesh=pending; bayes_err_max=0.028; shift_robust=no; band_gap_retention=0.97; freq_robust=no
2026-09-27T17:49:20+00:00,7ca77f1,A,A-sphere7-ring6-hfss,hfss-v1-masked,binary:Normal|AD(Mild+Moderate+Severe),M6,M6.A[4.05]: <A> in 50 MHz sub-band from 4.05 GHz,1,none-fisher,good,none (noisy realisations of 1 sim/stage),Normal:1|AD:3,2000,,,,4.713098853879149,1.1809701979728726,,,weakest=Normal|AD; J_eff_min=3.78; gap/port_min=6.18; gap/mesh=pending; bayes_err_max=0.062; shift_robust=no; band_gap_retention=0.97; freq_robust=no
2026-09-27T17:49:20+00:00,7ca77f1,A,A-sphere7-ring6-hfss,hfss-v1-masked,binary:Normal|AD(Mild+Moderate+Severe),M6,M6.N[4.05]: <N> in 50 MHz sub-band from 4.05 GHz,1,none-fisher,good,none (noisy realisations of 1 sim/stage),Normal:1|AD:3,2000,,,,4.713239658528073,1.181005899333886,,,weakest=Normal|AD; J_eff_min=3.78; gap/port_min=6.18; gap/mesh=pending; bayes_err_max=0.062; shift_robust=no; band_gap_retention=0.97; freq_robust=no
2026-09-27T17:49:20+00:00,7ca77f1,A,A-sphere7-ring6-hfss,hfss-v1-masked,binary:Normal|AD(Mild+Moderate+Severe),M6,M6.A[4.10]: <A> in 50 MHz sub-band from 4.10 GHz,1,none-fisher,good,none (noisy realisations of 1 sim/stage),Normal:1|AD:3,2000,,,,2.5947709708507465,0.6491372322945461,,,weakest=Normal|AD; J_eff_min=2.2; gap/port_min=5.36; gap/mesh=pending; bayes_err_max=0.127; shift_robust=no; band_gap_retention=0.97; freq_robust=no
2026-09-27T17:49:20+00:00,7ca77f1,A,A-sphere7-ring6-hfss,hfss-v1-masked,binary:Normal|AD(Mild+Moderate+Severe),M6,M6.N[4.10]: <N> in 50 MHz sub-band from 4.10 GHz,1,none-fisher,good,none (noisy realisations of 1 sim/stage),Normal:1|AD:3,2000,,,,2.5948591558490843,0.6491593828129764,,,weakest=Normal|AD; J_eff_min=2.2; gap/port_min=5.36; gap/mesh=pending; bayes_err_max=0.127; shift_robust=no; band_gap_retention=0.97; freq_robust=no
2026-09-27T17:49:20+00:00,7ca77f1,A,A-sphere7-ring6-hfss,hfss-v1-masked,binary:Normal|AD(Mild+Moderate+Severe),M6,M6.A[4.15]: <A> in 50 MHz sub-band from 4.15 GHz,1,none-fisher,good,none (noisy realisations of 1 sim/stage),Normal:1|AD:3,2000,,,,1.112661594279129,0.27838696041895167,,,weakest=Normal|AD; J_eff_min=0.991; gap/port_min=4.26; gap/mesh=pending; bayes_err_max=0.228; shift_robust=no; band_gap_retention=0.98; freq_robust=no
2026-09-27T17:49:20+00:00,7ca77f1,A,A-sphere7-ring6-hfss,hfss-v1-masked,binary:Normal|AD(Mild+Moderate+Severe),M6,M6.N[4.15]: <N> in 50 MHz sub-band from 4.15 GHz,1,none-fisher,good,none (noisy realisations of 1 sim/stage),Normal:1|AD:3,2000,,,,1.1127096399000214,0.27839900588722655,,,weakest=Normal|AD; J_eff_min=0.991; gap/port_min=4.26; gap/mesh=pending; bayes_err_max=0.228; shift_robust=no; band_gap_retention=0.98; freq_robust=no
2026-09-27T17:49:20+00:00,7ca77f1,A,A-sphere7-ring6-hfss,hfss-v1-masked,binary:Normal|AD(Mild+Moderate+Severe),M7,"M7.D: <Σ_j|S_ji - S_ref,ji|^2>_B, ref = circulant(Normal)",1,none-fisher,good,none (noisy realisations of 1 sim/stage),Normal:1|AD:3,2000,,,,18.573664573695368,6.055746382073161,,,weakest=Normal|AD; J_eff_min=7.69; gap/port_min=5.12; gap/mesh=pending; bayes_err_max=6.04e-06; shift_robust=no; band_gap_retention=1.02; freq_robust=no
2026-09-27T17:49:20+00:00,7ca77f1,A,A-sphere7-ring6-hfss,hfss-v1-masked,binary:Normal|AD(Mild+Moderate+Severe),M7,"M7.D_pow: <Σ_j(|S_ji|^2 - |S_ref,ji|^2)^2>_B (phase-free)",1,none-fisher,good,none (noisy realisations of 1 sim/stage),Normal:1|AD:3,2000,,,,9.07908048267521,3.1989618089886758,,,weakest=Normal|AD; J_eff_min=5.81; gap/port_min=5.68; gap/mesh=pending; bayes_err_max=0.00142; shift_robust=no; band_gap_retention=0.83; freq_robust=no
2026-09-27T17:49:20+00:00,7ca77f1,A,A-sphere7-ring6-hfss,hfss-v1-masked,binary:Normal|AD(Mild+Moderate+Severe),M7,"M7.D0: <|S_(i±0,i) - ref|^2>_B",1,none-fisher,good,none (noisy realisations of 1 sim/stage),Normal:1|AD:3,2000,,,,18.558734075372005,6.048044614449381,,,weakest=Normal|AD; J_eff_min=7.64; gap/port_min=5.1; gap/mesh=pending; bayes_err_max=6.13e-06; shift_robust=no; band_gap_retention=1.02; freq_robust=no
2026-09-27T17:49:20+00:00,7ca77f1,A,A-sphere7-ring6-hfss,hfss-v1-masked,binary:Normal|AD(Mild+Moderate+Severe),M7,"M7.D1: <|S_(i±1,i) - ref|^2>_B",1,none-fisher,good,none (noisy realisations of 1 sim/stage),Normal:1|AD:3,2000,,,,19.241485453414825,6.644626485766645,,,weakest=Normal|AD; J_eff_min=1.88; gap/port_min=2.04; gap/mesh=pending; bayes_err_max=1.87e-06; shift_robust=no; band_gap_retention=1.09; freq_robust=no
2026-09-27T17:49:20+00:00,7ca77f1,A,A-sphere7-ring6-hfss,hfss-v1-masked,binary:Normal|AD(Mild+Moderate+Severe),M7,"M7.D2: <|S_(i±2,i) - ref|^2>_B",1,none-fisher,good,none (noisy realisations of 1 sim/stage),Normal:1|AD:3,2000,,,,8.256630183576195,3.9733192209339023,,,weakest=Normal|AD; J_eff_min=3.73; gap/port_min=3.69; gap/mesh=pending; bayes_err_max=0.00031; shift_robust=no; band_gap_retention=1.08; freq_robust=no
2026-09-27T17:49:20+00:00,7ca77f1,A,A-sphere7-ring6-hfss,hfss-v1-masked,binary:Normal|AD(Mild+Moderate+Severe),M7,"M7.D3: <|S_(i±3,i) - ref|^2>_B",1,none-fisher,good,none (noisy realisations of 1 sim/stage),Normal:1|AD:3,2000,,,,9.05085260949464,4.629750833261742,,,weakest=Normal|AD; J_eff_min=5.75; gap/port_min=5.61; gap/mesh=pending; bayes_err_max=8.9e-05; shift_robust=no; band_gap_retention=1.11; freq_robust=no
2026-09-27T17:49:20+00:00,7ca77f1,A,A-sphere7-ring6-hfss,hfss-v1-masked,binary:Normal|AD(Mild+Moderate+Severe),M7,"M7.D3[k3]: <|S_(i+3,i) - ref|^2> over k3 window",1,none-fisher,good,none (noisy realisations of 1 sim/stage),Normal:1|AD:3,2000,,,,8.810339645954372,4.641718532914228,,,weakest=Normal|AD; J_eff_min=6.39; gap/port_min=6.83; gap/mesh=pending; bayes_err_max=8.67e-05; shift_robust=no; band_gap_retention=0.91; freq_robust=no
2026-09-27T17:49:20+00:00,7ca77f1,A,A-sphere7-ring6-hfss,hfss-v1-masked,binary:Normal|AD(Mild+Moderate+Severe),M8,M8.s1^2: <s_1(S)^2>_B (singular value),1,none-fisher,good,none (noisy realisations of 1 sim/stage),Normal:1|AD:3,2000,,,,1.7323969875349732,0.7904665648922272,,,weakest=Normal|AD; J_eff_min=nan; gap/port_min=nan; gap/mesh=pending; bayes_err_max=0.103; shift_robust=no; band_gap_retention=-0.19; freq_robust=no; matrix-level: no per-antenna port-noise estimate
2026-09-27T17:49:20+00:00,7ca77f1,A,A-sphere7-ring6-hfss,hfss-v1-masked,binary:Normal|AD(Mild+Moderate+Severe),M8,M8.s2^2: <s_2(S)^2>_B (singular value),1,none-fisher,good,none (noisy realisations of 1 sim/stage),Normal:1|AD:3,2000,,,,19.36206671973383,4.887717793223254,,,weakest=Normal|AD; J_eff_min=nan; gap/port_min=nan; gap/mesh=pending; bayes_err_max=0.000708; shift_robust=no; band_gap_retention=0.21; freq_robust=no; matrix-level: no per-antenna port-noise estimate
2026-09-27T17:49:20+00:00,7ca77f1,A,A-sphere7-ring6-hfss,hfss-v1-masked,binary:Normal|AD(Mild+Moderate+Severe),M8,M8.s3^2: <s_3(S)^2>_B (singular value),1,none-fisher,good,none (noisy realisations of 1 sim/stage),Normal:1|AD:3,2000,,,,42.17734875485689,10.590591035605854,,,weakest=Normal|AD; J_eff_min=nan; gap/port_min=nan; gap/mesh=pending; bayes_err_max=1.29e-06; shift_robust=no; band_gap_retention=0.48; freq_robust=no; matrix-level: no per-antenna port-noise estimate
2026-09-27T17:49:20+00:00,7ca77f1,A,A-sphere7-ring6-hfss,hfss-v1-masked,binary:Normal|AD(Mild+Moderate+Severe),M8,M8.s4^2: <s_4(S)^2>_B (singular value),1,none-fisher,good,none (noisy realisations of 1 sim/stage),Normal:1|AD:3,2000,,,,40.03771354084753,10.012560107544685,,,weakest=Normal|AD; J_eff_min=nan; gap/port_min=nan; gap/mesh=pending; bayes_err_max=3.7e-06; shift_robust=no; band_gap_retention=0.19; freq_robust=no; matrix-level: no per-antenna port-noise estimate
2026-09-27T17:49:20+00:00,7ca77f1,A,A-sphere7-ring6-hfss,hfss-v1-masked,binary:Normal|AD(Mild+Moderate+Severe),M8,M8.s5^2: <s_5(S)^2>_B (singular value),1,none-fisher,good,none (noisy realisations of 1 sim/stage),Normal:1|AD:3,2000,,,,46.12396952600581,11.571347666876346,,,weakest=Normal|AD; J_eff_min=nan; gap/port_min=nan; gap/mesh=pending; bayes_err_max=4.74e-07; shift_robust=no; band_gap_retention=0.56; freq_robust=no; matrix-level: no per-antenna port-noise estimate
2026-09-27T17:49:20+00:00,7ca77f1,A,A-sphere7-ring6-hfss,hfss-v1-masked,binary:Normal|AD(Mild+Moderate+Severe),M8,M8.s6^2: <s_6(S)^2>_B (singular value),1,none-fisher,good,none (noisy realisations of 1 sim/stage),Normal:1|AD:3,2000,,,,22.494182688815837,5.7587955214089455,,,weakest=Normal|AD; J_eff_min=nan; gap/port_min=nan; gap/mesh=pending; bayes_err_max=0.000165; shift_robust=no; band_gap_retention=0.48; freq_robust=no; matrix-level: no per-antenna port-noise estimate
2026-09-27T17:49:20+00:00,7ca77f1,A,A-sphere7-ring6-hfss,hfss-v1-masked,binary:Normal|AD(Mild+Moderate+Severe),M8,M8.lam0^2: <|λ_0|^2> circulant mode 0 (full),1,none-fisher,good,none (noisy realisations of 1 sim/stage),Normal:1|AD:3,2000,,,,43.058771172226486,10.850206419699886,,,weakest=Normal|AD; J_eff_min=5.29; gap/port_min=3.47; gap/mesh=pending; bayes_err_max=6.4e-07; shift_robust=no; band_gap_retention=0.45; freq_robust=no
2026-09-27T17:49:20+00:00,7ca77f1,A,A-sphere7-ring6-hfss,hfss-v1-masked,binary:Normal|AD(Mild+Moderate+Severe),M8,M8.lam1^2: <|λ_1|^2> circulant mode 1 (full),1,none-fisher,good,none (noisy realisations of 1 sim/stage),Normal:1|AD:3,2000,,,,36.5683043592897,9.227905677472517,,,weakest=Normal|AD; J_eff_min=4.67; gap/port_min=3.27; gap/mesh=pending; bayes_err_max=4e-06; shift_robust=no; band_gap_retention=0.37; freq_robust=no
2026-09-27T17:49:20+00:00,7ca77f1,A,A-sphere7-ring6-hfss,hfss-v1-masked,binary:Normal|AD(Mild+Moderate+Severe),M8,M8.lam2^2: <|λ_2|^2> circulant mode 2 (full),1,none-fisher,good,none (noisy realisations of 1 sim/stage),Normal:1|AD:3,2000,,,,39.79340026659427,10.035815565723981,,,weakest=Normal|AD; J_eff_min=5.69; gap/port_min=3.64; gap/mesh=pending; bayes_err_max=1.58e-06; shift_robust=no; band_gap_retention=0.34; freq_robust=no
2026-09-27T17:49:20+00:00,7ca77f1,A,A-sphere7-ring6-hfss,hfss-v1-masked,binary:Normal|AD(Mild+Moderate+Severe),M8,M8.lam3^2: <|λ_3|^2> circulant mode 3 (full),1,none-fisher,good,none (noisy realisations of 1 sim/stage),Normal:1|AD:3,2000,,,,31.236313451487916,7.93653647096599,,,weakest=Normal|AD; J_eff_min=5.23; gap/port_min=3.54; gap/mesh=pending; bayes_err_max=1.27e-05; shift_robust=no; band_gap_retention=0.29; freq_robust=no
2026-09-27T17:49:20+00:00,7ca77f1,A,A-sphere7-ring6-hfss,hfss-v1-masked,binary:Normal|AD(Mild+Moderate+Severe),M8,M8.lam0^2[k3]: <|λ_0|^2> circulant mode 0 (k3),1,none-fisher,good,none (noisy realisations of 1 sim/stage),Normal:1|AD:3,2000,,,,14.970826020021896,5.047433580915364,,,weakest=Normal|AD; J_eff_min=6.71; gap/port_min=4.93; gap/mesh=pending; bayes_err_max=4.18e-05; shift_robust=no; band_gap_retention=0.91; freq_robust=no
2026-09-27T17:49:20+00:00,7ca77f1,A,A-sphere7-ring6-hfss,hfss-v1-masked,binary:Normal|AD(Mild+Moderate+Severe),M8,M8.lam1^2[k3]: <|λ_1|^2> circulant mode 1 (k3),1,none-fisher,good,none (noisy realisations of 1 sim/stage),Normal:1|AD:3,2000,,,,16.55884495680574,5.449603182813397,,,weakest=Normal|AD; J_eff_min=7.35; gap/port_min=5.14; gap/mesh=pending; bayes_err_max=1.95e-05; shift_robust=no; band_gap_retention=0.91; freq_robust=no
2026-09-27T17:49:20+00:00,7ca77f1,A,A-sphere7-ring6-hfss,hfss-v1-masked,binary:Normal|AD(Mild+Moderate+Severe),M8,M8.lam2^2[k3]: <|λ_2|^2> circulant mode 2 (k3),1,none-fisher,good,none (noisy realisations of 1 sim/stage),Normal:1|AD:3,2000,,,,18.817940838855602,5.993620444006613,,,weakest=Normal|AD; J_eff_min=7.72; gap/port_min=5.12; gap/mesh=pending; bayes_err_max=7.01e-06; shift_robust=no; band_gap_retention=0.90; freq_robust=no
2026-09-27T17:49:20+00:00,7ca77f1,A,A-sphere7-ring6-hfss,hfss-v1-masked,binary:Normal|AD(Mild+Moderate+Severe),M8,M8.lam3^2[k3]: <|λ_3|^2> circulant mode 3 (k3),1,none-fisher,good,none (noisy realisations of 1 sim/stage),Normal:1|AD:3,2000,,,,20.666782854986803,6.465108792744344,,,weakest=Normal|AD; J_eff_min=8.47; gap/port_min=5.36; gap/mesh=pending; bayes_err_max=2.86e-06; shift_robust=no; band_gap_retention=0.91; freq_robust=no
2026-09-27T17:49:20+00:00,7ca77f1,A,A-sphere7-ring6-hfss,hfss-v1-masked,binary:Normal|AD(Mild+Moderate+Severe),M0,M0.old_score: mean_B Σ_{j≠i}|S_ii+S_ij|/VSWR_i,1,none-fisher,typical,none (noisy realisations of 1 sim/stage),Normal:1|AD:3,2000,,,,45.30660026746663,11.352063767896777,,,weakest=Normal|AD; J_eff_min=16.9; gap/port_min=7.33; gap/mesh=pending; bayes_err_max=7.1e-07; shift_robust=yes; band_gap_retention=0.76; freq_robust=no; baseline only; not a physical quantity
2026-09-27T17:49:20+00:00,7ca77f1,A,A-sphere7-ring6-hfss,hfss-v1-masked,binary:Normal|AD(Mild+Moderate+Severe),M1,M1.Sii_dBavg: mean_B 20log10|S_ii|,1,none-fisher,typical,none (noisy realisations of 1 sim/stage),Normal:1|AD:3,2000,,,,0.27294346248526125,0.08396228152328739,,,weakest=Normal|AD; J_eff_min=0.0166; gap/port_min=0.188; gap/mesh=pending; bayes_err_max=0.347; shift_robust=no; band_gap_retention=1.54; freq_robust=no; dB averaging; shown for fragility
2026-09-27T17:49:20+00:00,7ca77f1,A,A-sphere7-ring6-hfss,hfss-v1-masked,binary:Normal|AD(Mild+Moderate+Severe),M2,M2.R: <|S_ii|^2>_B,1,none-fisher,typical,none (noisy realisations of 1 sim/stage),Normal:1|AD:3,2000,,,,12.446860075173975,3.118218867480406,,,weakest=Normal|AD; J_eff_min=4.17; gap/port_min=3.54; gap/mesh=pending; bayes_err_max=0.00614; shift_robust=no; band_gap_retention=0.36; freq_robust=no
2026-09-27T17:49:20+00:00,7ca77f1,A,A-sphere7-ring6-hfss,hfss-v1-masked,binary:Normal|AD(Mild+Moderate+Severe),M2,M2.R[k3]: <|S_ii|^2> over k3 window,1,none-fisher,typical,none (noisy realisations of 1 sim/stage),Normal:1|AD:3,2000,,,,17.28889866170901,5.203193615113948,,,weakest=Normal|AD; J_eff_min=7.54; gap/port_min=5.17; gap/mesh=pending; bayes_err_max=3.9e-05; shift_robust=no; band_gap_retention=0.91; freq_robust=no
2026-09-27T17:49:20+00:00,7ca77f1,A,A-sphere7-ring6-hfss,hfss-v1-masked,binary:Normal|AD(Mild+Moderate+Severe),M3,M3.A: <1-|S_ii|^2>_B,1,none-fisher,typical,none (noisy realisations of 1 sim/stage),Normal:1|AD:3,2000,,,,12.446860075174733,3.118218867480595,,,weakest=Normal|AD; J_eff_min=4.17; gap/port_min=3.54; gap/mesh=pending; bayes_err_max=0.00614; shift_robust=no; band_gap_retention=0.36; freq_robust=no; affine copy of M2.R (identical separability)
2026-09-27T17:49:20+00:00,7ca77f1,A,A-sphere7-ring6-hfss,hfss-v1-masked,binary:Normal|AD(Mild+Moderate+Severe),M3,M3.ML_of_powavg: -10log10<A>_B (dB),1,none-fisher,typical,none (noisy realisations of 1 sim/stage),Normal:1|AD:3,2000,,,,12.46693718830705,3.1225159129241313,,,weakest=Normal|AD; J_eff_min=4.2; gap/port_min=3.56; gap/mesh=pending; bayes_err_max=0.00612; shift_robust=no; band_gap_retention=0.35; freq_robust=no
2026-09-27T17:49:20+00:00,7ca77f1,A,A-sphere7-ring6-hfss,hfss-v1-masked,binary:Normal|AD(Mild+Moderate+Severe),M3,M3.ML_dBavg: <-10log10 A>_B (dB-averaged ML),1,none-fisher,typical,none (noisy realisations of 1 sim/stage),Normal:1|AD:3,2000,,,,0.7485480460014929,0.18789887151589324,,,weakest=Normal|AD; J_eff_min=0.738; gap/port_min=10.3; gap/mesh=pending; bayes_err_max=0.27; shift_robust=no; band_gap_retention=0.76; freq_robust=no; dB averaging; comparison only
2026-09-27T17:49:20+00:00,7ca77f1,A,A-sphere7-ring6-hfss,hfss-v1-masked,binary:Normal|AD(Mild+Moderate+Severe),M4,M4.N: <1-Σ_j|S_ji|^2>_B (absorbed+radiated+loss),1,none-fisher,typical,none (noisy realisations of 1 sim/stage),Normal:1|AD:3,2000,,,,12.519625771633036,3.136685339980061,,,weakest=Normal|AD; J_eff_min=4.2; gap/port_min=3.56; gap/mesh=pending; bayes_err_max=0.00601; shift_robust=no; band_gap_retention=0.36; freq_robust=no
2026-09-27T17:49:20+00:00,7ca77f1,A,A-sphere7-ring6-hfss,hfss-v1-masked,binary:Normal|AD(Mild+Moderate+Severe),M4,M4.N[k3]: <N> over k3 window,1,none-fisher,typical,none (noisy realisations of 1 sim/stage),Normal:1|AD:3,2000,,,,17.401410798183097,5.2285603671662875,,,weakest=Normal|AD; J_eff_min=7.55; gap/port_min=5.16; gap/mesh=pending; bayes_err_max=3.74e-05; shift_robust=no; band_gap_retention=0.91; freq_robust=no
2026-09-27T17:49:20+00:00,7ca77f1,A,A-sphere7-ring6-hfss,hfss-v1-masked,binary:Normal|AD(Mild+Moderate+Severe),M5,M5.C: <Σ_(j≠i)|S_ji|^2> (full),1,none-fisher,typical,none (noisy realisations of 1 sim/stage),Normal:1|AD:3,2000,,,,2.5334253615925793,1.780442257619928,,,weakest=Normal|AD; J_eff_min=1.2; gap/port_min=2.13; gap/mesh=pending; bayes_err_max=0.0183; shift_robust=yes; band_gap_retention=1.11; freq_robust=no
2026-09-27T17:49:20+00:00,7ca77f1,A,A-sphere7-ring6-hfss,hfss-v1-masked,binary:Normal|AD(Mild+Moderate+Severe),M5,"M5.C1: <|S_(i±1,i)|^2> (full)",1,none-fisher,typical,none (noisy realisations of 1 sim/stage),Normal:1|AD:3,2000,,,,2.064703506803872,1.6815868432580863,,,weakest=Normal|AD; J_eff_min=1.01; gap/port_min=2; gap/mesh=pending; bayes_err_max=0.0219; shift_robust=yes; band_gap_retention=1.11; freq_robust=no
2026-09-27T17:49:20+00:00,7ca77f1,A,A-sphere7-ring6-hfss,hfss-v1-masked,binary:Normal|AD(Mild+Moderate+Severe),M5,"M5.C2: <|S_(i±2,i)|^2> (full)",1,none-fisher,typical,none (noisy realisations of 1 sim/stage),Normal:1|AD:3,2000,,,,3.6239280525933797,2.064137259158926,,,weakest=Normal|AD; J_eff_min=2.09; gap/port_min=3.14; gap/mesh=pending; bayes_err_max=0.011; shift_robust=yes; band_gap_retention=1.03; freq_robust=no
2026-09-27T17:49:20+00:00,7ca77f1,A,A-sphere7-ring6-hfss,hfss-v1-masked,binary:Normal|AD(Mild+Moderate+Severe),M5,"M5.C3: <|S_(i±3,i)|^2> (full)",1,none-fisher,typical,none (noisy realisations of 1 sim/stage),Normal:1|AD:3,2000,,,,548.1583611399031,137.25817129223313,,,weakest=Normal|AD; J_eff_min=13; gap/port_min=5.15; gap/mesh=pending; bayes_err_max=9.3e-75; shift_robust=yes; band_gap_retention=1.11; freq_robust=no
2026-09-27T17:49:20+00:00,7ca77f1,A,A-sphere7-ring6-hfss,hfss-v1-masked,binary:Normal|AD(Mild+Moderate+Severe),M5,M5.C[k3]: <Σ_(j≠i)|S_ji|^2> (k3),1,none-fisher,typical,none (noisy realisations of 1 sim/stage),Normal:1|AD:3,2000,,,,2.819725419286979,1.742183392350531,,,weakest=Normal|AD; J_eff_min=0.65; gap/port_min=1.3; gap/mesh=pending; bayes_err_max=0.0197; shift_robust=no; band_gap_retention=0.72; freq_robust=no
2026-09-27T17:49:20+00:00,7ca77f1,A,A-sphere7-ring6-hfss,hfss-v1-masked,binary:Normal|AD(Mild+Moderate+Severe),M5,"M5.C1[k3]: <|S_(i±1,i)|^2> (k3)",1,none-fisher,typical,none (noisy realisations of 1 sim/stage),Normal:1|AD:3,2000,,,,1.9856447940325004,1.5607993167432008,,,weakest=Normal|AD; J_eff_min=0.499; gap/port_min=1.15; gap/mesh=pending; bayes_err_max=0.0272; shift_robust=no; band_gap_retention=0.68; freq_robust=no
2026-09-27T17:49:20+00:00,7ca77f1,A,A-sphere7-ring6-hfss,hfss-v1-masked,binary:Normal|AD(Mild+Moderate+Severe),M5,"M5.C2[k3]: <|S_(i±2,i)|^2> (k3)",1,none-fisher,typical,none (noisy realisations of 1 sim/stage),Normal:1|AD:3,2000,,,,2.185387377501806,1.6965093263090036,,,weakest=Normal|AD; J_eff_min=1.41; gap/port_min=2.81; gap/mesh=pending; bayes_err_max=0.0213; shift_robust=yes; band_gap_retention=0.82; freq_robust=yes
2026-09-27T17:49:20+00:00,7ca77f1,A,A-sphere7-ring6-hfss,hfss-v1-masked,binary:Normal|AD(Mild+Moderate+Severe),M5,"M5.C3[k3]: <|S_(i±3,i)|^2> (k3)",1,none-fisher,typical,none (noisy realisations of 1 sim/stage),Normal:1|AD:3,2000,,,,774.9000356559404,193.84219013157949,,,weakest=Normal|AD; J_eff_min=17.9; gap/port_min=6.05; gap/mesh=pending; bayes_err_max=2.03e-96; shift_robust=yes; band_gap_retention=0.94; freq_robust=yes
2026-09-27T17:49:20+00:00,7ca77f1,A,A-sphere7-ring6-hfss,hfss-v1-masked,binary:Normal|AD(Mild+Moderate+Severe),M5,"M5.C3_dBavg[k3]: mean over k3 window of 10log10|S_(i+3,i)|^2",1,none-fisher,typical,none (noisy realisations of 1 sim/stage),Normal:1|AD:3,2000,,,,472.2340620854288,118.41480779433685,,,weakest=Normal|AD; J_eff_min=12.1; gap/port_min=4.98; gap/mesh=pending; bayes_err_max=2.92e-71; shift_robust=yes; band_gap_retention=0.91; freq_robust=yes; dB averaging; comparison only
2026-09-27T17:49:20+00:00,7ca77f1,A,A-sphere7-ring6-hfss,hfss-v1-masked,binary:Normal|AD(Mild+Moderate+Severe),M6,M6.fc_A: power-weighted centroid of A(f) [GHz],1,none-fisher,typical,none (noisy realisations of 1 sim/stage),Normal:1|AD:3,2000,,,,2.9235694600238866,0.7939922545723858,,,weakest=Normal|AD; J_eff_min=0.829; gap/port_min=1.52; gap/mesh=pending; bayes_err_max=0.102; shift_robust=no; band_gap_retention=0.84; freq_robust=no
2026-09-27T17:49:20+00:00,7ca77f1,A,A-sphere7-ring6-hfss,hfss-v1-masked,binary:Normal|AD(Mild+Moderate+Severe),M6,M6.spread_A: spectral spread of A(f) [MHz],1,none-fisher,typical,none (noisy realisations of 1 sim/stage),Normal:1|AD:3,2000,,,,12.839038436469961,3.211259163454208,,,weakest=Normal|AD; J_eff_min=10.5; gap/port_min=10.9; gap/mesh=pending; bayes_err_max=0.00561; shift_robust=yes; band_gap_retention=0.62; freq_robust=no
2026-09-27T17:49:20+00:00,7ca77f1,A,A-sphere7-ring6-hfss,hfss-v1-masked,binary:Normal|AD(Mild+Moderate+Severe),M6,M6.fc_N: power-weighted centroid of N(f) [GHz],1,none-fisher,typical,none (noisy realisations of 1 sim/stage),Normal:1|AD:3,2000,,,,2.929365912475138,0.7953410180456331,,,weakest=Normal|AD; J_eff_min=0.831; gap/port_min=1.52; gap/mesh=pending; bayes_err_max=0.102; shift_robust=no; band_gap_retention=0.84; freq_robust=no
2026-09-27T17:49:20+00:00,7ca77f1,A,A-sphere7-ring6-hfss,hfss-v1-masked,binary:Normal|AD(Mild+Moderate+Severe),M6,M6.spread_N: spectral spread of N(f) [MHz],1,none-fisher,typical,none (noisy realisations of 1 sim/stage),Normal:1|AD:3,2000,,,,12.826283910835123,3.2080192720389475,,,weakest=Normal|AD; J_eff_min=10.5; gap/port_min=10.9; gap/mesh=pending; bayes_err_max=0.00563; shift_robust=yes; band_gap_retention=0.62; freq_robust=no
2026-09-27T17:49:20+00:00,7ca77f1,A,A-sphere7-ring6-hfss,hfss-v1-masked,binary:Normal|AD(Mild+Moderate+Severe),M6,M6.A[3.20]: <A> in 50 MHz sub-band from 3.20 GHz,1,none-fisher,typical,none (noisy realisations of 1 sim/stage),Normal:1|AD:3,2000,,,,15.491302404644074,3.8856488947902266,,,weakest=Normal|AD; J_eff_min=11.5; gap/port_min=9.5; gap/mesh=pending; bayes_err_max=0.00253; shift_robust=no; band_gap_retention=1.00; freq_robust=no
2026-09-27T17:49:20+00:00,7ca77f1,A,A-sphere7-ring6-hfss,hfss-v1-masked,binary:Normal|AD(Mild+Moderate+Severe),M6,M6.N[3.20]: <N> in 50 MHz sub-band from 3.20 GHz,1,none-fisher,typical,none (noisy realisations of 1 sim/stage),Normal:1|AD:3,2000,,,,15.485382343209281,3.884161244491021,,,weakest=Normal|AD; J_eff_min=11.5; gap/port_min=9.5; gap/mesh=pending; bayes_err_max=0.00253; shift_robust=no; band_gap_retention=1.00; freq_robust=no
2026-09-27T17:49:20+00:00,7ca77f1,A,A-sphere7-ring6-hfss,hfss-v1-masked,binary:Normal|AD(Mild+Moderate+Severe),M6,M6.A[3.25]: <A> in 50 MHz sub-band from 3.25 GHz,1,none-fisher,typical,none (noisy realisations of 1 sim/stage),Normal:1|AD:3,2000,,,,31.179310219959003,7.794834725548301,,,weakest=Normal|AD; J_eff_min=12.5; gap/port_min=6.45; gap/mesh=pending; bayes_err_max=3.93e-05; shift_robust=no; band_gap_retention=0.97; freq_robust=no
2026-09-27T17:49:20+00:00,7ca77f1,A,A-sphere7-ring6-hfss,hfss-v1-masked,binary:Normal|AD(Mild+Moderate+Severe),M6,M6.N[3.25]: <N> in 50 MHz sub-band from 3.25 GHz,1,none-fisher,typical,none (noisy realisations of 1 sim/stage),Normal:1|AD:3,2000,,,,31.154914628655973,7.788735821813968,,,weakest=Normal|AD; J_eff_min=12.5; gap/port_min=6.45; gap/mesh=pending; bayes_err_max=3.96e-05; shift_robust=no; band_gap_retention=0.97; freq_robust=no
2026-09-27T17:49:20+00:00,7ca77f1,A,A-sphere7-ring6-hfss,hfss-v1-masked,binary:Normal|AD(Mild+Moderate+Severe),M6,M6.A[3.30]: <A> in 50 MHz sub-band from 3.30 GHz,1,none-fisher,typical,none (noisy realisations of 1 sim/stage),Normal:1|AD:3,2000,,,,7.150276273192046,1.8568201419221917,,,weakest=Normal|AD; J_eff_min=2.13; gap/port_min=2.46; gap/mesh=pending; bayes_err_max=0.0243; shift_robust=no; band_gap_retention=0.82; freq_robust=no
2026-09-27T17:49:20+00:00,7ca77f1,A,A-sphere7-ring6-hfss,hfss-v1-masked,binary:Normal|AD(Mild+Moderate+Severe),M6,M6.N[3.30]: <N> in 50 MHz sub-band from 3.30 GHz,1,none-fisher,typical,none (noisy realisations of 1 sim/stage),Normal:1|AD:3,2000,,,,7.147485023157798,1.8559290129743458,,,weakest=Normal|AD; J_eff_min=2.13; gap/port_min=2.46; gap/mesh=pending; bayes_err_max=0.0243; shift_robust=no; band_gap_retention=0.82; freq_robust=no
2026-09-27T17:49:20+00:00,7ca77f1,A,A-sphere7-ring6-hfss,hfss-v1-masked,binary:Normal|AD(Mild+Moderate+Severe),M6,M6.A[3.35]: <A> in 50 MHz sub-band from 3.35 GHz,1,none-fisher,typical,none (noisy realisations of 1 sim/stage),Normal:1|AD:3,2000,,,,3.0597132566549994,1.3573851604231366,,,weakest=Normal|AD; J_eff_min=1.81; gap/port_min=2.97; gap/mesh=pending; bayes_err_max=0.0393; shift_robust=no; band_gap_retention=0.80; freq_robust=no
2026-09-27T17:49:20+00:00,7ca77f1,A,A-sphere7-ring6-hfss,hfss-v1-masked,binary:Normal|AD(Mild+Moderate+Severe),M6,M6.N[3.35]: <N> in 50 MHz sub-band from 3.35 GHz,1,none-fisher,typical,none (noisy realisations of 1 sim/stage),Normal:1|AD:3,2000,,,,3.0644253191080257,1.3579508261698314,,,weakest=Normal|AD; J_eff_min=1.81; gap/port_min=2.97; gap/mesh=pending; bayes_err_max=0.0392; shift_robust=no; band_gap_retention=0.80; freq_robust=no
2026-09-27T17:49:20+00:00,7ca77f1,A,A-sphere7-ring6-hfss,hfss-v1-masked,binary:Normal|AD(Mild+Moderate+Severe),M6,M6.A[3.40]: <A> in 50 MHz sub-band from 3.40 GHz,1,none-fisher,typical,none (noisy realisations of 1 sim/stage),Normal:1|AD:3,2000,,,,16.14217982479035,4.906924438717972,,,weakest=Normal|AD; J_eff_min=9.26; gap/port_min=6.59; gap/mesh=pending; bayes_err_max=6.7e-05; shift_robust=yes; band_gap_retention=0.98; freq_robust=yes
2026-09-27T17:49:20+00:00,7ca77f1,A,A-sphere7-ring6-hfss,hfss-v1-masked,binary:Normal|AD(Mild+Moderate+Severe),M6,M6.N[3.40]: <N> in 50 MHz sub-band from 3.40 GHz,1,none-fisher,typical,none (noisy realisations of 1 sim/stage),Normal:1|AD:3,2000,,,,16.185270965511183,4.916648632843009,,,weakest=Normal|AD; J_eff_min=9.27; gap/port_min=6.58; gap/mesh=pending; bayes_err_max=6.59e-05; shift_robust=yes; band_gap_retention=0.98; freq_robust=yes
2026-09-27T17:49:20+00:00,7ca77f1,A,A-sphere7-ring6-hfss,hfss-v1-masked,binary:Normal|AD(Mild+Moderate+Severe),M6,M6.A[3.45]: <A> in 50 MHz sub-band from 3.45 GHz,1,none-fisher,typical,none (noisy realisations of 1 sim/stage),Normal:1|AD:3,2000,,,,31.340209174882002,8.32298602764074,,,weakest=Normal|AD; J_eff_min=7.06; gap/port_min=4.27; gap/mesh=pending; bayes_err_max=7.11e-07; shift_robust=no; band_gap_retention=0.95; freq_robust=no
2026-09-27T17:49:20+00:00,7ca77f1,A,A-sphere7-ring6-hfss,hfss-v1-masked,binary:Normal|AD(Mild+Moderate+Severe),M6,M6.N[3.45]: <N> in 50 MHz sub-band from 3.45 GHz,1,none-fisher,typical,none (noisy realisations of 1 sim/stage),Normal:1|AD:3,2000,,,,31.595376510352153,8.384411056291691,,,weakest=Normal|AD; J_eff_min=7.06; gap/port_min=4.26; gap/mesh=pending; bayes_err_max=6.56e-07; shift_robust=no; band_gap_retention=0.95; freq_robust=no
2026-09-27T17:49:20+00:00,7ca77f1,A,A-sphere7-ring6-hfss,hfss-v1-masked,binary:Normal|AD(Mild+Moderate+Severe),M6,M6.A[3.50]: <A> in 50 MHz sub-band from 3.50 GHz,1,none-fisher,typical,none (noisy realisations of 1 sim/stage),Normal:1|AD:3,2000,,,,39.26852686749675,9.957365550990515,,,weakest=Normal|AD; J_eff_min=3.54; gap/port_min=2.79; gap/mesh=pending; bayes_err_max=1.04e-06; shift_robust=no; band_gap_retention=0.97; freq_robust=no
2026-09-27T17:49:20+00:00,7ca77f1,A,A-sphere7-ring6-hfss,hfss-v1-masked,binary:Normal|AD(Mild+Moderate+Severe),M6,M6.N[3.50]: <N> in 50 MHz sub-band from 3.50 GHz,1,none-fisher,typical,none (noisy realisations of 1 sim/stage),Normal:1|AD:3,2000,,,,39.82361580844437,10.091904622556841,,,weakest=Normal|AD; J_eff_min=3.53; gap/port_min=2.78; gap/mesh=pending; bayes_err_max=9.27e-07; shift_robust=no; band_gap_retention=0.96; freq_robust=no
2026-09-27T17:49:20+00:00,7ca77f1,A,A-sphere7-ring6-hfss,hfss-v1-masked,binary:Normal|AD(Mild+Moderate+Severe),M6,M6.A[3.55]: <A> in 50 MHz sub-band from 3.55 GHz,1,none-fisher,typical,none (noisy realisations of 1 sim/stage),Normal:1|AD:3,2000,,,,53.85598010061899,13.654482034079416,,,weakest=Normal|AD; J_eff_min=1.33; gap/port_min=1.65; gap/mesh=pending; bayes_err_max=6.99e-09; shift_robust=no; band_gap_retention=0.96; freq_robust=no
2026-09-27T17:49:20+00:00,7ca77f1,A,A-sphere7-ring6-hfss,hfss-v1-masked,binary:Normal|AD(Mild+Moderate+Severe),M6,M6.N[3.55]: <N> in 50 MHz sub-band from 3.55 GHz,1,none-fisher,typical,none (noisy realisations of 1 sim/stage),Normal:1|AD:3,2000,,,,55.27816072422052,14.000508444769556,,,weakest=Normal|AD; J_eff_min=1.31; gap/port_min=1.64; gap/mesh=pending; bayes_err_max=5.18e-09; shift_robust=no; band_gap_retention=0.96; freq_robust=no
2026-09-27T17:49:20+00:00,7ca77f1,A,A-sphere7-ring6-hfss,hfss-v1-masked,binary:Normal|AD(Mild+Moderate+Severe),M6,M6.A[3.60]: <A> in 50 MHz sub-band from 3.60 GHz,1,none-fisher,typical,none (noisy realisations of 1 sim/stage),Normal:1|AD:3,2000,,,,0.07490197251232023,0.48489127176395763,,,weakest=Normal|AD; J_eff_min=0.0108; gap/port_min=0.159; gap/mesh=pending; bayes_err_max=0.174; shift_robust=no; band_gap_retention=-11.66; freq_robust=no
2026-09-27T17:49:20+00:00,7ca77f1,A,A-sphere7-ring6-hfss,hfss-v1-masked,binary:Normal|AD(Mild+Moderate+Severe),M6,M6.N[3.60]: <N> in 50 MHz sub-band from 3.60 GHz,1,none-fisher,typical,none (noisy realisations of 1 sim/stage),Normal:1|AD:3,2000,,,,0.19013279055228077,0.5194659755039768,,,weakest=Normal|AD; J_eff_min=0.0281; gap/port_min=0.257; gap/mesh=pending; bayes_err_max=0.164; shift_robust=no; band_gap_retention=-6.80; freq_robust=no
2026-09-27T17:49:20+00:00,7ca77f1,A,A-sphere7-ring6-hfss,hfss-v1-masked,binary:Normal|AD(Mild+Moderate+Severe),M6,M6.A[3.65]: <A> in 50 MHz sub-band from 3.65 GHz,1,none-fisher,typical,none (noisy realisations of 1 sim/stage),Normal:1|AD:3,2000,,,,5.022793156659226,1.8589155674395774,,,weakest=Normal|AD; J_eff_min=0.731; gap/port_min=1.31; gap/mesh=pending; bayes_err_max=0.0165; shift_robust=no; band_gap_retention=0.98; freq_robust=no
2026-09-27T17:49:20+00:00,7ca77f1,A,A-sphere7-ring6-hfss,hfss-v1-masked,binary:Normal|AD(Mild+Moderate+Severe),M6,M6.N[3.65]: <N> in 50 MHz sub-band from 3.65 GHz,1,none-fisher,typical,none (noisy realisations of 1 sim/stage),Normal:1|AD:3,2000,,,,5.006364949230614,1.8574631456264847,,,weakest=Normal|AD; J_eff_min=0.737; gap/port_min=1.31; gap/mesh=pending; bayes_err_max=0.0165; shift_robust=no; band_gap_retention=0.98; freq_robust=no
2026-09-27T17:49:20+00:00,7ca77f1,A,A-sphere7-ring6-hfss,hfss-v1-masked,binary:Normal|AD(Mild+Moderate+Severe),M6,M6.A[3.70]: <A> in 50 MHz sub-band from 3.70 GHz,1,none-fisher,typical,none (noisy realisations of 1 sim/stage),Normal:1|AD:3,2000,,,,0.042215687467614615,0.5897608000981311,,,weakest=Normal|AD; J_eff_min=0.00554; gap/port_min=0.113; gap/mesh=pending; bayes_err_max=0.146; shift_robust=no; band_gap_retention=0.12; freq_robust=no
2026-09-27T17:49:20+00:00,7ca77f1,A,A-sphere7-ring6-hfss,hfss-v1-masked,binary:Normal|AD(Mild+Moderate+Severe),M6,M6.N[3.70]: <N> in 50 MHz sub-band from 3.70 GHz,1,none-fisher,typical,none (noisy realisations of 1 sim/stage),Normal:1|AD:3,2000,,,,0.044034516964842924,0.5910812449235144,,,weakest=Normal|AD; J_eff_min=0.00581; gap/port_min=0.116; gap/mesh=pending; bayes_err_max=0.146; shift_robust=no; band_gap_retention=0.14; freq_robust=no
2026-09-27T17:49:20+00:00,7ca77f1,A,A-sphere7-ring6-hfss,hfss-v1-masked,binary:Normal|AD(Mild+Moderate+Severe),M6,M6.A[3.75]: <A> in 50 MHz sub-band from 3.75 GHz,1,none-fisher,typical,none (noisy realisations of 1 sim/stage),Normal:1|AD:3,2000,,,,1.8374690000570586,0.6326564697518565,,,weakest=Normal|AD; J_eff_min=0.077; gap/port_min=0.401; gap/mesh=pending; bayes_err_max=0.132; shift_robust=no; band_gap_retention=0.31; freq_robust=no
2026-09-27T17:49:20+00:00,7ca77f1,A,A-sphere7-ring6-hfss,hfss-v1-masked,binary:Normal|AD(Mild+Moderate+Severe),M6,M6.N[3.75]: <N> in 50 MHz sub-band from 3.75 GHz,1,none-fisher,typical,none (noisy realisations of 1 sim/stage),Normal:1|AD:3,2000,,,,1.876491113725674,0.6435691741187788,,,weakest=Normal|AD; J_eff_min=0.079; gap/port_min=0.406; gap/mesh=pending; bayes_err_max=0.129; shift_robust=no; band_gap_retention=0.32; freq_robust=no
2026-09-27T17:49:20+00:00,7ca77f1,A,A-sphere7-ring6-hfss,hfss-v1-masked,binary:Normal|AD(Mild+Moderate+Severe),M6,M6.A[3.80]: <A> in 50 MHz sub-band from 3.80 GHz,1,none-fisher,typical,none (noisy realisations of 1 sim/stage),Normal:1|AD:3,2000,,,,12.940100545233292,3.34586306548451,,,weakest=Normal|AD; J_eff_min=0.474; gap/port_min=0.992; gap/mesh=pending; bayes_err_max=0.00346; shift_robust=no; band_gap_retention=0.97; freq_robust=no
2026-09-27T17:49:20+00:00,7ca77f1,A,A-sphere7-ring6-hfss,hfss-v1-masked,binary:Normal|AD(Mild+Moderate+Severe),M6,M6.N[3.80]: <N> in 50 MHz sub-band from 3.80 GHz,1,none-fisher,typical,none (noisy realisations of 1 sim/stage),Normal:1|AD:3,2000,,,,12.957395340340447,3.350234160077193,,,weakest=Normal|AD; J_eff_min=0.475; gap/port_min=0.993; gap/mesh=pending; bayes_err_max=0.00344; shift_robust=no; band_gap_retention=0.97; freq_robust=no
2026-09-27T17:49:20+00:00,7ca77f1,A,A-sphere7-ring6-hfss,hfss-v1-masked,binary:Normal|AD(Mild+Moderate+Severe),M6,M6.A[3.85]: <A> in 50 MHz sub-band from 3.85 GHz,1,none-fisher,typical,none (noisy realisations of 1 sim/stage),Normal:1|AD:3,2000,,,,7.885175886518683,1.9849592966552416,,,weakest=Normal|AD; J_eff_min=1.99; gap/port_min=2.31; gap/mesh=pending; bayes_err_max=0.0226; shift_robust=no; band_gap_retention=0.98; freq_robust=no
2026-09-27T17:49:20+00:00,7ca77f1,A,A-sphere7-ring6-hfss,hfss-v1-masked,binary:Normal|AD(Mild+Moderate+Severe),M6,M6.N[3.85]: <N> in 50 MHz sub-band from 3.85 GHz,1,none-fisher,typical,none (noisy realisations of 1 sim/stage),Normal:1|AD:3,2000,,,,7.887701734646678,1.9856021068390919,,,weakest=Normal|AD; J_eff_min=1.99; gap/port_min=2.31; gap/mesh=pending; bayes_err_max=0.0226; shift_robust=no; band_gap_retention=0.98; freq_robust=no
2026-09-27T17:49:20+00:00,7ca77f1,A,A-sphere7-ring6-hfss,hfss-v1-masked,binary:Normal|AD(Mild+Moderate+Severe),M6,M6.A[3.90]: <A> in 50 MHz sub-band from 3.90 GHz,1,none-fisher,typical,none (noisy realisations of 1 sim/stage),Normal:1|AD:3,2000,,,,4.317745441982409,1.08917773034467,,,weakest=Normal|AD; J_eff_min=2.87; gap/port_min=4.14; gap/mesh=pending; bayes_err_max=0.0695; shift_robust=no; band_gap_retention=0.98; freq_robust=no
2026-09-27T17:49:20+00:00,7ca77f1,A,A-sphere7-ring6-hfss,hfss-v1-masked,binary:Normal|AD(Mild+Moderate+Severe),M6,M6.N[3.90]: <N> in 50 MHz sub-band from 3.90 GHz,1,none-fisher,typical,none (noisy realisations of 1 sim/stage),Normal:1|AD:3,2000,,,,4.318264944342071,1.0893104768367001,,,weakest=Normal|AD; J_eff_min=2.87; gap/port_min=4.14; gap/mesh=pending; bayes_err_max=0.0695; shift_robust=no; band_gap_retention=0.98; freq_robust=no
2026-09-27T17:49:20+00:00,7ca77f1,A,A-sphere7-ring6-hfss,hfss-v1-masked,binary:Normal|AD(Mild+Moderate+Severe),M6,M6.A[3.95]: <A> in 50 MHz sub-band from 3.95 GHz,1,none-fisher,typical,none (noisy realisations of 1 sim/stage),Normal:1|AD:3,2000,,,,2.67224607331652,0.6715940999955812,,,weakest=Normal|AD; J_eff_min=2.3; gap/port_min=5.72; gap/mesh=pending; bayes_err_max=0.123; shift_robust=no; band_gap_retention=0.98; freq_robust=no
2026-09-27T17:49:20+00:00,7ca77f1,A,A-sphere7-ring6-hfss,hfss-v1-masked,binary:Normal|AD(Mild+Moderate+Severe),M6,M6.N[3.95]: <N> in 50 MHz sub-band from 3.95 GHz,1,none-fisher,typical,none (noisy realisations of 1 sim/stage),Normal:1|AD:3,2000,,,,2.6724162122679274,0.671637212287196,,,weakest=Normal|AD; J_eff_min=2.3; gap/port_min=5.72; gap/mesh=pending; bayes_err_max=0.123; shift_robust=no; band_gap_retention=0.98; freq_robust=no
2026-09-27T17:49:20+00:00,7ca77f1,A,A-sphere7-ring6-hfss,hfss-v1-masked,binary:Normal|AD(Mild+Moderate+Severe),M6,M6.A[4.00]: <A> in 50 MHz sub-band from 4.00 GHz,1,none-fisher,typical,none (noisy realisations of 1 sim/stage),Normal:1|AD:3,2000,,,,1.479360460425819,0.371935833885038,,,weakest=Normal|AD; J_eff_min=1.37; gap/port_min=6.22; gap/mesh=pending; bayes_err_max=0.194; shift_robust=no; band_gap_retention=0.97; freq_robust=no
2026-09-27T17:49:20+00:00,7ca77f1,A,A-sphere7-ring6-hfss,hfss-v1-masked,binary:Normal|AD(Mild+Moderate+Severe),M6,M6.N[4.00]: <N> in 50 MHz sub-band from 4.00 GHz,1,none-fisher,typical,none (noisy realisations of 1 sim/stage),Normal:1|AD:3,2000,,,,1.4794279507861805,0.37195282972475024,,,weakest=Normal|AD; J_eff_min=1.37; gap/port_min=6.22; gap/mesh=pending; bayes_err_max=0.194; shift_robust=no; band_gap_retention=0.97; freq_robust=no
2026-09-27T17:49:20+00:00,7ca77f1,A,A-sphere7-ring6-hfss,hfss-v1-masked,binary:Normal|AD(Mild+Moderate+Severe),M6,M6.A[4.05]: <A> in 50 MHz sub-band from 4.05 GHz,1,none-fisher,typical,none (noisy realisations of 1 sim/stage),Normal:1|AD:3,2000,,,,0.7946536653728019,0.1990782409820508,,,weakest=Normal|AD; J_eff_min=0.761; gap/port_min=6.03; gap/mesh=pending; bayes_err_max=0.264; shift_robust=no; band_gap_retention=0.97; freq_robust=no
2026-09-27T17:49:20+00:00,7ca77f1,A,A-sphere7-ring6-hfss,hfss-v1-masked,binary:Normal|AD(Mild+Moderate+Severe),M6,M6.N[4.05]: <N> in 50 MHz sub-band from 4.05 GHz,1,none-fisher,typical,none (noisy realisations of 1 sim/stage),Normal:1|AD:3,2000,,,,0.7946869436281814,0.19908660854470847,,,weakest=Normal|AD; J_eff_min=0.761; gap/port_min=6.03; gap/mesh=pending; bayes_err_max=0.264; shift_robust=no; band_gap_retention=0.97; freq_robust=no
2026-09-27T17:49:20+00:00,7ca77f1,A,A-sphere7-ring6-hfss,hfss-v1-masked,binary:Normal|AD(Mild+Moderate+Severe),M6,M6.A[4.10]: <A> in 50 MHz sub-band from 4.10 GHz,1,none-fisher,typical,none (noisy realisations of 1 sim/stage),Normal:1|AD:3,2000,,,,0.48072460866327493,0.12043228616461941,,,weakest=Normal|AD; J_eff_min=0.467; gap/port_min=5.72; gap/mesh=pending; bayes_err_max=0.312; shift_robust=no; band_gap_retention=0.97; freq_robust=no
2026-09-27T17:49:20+00:00,7ca77f1,A,A-sphere7-ring6-hfss,hfss-v1-masked,binary:Normal|AD(Mild+Moderate+Severe),M6,M6.N[4.10]: <N> in 50 MHz sub-band from 4.10 GHz,1,none-fisher,typical,none (noisy realisations of 1 sim/stage),Normal:1|AD:3,2000,,,,0.48074129209261574,0.12043643023339061,,,weakest=Normal|AD; J_eff_min=0.467; gap/port_min=5.73; gap/mesh=pending; bayes_err_max=0.312; shift_robust=no; band_gap_retention=0.97; freq_robust=no
2026-09-27T17:49:20+00:00,7ca77f1,A,A-sphere7-ring6-hfss,hfss-v1-masked,binary:Normal|AD(Mild+Moderate+Severe),M6,M6.A[4.15]: <A> in 50 MHz sub-band from 4.15 GHz,1,none-fisher,typical,none (noisy realisations of 1 sim/stage),Normal:1|AD:3,2000,,,,0.15443476289025962,0.038681962431198515,,,weakest=Normal|AD; J_eff_min=0.151; gap/port_min=3.98; gap/mesh=pending; bayes_err_max=0.39; shift_robust=no; band_gap_retention=0.98; freq_robust=no
2026-09-27T17:49:20+00:00,7ca77f1,A,A-sphere7-ring6-hfss,hfss-v1-masked,binary:Normal|AD(Mild+Moderate+Severe),M6,M6.N[4.15]: <N> in 50 MHz sub-band from 4.15 GHz,1,none-fisher,typical,none (noisy realisations of 1 sim/stage),Normal:1|AD:3,2000,,,,0.1544421918684831,0.038683815263782464,,,weakest=Normal|AD; J_eff_min=0.151; gap/port_min=3.98; gap/mesh=pending; bayes_err_max=0.39; shift_robust=no; band_gap_retention=0.98; freq_robust=no
2026-09-27T17:49:20+00:00,7ca77f1,A,A-sphere7-ring6-hfss,hfss-v1-masked,binary:Normal|AD(Mild+Moderate+Severe),M7,"M7.D: <Σ_j|S_ji - S_ref,ji|^2>_B, ref = circulant(Normal)",1,none-fisher,typical,none (noisy realisations of 1 sim/stage),Normal:1|AD:3,2000,,,,17.699743083408634,5.142719261906438,,,weakest=Normal|AD; J_eff_min=7.47; gap/port_min=5.09; gap/mesh=pending; bayes_err_max=5.4e-05; shift_robust=no; band_gap_retention=1.02; freq_robust=no
2026-09-27T17:49:20+00:00,7ca77f1,A,A-sphere7-ring6-hfss,hfss-v1-masked,binary:Normal|AD(Mild+Moderate+Severe),M7,"M7.D_pow: <Σ_j(|S_ji|^2 - |S_ref,ji|^2)^2>_B (phase-free)",1,none-fisher,typical,none (noisy realisations of 1 sim/stage),Normal:1|AD:3,2000,,,,5.435791973052526,1.5185068095392675,,,weakest=Normal|AD; J_eff_min=3.83; gap/port_min=5.1; gap/mesh=pending; bayes_err_max=0.0345; shift_robust=no; band_gap_retention=0.83; freq_robust=no
2026-09-27T17:49:20+00:00,7ca77f1,A,A-sphere7-ring6-hfss,hfss-v1-masked,binary:Normal|AD(Mild+Moderate+Severe),M7,"M7.D0: <|S_(i±0,i) - ref|^2>_B",1,none-fisher,typical,none (noisy realisations of 1 sim/stage),Normal:1|AD:3,2000,,,,17.673016383863875,5.132328607782682,,,weakest=Normal|AD; J_eff_min=7.43; gap/port_min=5.06; gap/mesh=pending; bayes_err_max=5.53e-05; shift_robust=no; band_gap_retention=1.02; freq_robust=no
2026-09-27T17:49:20+00:00,7ca77f1,A,A-sphere7-ring6-hfss,hfss-v1-masked,binary:Normal|AD(Mild+Moderate+Severe),M7,"M7.D1: <|S_(i±1,i) - ref|^2>_B",1,none-fisher,typical,none (noisy realisations of 1 sim/stage),Normal:1|AD:3,2000,,,,19.370350726039945,6.210420166913876,,,weakest=Normal|AD; J_eff_min=1.87; gap/port_min=2.03; gap/mesh=pending; bayes_err_max=4.54e-06; shift_robust=no; band_gap_retention=1.09; freq_robust=no
2026-09-27T17:49:20+00:00,7ca77f1,A,A-sphere7-ring6-hfss,hfss-v1-masked,binary:Normal|AD(Mild+Moderate+Severe),M7,"M7.D2: <|S_(i±2,i) - ref|^2>_B",1,none-fisher,typical,none (noisy realisations of 1 sim/stage),Normal:1|AD:3,2000,,,,8.173552016272357,3.301085135109945,,,weakest=Normal|AD; J_eff_min=3.73; gap/port_min=3.71; gap/mesh=pending; bayes_err_max=0.00112; shift_robust=no; band_gap_retention=1.08; freq_robust=no
2026-09-27T17:49:20+00:00,7ca77f1,A,A-sphere7-ring6-hfss,hfss-v1-masked,binary:Normal|AD(Mild+Moderate+Severe),M7,"M7.D3: <|S_(i±3,i) - ref|^2>_B",1,none-fisher,typical,none (noisy realisations of 1 sim/stage),Normal:1|AD:3,2000,,,,8.923758810212115,3.818303852278924,,,weakest=Normal|AD; J_eff_min=5.67; gap/port_min=5.58; gap/mesh=pending; bayes_err_max=0.000418; shift_robust=no; band_gap_retention=1.11; freq_robust=no
2026-09-27T17:49:20+00:00,7ca77f1,A,A-sphere7-ring6-hfss,hfss-v1-masked,binary:Normal|AD(Mild+Moderate+Severe),M7,"M7.D3[k3]: <|S_(i+3,i) - ref|^2> over k3 window",1,none-fisher,typical,none (noisy realisations of 1 sim/stage),Normal:1|AD:3,2000,,,,8.694129938532969,3.9148450197468296,,,weakest=Normal|AD; J_eff_min=6.31; gap/port_min=6.79; gap/mesh=pending; bayes_err_max=0.000347; shift_robust=no; band_gap_retention=0.91; freq_robust=no
2026-09-27T17:49:20+00:00,7ca77f1,A,A-sphere7-ring6-hfss,hfss-v1-masked,binary:Normal|AD(Mild+Moderate+Severe),M8,M8.s1^2: <s_1(S)^2>_B (singular value),1,none-fisher,typical,none (noisy realisations of 1 sim/stage),Normal:1|AD:3,2000,,,,1.699460079733732,0.4956150353484602,,,weakest=Normal|AD; J_eff_min=nan; gap/port_min=nan; gap/mesh=pending; bayes_err_max=0.161; shift_robust=no; band_gap_retention=-0.19; freq_robust=no; matrix-level: no per-antenna port-noise estimate
2026-09-27T17:49:20+00:00,7ca77f1,A,A-sphere7-ring6-hfss,hfss-v1-masked,binary:Normal|AD(Mild+Moderate+Severe),M8,M8.s2^2: <s_2(S)^2>_B (singular value),1,none-fisher,typical,none (noisy realisations of 1 sim/stage),Normal:1|AD:3,2000,,,,5.4989099249541225,1.381172231361945,,,weakest=Normal|AD; J_eff_min=nan; gap/port_min=nan; gap/mesh=pending; bayes_err_max=0.0479; shift_robust=no; band_gap_retention=0.21; freq_robust=no; matrix-level: no per-antenna port-noise estimate
2026-09-27T17:49:20+00:00,7ca77f1,A,A-sphere7-ring6-hfss,hfss-v1-masked,binary:Normal|AD(Mild+Moderate+Severe),M8,M8.s3^2: <s_3(S)^2>_B (singular value),1,none-fisher,typical,none (noisy realisations of 1 sim/stage),Normal:1|AD:3,2000,,,,9.411709908176574,2.3536374305464967,,,weakest=Normal|AD; J_eff_min=nan; gap/port_min=nan; gap/mesh=pending; bayes_err_max=0.015; shift_robust=no; band_gap_retention=0.48; freq_robust=no; matrix-level: no per-antenna port-noise estimate
2026-09-27T17:49:20+00:00,7ca77f1,A,A-sphere7-ring6-hfss,hfss-v1-masked,binary:Normal|AD(Mild+Moderate+Severe),M8,M8.s4^2: <s_4(S)^2>_B (singular value),1,none-fisher,typical,none (noisy realisations of 1 sim/stage),Normal:1|AD:3,2000,,,,8.706428703411119,2.176608706922843,,,weakest=Normal|AD; J_eff_min=nan; gap/port_min=nan; gap/mesh=pending; bayes_err_max=0.0185; shift_robust=no; band_gap_retention=0.19; freq_robust=no; matrix-level: no per-antenna port-noise estimate
2026-09-27T17:49:20+00:00,7ca77f1,A,A-sphere7-ring6-hfss,hfss-v1-masked,binary:Normal|AD(Mild+Moderate+Severe),M8,M8.s5^2: <s_5(S)^2>_B (singular value),1,none-fisher,typical,none (noisy realisations of 1 sim/stage),Normal:1|AD:3,2000,,,,10.868707812961217,2.717811173560949,,,weakest=Normal|AD; J_eff_min=nan; gap/port_min=nan; gap/mesh=pending; bayes_err_max=0.00985; shift_robust=no; band_gap_retention=0.56; freq_robust=no; matrix-level: no per-antenna port-noise estimate
2026-09-27T17:49:20+00:00,7ca77f1,A,A-sphere7-ring6-hfss,hfss-v1-masked,binary:Normal|AD(Mild+Moderate+Severe),M8,M8.s6^2: <s_6(S)^2>_B (singular value),1,none-fisher,typical,none (noisy realisations of 1 sim/stage),Normal:1|AD:3,2000,,,,8.108684200124555,2.030535744798758,,,weakest=Normal|AD; J_eff_min=nan; gap/port_min=nan; gap/mesh=pending; bayes_err_max=0.0218; shift_robust=no; band_gap_retention=0.48; freq_robust=no; matrix-level: no per-antenna port-noise estimate
2026-09-27T17:49:20+00:00,7ca77f1,A,A-sphere7-ring6-hfss,hfss-v1-masked,binary:Normal|AD(Mild+Moderate+Severe),M8,M8.lam0^2: <|λ_0|^2> circulant mode 0 (full),1,none-fisher,typical,none (noisy realisations of 1 sim/stage),Normal:1|AD:3,2000,,,,13.809250996949327,3.458221786219681,,,weakest=Normal|AD; J_eff_min=4.27; gap/port_min=3.52; gap/mesh=pending; bayes_err_max=0.00419; shift_robust=no; band_gap_retention=0.45; freq_robust=no
2026-09-27T17:49:20+00:00,7ca77f1,A,A-sphere7-ring6-hfss,hfss-v1-masked,binary:Normal|AD(Mild+Moderate+Severe),M8,M8.lam1^2: <|λ_1|^2> circulant mode 1 (full),1,none-fisher,typical,none (noisy realisations of 1 sim/stage),Normal:1|AD:3,2000,,,,11.73624218623199,2.940160512278643,,,weakest=Normal|AD; J_eff_min=3.75; gap/port_min=3.32; gap/mesh=pending; bayes_err_max=0.00753; shift_robust=no; band_gap_retention=0.37; freq_robust=no
2026-09-27T17:49:20+00:00,7ca77f1,A,A-sphere7-ring6-hfss,hfss-v1-masked,binary:Normal|AD(Mild+Moderate+Severe),M8,M8.lam2^2: <|λ_2|^2> circulant mode 2 (full),1,none-fisher,typical,none (noisy realisations of 1 sim/stage),Normal:1|AD:3,2000,,,,12.940978082358802,3.2415859996286582,,,weakest=Normal|AD; J_eff_min=4.46; gap/port_min=3.69; gap/mesh=pending; bayes_err_max=0.00534; shift_robust=no; band_gap_retention=0.34; freq_robust=no
2026-09-27T17:49:20+00:00,7ca77f1,A,A-sphere7-ring6-hfss,hfss-v1-masked,binary:Normal|AD(Mild+Moderate+Severe),M8,M8.lam3^2: <|λ_3|^2> circulant mode 3 (full),1,none-fisher,typical,none (noisy realisations of 1 sim/stage),Normal:1|AD:3,2000,,,,11.778072139113918,2.956295250226676,,,weakest=Normal|AD; J_eff_min=4.17; gap/port_min=3.59; gap/mesh=pending; bayes_err_max=0.00727; shift_robust=no; band_gap_retention=0.29; freq_robust=no
2026-09-27T17:49:20+00:00,7ca77f1,A,A-sphere7-ring6-hfss,hfss-v1-masked,binary:Normal|AD(Mild+Moderate+Severe),M8,M8.lam0^2[k3]: <|λ_0|^2> circulant mode 0 (k3),1,none-fisher,typical,none (noisy realisations of 1 sim/stage),Normal:1|AD:3,2000,,,,14.753348142024427,4.573481254212864,,,weakest=Normal|AD; J_eff_min=6.68; gap/port_min=4.94; gap/mesh=pending; bayes_err_max=0.00012; shift_robust=no; band_gap_retention=0.91; freq_robust=no
2026-09-27T17:49:20+00:00,7ca77f1,A,A-sphere7-ring6-hfss,hfss-v1-masked,binary:Normal|AD(Mild+Moderate+Severe),M8,M8.lam1^2[k3]: <|λ_1|^2> circulant mode 1 (k3),1,none-fisher,typical,none (noisy realisations of 1 sim/stage),Normal:1|AD:3,2000,,,,16.31865718285462,4.968780229227594,,,weakest=Normal|AD; J_eff_min=7.31; gap/port_min=5.15; gap/mesh=pending; bayes_err_max=5.9e-05; shift_robust=no; band_gap_retention=0.91; freq_robust=no
2026-09-27T17:49:20+00:00,7ca77f1,A,A-sphere7-ring6-hfss,hfss-v1-masked,binary:Normal|AD(Mild+Moderate+Severe),M8,M8.lam2^2[k3]: <|λ_2|^2> circulant mode 2 (k3),1,none-fisher,typical,none (noisy realisations of 1 sim/stage),Normal:1|AD:3,2000,,,,18.51278673359223,5.490863217417752,,,weakest=Normal|AD; J_eff_min=7.68; gap/port_min=5.12; gap/mesh=pending; bayes_err_max=2.38e-05; shift_robust=no; band_gap_retention=0.90; freq_robust=no
2026-09-27T17:49:20+00:00,7ca77f1,A,A-sphere7-ring6-hfss,hfss-v1-masked,binary:Normal|AD(Mild+Moderate+Severe),M8,M8.lam3^2[k3]: <|λ_3|^2> circulant mode 3 (k3),1,none-fisher,typical,none (noisy realisations of 1 sim/stage),Normal:1|AD:3,2000,,,,20.333685769437775,5.951854382490605,,,weakest=Normal|AD; J_eff_min=8.43; gap/port_min=5.37; gap/mesh=pending; bayes_err_max=1.04e-05; shift_robust=no; band_gap_retention=0.91; freq_robust=no
2026-09-27T17:49:20+00:00,7ca77f1,A,A-sphere7-ring6-hfss,hfss-v1-masked,binary:Normal|AD(Mild+Moderate+Severe),M0,M0.old_score: mean_B Σ_{j≠i}|S_ii+S_ij|/VSWR_i,1,none-fisher,noisy,none (noisy realisations of 1 sim/stage),Normal:1|AD:3,2000,,,,15.112317323043705,3.7840499512377392,,,weakest=Normal|AD; J_eff_min=9.42; gap/port_min=7.08; gap/mesh=pending; bayes_err_max=0.00291; shift_robust=yes; band_gap_retention=0.76; freq_robust=no; baseline only; not a physical quantity
2026-09-27T17:49:20+00:00,7ca77f1,A,A-sphere7-ring6-hfss,hfss-v1-masked,binary:Normal|AD(Mild+Moderate+Severe),M1,M1.Sii_dBavg: mean_B 20log10|S_ii|,1,none-fisher,noisy,none (noisy realisations of 1 sim/stage),Normal:1|AD:3,2000,,,,0.10534707004155223,0.029905626892216305,,,weakest=Normal|AD; J_eff_min=0.0185; gap/port_min=0.212; gap/mesh=pending; bayes_err_max=0.406; shift_robust=no; band_gap_retention=1.54; freq_robust=no; dB averaging; shown for fragility
2026-09-27T17:49:20+00:00,7ca77f1,A,A-sphere7-ring6-hfss,hfss-v1-masked,binary:Normal|AD(Mild+Moderate+Severe),M2,M2.R: <|S_ii|^2>_B,1,none-fisher,noisy,none (noisy realisations of 1 sim/stage),Normal:1|AD:3,2000,,,,3.2210110487732457,0.8073990000072513,,,weakest=Normal|AD; J_eff_min=2.09; gap/port_min=3.46; gap/mesh=pending; bayes_err_max=0.102; shift_robust=no; band_gap_retention=0.36; freq_robust=no
2026-09-27T17:49:20+00:00,7ca77f1,A,A-sphere7-ring6-hfss,hfss-v1-masked,binary:Normal|AD(Mild+Moderate+Severe),M2,M2.R[k3]: <|S_ii|^2> over k3 window,1,none-fisher,noisy,none (noisy realisations of 1 sim/stage),Normal:1|AD:3,2000,,,,16.604663871446036,4.706888007770866,,,weakest=Normal|AD; J_eff_min=7.47; gap/port_min=5.21; gap/mesh=pending; bayes_err_max=0.000152; shift_robust=no; band_gap_retention=0.91; freq_robust=no
2026-09-27T17:49:20+00:00,7ca77f1,A,A-sphere7-ring6-hfss,hfss-v1-masked,binary:Normal|AD(Mild+Moderate+Severe),M3,M3.A: <1-|S_ii|^2>_B,1,none-fisher,noisy,none (noisy realisations of 1 sim/stage),Normal:1|AD:3,2000,,,,3.221011048773152,0.807399000007228,,,weakest=Normal|AD; J_eff_min=2.09; gap/port_min=3.46; gap/mesh=pending; bayes_err_max=0.102; shift_robust=no; band_gap_retention=0.36; freq_robust=no; affine copy of M2.R (identical separability)
2026-09-27T17:49:20+00:00,7ca77f1,A,A-sphere7-ring6-hfss,hfss-v1-masked,binary:Normal|AD(Mild+Moderate+Severe),M3,M3.ML_of_powavg: -10log10<A>_B (dB),1,none-fisher,noisy,none (noisy realisations of 1 sim/stage),Normal:1|AD:3,2000,,,,3.2214242264552193,0.8071170410753309,,,weakest=Normal|AD; J_eff_min=2.11; gap/port_min=3.49; gap/mesh=pending; bayes_err_max=0.102; shift_robust=no; band_gap_retention=0.35; freq_robust=no
2026-09-27T17:49:20+00:00,7ca77f1,A,A-sphere7-ring6-hfss,hfss-v1-masked,binary:Normal|AD(Mild+Moderate+Severe),M3,M3.ML_dBavg: <-10log10 A>_B (dB-averaged ML),1,none-fisher,noisy,none (noisy realisations of 1 sim/stage),Normal:1|AD:3,2000,,,,0.43639887345733513,0.10934860490293438,,,weakest=Normal|AD; J_eff_min=0.436; gap/port_min=23.9; gap/mesh=pending; bayes_err_max=0.32; shift_robust=no; band_gap_retention=0.76; freq_robust=no; dB averaging; comparison only
2026-09-27T17:49:20+00:00,7ca77f1,A,A-sphere7-ring6-hfss,hfss-v1-masked,binary:Normal|AD(Mild+Moderate+Severe),M4,M4.N: <1-Σ_j|S_ji|^2>_B (absorbed+radiated+loss),1,none-fisher,noisy,none (noisy realisations of 1 sim/stage),Normal:1|AD:3,2000,,,,3.2498983868282263,0.8146744867837756,,,weakest=Normal|AD; J_eff_min=2.11; gap/port_min=3.47; gap/mesh=pending; bayes_err_max=0.101; shift_robust=no; band_gap_retention=0.36; freq_robust=no
2026-09-27T17:49:20+00:00,7ca77f1,A,A-sphere7-ring6-hfss,hfss-v1-masked,binary:Normal|AD(Mild+Moderate+Severe),M4,M4.N[k3]: <N> over k3 window,1,none-fisher,noisy,none (noisy realisations of 1 sim/stage),Normal:1|AD:3,2000,,,,16.704528505019425,4.729243281338635,,,weakest=Normal|AD; J_eff_min=7.48; gap/port_min=5.21; gap/mesh=pending; bayes_err_max=0.000148; shift_robust=no; band_gap_retention=0.91; freq_robust=no
2026-09-27T17:49:20+00:00,7ca77f1,A,A-sphere7-ring6-hfss,hfss-v1-masked,binary:Normal|AD(Mild+Moderate+Severe),M5,M5.C: <Σ_(j≠i)|S_ji|^2> (full),1,none-fisher,noisy,none (noisy realisations of 1 sim/stage),Normal:1|AD:3,2000,,,,2.490185807729151,1.388558099010722,,,weakest=Normal|AD; J_eff_min=1.19; gap/port_min=2.14; gap/mesh=pending; bayes_err_max=0.037; shift_robust=yes; band_gap_retention=1.11; freq_robust=no
2026-09-27T17:49:20+00:00,7ca77f1,A,A-sphere7-ring6-hfss,hfss-v1-masked,binary:Normal|AD(Mild+Moderate+Severe),M5,"M5.C1: <|S_(i±1,i)|^2> (full)",1,none-fisher,noisy,none (noisy realisations of 1 sim/stage),Normal:1|AD:3,2000,,,,2.035431954301494,1.295795448939766,,,weakest=Normal|AD; J_eff_min=1.01; gap/port_min=2; gap/mesh=pending; bayes_err_max=0.0435; shift_robust=yes; band_gap_retention=1.11; freq_robust=no
2026-09-27T17:49:20+00:00,7ca77f1,A,A-sphere7-ring6-hfss,hfss-v1-masked,binary:Normal|AD(Mild+Moderate+Severe),M5,"M5.C2: <|S_(i±2,i)|^2> (full)",1,none-fisher,noisy,none (noisy realisations of 1 sim/stage),Normal:1|AD:3,2000,,,,3.5580830200616584,1.4371664960049675,,,weakest=Normal|AD; J_eff_min=2.09; gap/port_min=3.18; gap/mesh=pending; bayes_err_max=0.0343; shift_robust=yes; band_gap_retention=1.03; freq_robust=no
2026-09-27T17:49:20+00:00,7ca77f1,A,A-sphere7-ring6-hfss,hfss-v1-masked,binary:Normal|AD(Mild+Moderate+Severe),M5,"M5.C3: <|S_(i±3,i)|^2> (full)",1,none-fisher,noisy,none (noisy realisations of 1 sim/stage),Normal:1|AD:3,2000,,,,195.99673556262377,49.00510663082214,,,weakest=Normal|AD; J_eff_min=12.5; gap/port_min=5.17; gap/mesh=pending; bayes_err_max=1.56e-23; shift_robust=yes; band_gap_retention=1.11; freq_robust=no
2026-09-27T17:49:20+00:00,7ca77f1,A,A-sphere7-ring6-hfss,hfss-v1-masked,binary:Normal|AD(Mild+Moderate+Severe),M5,M5.C[k3]: <Σ_(j≠i)|S_ji|^2> (k3),1,none-fisher,noisy,none (noisy realisations of 1 sim/stage),Normal:1|AD:3,2000,,,,2.723469008704609,1.3269338429308313,,,weakest=Normal|AD; J_eff_min=0.648; gap/port_min=1.3; gap/mesh=pending; bayes_err_max=0.0413; shift_robust=no; band_gap_retention=0.72; freq_robust=no
2026-09-27T17:49:20+00:00,7ca77f1,A,A-sphere7-ring6-hfss,hfss-v1-masked,binary:Normal|AD(Mild+Moderate+Severe),M5,"M5.C1[k3]: <|S_(i±1,i)|^2> (k3)",1,none-fisher,noisy,none (noisy realisations of 1 sim/stage),Normal:1|AD:3,2000,,,,1.9283222295987326,1.1544371340821036,,,weakest=Normal|AD; J_eff_min=0.498; gap/port_min=1.16; gap/mesh=pending; bayes_err_max=0.0557; shift_robust=no; band_gap_retention=0.68; freq_robust=no
2026-09-27T17:49:20+00:00,7ca77f1,A,A-sphere7-ring6-hfss,hfss-v1-masked,binary:Normal|AD(Mild+Moderate+Severe),M5,"M5.C2[k3]: <|S_(i±2,i)|^2> (k3)",1,none-fisher,noisy,none (noisy realisations of 1 sim/stage),Normal:1|AD:3,2000,,,,2.1612739106286507,1.1037237284952108,,,weakest=Normal|AD; J_eff_min=1.41; gap/port_min=2.86; gap/mesh=pending; bayes_err_max=0.0608; shift_robust=yes; band_gap_retention=0.82; freq_robust=yes
2026-09-27T17:49:20+00:00,7ca77f1,A,A-sphere7-ring6-hfss,hfss-v1-masked,binary:Normal|AD(Mild+Moderate+Severe),M5,"M5.C3[k3]: <|S_(i±3,i)|^2> (k3)",1,none-fisher,noisy,none (noisy realisations of 1 sim/stage),Normal:1|AD:3,2000,,,,224.31964852856734,56.08110303875757,,,weakest=Normal|AD; J_eff_min=17.1; gap/port_min=6.08; gap/mesh=pending; bayes_err_max=1.54e-26; shift_robust=yes; band_gap_retention=0.94; freq_robust=yes
2026-09-27T17:49:20+00:00,7ca77f1,A,A-sphere7-ring6-hfss,hfss-v1-masked,binary:Normal|AD(Mild+Moderate+Severe),M5,"M5.C3_dBavg[k3]: mean over k3 window of 10log10|S_(i+3,i)|^2",1,none-fisher,noisy,none (noisy realisations of 1 sim/stage),Normal:1|AD:3,2000,,,,191.86903106348225,48.03760898363075,,,weakest=Normal|AD; J_eff_min=11.7; gap/port_min=4.98; gap/mesh=pending; bayes_err_max=1.91e-24; shift_robust=yes; band_gap_retention=0.91; freq_robust=yes; dB averaging; comparison only
2026-09-27T17:49:20+00:00,7ca77f1,A,A-sphere7-ring6-hfss,hfss-v1-masked,binary:Normal|AD(Mild+Moderate+Severe),M6,M6.fc_A: power-weighted centroid of A(f) [GHz],1,none-fisher,noisy,none (noisy realisations of 1 sim/stage),Normal:1|AD:3,2000,,,,1.1533709660149998,0.2967754390239238,,,weakest=Normal|AD; J_eff_min=0.59; gap/port_min=1.56; gap/mesh=pending; bayes_err_max=0.221; shift_robust=no; band_gap_retention=0.84; freq_robust=no
2026-09-27T17:49:20+00:00,7ca77f1,A,A-sphere7-ring6-hfss,hfss-v1-masked,binary:Normal|AD(Mild+Moderate+Severe),M6,M6.spread_A: spectral spread of A(f) [MHz],1,none-fisher,noisy,none (noisy realisations of 1 sim/stage),Normal:1|AD:3,2000,,,,3.4393640972728297,0.8601066169663499,,,weakest=Normal|AD; J_eff_min=3.25; gap/port_min=11; gap/mesh=pending; bayes_err_max=0.0948; shift_robust=yes; band_gap_retention=0.62; freq_robust=no
2026-09-27T17:49:20+00:00,7ca77f1,A,A-sphere7-ring6-hfss,hfss-v1-masked,binary:Normal|AD(Mild+Moderate+Severe),M6,M6.fc_N: power-weighted centroid of N(f) [GHz],1,none-fisher,noisy,none (noisy realisations of 1 sim/stage),Normal:1|AD:3,2000,,,,1.1552638054214228,0.2972276252311877,,,weakest=Normal|AD; J_eff_min=0.591; gap/port_min=1.56; gap/mesh=pending; bayes_err_max=0.221; shift_robust=no; band_gap_retention=0.84; freq_robust=no
2026-09-27T17:49:20+00:00,7ca77f1,A,A-sphere7-ring6-hfss,hfss-v1-masked,binary:Normal|AD(Mild+Moderate+Severe),M6,M6.spread_N: spectral spread of N(f) [MHz],1,none-fisher,noisy,none (noisy realisations of 1 sim/stage),Normal:1|AD:3,2000,,,,3.4324061322471393,0.8583608146594371,,,weakest=Normal|AD; J_eff_min=3.25; gap/port_min=11; gap/mesh=pending; bayes_err_max=0.095; shift_robust=yes; band_gap_retention=0.62; freq_robust=no
2026-09-27T17:49:20+00:00,7ca77f1,A,A-sphere7-ring6-hfss,hfss-v1-masked,binary:Normal|AD(Mild+Moderate+Severe),M6,M6.A[3.20]: <A> in 50 MHz sub-band from 3.20 GHz,1,none-fisher,noisy,none (noisy realisations of 1 sim/stage),Normal:1|AD:3,2000,,,,5.064482137737721,1.266573921727639,,,weakest=Normal|AD; J_eff_min=4.55; gap/port_min=9.46; gap/mesh=pending; bayes_err_max=0.0557; shift_robust=no; band_gap_retention=1.00; freq_robust=no
2026-09-27T17:49:20+00:00,7ca77f1,A,A-sphere7-ring6-hfss,hfss-v1-masked,binary:Normal|AD(Mild+Moderate+Severe),M6,M6.N[3.20]: <N> in 50 MHz sub-band from 3.20 GHz,1,none-fisher,noisy,none (noisy realisations of 1 sim/stage),Normal:1|AD:3,2000,,,,5.062246772797059,1.2660145408995327,,,weakest=Normal|AD; J_eff_min=4.55; gap/port_min=9.46; gap/mesh=pending; bayes_err_max=0.0558; shift_robust=no; band_gap_retention=1.00; freq_robust=no
2026-09-27T17:49:20+00:00,7ca77f1,A,A-sphere7-ring6-hfss,hfss-v1-masked,binary:Normal|AD(Mild+Moderate+Severe),M6,M6.A[3.25]: <A> in 50 MHz sub-band from 3.25 GHz,1,none-fisher,noisy,none (noisy realisations of 1 sim/stage),Normal:1|AD:3,2000,,,,7.343777088571857,1.8360804362675742,,,weakest=Normal|AD; J_eff_min=5.33; gap/port_min=6.24; gap/mesh=pending; bayes_err_max=0.0277; shift_robust=no; band_gap_retention=0.97; freq_robust=no
2026-09-27T17:49:20+00:00,7ca77f1,A,A-sphere7-ring6-hfss,hfss-v1-masked,binary:Normal|AD(Mild+Moderate+Severe),M6,M6.N[3.25]: <N> in 50 MHz sub-band from 3.25 GHz,1,none-fisher,noisy,none (noisy realisations of 1 sim/stage),Normal:1|AD:3,2000,,,,7.337843994513032,1.8345971804822419,,,weakest=Normal|AD; J_eff_min=5.33; gap/port_min=6.24; gap/mesh=pending; bayes_err_max=0.0277; shift_robust=no; band_gap_retention=0.97; freq_robust=no
2026-09-27T17:49:20+00:00,7ca77f1,A,A-sphere7-ring6-hfss,hfss-v1-masked,binary:Normal|AD(Mild+Moderate+Severe),M6,M6.A[3.30]: <A> in 50 MHz sub-band from 3.30 GHz,1,none-fisher,noisy,none (noisy realisations of 1 sim/stage),Normal:1|AD:3,2000,,,,3.1064922914872444,0.790588928787214,,,weakest=Normal|AD; J_eff_min=1.54; gap/port_min=2.47; gap/mesh=pending; bayes_err_max=0.104; shift_robust=no; band_gap_retention=0.82; freq_robust=no
2026-09-27T17:49:20+00:00,7ca77f1,A,A-sphere7-ring6-hfss,hfss-v1-masked,binary:Normal|AD(Mild+Moderate+Severe),M6,M6.N[3.30]: <N> in 50 MHz sub-band from 3.30 GHz,1,none-fisher,noisy,none (noisy realisations of 1 sim/stage),Normal:1|AD:3,2000,,,,3.1032468179343593,0.7897332783968013,,,weakest=Normal|AD; J_eff_min=1.54; gap/port_min=2.46; gap/mesh=pending; bayes_err_max=0.104; shift_robust=no; band_gap_retention=0.82; freq_robust=no
2026-09-27T17:49:20+00:00,7ca77f1,A,A-sphere7-ring6-hfss,hfss-v1-masked,binary:Normal|AD(Mild+Moderate+Severe),M6,M6.A[3.35]: <A> in 50 MHz sub-band from 3.35 GHz,1,none-fisher,noisy,none (noisy realisations of 1 sim/stage),Normal:1|AD:3,2000,,,,2.737906190548257,1.0152884366343313,,,weakest=Normal|AD; J_eff_min=1.71; gap/port_min=3.01; gap/mesh=pending; bayes_err_max=0.0707; shift_robust=no; band_gap_retention=0.80; freq_robust=no
2026-09-27T17:49:20+00:00,7ca77f1,A,A-sphere7-ring6-hfss,hfss-v1-masked,binary:Normal|AD(Mild+Moderate+Severe),M6,M6.N[3.35]: <N> in 50 MHz sub-band from 3.35 GHz,1,none-fisher,noisy,none (noisy realisations of 1 sim/stage),Normal:1|AD:3,2000,,,,2.741521053831668,1.015720372342691,,,weakest=Normal|AD; J_eff_min=1.71; gap/port_min=3.01; gap/mesh=pending; bayes_err_max=0.0707; shift_robust=no; band_gap_retention=0.80; freq_robust=no
2026-09-27T17:49:20+00:00,7ca77f1,A,A-sphere7-ring6-hfss,hfss-v1-masked,binary:Normal|AD(Mild+Moderate+Severe),M6,M6.A[3.40]: <A> in 50 MHz sub-band from 3.40 GHz,1,none-fisher,noisy,none (noisy realisations of 1 sim/stage),Normal:1|AD:3,2000,,,,15.234798855383314,4.346154898640446,,,weakest=Normal|AD; J_eff_min=9.01; gap/port_min=6.64; gap/mesh=pending; bayes_err_max=0.000282; shift_robust=yes; band_gap_retention=0.98; freq_robust=yes
2026-09-27T17:49:20+00:00,7ca77f1,A,A-sphere7-ring6-hfss,hfss-v1-masked,binary:Normal|AD(Mild+Moderate+Severe),M6,M6.N[3.40]: <N> in 50 MHz sub-band from 3.40 GHz,1,none-fisher,noisy,none (noisy realisations of 1 sim/stage),Normal:1|AD:3,2000,,,,15.271817436309451,4.354591792096467,,,weakest=Normal|AD; J_eff_min=9.01; gap/port_min=6.63; gap/mesh=pending; bayes_err_max=0.000279; shift_robust=yes; band_gap_retention=0.98; freq_robust=yes
2026-09-27T17:49:20+00:00,7ca77f1,A,A-sphere7-ring6-hfss,hfss-v1-masked,binary:Normal|AD(Mild+Moderate+Severe),M6,M6.A[3.45]: <A> in 50 MHz sub-band from 3.45 GHz,1,none-fisher,noisy,none (noisy realisations of 1 sim/stage),Normal:1|AD:3,2000,,,,26.037935160306827,6.728254608804219,,,weakest=Normal|AD; J_eff_min=6.89; gap/port_min=4.33; gap/mesh=pending; bayes_err_max=3.09e-05; shift_robust=no; band_gap_retention=0.95; freq_robust=no
2026-09-27T17:49:20+00:00,7ca77f1,A,A-sphere7-ring6-hfss,hfss-v1-masked,binary:Normal|AD(Mild+Moderate+Severe),M6,M6.N[3.45]: <N> in 50 MHz sub-band from 3.45 GHz,1,none-fisher,noisy,none (noisy realisations of 1 sim/stage),Normal:1|AD:3,2000,,,,26.195750435087835,6.766092362184115,,,weakest=Normal|AD; J_eff_min=6.88; gap/port_min=4.32; gap/mesh=pending; bayes_err_max=2.97e-05; shift_robust=no; band_gap_retention=0.95; freq_robust=no
2026-09-27T17:49:20+00:00,7ca77f1,A,A-sphere7-ring6-hfss,hfss-v1-masked,binary:Normal|AD(Mild+Moderate+Severe),M6,M6.A[3.50]: <A> in 50 MHz sub-band from 3.50 GHz,1,none-fisher,noisy,none (noisy realisations of 1 sim/stage),Normal:1|AD:3,2000,,,,18.053655781659533,4.551241371589596,,,weakest=Normal|AD; J_eff_min=3.22; gap/port_min=2.8; gap/mesh=pending; bayes_err_max=0.00108; shift_robust=no; band_gap_retention=0.97; freq_robust=no
2026-09-27T17:49:20+00:00,7ca77f1,A,A-sphere7-ring6-hfss,hfss-v1-masked,binary:Normal|AD(Mild+Moderate+Severe),M6,M6.N[3.50]: <N> in 50 MHz sub-band from 3.50 GHz,1,none-fisher,noisy,none (noisy realisations of 1 sim/stage),Normal:1|AD:3,2000,,,,18.105133583644044,4.562764689664678,,,weakest=Normal|AD; J_eff_min=3.21; gap/port_min=2.79; gap/mesh=pending; bayes_err_max=0.00107; shift_robust=no; band_gap_retention=0.96; freq_robust=no
2026-09-27T17:49:20+00:00,7ca77f1,A,A-sphere7-ring6-hfss,hfss-v1-masked,binary:Normal|AD(Mild+Moderate+Severe),M6,M6.A[3.55]: <A> in 50 MHz sub-band from 3.55 GHz,1,none-fisher,noisy,none (noisy realisations of 1 sim/stage),Normal:1|AD:3,2000,,,,27.4419295112123,6.911029997941718,,,weakest=Normal|AD; J_eff_min=1.3; gap/port_min=1.65; gap/mesh=pending; bayes_err_max=7.14e-05; shift_robust=no; band_gap_retention=0.96; freq_robust=no
2026-09-27T17:49:20+00:00,7ca77f1,A,A-sphere7-ring6-hfss,hfss-v1-masked,binary:Normal|AD(Mild+Moderate+Severe),M6,M6.N[3.55]: <N> in 50 MHz sub-band from 3.55 GHz,1,none-fisher,noisy,none (noisy realisations of 1 sim/stage),Normal:1|AD:3,2000,,,,27.532786184383895,6.930239646356373,,,weakest=Normal|AD; J_eff_min=1.29; gap/port_min=1.64; gap/mesh=pending; bayes_err_max=7.16e-05; shift_robust=no; band_gap_retention=0.96; freq_robust=no
2026-09-27T17:49:20+00:00,7ca77f1,A,A-sphere7-ring6-hfss,hfss-v1-masked,binary:Normal|AD(Mild+Moderate+Severe),M6,M6.A[3.60]: <A> in 50 MHz sub-band from 3.60 GHz,1,none-fisher,noisy,none (noisy realisations of 1 sim/stage),Normal:1|AD:3,2000,,,,0.06097481840357837,0.23434850590795495,,,weakest=Normal|AD; J_eff_min=0.0106; gap/port_min=0.16; gap/mesh=pending; bayes_err_max=0.268; shift_robust=no; band_gap_retention=-11.66; freq_robust=no
2026-09-27T17:49:20+00:00,7ca77f1,A,A-sphere7-ring6-hfss,hfss-v1-masked,binary:Normal|AD(Mild+Moderate+Severe),M6,M6.N[3.60]: <N> in 50 MHz sub-band from 3.60 GHz,1,none-fisher,noisy,none (noisy realisations of 1 sim/stage),Normal:1|AD:3,2000,,,,0.15662129000238575,0.26051478015197477,,,weakest=Normal|AD; J_eff_min=0.0277; gap/port_min=0.259; gap/mesh=pending; bayes_err_max=0.255; shift_robust=no; band_gap_retention=-6.80; freq_robust=no
2026-09-27T17:49:20+00:00,7ca77f1,A,A-sphere7-ring6-hfss,hfss-v1-masked,binary:Normal|AD(Mild+Moderate+Severe),M6,M6.A[3.65]: <A> in 50 MHz sub-band from 3.65 GHz,1,none-fisher,noisy,none (noisy realisations of 1 sim/stage),Normal:1|AD:3,2000,,,,4.360538445159906,1.3710062291560385,,,weakest=Normal|AD; J_eff_min=0.732; gap/port_min=1.33; gap/mesh=pending; bayes_err_max=0.0402; shift_robust=no; band_gap_retention=0.98; freq_robust=no
2026-09-27T17:49:20+00:00,7ca77f1,A,A-sphere7-ring6-hfss,hfss-v1-masked,binary:Normal|AD(Mild+Moderate+Severe),M6,M6.N[3.65]: <N> in 50 MHz sub-band from 3.65 GHz,1,none-fisher,noisy,none (noisy realisations of 1 sim/stage),Normal:1|AD:3,2000,,,,4.352379341439039,1.370895442401281,,,weakest=Normal|AD; J_eff_min=0.738; gap/port_min=1.33; gap/mesh=pending; bayes_err_max=0.0402; shift_robust=no; band_gap_retention=0.98; freq_robust=no
2026-09-27T17:49:20+00:00,7ca77f1,A,A-sphere7-ring6-hfss,hfss-v1-masked,binary:Normal|AD(Mild+Moderate+Severe),M6,M6.A[3.70]: <A> in 50 MHz sub-band from 3.70 GHz,1,none-fisher,noisy,none (noisy realisations of 1 sim/stage),Normal:1|AD:3,2000,,,,0.037240029739319794,0.2838157970498199,,,weakest=Normal|AD; J_eff_min=0.00557; gap/port_min=0.114; gap/mesh=pending; bayes_err_max=0.245; shift_robust=no; band_gap_retention=0.12; freq_robust=no
2026-09-27T17:49:20+00:00,7ca77f1,A,A-sphere7-ring6-hfss,hfss-v1-masked,binary:Normal|AD(Mild+Moderate+Severe),M6,M6.N[3.70]: <N> in 50 MHz sub-band from 3.70 GHz,1,none-fisher,noisy,none (noisy realisations of 1 sim/stage),Normal:1|AD:3,2000,,,,0.03882578479568316,0.284890563890408,,,weakest=Normal|AD; J_eff_min=0.00583; gap/port_min=0.117; gap/mesh=pending; bayes_err_max=0.245; shift_robust=no; band_gap_retention=0.14; freq_robust=no
2026-09-27T17:49:20+00:00,7ca77f1,A,A-sphere7-ring6-hfss,hfss-v1-masked,binary:Normal|AD(Mild+Moderate+Severe),M6,M6.A[3.75]: <A> in 50 MHz sub-band from 3.75 GHz,1,none-fisher,noisy,none (noisy realisations of 1 sim/stage),Normal:1|AD:3,2000,,,,1.0960419117850606,0.3048871083277022,,,weakest=Normal|AD; J_eff_min=0.0808; gap/port_min=0.418; gap/mesh=pending; bayes_err_max=0.22; shift_robust=no; band_gap_retention=0.31; freq_robust=no
2026-09-27T17:49:20+00:00,7ca77f1,A,A-sphere7-ring6-hfss,hfss-v1-masked,binary:Normal|AD(Mild+Moderate+Severe),M6,M6.N[3.75]: <N> in 50 MHz sub-band from 3.75 GHz,1,none-fisher,noisy,none (noisy realisations of 1 sim/stage),Normal:1|AD:3,2000,,,,1.1207263069382871,0.31140146396326096,,,weakest=Normal|AD; J_eff_min=0.0828; gap/port_min=0.423; gap/mesh=pending; bayes_err_max=0.218; shift_robust=no; band_gap_retention=0.32; freq_robust=no
2026-09-27T17:49:20+00:00,7ca77f1,A,A-sphere7-ring6-hfss,hfss-v1-masked,binary:Normal|AD(Mild+Moderate+Severe),M6,M6.A[3.80]: <A> in 50 MHz sub-band from 3.80 GHz,1,none-fisher,noisy,none (noisy realisations of 1 sim/stage),Normal:1|AD:3,2000,,,,5.798731173738191,1.4615954163291398,,,weakest=Normal|AD; J_eff_min=0.472; gap/port_min=1.01; gap/mesh=pending; bayes_err_max=0.0431; shift_robust=no; band_gap_retention=0.97; freq_robust=no
2026-09-27T17:49:20+00:00,7ca77f1,A,A-sphere7-ring6-hfss,hfss-v1-masked,binary:Normal|AD(Mild+Moderate+Severe),M6,M6.N[3.80]: <N> in 50 MHz sub-band from 3.80 GHz,1,none-fisher,noisy,none (noisy realisations of 1 sim/stage),Normal:1|AD:3,2000,,,,5.807199657602623,1.463725071661295,,,weakest=Normal|AD; J_eff_min=0.473; gap/port_min=1.01; gap/mesh=pending; bayes_err_max=0.0429; shift_robust=no; band_gap_retention=0.97; freq_robust=no
2026-09-27T17:49:20+00:00,7ca77f1,A,A-sphere7-ring6-hfss,hfss-v1-masked,binary:Normal|AD(Mild+Moderate+Severe),M6,M6.A[3.85]: <A> in 50 MHz sub-band from 3.85 GHz,1,none-fisher,noisy,none (noisy realisations of 1 sim/stage),Normal:1|AD:3,2000,,,,2.4715686609106884,0.6203427342908423,,,weakest=Normal|AD; J_eff_min=1.27; gap/port_min=2.29; gap/mesh=pending; bayes_err_max=0.133; shift_robust=no; band_gap_retention=0.98; freq_robust=no
2026-09-27T17:49:20+00:00,7ca77f1,A,A-sphere7-ring6-hfss,hfss-v1-masked,binary:Normal|AD(Mild+Moderate+Severe),M6,M6.N[3.85]: <N> in 50 MHz sub-band from 3.85 GHz,1,none-fisher,noisy,none (noisy realisations of 1 sim/stage),Normal:1|AD:3,2000,,,,2.4725991551722504,0.6206020786751341,,,weakest=Normal|AD; J_eff_min=1.27; gap/port_min=2.29; gap/mesh=pending; bayes_err_max=0.133; shift_robust=no; band_gap_retention=0.98; freq_robust=no
2026-09-27T17:49:20+00:00,7ca77f1,A,A-sphere7-ring6-hfss,hfss-v1-masked,binary:Normal|AD(Mild+Moderate+Severe),M6,M6.A[3.90]: <A> in 50 MHz sub-band from 3.90 GHz,1,none-fisher,noisy,none (noisy realisations of 1 sim/stage),Normal:1|AD:3,2000,,,,1.188185062019885,0.29714715073139497,,,weakest=Normal|AD; J_eff_min=1.04; gap/port_min=4.09; gap/mesh=pending; bayes_err_max=0.22; shift_robust=no; band_gap_retention=0.98; freq_robust=no
2026-09-27T17:49:20+00:00,7ca77f1,A,A-sphere7-ring6-hfss,hfss-v1-masked,binary:Normal|AD(Mild+Moderate+Severe),M6,M6.N[3.90]: <N> in 50 MHz sub-band from 3.90 GHz,1,none-fisher,noisy,none (noisy realisations of 1 sim/stage),Normal:1|AD:3,2000,,,,1.188357533414827,0.2971903554880758,,,weakest=Normal|AD; J_eff_min=1.04; gap/port_min=4.09; gap/mesh=pending; bayes_err_max=0.22; shift_robust=no; band_gap_retention=0.98; freq_robust=no
2026-09-27T17:49:20+00:00,7ca77f1,A,A-sphere7-ring6-hfss,hfss-v1-masked,binary:Normal|AD(Mild+Moderate+Severe),M6,M6.A[3.95]: <A> in 50 MHz sub-band from 3.95 GHz,1,none-fisher,noisy,none (noisy realisations of 1 sim/stage),Normal:1|AD:3,2000,,,,0.6707117646803902,0.16770596977289157,,,weakest=Normal|AD; J_eff_min=0.644; gap/port_min=5.7; gap/mesh=pending; bayes_err_max=0.281; shift_robust=no; band_gap_retention=0.98; freq_robust=no
2026-09-27T17:49:20+00:00,7ca77f1,A,A-sphere7-ring6-hfss,hfss-v1-masked,binary:Normal|AD(Mild+Moderate+Severe),M6,M6.N[3.95]: <N> in 50 MHz sub-band from 3.95 GHz,1,none-fisher,noisy,none (noisy realisations of 1 sim/stage),Normal:1|AD:3,2000,,,,0.6707596528029415,0.16771795936224368,,,weakest=Normal|AD; J_eff_min=0.644; gap/port_min=5.7; gap/mesh=pending; bayes_err_max=0.281; shift_robust=no; band_gap_retention=0.98; freq_robust=no
2026-09-27T17:49:20+00:00,7ca77f1,A,A-sphere7-ring6-hfss,hfss-v1-masked,binary:Normal|AD(Mild+Moderate+Severe),M6,M6.A[4.00]: <A> in 50 MHz sub-band from 4.00 GHz,1,none-fisher,noisy,none (noisy realisations of 1 sim/stage),Normal:1|AD:3,2000,,,,0.30291917172290395,0.07573093054821865,,,weakest=Normal|AD; J_eff_min=0.297; gap/port_min=5.61; gap/mesh=pending; bayes_err_max=0.349; shift_robust=no; band_gap_retention=0.97; freq_robust=no
2026-09-27T17:49:20+00:00,7ca77f1,A,A-sphere7-ring6-hfss,hfss-v1-masked,binary:Normal|AD(Mild+Moderate+Severe),M6,M6.N[4.00]: <N> in 50 MHz sub-band from 4.00 GHz,1,none-fisher,noisy,none (noisy realisations of 1 sim/stage),Normal:1|AD:3,2000,,,,0.30293602179304024,0.07573514674320135,,,weakest=Normal|AD; J_eff_min=0.297; gap/port_min=5.61; gap/mesh=pending; bayes_err_max=0.349; shift_robust=no; band_gap_retention=0.97; freq_robust=no
2026-09-27T17:49:20+00:00,7ca77f1,A,A-sphere7-ring6-hfss,hfss-v1-masked,binary:Normal|AD(Mild+Moderate+Severe),M6,M6.A[4.05]: <A> in 50 MHz sub-band from 4.05 GHz,1,none-fisher,noisy,none (noisy realisations of 1 sim/stage),Normal:1|AD:3,2000,,,,0.23559012021141268,0.06033982572425235,,,weakest=Normal|AD; J_eff_min=0.233; gap/port_min=6.46; gap/mesh=pending; bayes_err_max=0.365; shift_robust=no; band_gap_retention=0.97; freq_robust=no
2026-09-27T17:49:20+00:00,7ca77f1,A,A-sphere7-ring6-hfss,hfss-v1-masked,binary:Normal|AD(Mild+Moderate+Severe),M6,M6.N[4.05]: <N> in 50 MHz sub-band from 4.05 GHz,1,none-fisher,noisy,none (noisy realisations of 1 sim/stage),Normal:1|AD:3,2000,,,,0.23559772772370033,0.06034179857621639,,,weakest=Normal|AD; J_eff_min=0.233; gap/port_min=6.46; gap/mesh=pending; bayes_err_max=0.365; shift_robust=no; band_gap_retention=0.97; freq_robust=no
2026-09-27T17:49:20+00:00,7ca77f1,A,A-sphere7-ring6-hfss,hfss-v1-masked,binary:Normal|AD(Mild+Moderate+Severe),M6,M6.A[4.10]: <A> in 50 MHz sub-band from 4.10 GHz,1,none-fisher,noisy,none (noisy realisations of 1 sim/stage),Normal:1|AD:3,2000,,,,0.08136022706876604,0.020517083566046354,,,weakest=Normal|AD; J_eff_min=0.0808; gap/port_min=4.85; gap/mesh=pending; bayes_err_max=0.42; shift_robust=no; band_gap_retention=0.97; freq_robust=no
2026-09-27T17:49:20+00:00,7ca77f1,A,A-sphere7-ring6-hfss,hfss-v1-masked,binary:Normal|AD(Mild+Moderate+Severe),M6,M6.N[4.10]: <N> in 50 MHz sub-band from 4.10 GHz,1,none-fisher,noisy,none (noisy realisations of 1 sim/stage),Normal:1|AD:3,2000,,,,0.08136325480600405,0.02051783101419558,,,weakest=Normal|AD; J_eff_min=0.0808; gap/port_min=4.85; gap/mesh=pending; bayes_err_max=0.42; shift_robust=no; band_gap_retention=0.97; freq_robust=no
2026-09-27T17:49:20+00:00,7ca77f1,A,A-sphere7-ring6-hfss,hfss-v1-masked,binary:Normal|AD(Mild+Moderate+Severe),M6,M6.A[4.15]: <A> in 50 MHz sub-band from 4.15 GHz,1,none-fisher,noisy,none (noisy realisations of 1 sim/stage),Normal:1|AD:3,2000,,,,0.05961880349671993,0.014917386785453556,,,weakest=Normal|AD; J_eff_min=0.0593; gap/port_min=4.87; gap/mesh=pending; bayes_err_max=0.431; shift_robust=no; band_gap_retention=0.98; freq_robust=no
2026-09-27T17:49:20+00:00,7ca77f1,A,A-sphere7-ring6-hfss,hfss-v1-masked,binary:Normal|AD(Mild+Moderate+Severe),M6,M6.N[4.15]: <N> in 50 MHz sub-band from 4.15 GHz,1,none-fisher,noisy,none (noisy realisations of 1 sim/stage),Normal:1|AD:3,2000,,,,0.05962172174333088,0.014918121142802335,,,weakest=Normal|AD; J_eff_min=0.0593; gap/port_min=4.87; gap/mesh=pending; bayes_err_max=0.431; shift_robust=no; band_gap_retention=0.98; freq_robust=no
2026-09-27T17:49:20+00:00,7ca77f1,A,A-sphere7-ring6-hfss,hfss-v1-masked,binary:Normal|AD(Mild+Moderate+Severe),M7,"M7.D: <Σ_j|S_ji - S_ref,ji|^2>_B, ref = circulant(Normal)",1,none-fisher,noisy,none (noisy realisations of 1 sim/stage),Normal:1|AD:3,2000,,,,9.074469425565027,2.3371853337594306,,,weakest=Normal|AD; J_eff_min=5.27; gap/port_min=5.01; gap/mesh=pending; bayes_err_max=0.0133; shift_robust=no; band_gap_retention=1.02; freq_robust=no
2026-09-27T17:49:20+00:00,7ca77f1,A,A-sphere7-ring6-hfss,hfss-v1-masked,binary:Normal|AD(Mild+Moderate+Severe),M7,"M7.D_pow: <Σ_j(|S_ji|^2 - |S_ref,ji|^2)^2>_B (phase-free)",1,none-fisher,noisy,none (noisy realisations of 1 sim/stage),Normal:1|AD:3,2000,,,,0.303981419286947,0.07615775018606538,,,weakest=Normal|AD; J_eff_min=0.284; gap/port_min=2.96; gap/mesh=pending; bayes_err_max=0.348; shift_robust=no; band_gap_retention=0.83; freq_robust=no
2026-09-27T17:49:20+00:00,7ca77f1,A,A-sphere7-ring6-hfss,hfss-v1-masked,binary:Normal|AD(Mild+Moderate+Severe),M7,"M7.D0: <|S_(i±0,i) - ref|^2>_B",1,none-fisher,noisy,none (noisy realisations of 1 sim/stage),Normal:1|AD:3,2000,,,,8.991467878146684,2.315210329858016,,,weakest=Normal|AD; J_eff_min=5.22; gap/port_min=4.99; gap/mesh=pending; bayes_err_max=0.0137; shift_robust=no; band_gap_retention=1.02; freq_robust=no
2026-09-27T17:49:20+00:00,7ca77f1,A,A-sphere7-ring6-hfss,hfss-v1-masked,binary:Normal|AD(Mild+Moderate+Severe),M7,"M7.D1: <|S_(i±1,i) - ref|^2>_B",1,none-fisher,noisy,none (noisy realisations of 1 sim/stage),Normal:1|AD:3,2000,,,,19.81988859868827,5.704164578884535,,,weakest=Normal|AD; J_eff_min=1.8; gap/port_min=1.99; gap/mesh=pending; bayes_err_max=1.95e-05; shift_robust=no; band_gap_retention=1.09; freq_robust=no
2026-09-27T17:49:20+00:00,7ca77f1,A,A-sphere7-ring6-hfss,hfss-v1-masked,binary:Normal|AD(Mild+Moderate+Severe),M7,"M7.D2: <|S_(i±2,i) - ref|^2>_B",1,none-fisher,noisy,none (noisy realisations of 1 sim/stage),Normal:1|AD:3,2000,,,,7.02056596222677,2.0722278362300925,,,weakest=Normal|AD; J_eff_min=3.53; gap/port_min=3.77; gap/mesh=pending; bayes_err_max=0.0134; shift_robust=no; band_gap_retention=1.08; freq_robust=no
2026-09-27T17:49:20+00:00,7ca77f1,A,A-sphere7-ring6-hfss,hfss-v1-masked,binary:Normal|AD(Mild+Moderate+Severe),M7,"M7.D3: <|S_(i±3,i) - ref|^2>_B",1,none-fisher,noisy,none (noisy realisations of 1 sim/stage),Normal:1|AD:3,2000,,,,7.8550311874293905,2.54099494532215,,,weakest=Normal|AD; J_eff_min=5.11; gap/port_min=5.4; gap/mesh=pending; bayes_err_max=0.00521; shift_robust=no; band_gap_retention=1.11; freq_robust=no
2026-09-27T17:49:20+00:00,7ca77f1,A,A-sphere7-ring6-hfss,hfss-v1-masked,binary:Normal|AD(Mild+Moderate+Severe),M7,"M7.D3[k3]: <|S_(i+3,i) - ref|^2> over k3 window",1,none-fisher,noisy,none (noisy realisations of 1 sim/stage),Normal:1|AD:3,2000,,,,7.855934843585316,2.7176123501224154,,,weakest=Normal|AD; J_eff_min=5.76; gap/port_min=6.57; gap/mesh=pending; bayes_err_max=0.00354; shift_robust=no; band_gap_retention=0.91; freq_robust=no
2026-09-27T17:49:20+00:00,7ca77f1,A,A-sphere7-ring6-hfss,hfss-v1-masked,binary:Normal|AD(Mild+Moderate+Severe),M8,M8.s1^2: <s_1(S)^2>_B (singular value),1,none-fisher,noisy,none (noisy realisations of 1 sim/stage),Normal:1|AD:3,2000,,,,0.7226265207906747,0.18238046496539245,,,weakest=Normal|AD; J_eff_min=nan; gap/port_min=nan; gap/mesh=pending; bayes_err_max=0.273; shift_robust=no; band_gap_retention=-0.19; freq_robust=no; matrix-level: no per-antenna port-noise estimate
2026-09-27T17:49:20+00:00,7ca77f1,A,A-sphere7-ring6-hfss,hfss-v1-masked,binary:Normal|AD(Mild+Moderate+Severe),M8,M8.s2^2: <s_2(S)^2>_B (singular value),1,none-fisher,noisy,none (noisy realisations of 1 sim/stage),Normal:1|AD:3,2000,,,,1.5868159565521727,0.39854479474602966,,,weakest=Normal|AD; J_eff_min=nan; gap/port_min=nan; gap/mesh=pending; bayes_err_max=0.186; shift_robust=no; band_gap_retention=0.21; freq_robust=no; matrix-level: no per-antenna port-noise estimate
2026-09-27T17:49:20+00:00,7ca77f1,A,A-sphere7-ring6-hfss,hfss-v1-masked,binary:Normal|AD(Mild+Moderate+Severe),M8,M8.s3^2: <s_3(S)^2>_B (singular value),1,none-fisher,noisy,none (noisy realisations of 1 sim/stage),Normal:1|AD:3,2000,,,,2.4300723271603286,0.6084412486184122,,,weakest=Normal|AD; J_eff_min=nan; gap/port_min=nan; gap/mesh=pending; bayes_err_max=0.135; shift_robust=no; band_gap_retention=0.48; freq_robust=no; matrix-level: no per-antenna port-noise estimate
2026-09-27T17:49:20+00:00,7ca77f1,A,A-sphere7-ring6-hfss,hfss-v1-masked,binary:Normal|AD(Mild+Moderate+Severe),M8,M8.s4^2: <s_4(S)^2>_B (singular value),1,none-fisher,noisy,none (noisy realisations of 1 sim/stage),Normal:1|AD:3,2000,,,,2.263897927757427,0.5664714937467112,,,weakest=Normal|AD; J_eff_min=nan; gap/port_min=nan; gap/mesh=pending; bayes_err_max=0.144; shift_robust=no; band_gap_retention=0.19; freq_robust=no; matrix-level: no per-antenna port-noise estimate
2026-09-27T17:49:20+00:00,7ca77f1,A,A-sphere7-ring6-hfss,hfss-v1-masked,binary:Normal|AD(Mild+Moderate+Severe),M8,M8.s5^2: <s_5(S)^2>_B (singular value),1,none-fisher,noisy,none (noisy realisations of 1 sim/stage),Normal:1|AD:3,2000,,,,2.464766455231364,0.6161964733487781,,,weakest=Normal|AD; J_eff_min=nan; gap/port_min=nan; gap/mesh=pending; bayes_err_max=0.133; shift_robust=no; band_gap_retention=0.56; freq_robust=no; matrix-level: no per-antenna port-noise estimate
2026-09-27T17:49:20+00:00,7ca77f1,A,A-sphere7-ring6-hfss,hfss-v1-masked,binary:Normal|AD(Mild+Moderate+Severe),M8,M8.s6^2: <s_6(S)^2>_B (singular value),1,none-fisher,noisy,none (noisy realisations of 1 sim/stage),Normal:1|AD:3,2000,,,,2.0754384968940047,0.5196225925012745,,,weakest=Normal|AD; J_eff_min=nan; gap/port_min=nan; gap/mesh=pending; bayes_err_max=0.154; shift_robust=no; band_gap_retention=0.48; freq_robust=no; matrix-level: no per-antenna port-noise estimate
2026-09-27T17:49:20+00:00,7ca77f1,A,A-sphere7-ring6-hfss,hfss-v1-masked,binary:Normal|AD(Mild+Moderate+Severe),M8,M8.lam0^2: <|λ_0|^2> circulant mode 0 (full),1,none-fisher,noisy,none (noisy realisations of 1 sim/stage),Normal:1|AD:3,2000,,,,3.5714218892082976,0.894966445394997,,,weakest=Normal|AD; J_eff_min=2.22; gap/port_min=3.44; gap/mesh=pending; bayes_err_max=0.0904; shift_robust=no; band_gap_retention=0.45; freq_robust=no
2026-09-27T17:49:20+00:00,7ca77f1,A,A-sphere7-ring6-hfss,hfss-v1-masked,binary:Normal|AD(Mild+Moderate+Severe),M8,M8.lam1^2: <|λ_1|^2> circulant mode 1 (full),1,none-fisher,noisy,none (noisy realisations of 1 sim/stage),Normal:1|AD:3,2000,,,,3.029001929206306,0.7592938830628775,,,weakest=Normal|AD; J_eff_min=1.92; gap/port_min=3.24; gap/mesh=pending; bayes_err_max=0.109; shift_robust=no; band_gap_retention=0.37; freq_robust=no
2026-09-27T17:49:20+00:00,7ca77f1,A,A-sphere7-ring6-hfss,hfss-v1-masked,binary:Normal|AD(Mild+Moderate+Severe),M8,M8.lam2^2: <|λ_2|^2> circulant mode 2 (full),1,none-fisher,noisy,none (noisy realisations of 1 sim/stage),Normal:1|AD:3,2000,,,,3.3318309245757125,0.8351165238349321,,,weakest=Normal|AD; J_eff_min=2.2; gap/port_min=3.6; gap/mesh=pending; bayes_err_max=0.098; shift_robust=no; band_gap_retention=0.34; freq_robust=no
2026-09-27T17:49:20+00:00,7ca77f1,A,A-sphere7-ring6-hfss,hfss-v1-masked,binary:Normal|AD(Mild+Moderate+Severe),M8,M8.lam3^2: <|λ_3|^2> circulant mode 3 (full),1,none-fisher,noisy,none (noisy realisations of 1 sim/stage),Normal:1|AD:3,2000,,,,3.1863862787448385,0.7995333545466801,,,weakest=Normal|AD; J_eff_min=2.1; gap/port_min=3.51; gap/mesh=pending; bayes_err_max=0.103; shift_robust=no; band_gap_retention=0.29; freq_robust=no
2026-09-27T17:49:20+00:00,7ca77f1,A,A-sphere7-ring6-hfss,hfss-v1-masked,binary:Normal|AD(Mild+Moderate+Severe),M8,M8.lam0^2[k3]: <|λ_0|^2> circulant mode 0 (k3),1,none-fisher,noisy,none (noisy realisations of 1 sim/stage),Normal:1|AD:3,2000,,,,14.18429480079023,4.105133697490134,,,weakest=Normal|AD; J_eff_min=6.62; gap/port_min=4.98; gap/mesh=pending; bayes_err_max=0.0004; shift_robust=no; band_gap_retention=0.91; freq_robust=no
2026-09-27T17:49:20+00:00,7ca77f1,A,A-sphere7-ring6-hfss,hfss-v1-masked,binary:Normal|AD(Mild+Moderate+Severe),M8,M8.lam1^2[k3]: <|λ_1|^2> circulant mode 1 (k3),1,none-fisher,noisy,none (noisy realisations of 1 sim/stage),Normal:1|AD:3,2000,,,,15.706414742268878,4.489418357890546,,,weakest=Normal|AD; J_eff_min=7.26; gap/port_min=5.19; gap/mesh=pending; bayes_err_max=0.000213; shift_robust=no; band_gap_retention=0.91; freq_robust=no
2026-09-27T17:49:20+00:00,7ca77f1,A,A-sphere7-ring6-hfss,hfss-v1-masked,binary:Normal|AD(Mild+Moderate+Severe),M8,M8.lam2^2[k3]: <|λ_2|^2> circulant mode 2 (k3),1,none-fisher,noisy,none (noisy realisations of 1 sim/stage),Normal:1|AD:3,2000,,,,17.711145580193605,4.965044381188954,,,weakest=Normal|AD; J_eff_min=7.61; gap/port_min=5.17; gap/mesh=pending; bayes_err_max=0.000105; shift_robust=no; band_gap_retention=0.90; freq_robust=no
2026-09-27T17:49:20+00:00,7ca77f1,A,A-sphere7-ring6-hfss,hfss-v1-masked,binary:Normal|AD(Mild+Moderate+Severe),M8,M8.lam3^2[k3]: <|λ_3|^2> circulant mode 3 (k3),1,none-fisher,noisy,none (noisy realisations of 1 sim/stage),Normal:1|AD:3,2000,,,,19.450645933237098,5.4065692128981535,,,weakest=Normal|AD; J_eff_min=8.35; gap/port_min=5.41; gap/mesh=pending; bayes_err_max=5.13e-05; shift_robust=no; band_gap_retention=0.91; freq_robust=no
2026-09-27T17:49:20+00:00,7ca77f1,A,A-sphere7-ring6-hfss,hfss-v1-masked,binary:Normal|AD(Mild+Moderate+Severe),M0,M0.old_score: mean_B Σ_{j≠i}|S_ii+S_ij|/VSWR_i,1,none-fisher,very_noisy,none (noisy realisations of 1 sim/stage),Normal:1|AD:3,2000,,,,4.434646295275577,1.1094195399974676,,,weakest=Normal|AD; J_eff_min=3.68; gap/port_min=6.58; gap/mesh=pending; bayes_err_max=0.0681; shift_robust=yes; band_gap_retention=0.76; freq_robust=no; baseline only; not a physical quantity
2026-09-27T17:49:20+00:00,7ca77f1,A,A-sphere7-ring6-hfss,hfss-v1-masked,binary:Normal|AD(Mild+Moderate+Severe),M1,M1.Sii_dBavg: mean_B 20log10|S_ii|,1,none-fisher,very_noisy,none (noisy realisations of 1 sim/stage),Normal:1|AD:3,2000,,,,0.025365854022888736,0.006661351124564607,,,weakest=Normal|AD; J_eff_min=0.0119; gap/port_min=0.211; gap/mesh=pending; bayes_err_max=0.455; shift_robust=no; band_gap_retention=1.54; freq_robust=no; dB averaging; shown for fragility
2026-09-27T17:49:20+00:00,7ca77f1,A,A-sphere7-ring6-hfss,hfss-v1-masked,binary:Normal|AD(Mild+Moderate+Severe),M2,M2.R: <|S_ii|^2>_B,1,none-fisher,very_noisy,none (noisy realisations of 1 sim/stage),Normal:1|AD:3,2000,,,,0.7751394396919978,0.19381398676624942,,,weakest=Normal|AD; J_eff_min=0.691; gap/port_min=3.58; gap/mesh=pending; bayes_err_max=0.267; shift_robust=no; band_gap_retention=0.36; freq_robust=no
2026-09-27T17:49:20+00:00,7ca77f1,A,A-sphere7-ring6-hfss,hfss-v1-masked,binary:Normal|AD(Mild+Moderate+Severe),M2,M2.R[k3]: <|S_ii|^2> over k3 window,1,none-fisher,very_noisy,none (noisy realisations of 1 sim/stage),Normal:1|AD:3,2000,,,,13.493130436429363,3.6337075724945445,,,weakest=Normal|AD; J_eff_min=6.86; gap/port_min=5.28; gap/mesh=pending; bayes_err_max=0.00157; shift_robust=no; band_gap_retention=0.91; freq_robust=no
2026-09-27T17:49:20+00:00,7ca77f1,A,A-sphere7-ring6-hfss,hfss-v1-masked,binary:Normal|AD(Mild+Moderate+Severe),M3,M3.A: <1-|S_ii|^2>_B,1,none-fisher,very_noisy,none (noisy realisations of 1 sim/stage),Normal:1|AD:3,2000,,,,0.7751394396919793,0.1938139867662449,,,weakest=Normal|AD; J_eff_min=0.691; gap/port_min=3.58; gap/mesh=pending; bayes_err_max=0.267; shift_robust=no; band_gap_retention=0.36; freq_robust=no; affine copy of M2.R (identical separability)
2026-09-27T17:49:20+00:00,7ca77f1,A,A-sphere7-ring6-hfss,hfss-v1-masked,binary:Normal|AD(Mild+Moderate+Severe),M3,M3.ML_of_powavg: -10log10<A>_B (dB),1,none-fisher,very_noisy,none (noisy realisations of 1 sim/stage),Normal:1|AD:3,2000,,,,0.7744350350800676,0.1936090919487956,,,weakest=Normal|AD; J_eff_min=0.695; gap/port_min=3.67; gap/mesh=pending; bayes_err_max=0.267; shift_robust=no; band_gap_retention=0.35; freq_robust=no
2026-09-27T17:49:20+00:00,7ca77f1,A,A-sphere7-ring6-hfss,hfss-v1-masked,binary:Normal|AD(Mild+Moderate+Severe),M3,M3.ML_dBavg: <-10log10 A>_B (dB-averaged ML),1,none-fisher,very_noisy,none (noisy realisations of 1 sim/stage),Normal:1|AD:3,2000,,,,0.44716576166529415,0.11206141652513397,,,weakest=Normal|AD; J_eff_min=0.447; gap/port_min=39.1; gap/mesh=pending; bayes_err_max=0.318; shift_robust=no; band_gap_retention=0.76; freq_robust=no; dB averaging; comparison only
2026-09-27T17:49:20+00:00,7ca77f1,A,A-sphere7-ring6-hfss,hfss-v1-masked,binary:Normal|AD(Mild+Moderate+Severe),M4,M4.N: <1-Σ_j|S_ji|^2>_B (absorbed+radiated+loss),1,none-fisher,very_noisy,none (noisy realisations of 1 sim/stage),Normal:1|AD:3,2000,,,,0.7826328858082741,0.1956892772949714,,,weakest=Normal|AD; J_eff_min=0.698; gap/port_min=3.59; gap/mesh=pending; bayes_err_max=0.266; shift_robust=no; band_gap_retention=0.36; freq_robust=no
2026-09-27T17:49:20+00:00,7ca77f1,A,A-sphere7-ring6-hfss,hfss-v1-masked,binary:Normal|AD(Mild+Moderate+Severe),M4,M4.N[k3]: <N> over k3 window,1,none-fisher,very_noisy,none (noisy realisations of 1 sim/stage),Normal:1|AD:3,2000,,,,13.55059064126753,3.646215776522084,,,weakest=Normal|AD; J_eff_min=6.87; gap/port_min=5.28; gap/mesh=pending; bayes_err_max=0.00155; shift_robust=no; band_gap_retention=0.91; freq_robust=no
2026-09-27T17:49:20+00:00,7ca77f1,A,A-sphere7-ring6-hfss,hfss-v1-masked,binary:Normal|AD(Mild+Moderate+Severe),M5,M5.C: <Σ_(j≠i)|S_ji|^2> (full),1,none-fisher,very_noisy,none (noisy realisations of 1 sim/stage),Normal:1|AD:3,2000,,,,2.2363529310619428,0.9150293243196905,,,weakest=Normal|AD; J_eff_min=1.15; gap/port_min=2.17; gap/mesh=pending; bayes_err_max=0.0836; shift_robust=yes; band_gap_retention=1.11; freq_robust=no
2026-09-27T17:49:20+00:00,7ca77f1,A,A-sphere7-ring6-hfss,hfss-v1-masked,binary:Normal|AD(Mild+Moderate+Severe),M5,"M5.C1: <|S_(i±1,i)|^2> (full)",1,none-fisher,very_noisy,none (noisy realisations of 1 sim/stage),Normal:1|AD:3,2000,,,,1.8475857378255123,0.8395982755212491,,,weakest=Normal|AD; J_eff_min=0.976; gap/port_min=2.03; gap/mesh=pending; bayes_err_max=0.0951; shift_robust=yes; band_gap_retention=1.11; freq_robust=no
2026-09-27T17:49:20+00:00,7ca77f1,A,A-sphere7-ring6-hfss,hfss-v1-masked,binary:Normal|AD(Mild+Moderate+Severe),M5,"M5.C2: <|S_(i±2,i)|^2> (full)",1,none-fisher,very_noisy,none (noisy realisations of 1 sim/stage),Normal:1|AD:3,2000,,,,1.327774601664775,0.36509898135248114,,,weakest=Normal|AD; J_eff_min=1.07; gap/port_min=3.29; gap/mesh=pending; bayes_err_max=0.198; shift_robust=yes; band_gap_retention=1.03; freq_robust=no
2026-09-27T17:49:20+00:00,7ca77f1,A,A-sphere7-ring6-hfss,hfss-v1-masked,binary:Normal|AD(Mild+Moderate+Severe),M5,"M5.C3: <|S_(i±3,i)|^2> (full)",1,none-fisher,very_noisy,none (noisy realisations of 1 sim/stage),Normal:1|AD:3,2000,,,,16.126856602483002,4.0334515562447235,,,weakest=Normal|AD; J_eff_min=7.46; gap/port_min=5.27; gap/mesh=pending; bayes_err_max=0.00224; shift_robust=yes; band_gap_retention=1.11; freq_robust=no
2026-09-27T17:49:20+00:00,7ca77f1,A,A-sphere7-ring6-hfss,hfss-v1-masked,binary:Normal|AD(Mild+Moderate+Severe),M5,M5.C[k3]: <Σ_(j≠i)|S_ji|^2> (k3),1,none-fisher,very_noisy,none (noisy realisations of 1 sim/stage),Normal:1|AD:3,2000,,,,2.244211587164765,0.8159625620628448,,,weakest=Normal|AD; J_eff_min=0.623; gap/port_min=1.31; gap/mesh=pending; bayes_err_max=0.0981; shift_robust=no; band_gap_retention=0.72; freq_robust=no
2026-09-27T17:49:20+00:00,7ca77f1,A,A-sphere7-ring6-hfss,hfss-v1-masked,binary:Normal|AD(Mild+Moderate+Severe),M5,"M5.C1[k3]: <|S_(i±1,i)|^2> (k3)",1,none-fisher,very_noisy,none (noisy realisations of 1 sim/stage),Normal:1|AD:3,2000,,,,1.6165537905437743,0.6836102190850072,,,weakest=Normal|AD; J_eff_min=0.479; gap/port_min=1.17; gap/mesh=pending; bayes_err_max=0.123; shift_robust=no; band_gap_retention=0.68; freq_robust=no
2026-09-27T17:49:20+00:00,7ca77f1,A,A-sphere7-ring6-hfss,hfss-v1-masked,binary:Normal|AD(Mild+Moderate+Severe),M5,"M5.C2[k3]: <|S_(i±2,i)|^2> (k3)",1,none-fisher,very_noisy,none (noisy realisations of 1 sim/stage),Normal:1|AD:3,2000,,,,1.0041474116557432,0.33199644548955043,,,weakest=Normal|AD; J_eff_min=0.814; gap/port_min=2.93; gap/mesh=pending; bayes_err_max=0.215; shift_robust=yes; band_gap_retention=0.82; freq_robust=yes
2026-09-27T17:49:20+00:00,7ca77f1,A,A-sphere7-ring6-hfss,hfss-v1-masked,binary:Normal|AD(Mild+Moderate+Severe),M5,"M5.C3[k3]: <|S_(i±3,i)|^2> (k3)",1,none-fisher,very_noisy,none (noisy realisations of 1 sim/stage),Normal:1|AD:3,2000,,,,22.249376162621378,5.575531235794432,,,weakest=Normal|AD; J_eff_min=10.2; gap/port_min=6.13; gap/mesh=pending; bayes_err_max=0.000391; shift_robust=yes; band_gap_retention=0.94; freq_robust=yes
2026-09-27T17:49:20+00:00,7ca77f1,A,A-sphere7-ring6-hfss,hfss-v1-masked,binary:Normal|AD(Mild+Moderate+Severe),M5,"M5.C3_dBavg[k3]: mean over k3 window of 10log10|S_(i+3,i)|^2",1,none-fisher,very_noisy,none (noisy realisations of 1 sim/stage),Normal:1|AD:3,2000,,,,20.210408776967576,5.055592654396413,,,weakest=Normal|AD; J_eff_min=4.67; gap/port_min=3.49; gap/mesh=pending; bayes_err_max=0.000726; shift_robust=yes; band_gap_retention=0.91; freq_robust=yes; dB averaging; comparison only
2026-09-27T17:49:20+00:00,7ca77f1,A,A-sphere7-ring6-hfss,hfss-v1-masked,binary:Normal|AD(Mild+Moderate+Severe),M6,M6.fc_A: power-weighted centroid of A(f) [GHz],1,none-fisher,very_noisy,none (noisy realisations of 1 sim/stage),Normal:1|AD:3,2000,,,,0.30889678418823263,0.07783535615435228,,,weakest=Normal|AD; J_eff_min=0.249; gap/port_min=1.6; gap/mesh=pending; bayes_err_max=0.347; shift_robust=no; band_gap_retention=0.84; freq_robust=no
2026-09-27T17:49:20+00:00,7ca77f1,A,A-sphere7-ring6-hfss,hfss-v1-masked,binary:Normal|AD(Mild+Moderate+Severe),M6,M6.spread_A: spectral spread of A(f) [MHz],1,none-fisher,very_noisy,none (noisy realisations of 1 sim/stage),Normal:1|AD:3,2000,,,,0.7939943580219754,0.19913871333650843,,,weakest=Normal|AD; J_eff_min=0.785; gap/port_min=11.8; gap/mesh=pending; bayes_err_max=0.264; shift_robust=yes; band_gap_retention=0.62; freq_robust=no
2026-09-27T17:49:20+00:00,7ca77f1,A,A-sphere7-ring6-hfss,hfss-v1-masked,binary:Normal|AD(Mild+Moderate+Severe),M6,M6.fc_N: power-weighted centroid of N(f) [GHz],1,none-fisher,very_noisy,none (noisy realisations of 1 sim/stage),Normal:1|AD:3,2000,,,,0.3094211966782702,0.07796319249668877,,,weakest=Normal|AD; J_eff_min=0.249; gap/port_min=1.6; gap/mesh=pending; bayes_err_max=0.347; shift_robust=no; band_gap_retention=0.84; freq_robust=no
2026-09-27T17:49:20+00:00,7ca77f1,A,A-sphere7-ring6-hfss,hfss-v1-masked,binary:Normal|AD(Mild+Moderate+Severe),M6,M6.spread_N: spectral spread of N(f) [MHz],1,none-fisher,very_noisy,none (noisy realisations of 1 sim/stage),Normal:1|AD:3,2000,,,,0.7922782279716154,0.19871322899267296,,,weakest=Normal|AD; J_eff_min=0.783; gap/port_min=11.8; gap/mesh=pending; bayes_err_max=0.264; shift_robust=yes; band_gap_retention=0.62; freq_robust=no
2026-09-27T17:49:21+00:00,7ca77f1,A,A-sphere7-ring6-hfss,hfss-v1-masked,binary:Normal|AD(Mild+Moderate+Severe),M6,M6.A[3.20]: <A> in 50 MHz sub-band from 3.20 GHz,1,none-fisher,very_noisy,none (noisy realisations of 1 sim/stage),Normal:1|AD:3,2000,,,,1.2443319864876021,0.311158584372756,,,weakest=Normal|AD; J_eff_min=1.21; gap/port_min=9.49; gap/mesh=pending; bayes_err_max=0.215; shift_robust=no; band_gap_retention=1.00; freq_robust=no
2026-09-27T17:49:21+00:00,7ca77f1,A,A-sphere7-ring6-hfss,hfss-v1-masked,binary:Normal|AD(Mild+Moderate+Severe),M6,M6.N[3.20]: <N> in 50 MHz sub-band from 3.20 GHz,1,none-fisher,very_noisy,none (noisy realisations of 1 sim/stage),Normal:1|AD:3,2000,,,,1.2437649238034685,0.31101663374280325,,,weakest=Normal|AD; J_eff_min=1.21; gap/port_min=9.49; gap/mesh=pending; bayes_err_max=0.215; shift_robust=no; band_gap_retention=1.00; freq_robust=no
2026-09-27T17:49:21+00:00,7ca77f1,A,A-sphere7-ring6-hfss,hfss-v1-masked,binary:Normal|AD(Mild+Moderate+Severe),M6,M6.A[3.25]: <A> in 50 MHz sub-band from 3.25 GHz,1,none-fisher,very_noisy,none (noisy realisations of 1 sim/stage),Normal:1|AD:3,2000,,,,1.8601942033447145,0.46580612264209625,,,weakest=Normal|AD; J_eff_min=1.71; gap/port_min=6.51; gap/mesh=pending; bayes_err_max=0.167; shift_robust=no; band_gap_retention=0.97; freq_robust=no
2026-09-27T17:49:21+00:00,7ca77f1,A,A-sphere7-ring6-hfss,hfss-v1-masked,binary:Normal|AD(Mild+Moderate+Severe),M6,M6.N[3.25]: <N> in 50 MHz sub-band from 3.25 GHz,1,none-fisher,very_noisy,none (noisy realisations of 1 sim/stage),Normal:1|AD:3,2000,,,,1.8586778684260115,0.4654268973913215,,,weakest=Normal|AD; J_eff_min=1.71; gap/port_min=6.51; gap/mesh=pending; bayes_err_max=0.167; shift_robust=no; band_gap_retention=0.97; freq_robust=no
2026-09-27T17:49:21+00:00,7ca77f1,A,A-sphere7-ring6-hfss,hfss-v1-masked,binary:Normal|AD(Mild+Moderate+Severe),M6,M6.A[3.30]: <A> in 50 MHz sub-band from 3.30 GHz,1,none-fisher,very_noisy,none (noisy realisations of 1 sim/stage),Normal:1|AD:3,2000,,,,1.0314626108625178,0.25986408499397906,,,weakest=Normal|AD; J_eff_min=0.793; gap/port_min=2.62; gap/mesh=pending; bayes_err_max=0.236; shift_robust=no; band_gap_retention=0.82; freq_robust=no
2026-09-27T17:49:21+00:00,7ca77f1,A,A-sphere7-ring6-hfss,hfss-v1-masked,binary:Normal|AD(Mild+Moderate+Severe),M6,M6.N[3.30]: <N> in 50 MHz sub-band from 3.30 GHz,1,none-fisher,very_noisy,none (noisy realisations of 1 sim/stage),Normal:1|AD:3,2000,,,,1.0300119979026896,0.25949448418229315,,,weakest=Normal|AD; J_eff_min=0.792; gap/port_min=2.62; gap/mesh=pending; bayes_err_max=0.236; shift_robust=no; band_gap_retention=0.82; freq_robust=no
2026-09-27T17:49:21+00:00,7ca77f1,A,A-sphere7-ring6-hfss,hfss-v1-masked,binary:Normal|AD(Mild+Moderate+Severe),M6,M6.A[3.35]: <A> in 50 MHz sub-band from 3.35 GHz,1,none-fisher,very_noisy,none (noisy realisations of 1 sim/stage),Normal:1|AD:3,2000,,,,1.6742020654502097,0.5172982219568444,,,weakest=Normal|AD; J_eff_min=1.22; gap/port_min=3; gap/mesh=pending; bayes_err_max=0.157; shift_robust=no; band_gap_retention=0.80; freq_robust=no
2026-09-27T17:49:21+00:00,7ca77f1,A,A-sphere7-ring6-hfss,hfss-v1-masked,binary:Normal|AD(Mild+Moderate+Severe),M6,M6.N[3.35]: <N> in 50 MHz sub-band from 3.35 GHz,1,none-fisher,very_noisy,none (noisy realisations of 1 sim/stage),Normal:1|AD:3,2000,,,,1.6750448639508142,0.51726578899683,,,weakest=Normal|AD; J_eff_min=1.22; gap/port_min=3; gap/mesh=pending; bayes_err_max=0.157; shift_robust=no; band_gap_retention=0.80; freq_robust=no
2026-09-27T17:49:21+00:00,7ca77f1,A,A-sphere7-ring6-hfss,hfss-v1-masked,binary:Normal|AD(Mild+Moderate+Severe),M6,M6.A[3.40]: <A> in 50 MHz sub-band from 3.40 GHz,1,none-fisher,very_noisy,none (noisy realisations of 1 sim/stage),Normal:1|AD:3,2000,,,,12.83670020494348,3.486102208242335,,,weakest=Normal|AD; J_eff_min=8.27; gap/port_min=6.82; gap/mesh=pending; bayes_err_max=0.00184; shift_robust=yes; band_gap_retention=0.98; freq_robust=yes
2026-09-27T17:49:21+00:00,7ca77f1,A,A-sphere7-ring6-hfss,hfss-v1-masked,binary:Normal|AD(Mild+Moderate+Severe),M6,M6.N[3.40]: <N> in 50 MHz sub-band from 3.40 GHz,1,none-fisher,very_noisy,none (noisy realisations of 1 sim/stage),Normal:1|AD:3,2000,,,,12.859479521976452,3.4911888078782276,,,weakest=Normal|AD; J_eff_min=8.27; gap/port_min=6.81; gap/mesh=pending; bayes_err_max=0.00183; shift_robust=yes; band_gap_retention=0.98; freq_robust=yes
2026-09-27T17:49:21+00:00,7ca77f1,A,A-sphere7-ring6-hfss,hfss-v1-masked,binary:Normal|AD(Mild+Moderate+Severe),M6,M6.A[3.45]: <A> in 50 MHz sub-band from 3.45 GHz,1,none-fisher,very_noisy,none (noisy realisations of 1 sim/stage),Normal:1|AD:3,2000,,,,12.571932236444757,3.2008847081523824,,,weakest=Normal|AD; J_eff_min=5.31; gap/port_min=4.29; gap/mesh=pending; bayes_err_max=0.0048; shift_robust=no; band_gap_retention=0.95; freq_robust=no
2026-09-27T17:49:21+00:00,7ca77f1,A,A-sphere7-ring6-hfss,hfss-v1-masked,binary:Normal|AD(Mild+Moderate+Severe),M6,M6.N[3.45]: <N> in 50 MHz sub-band from 3.45 GHz,1,none-fisher,very_noisy,none (noisy realisations of 1 sim/stage),Normal:1|AD:3,2000,,,,12.597635010472018,3.206675282161184,,,weakest=Normal|AD; J_eff_min=5.31; gap/port_min=4.28; gap/mesh=pending; bayes_err_max=0.00478; shift_robust=no; band_gap_retention=0.95; freq_robust=no
2026-09-27T17:49:21+00:00,7ca77f1,A,A-sphere7-ring6-hfss,hfss-v1-masked,binary:Normal|AD(Mild+Moderate+Severe),M6,M6.A[3.50]: <A> in 50 MHz sub-band from 3.50 GHz,1,none-fisher,very_noisy,none (noisy realisations of 1 sim/stage),Normal:1|AD:3,2000,,,,5.673486039443055,1.4280022271894919,,,weakest=Normal|AD; J_eff_min=2.38; gap/port_min=2.86; gap/mesh=pending; bayes_err_max=0.045; shift_robust=no; band_gap_retention=0.97; freq_robust=no
2026-09-27T17:49:21+00:00,7ca77f1,A,A-sphere7-ring6-hfss,hfss-v1-masked,binary:Normal|AD(Mild+Moderate+Severe),M6,M6.N[3.50]: <N> in 50 MHz sub-band from 3.50 GHz,1,none-fisher,very_noisy,none (noisy realisations of 1 sim/stage),Normal:1|AD:3,2000,,,,5.652016715613702,1.4223355240683224,,,weakest=Normal|AD; J_eff_min=2.36; gap/port_min=2.85; gap/mesh=pending; bayes_err_max=0.0454; shift_robust=no; band_gap_retention=0.96; freq_robust=no
2026-09-27T17:49:21+00:00,7ca77f1,A,A-sphere7-ring6-hfss,hfss-v1-masked,binary:Normal|AD(Mild+Moderate+Severe),M6,M6.A[3.55]: <A> in 50 MHz sub-band from 3.55 GHz,1,none-fisher,very_noisy,none (noisy realisations of 1 sim/stage),Normal:1|AD:3,2000,,,,9.697923601056889,2.4459965750276504,,,weakest=Normal|AD; J_eff_min=1.27; gap/port_min=1.71; gap/mesh=pending; bayes_err_max=0.0129; shift_robust=no; band_gap_retention=0.96; freq_robust=no
2026-09-27T17:49:21+00:00,7ca77f1,A,A-sphere7-ring6-hfss,hfss-v1-masked,binary:Normal|AD(Mild+Moderate+Severe),M6,M6.N[3.55]: <N> in 50 MHz sub-band from 3.55 GHz,1,none-fisher,very_noisy,none (noisy realisations of 1 sim/stage),Normal:1|AD:3,2000,,,,9.601142847410769,2.420913501866033,,,weakest=Normal|AD; J_eff_min=1.26; gap/port_min=1.7; gap/mesh=pending; bayes_err_max=0.0133; shift_robust=no; band_gap_retention=0.96; freq_robust=no
2026-09-27T17:49:21+00:00,7ca77f1,A,A-sphere7-ring6-hfss,hfss-v1-masked,binary:Normal|AD(Mild+Moderate+Severe),M6,M6.A[3.60]: <A> in 50 MHz sub-band from 3.60 GHz,1,none-fisher,very_noisy,none (noisy realisations of 1 sim/stage),Normal:1|AD:3,2000,,,,0.03232035257236928,0.0638263734286291,,,weakest=Normal|AD; J_eff_min=0.0093; gap/port_min=0.162; gap/mesh=pending; bayes_err_max=0.378; shift_robust=no; band_gap_retention=-11.66; freq_robust=no
2026-09-27T17:49:21+00:00,7ca77f1,A,A-sphere7-ring6-hfss,hfss-v1-masked,binary:Normal|AD(Mild+Moderate+Severe),M6,M6.N[3.60]: <N> in 50 MHz sub-band from 3.60 GHz,1,none-fisher,very_noisy,none (noisy realisations of 1 sim/stage),Normal:1|AD:3,2000,,,,0.083777491126214,0.07711583093875903,,,weakest=Normal|AD; J_eff_min=0.0245; gap/port_min=0.263; gap/mesh=pending; bayes_err_max=0.365; shift_robust=no; band_gap_retention=-6.80; freq_robust=no
2026-09-27T17:49:21+00:00,7ca77f1,A,A-sphere7-ring6-hfss,hfss-v1-masked,binary:Normal|AD(Mild+Moderate+Severe),M6,M6.A[3.65]: <A> in 50 MHz sub-band from 3.65 GHz,1,none-fisher,very_noisy,none (noisy realisations of 1 sim/stage),Normal:1|AD:3,2000,,,,2.8763662926751405,0.7995254898301221,,,weakest=Normal|AD; J_eff_min=0.672; gap/port_min=1.32; gap/mesh=pending; bayes_err_max=0.101; shift_robust=no; band_gap_retention=0.98; freq_robust=no
2026-09-27T17:49:21+00:00,7ca77f1,A,A-sphere7-ring6-hfss,hfss-v1-masked,binary:Normal|AD(Mild+Moderate+Severe),M6,M6.N[3.65]: <N> in 50 MHz sub-band from 3.65 GHz,1,none-fisher,very_noisy,none (noisy realisations of 1 sim/stage),Normal:1|AD:3,2000,,,,2.879506482189013,0.8011589365703333,,,weakest=Normal|AD; J_eff_min=0.677; gap/port_min=1.33; gap/mesh=pending; bayes_err_max=0.1; shift_robust=no; band_gap_retention=0.98; freq_robust=no
2026-09-27T17:49:21+00:00,7ca77f1,A,A-sphere7-ring6-hfss,hfss-v1-masked,binary:Normal|AD(Mild+Moderate+Severe),M6,M6.A[3.70]: <A> in 50 MHz sub-band from 3.70 GHz,1,none-fisher,very_noisy,none (noisy realisations of 1 sim/stage),Normal:1|AD:3,2000,,,,0.026939254490495813,0.08664219401733003,,,weakest=Normal|AD; J_eff_min=0.00587; gap/port_min=0.123; gap/mesh=pending; bayes_err_max=0.358; shift_robust=no; band_gap_retention=0.12; freq_robust=no
2026-09-27T17:49:21+00:00,7ca77f1,A,A-sphere7-ring6-hfss,hfss-v1-masked,binary:Normal|AD(Mild+Moderate+Severe),M6,M6.N[3.70]: <N> in 50 MHz sub-band from 3.70 GHz,1,none-fisher,very_noisy,none (noisy realisations of 1 sim/stage),Normal:1|AD:3,2000,,,,0.02805173167742863,0.08730005200884883,,,weakest=Normal|AD; J_eff_min=0.00613; gap/port_min=0.125; gap/mesh=pending; bayes_err_max=0.357; shift_robust=no; band_gap_retention=0.14; freq_robust=no
2026-09-27T17:49:21+00:00,7ca77f1,A,A-sphere7-ring6-hfss,hfss-v1-masked,binary:Normal|AD(Mild+Moderate+Severe),M6,M6.A[3.75]: <A> in 50 MHz sub-band from 3.75 GHz,1,none-fisher,very_noisy,none (noisy realisations of 1 sim/stage),Normal:1|AD:3,2000,,,,0.3233564054027239,0.08322270894934773,,,weakest=Normal|AD; J_eff_min=0.0641; gap/port_min=0.4; gap/mesh=pending; bayes_err_max=0.343; shift_robust=no; band_gap_retention=0.31; freq_robust=no
2026-09-27T17:49:21+00:00,7ca77f1,A,A-sphere7-ring6-hfss,hfss-v1-masked,binary:Normal|AD(Mild+Moderate+Severe),M6,M6.N[3.75]: <N> in 50 MHz sub-band from 3.75 GHz,1,none-fisher,very_noisy,none (noisy realisations of 1 sim/stage),Normal:1|AD:3,2000,,,,0.3316679795235789,0.08534064749805874,,,weakest=Normal|AD; J_eff_min=0.0658; gap/port_min=0.405; gap/mesh=pending; bayes_err_max=0.341; shift_robust=no; band_gap_retention=0.32; freq_robust=no
2026-09-27T17:49:21+00:00,7ca77f1,A,A-sphere7-ring6-hfss,hfss-v1-masked,binary:Normal|AD(Mild+Moderate+Severe),M6,M6.A[3.80]: <A> in 50 MHz sub-band from 3.80 GHz,1,none-fisher,very_noisy,none (noisy realisations of 1 sim/stage),Normal:1|AD:3,2000,,,,1.815760845886719,0.45440239684574885,,,weakest=Normal|AD; J_eff_min=0.401; gap/port_min=1.01; gap/mesh=pending; bayes_err_max=0.17; shift_robust=no; band_gap_retention=0.97; freq_robust=no
2026-09-27T17:49:21+00:00,7ca77f1,A,A-sphere7-ring6-hfss,hfss-v1-masked,binary:Normal|AD(Mild+Moderate+Severe),M6,M6.N[3.80]: <N> in 50 MHz sub-band from 3.80 GHz,1,none-fisher,very_noisy,none (noisy realisations of 1 sim/stage),Normal:1|AD:3,2000,,,,1.8185781120575122,0.4551075710375823,,,weakest=Normal|AD; J_eff_min=0.401; gap/port_min=1.01; gap/mesh=pending; bayes_err_max=0.17; shift_robust=no; band_gap_retention=0.97; freq_robust=no
2026-09-27T17:49:21+00:00,7ca77f1,A,A-sphere7-ring6-hfss,hfss-v1-masked,binary:Normal|AD(Mild+Moderate+Severe),M6,M6.A[3.85]: <A> in 50 MHz sub-band from 3.85 GHz,1,none-fisher,very_noisy,none (noisy realisations of 1 sim/stage),Normal:1|AD:3,2000,,,,0.6101798429837054,0.15255418359793146,,,weakest=Normal|AD; J_eff_min=0.503; gap/port_min=2.39; gap/mesh=pending; bayes_err_max=0.29; shift_robust=no; band_gap_retention=0.98; freq_robust=no
2026-09-27T17:49:21+00:00,7ca77f1,A,A-sphere7-ring6-hfss,hfss-v1-masked,binary:Normal|AD(Mild+Moderate+Severe),M6,M6.N[3.85]: <N> in 50 MHz sub-band from 3.85 GHz,1,none-fisher,very_noisy,none (noisy realisations of 1 sim/stage),Normal:1|AD:3,2000,,,,0.6104325008286332,0.1526173990723768,,,weakest=Normal|AD; J_eff_min=0.503; gap/port_min=2.39; gap/mesh=pending; bayes_err_max=0.29; shift_robust=no; band_gap_retention=0.98; freq_robust=no
2026-09-27T17:49:21+00:00,7ca77f1,A,A-sphere7-ring6-hfss,hfss-v1-masked,binary:Normal|AD(Mild+Moderate+Severe),M6,M6.A[3.90]: <A> in 50 MHz sub-band from 3.90 GHz,1,none-fisher,very_noisy,none (noisy realisations of 1 sim/stage),Normal:1|AD:3,2000,,,,0.386069077748178,0.09659772770584465,,,weakest=Normal|AD; J_eff_min=0.373; gap/port_min=4.67; gap/mesh=pending; bayes_err_max=0.33; shift_robust=no; band_gap_retention=0.98; freq_robust=no
2026-09-27T17:49:21+00:00,7ca77f1,A,A-sphere7-ring6-hfss,hfss-v1-masked,binary:Normal|AD(Mild+Moderate+Severe),M6,M6.N[3.90]: <N> in 50 MHz sub-band from 3.90 GHz,1,none-fisher,very_noisy,none (noisy realisations of 1 sim/stage),Normal:1|AD:3,2000,,,,0.38612489044782733,0.09661179199484428,,,weakest=Normal|AD; J_eff_min=0.373; gap/port_min=4.67; gap/mesh=pending; bayes_err_max=0.33; shift_robust=no; band_gap_retention=0.98; freq_robust=no
2026-09-27T17:49:21+00:00,7ca77f1,A,A-sphere7-ring6-hfss,hfss-v1-masked,binary:Normal|AD(Mild+Moderate+Severe),M6,M6.A[3.95]: <A> in 50 MHz sub-band from 3.95 GHz,1,none-fisher,very_noisy,none (noisy realisations of 1 sim/stage),Normal:1|AD:3,2000,,,,0.17298244460965478,0.043259106580141905,,,weakest=Normal|AD; J_eff_min=0.171; gap/port_min=5.85; gap/mesh=pending; bayes_err_max=0.384; shift_robust=no; band_gap_retention=0.98; freq_robust=no
2026-09-27T17:49:21+00:00,7ca77f1,A,A-sphere7-ring6-hfss,hfss-v1-masked,binary:Normal|AD(Mild+Moderate+Severe),M6,M6.N[3.95]: <N> in 50 MHz sub-band from 3.95 GHz,1,none-fisher,very_noisy,none (noisy realisations of 1 sim/stage),Normal:1|AD:3,2000,,,,0.17299828724887453,0.04326303739229531,,,weakest=Normal|AD; J_eff_min=0.171; gap/port_min=5.85; gap/mesh=pending; bayes_err_max=0.384; shift_robust=no; band_gap_retention=0.98; freq_robust=no
2026-09-27T17:49:21+00:00,7ca77f1,A,A-sphere7-ring6-hfss,hfss-v1-masked,binary:Normal|AD(Mild+Moderate+Severe),M6,M6.A[4.00]: <A> in 50 MHz sub-band from 4.00 GHz,1,none-fisher,very_noisy,none (noisy realisations of 1 sim/stage),Normal:1|AD:3,2000,,,,0.09067503804111611,0.023099041953863843,,,weakest=Normal|AD; J_eff_min=0.0903; gap/port_min=6.29; gap/mesh=pending; bayes_err_max=0.415; shift_robust=no; band_gap_retention=0.97; freq_robust=no
2026-09-27T17:49:21+00:00,7ca77f1,A,A-sphere7-ring6-hfss,hfss-v1-masked,binary:Normal|AD(Mild+Moderate+Severe),M6,M6.N[4.00]: <N> in 50 MHz sub-band from 4.00 GHz,1,none-fisher,very_noisy,none (noisy realisations of 1 sim/stage),Normal:1|AD:3,2000,,,,0.0906798923205033,0.023100202743047204,,,weakest=Normal|AD; J_eff_min=0.0903; gap/port_min=6.29; gap/mesh=pending; bayes_err_max=0.415; shift_robust=no; band_gap_retention=0.97; freq_robust=no
2026-09-27T17:49:21+00:00,7ca77f1,A,A-sphere7-ring6-hfss,hfss-v1-masked,binary:Normal|AD(Mild+Moderate+Severe),M6,M6.A[4.05]: <A> in 50 MHz sub-band from 4.05 GHz,1,none-fisher,very_noisy,none (noisy realisations of 1 sim/stage),Normal:1|AD:3,2000,,,,0.03640937277662324,0.009369262512236702,,,weakest=Normal|AD; J_eff_min=0.0363; gap/port_min=5.35; gap/mesh=pending; bayes_err_max=0.446; shift_robust=no; band_gap_retention=0.97; freq_robust=no
2026-09-27T17:49:21+00:00,7ca77f1,A,A-sphere7-ring6-hfss,hfss-v1-masked,binary:Normal|AD(Mild+Moderate+Severe),M6,M6.N[4.05]: <N> in 50 MHz sub-band from 4.05 GHz,1,none-fisher,very_noisy,none (noisy realisations of 1 sim/stage),Normal:1|AD:3,2000,,,,0.03641108939183605,0.00936982861756144,,,weakest=Normal|AD; J_eff_min=0.0363; gap/port_min=5.35; gap/mesh=pending; bayes_err_max=0.446; shift_robust=no; band_gap_retention=0.97; freq_robust=no
2026-09-27T17:49:21+00:00,7ca77f1,A,A-sphere7-ring6-hfss,hfss-v1-masked,binary:Normal|AD(Mild+Moderate+Severe),M6,M6.A[4.10]: <A> in 50 MHz sub-band from 4.10 GHz,1,none-fisher,very_noisy,none (noisy realisations of 1 sim/stage),Normal:1|AD:3,2000,,,,0.015001583035248182,0.003944910611828821,,,weakest=Normal|AD; J_eff_min=0.015; gap/port_min=4.17; gap/mesh=pending; bayes_err_max=0.465; shift_robust=no; band_gap_retention=0.97; freq_robust=no
2026-09-27T17:49:21+00:00,7ca77f1,A,A-sphere7-ring6-hfss,hfss-v1-masked,binary:Normal|AD(Mild+Moderate+Severe),M6,M6.N[4.10]: <N> in 50 MHz sub-band from 4.10 GHz,1,none-fisher,very_noisy,none (noisy realisations of 1 sim/stage),Normal:1|AD:3,2000,,,,0.015002347091182266,0.003945120992022079,,,weakest=Normal|AD; J_eff_min=0.015; gap/port_min=4.17; gap/mesh=pending; bayes_err_max=0.465; shift_robust=no; band_gap_retention=0.97; freq_robust=no
2026-09-27T17:49:21+00:00,7ca77f1,A,A-sphere7-ring6-hfss,hfss-v1-masked,binary:Normal|AD(Mild+Moderate+Severe),M6,M6.A[4.15]: <A> in 50 MHz sub-band from 4.15 GHz,1,none-fisher,very_noisy,none (noisy realisations of 1 sim/stage),Normal:1|AD:3,2000,,,,0.012796707332679636,0.003201573692254579,,,weakest=Normal|AD; J_eff_min=0.0128; gap/port_min=4.56; gap/mesh=pending; bayes_err_max=0.468; shift_robust=no; band_gap_retention=0.98; freq_robust=no
2026-09-27T17:49:21+00:00,7ca77f1,A,A-sphere7-ring6-hfss,hfss-v1-masked,binary:Normal|AD(Mild+Moderate+Severe),M6,M6.N[4.15]: <N> in 50 MHz sub-band from 4.15 GHz,1,none-fisher,very_noisy,none (noisy realisations of 1 sim/stage),Normal:1|AD:3,2000,,,,0.012796244400222048,0.003201456694931508,,,weakest=Normal|AD; J_eff_min=0.0128; gap/port_min=4.56; gap/mesh=pending; bayes_err_max=0.468; shift_robust=no; band_gap_retention=0.98; freq_robust=no
2026-09-27T17:49:21+00:00,7ca77f1,A,A-sphere7-ring6-hfss,hfss-v1-masked,binary:Normal|AD(Mild+Moderate+Severe),M7,"M7.D: <Σ_j|S_ji - S_ref,ji|^2>_B, ref = circulant(Normal)",1,none-fisher,very_noisy,none (noisy realisations of 1 sim/stage),Normal:1|AD:3,2000,,,,0.9138438613202151,0.22970540204248335,,,weakest=Normal|AD; J_eff_min=0.835; gap/port_min=4.41; gap/mesh=pending; bayes_err_max=0.249; shift_robust=no; band_gap_retention=1.02; freq_robust=no
2026-09-27T17:49:21+00:00,7ca77f1,A,A-sphere7-ring6-hfss,hfss-v1-masked,binary:Normal|AD(Mild+Moderate+Severe),M7,"M7.D_pow: <Σ_j(|S_ji|^2 - |S_ref,ji|^2)^2>_B (phase-free)",1,none-fisher,very_noisy,none (noisy realisations of 1 sim/stage),Normal:1|AD:3,2000,,,,0.06665355332486168,0.017761974520329283,,,weakest=Normal|AD; J_eff_min=0.0665; gap/port_min=6.64; gap/mesh=pending; bayes_err_max=0.426; shift_robust=no; band_gap_retention=0.83; freq_robust=no
2026-09-27T17:49:21+00:00,7ca77f1,A,A-sphere7-ring6-hfss,hfss-v1-masked,binary:Normal|AD(Mild+Moderate+Severe),M7,"M7.D0: <|S_(i±0,i) - ref|^2>_B",1,none-fisher,very_noisy,none (noisy realisations of 1 sim/stage),Normal:1|AD:3,2000,,,,0.8985827992938176,0.2258654535211543,,,weakest=Normal|AD; J_eff_min=0.822; gap/port_min=4.38; gap/mesh=pending; bayes_err_max=0.251; shift_robust=no; band_gap_retention=1.02; freq_robust=no
2026-09-27T17:49:21+00:00,7ca77f1,A,A-sphere7-ring6-hfss,hfss-v1-masked,binary:Normal|AD(Mild+Moderate+Severe),M7,"M7.D1: <|S_(i±1,i) - ref|^2>_B",1,none-fisher,very_noisy,none (noisy realisations of 1 sim/stage),Normal:1|AD:3,2000,,,,13.789934649072462,3.567018358938478,,,weakest=Normal|AD; J_eff_min=1.53; gap/port_min=1.85; gap/mesh=pending; bayes_err_max=0.00256; shift_robust=no; band_gap_retention=1.09; freq_robust=no
2026-09-27T17:49:21+00:00,7ca77f1,A,A-sphere7-ring6-hfss,hfss-v1-masked,binary:Normal|AD(Mild+Moderate+Severe),M7,"M7.D2: <|S_(i±2,i) - ref|^2>_B",1,none-fisher,very_noisy,none (noisy realisations of 1 sim/stage),Normal:1|AD:3,2000,,,,0.5377219122690767,0.13623936244039025,,,weakest=Normal|AD; J_eff_min=0.503; gap/port_min=3.94; gap/mesh=pending; bayes_err_max=0.301; shift_robust=no; band_gap_retention=1.08; freq_robust=no
2026-09-27T17:49:21+00:00,7ca77f1,A,A-sphere7-ring6-hfss,hfss-v1-masked,binary:Normal|AD(Mild+Moderate+Severe),M7,"M7.D3: <|S_(i±3,i) - ref|^2>_B",1,none-fisher,very_noisy,none (noisy realisations of 1 sim/stage),Normal:1|AD:3,2000,,,,1.049175388392204,0.2722818941342862,,,weakest=Normal|AD; J_eff_min=0.964; gap/port_min=4.88; gap/mesh=pending; bayes_err_max=0.231; shift_robust=no; band_gap_retention=1.11; freq_robust=no
2026-09-27T17:49:21+00:00,7ca77f1,A,A-sphere7-ring6-hfss,hfss-v1-masked,binary:Normal|AD(Mild+Moderate+Severe),M7,"M7.D3[k3]: <|S_(i+3,i) - ref|^2> over k3 window",1,none-fisher,very_noisy,none (noisy realisations of 1 sim/stage),Normal:1|AD:3,2000,,,,2.1798634425053103,0.5949080572797717,,,weakest=Normal|AD; J_eff_min=1.94; gap/port_min=5.92; gap/mesh=pending; bayes_err_max=0.137; shift_robust=no; band_gap_retention=0.91; freq_robust=no
2026-09-27T17:49:21+00:00,7ca77f1,A,A-sphere7-ring6-hfss,hfss-v1-masked,binary:Normal|AD(Mild+Moderate+Severe),M8,M8.s1^2: <s_1(S)^2>_B (singular value),1,none-fisher,very_noisy,none (noisy realisations of 1 sim/stage),Normal:1|AD:3,2000,,,,0.24814439609979227,0.06213960122416191,,,weakest=Normal|AD; J_eff_min=nan; gap/port_min=nan; gap/mesh=pending; bayes_err_max=0.362; shift_robust=no; band_gap_retention=-0.19; freq_robust=no; matrix-level: no per-antenna port-noise estimate
2026-09-27T17:49:21+00:00,7ca77f1,A,A-sphere7-ring6-hfss,hfss-v1-masked,binary:Normal|AD(Mild+Moderate+Severe),M8,M8.s2^2: <s_2(S)^2>_B (singular value),1,none-fisher,very_noisy,none (noisy realisations of 1 sim/stage),Normal:1|AD:3,2000,,,,0.42009425216712154,0.10574054901430852,,,weakest=Normal|AD; J_eff_min=nan; gap/port_min=nan; gap/mesh=pending; bayes_err_max=0.323; shift_robust=no; band_gap_retention=0.21; freq_robust=no; matrix-level: no per-antenna port-noise estimate
2026-09-27T17:49:21+00:00,7ca77f1,A,A-sphere7-ring6-hfss,hfss-v1-masked,binary:Normal|AD(Mild+Moderate+Severe),M8,M8.s3^2: <s_3(S)^2>_B (singular value),1,none-fisher,very_noisy,none (noisy realisations of 1 sim/stage),Normal:1|AD:3,2000,,,,0.5491877904110489,0.13780231659075268,,,weakest=Normal|AD; J_eff_min=nan; gap/port_min=nan; gap/mesh=pending; bayes_err_max=0.3; shift_robust=no; band_gap_retention=0.48; freq_robust=no; matrix-level: no per-antenna port-noise estimate
2026-09-27T17:49:21+00:00,7ca77f1,A,A-sphere7-ring6-hfss,hfss-v1-masked,binary:Normal|AD(Mild+Moderate+Severe),M8,M8.s4^2: <s_4(S)^2>_B (singular value),1,none-fisher,very_noisy,none (noisy realisations of 1 sim/stage),Normal:1|AD:3,2000,,,,0.5610811396251674,0.14086368179175618,,,weakest=Normal|AD; J_eff_min=nan; gap/port_min=nan; gap/mesh=pending; bayes_err_max=0.298; shift_robust=no; band_gap_retention=0.19; freq_robust=no; matrix-level: no per-antenna port-noise estimate
2026-09-27T17:49:21+00:00,7ca77f1,A,A-sphere7-ring6-hfss,hfss-v1-masked,binary:Normal|AD(Mild+Moderate+Severe),M8,M8.s5^2: <s_5(S)^2>_B (singular value),1,none-fisher,very_noisy,none (noisy realisations of 1 sim/stage),Normal:1|AD:3,2000,,,,0.5828502370634325,0.1457423829988563,,,weakest=Normal|AD; J_eff_min=nan; gap/port_min=nan; gap/mesh=pending; bayes_err_max=0.295; shift_robust=no; band_gap_retention=0.56; freq_robust=no; matrix-level: no per-antenna port-noise estimate
2026-09-27T17:49:21+00:00,7ca77f1,A,A-sphere7-ring6-hfss,hfss-v1-masked,binary:Normal|AD(Mild+Moderate+Severe),M8,M8.s6^2: <s_6(S)^2>_B (singular value),1,none-fisher,very_noisy,none (noisy realisations of 1 sim/stage),Normal:1|AD:3,2000,,,,0.47677285488218124,0.11932287743011619,,,weakest=Normal|AD; J_eff_min=nan; gap/port_min=nan; gap/mesh=pending; bayes_err_max=0.313; shift_robust=no; band_gap_retention=0.48; freq_robust=no; matrix-level: no per-antenna port-noise estimate
2026-09-27T17:49:21+00:00,7ca77f1,A,A-sphere7-ring6-hfss,hfss-v1-masked,binary:Normal|AD(Mild+Moderate+Severe),M8,M8.lam0^2: <|λ_0|^2> circulant mode 0 (full),1,none-fisher,very_noisy,none (noisy realisations of 1 sim/stage),Normal:1|AD:3,2000,,,,0.8447420745164018,0.21120246443060767,,,weakest=Normal|AD; J_eff_min=0.744; gap/port_min=3.53; gap/mesh=pending; bayes_err_max=0.258; shift_robust=no; band_gap_retention=0.45; freq_robust=no
2026-09-27T17:49:21+00:00,7ca77f1,A,A-sphere7-ring6-hfss,hfss-v1-masked,binary:Normal|AD(Mild+Moderate+Severe),M8,M8.lam1^2: <|λ_1|^2> circulant mode 1 (full),1,none-fisher,very_noisy,none (noisy realisations of 1 sim/stage),Normal:1|AD:3,2000,,,,0.7316231100131814,0.18293145706953265,,,weakest=Normal|AD; J_eff_min=0.648; gap/port_min=3.36; gap/mesh=pending; bayes_err_max=0.273; shift_robust=no; band_gap_retention=0.37; freq_robust=no
2026-09-27T17:49:21+00:00,7ca77f1,A,A-sphere7-ring6-hfss,hfss-v1-masked,binary:Normal|AD(Mild+Moderate+Severe),M8,M8.lam2^2: <|λ_2|^2> circulant mode 2 (full),1,none-fisher,very_noisy,none (noisy realisations of 1 sim/stage),Normal:1|AD:3,2000,,,,0.7997813487816053,0.19997280554362767,,,weakest=Normal|AD; J_eff_min=0.717; gap/port_min=3.73; gap/mesh=pending; bayes_err_max=0.264; shift_robust=no; band_gap_retention=0.34; freq_robust=no
2026-09-27T17:49:21+00:00,7ca77f1,A,A-sphere7-ring6-hfss,hfss-v1-masked,binary:Normal|AD(Mild+Moderate+Severe),M8,M8.lam3^2: <|λ_3|^2> circulant mode 3 (full),1,none-fisher,very_noisy,none (noisy realisations of 1 sim/stage),Normal:1|AD:3,2000,,,,0.7814795402168647,0.19545137561356063,,,weakest=Normal|AD; J_eff_min=0.699; gap/port_min=3.63; gap/mesh=pending; bayes_err_max=0.266; shift_robust=no; band_gap_retention=0.29; freq_robust=no
2026-09-27T17:49:21+00:00,7ca77f1,A,A-sphere7-ring6-hfss,hfss-v1-masked,binary:Normal|AD(Mild+Moderate+Severe),M8,M8.lam0^2[k3]: <|λ_0|^2> circulant mode 0 (k3),1,none-fisher,very_noisy,none (noisy realisations of 1 sim/stage),Normal:1|AD:3,2000,,,,11.607479094348784,3.160772849477509,,,weakest=Normal|AD; J_eff_min=6.09; gap/port_min=5.07; gap/mesh=pending; bayes_err_max=0.00303; shift_robust=no; band_gap_retention=0.91; freq_robust=no
2026-09-27T17:49:21+00:00,7ca77f1,A,A-sphere7-ring6-hfss,hfss-v1-masked,binary:Normal|AD(Mild+Moderate+Severe),M8,M8.lam1^2[k3]: <|λ_1|^2> circulant mode 1 (k3),1,none-fisher,very_noisy,none (noisy realisations of 1 sim/stage),Normal:1|AD:3,2000,,,,12.769791597417885,3.45527134112795,,,weakest=Normal|AD; J_eff_min=6.64; gap/port_min=5.26; gap/mesh=pending; bayes_err_max=0.00199; shift_robust=no; band_gap_retention=0.91; freq_robust=no
2026-09-27T17:49:21+00:00,7ca77f1,A,A-sphere7-ring6-hfss,hfss-v1-masked,binary:Normal|AD(Mild+Moderate+Severe),M8,M8.lam2^2[k3]: <|λ_2|^2> circulant mode 2 (k3),1,none-fisher,very_noisy,none (noisy realisations of 1 sim/stage),Normal:1|AD:3,2000,,,,14.221185614435008,3.803420107512392,,,weakest=Normal|AD; J_eff_min=6.98; gap/port_min=5.24; gap/mesh=pending; bayes_err_max=0.00128; shift_robust=no; band_gap_retention=0.90; freq_robust=no
2026-09-27T17:49:21+00:00,7ca77f1,A,A-sphere7-ring6-hfss,hfss-v1-masked,binary:Normal|AD(Mild+Moderate+Severe),M8,M8.lam3^2[k3]: <|λ_3|^2> circulant mode 3 (k3),1,none-fisher,very_noisy,none (noisy realisations of 1 sim/stage),Normal:1|AD:3,2000,,,,15.654560972793705,4.167954511346747,,,weakest=Normal|AD; J_eff_min=7.65; gap/port_min=5.47; gap/mesh=pending; bayes_err_max=0.000769; shift_robust=no; band_gap_retention=0.91; freq_robust=no
2026-09-27T17:49:21+00:00,7ca77f1,A,A-sphere7-ring6-hfss,hfss-v1-masked,binary:Normal|AD(Mild+Moderate+Severe),M0,M0.old_score: mean_B Σ_{j≠i}|S_ii+S_ij|/VSWR_i,1,none-fisher,typical_jitter,none (noisy realisations of 1 sim/stage),Normal:1|AD:3,2000,,,,33.45738093071285,8.38656539542666,,,weakest=Normal|AD; J_eff_min=14.8; gap/port_min=7.3; gap/mesh=pending; bayes_err_max=1.75e-05; shift_robust=yes; band_gap_retention=0.76; freq_robust=no; baseline only; not a physical quantity
2026-09-27T17:49:21+00:00,7ca77f1,A,A-sphere7-ring6-hfss,hfss-v1-masked,binary:Normal|AD(Mild+Moderate+Severe),M1,M1.Sii_dBavg: mean_B 20log10|S_ii|,1,none-fisher,typical_jitter,none (noisy realisations of 1 sim/stage),Normal:1|AD:3,2000,,,,0.03892285438706606,0.027074474382345746,,,weakest=Normal|AD; J_eff_min=0.00268; gap/port_min=0.0759; gap/mesh=pending; bayes_err_max=0.419; shift_robust=no; band_gap_retention=1.54; freq_robust=no; dB averaging; shown for fragility
2026-09-27T17:49:21+00:00,7ca77f1,A,A-sphere7-ring6-hfss,hfss-v1-masked,binary:Normal|AD(Mild+Moderate+Severe),M2,M2.R: <|S_ii|^2>_B,1,none-fisher,typical_jitter,none (noisy realisations of 1 sim/stage),Normal:1|AD:3,2000,,,,8.624361153588994,2.1645320857943835,,,weakest=Normal|AD; J_eff_min=3.59; gap/port_min=3.5; gap/mesh=pending; bayes_err_max=0.0184; shift_robust=no; band_gap_retention=0.36; freq_robust=no
2026-09-27T17:49:21+00:00,7ca77f1,A,A-sphere7-ring6-hfss,hfss-v1-masked,binary:Normal|AD(Mild+Moderate+Severe),M2,M2.R[k3]: <|S_ii|^2> over k3 window,1,none-fisher,typical_jitter,none (noisy realisations of 1 sim/stage),Normal:1|AD:3,2000,,,,10.88459141664789,2.8293103881448154,,,weakest=Normal|AD; J_eff_min=6.03; gap/port_min=5.2; gap/mesh=pending; bayes_err_max=0.00662; shift_robust=no; band_gap_retention=0.91; freq_robust=no
2026-09-27T17:49:21+00:00,7ca77f1,A,A-sphere7-ring6-hfss,hfss-v1-masked,binary:Normal|AD(Mild+Moderate+Severe),M3,M3.A: <1-|S_ii|^2>_B,1,none-fisher,typical_jitter,none (noisy realisations of 1 sim/stage),Normal:1|AD:3,2000,,,,8.624361153589001,2.1645320857943853,,,weakest=Normal|AD; J_eff_min=3.59; gap/port_min=3.5; gap/mesh=pending; bayes_err_max=0.0184; shift_robust=no; band_gap_retention=0.36; freq_robust=no; affine copy of M2.R (identical separability)
2026-09-27T17:49:21+00:00,7ca77f1,A,A-sphere7-ring6-hfss,hfss-v1-masked,binary:Normal|AD(Mild+Moderate+Severe),M3,M3.ML_of_powavg: -10log10<A>_B (dB),1,none-fisher,typical_jitter,none (noisy realisations of 1 sim/stage),Normal:1|AD:3,2000,,,,8.638092304756901,2.167165108292629,,,weakest=Normal|AD; J_eff_min=3.61; gap/port_min=3.52; gap/mesh=pending; bayes_err_max=0.0184; shift_robust=no; band_gap_retention=0.35; freq_robust=no
2026-09-27T17:49:21+00:00,7ca77f1,A,A-sphere7-ring6-hfss,hfss-v1-masked,binary:Normal|AD(Mild+Moderate+Severe),M3,M3.ML_dBavg: <-10log10 A>_B (dB-averaged ML),1,none-fisher,typical_jitter,none (noisy realisations of 1 sim/stage),Normal:1|AD:3,2000,,,,0.7865424056001616,0.19776004079532677,,,weakest=Normal|AD; J_eff_min=0.776; gap/port_min=10.9; gap/mesh=pending; bayes_err_max=0.265; shift_robust=no; band_gap_retention=0.76; freq_robust=no; dB averaging; comparison only
2026-09-27T17:49:21+00:00,7ca77f1,A,A-sphere7-ring6-hfss,hfss-v1-masked,binary:Normal|AD(Mild+Moderate+Severe),M4,M4.N: <1-Σ_j|S_ji|^2>_B (absorbed+radiated+loss),1,none-fisher,typical_jitter,none (noisy realisations of 1 sim/stage),Normal:1|AD:3,2000,,,,8.681599428289775,2.179103526165369,,,weakest=Normal|AD; J_eff_min=3.61; gap/port_min=3.52; gap/mesh=pending; bayes_err_max=0.0181; shift_robust=no; band_gap_retention=0.36; freq_robust=no
2026-09-27T17:49:21+00:00,7ca77f1,A,A-sphere7-ring6-hfss,hfss-v1-masked,binary:Normal|AD(Mild+Moderate+Severe),M4,M4.N[k3]: <N> over k3 window,1,none-fisher,typical_jitter,none (noisy realisations of 1 sim/stage),Normal:1|AD:3,2000,,,,10.952001711417946,2.846100726314209,,,weakest=Normal|AD; J_eff_min=6.05; gap/port_min=5.19; gap/mesh=pending; bayes_err_max=0.00648; shift_robust=no; band_gap_retention=0.91; freq_robust=no
2026-09-27T17:49:21+00:00,7ca77f1,A,A-sphere7-ring6-hfss,hfss-v1-masked,binary:Normal|AD(Mild+Moderate+Severe),M5,M5.C: <Σ_(j≠i)|S_ji|^2> (full),1,none-fisher,typical_jitter,none (noisy realisations of 1 sim/stage),Normal:1|AD:3,2000,,,,2.5592996609608174,1.7604433454873556,,,weakest=Normal|AD; J_eff_min=1.21; gap/port_min=2.14; gap/mesh=pending; bayes_err_max=0.019; shift_robust=yes; band_gap_retention=1.11; freq_robust=no
2026-09-27T17:49:21+00:00,7ca77f1,A,A-sphere7-ring6-hfss,hfss-v1-masked,binary:Normal|AD(Mild+Moderate+Severe),M5,"M5.C1: <|S_(i±1,i)|^2> (full)",1,none-fisher,typical_jitter,none (noisy realisations of 1 sim/stage),Normal:1|AD:3,2000,,,,2.087036704288735,1.6618274670062783,,,weakest=Normal|AD; J_eff_min=1.02; gap/port_min=2; gap/mesh=pending; bayes_err_max=0.0227; shift_robust=yes; band_gap_retention=1.11; freq_robust=no
2026-09-27T17:49:21+00:00,7ca77f1,A,A-sphere7-ring6-hfss,hfss-v1-masked,binary:Normal|AD(Mild+Moderate+Severe),M5,"M5.C2: <|S_(i±2,i)|^2> (full)",1,none-fisher,typical_jitter,none (noisy realisations of 1 sim/stage),Normal:1|AD:3,2000,,,,3.6264193418533828,2.0630738039358953,,,weakest=Normal|AD; J_eff_min=2.09; gap/port_min=3.14; gap/mesh=pending; bayes_err_max=0.011; shift_robust=yes; band_gap_retention=1.03; freq_robust=no
2026-09-27T17:49:21+00:00,7ca77f1,A,A-sphere7-ring6-hfss,hfss-v1-masked,binary:Normal|AD(Mild+Moderate+Severe),M5,"M5.C3: <|S_(i±3,i)|^2> (full)",1,none-fisher,typical_jitter,none (noisy realisations of 1 sim/stage),Normal:1|AD:3,2000,,,,530.1614334518538,132.72725227086042,,,weakest=Normal|AD; J_eff_min=12.9; gap/port_min=5.15; gap/mesh=pending; bayes_err_max=1.3e-70; shift_robust=yes; band_gap_retention=1.11; freq_robust=no
2026-09-27T17:49:21+00:00,7ca77f1,A,A-sphere7-ring6-hfss,hfss-v1-masked,binary:Normal|AD(Mild+Moderate+Severe),M5,M5.C[k3]: <Σ_(j≠i)|S_ji|^2> (k3),1,none-fisher,typical_jitter,none (noisy realisations of 1 sim/stage),Normal:1|AD:3,2000,,,,1.91618743760779,0.5953072240918217,,,weakest=Normal|AD; J_eff_min=0.601; gap/port_min=1.32; gap/mesh=pending; bayes_err_max=0.138; shift_robust=no; band_gap_retention=0.72; freq_robust=no
2026-09-27T17:49:21+00:00,7ca77f1,A,A-sphere7-ring6-hfss,hfss-v1-masked,binary:Normal|AD(Mild+Moderate+Severe),M5,"M5.C1[k3]: <|S_(i±1,i)|^2> (k3)",1,none-fisher,typical_jitter,none (noisy realisations of 1 sim/stage),Normal:1|AD:3,2000,,,,1.399327417692521,0.4780510048934431,,,weakest=Normal|AD; J_eff_min=0.464; gap/port_min=1.18; gap/mesh=pending; bayes_err_max=0.169; shift_robust=no; band_gap_retention=0.68; freq_robust=no
2026-09-27T17:49:21+00:00,7ca77f1,A,A-sphere7-ring6-hfss,hfss-v1-masked,binary:Normal|AD(Mild+Moderate+Severe),M5,"M5.C2[k3]: <|S_(i±2,i)|^2> (k3)",1,none-fisher,typical_jitter,none (noisy realisations of 1 sim/stage),Normal:1|AD:3,2000,,,,2.1848346329247175,1.597385430967935,,,weakest=Normal|AD; J_eff_min=1.41; gap/port_min=2.81; gap/mesh=pending; bayes_err_max=0.0255; shift_robust=yes; band_gap_retention=0.82; freq_robust=yes
2026-09-27T17:49:21+00:00,7ca77f1,A,A-sphere7-ring6-hfss,hfss-v1-masked,binary:Normal|AD(Mild+Moderate+Severe),M5,"M5.C3[k3]: <|S_(i±3,i)|^2> (k3)",1,none-fisher,typical_jitter,none (noisy realisations of 1 sim/stage),Normal:1|AD:3,2000,,,,736.4795427486058,184.23067820819256,,,weakest=Normal|AD; J_eff_min=17.9; gap/port_min=6.05; gap/mesh=pending; bayes_err_max=3.05e-91; shift_robust=yes; band_gap_retention=0.94; freq_robust=yes
2026-09-27T17:49:21+00:00,7ca77f1,A,A-sphere7-ring6-hfss,hfss-v1-masked,binary:Normal|AD(Mild+Moderate+Severe),M5,"M5.C3_dBavg[k3]: mean over k3 window of 10log10|S_(i+3,i)|^2",1,none-fisher,typical_jitter,none (noisy realisations of 1 sim/stage),Normal:1|AD:3,2000,,,,440.60557667290453,110.49322766355537,,,weakest=Normal|AD; J_eff_min=12.1; gap/port_min=4.98; gap/mesh=pending; bayes_err_max=5.1e-66; shift_robust=yes; band_gap_retention=0.91; freq_robust=yes; dB averaging; comparison only
2026-09-27T17:49:21+00:00,7ca77f1,A,A-sphere7-ring6-hfss,hfss-v1-masked,binary:Normal|AD(Mild+Moderate+Severe),M6,M6.fc_A: power-weighted centroid of A(f) [GHz],1,none-fisher,typical_jitter,none (noisy realisations of 1 sim/stage),Normal:1|AD:3,2000,,,,0.532173702024654,0.1340903138333833,,,weakest=Normal|AD; J_eff_min=0.37; gap/port_min=1.56; gap/mesh=pending; bayes_err_max=0.303; shift_robust=no; band_gap_retention=0.84; freq_robust=no
2026-09-27T17:49:21+00:00,7ca77f1,A,A-sphere7-ring6-hfss,hfss-v1-masked,binary:Normal|AD(Mild+Moderate+Severe),M6,M6.spread_A: spectral spread of A(f) [MHz],1,none-fisher,typical_jitter,none (noisy realisations of 1 sim/stage),Normal:1|AD:3,2000,,,,12.202555639247914,3.052775728964784,,,weakest=Normal|AD; J_eff_min=10.1; gap/port_min=10.8; gap/mesh=pending; bayes_err_max=0.0067; shift_robust=yes; band_gap_retention=0.62; freq_robust=no
2026-09-27T17:49:21+00:00,7ca77f1,A,A-sphere7-ring6-hfss,hfss-v1-masked,binary:Normal|AD(Mild+Moderate+Severe),M6,M6.fc_N: power-weighted centroid of N(f) [GHz],1,none-fisher,typical_jitter,none (noisy realisations of 1 sim/stage),Normal:1|AD:3,2000,,,,0.533736924681115,0.13448274369120192,,,weakest=Normal|AD; J_eff_min=0.371; gap/port_min=1.56; gap/mesh=pending; bayes_err_max=0.302; shift_robust=no; band_gap_retention=0.84; freq_robust=no
2026-09-27T17:49:21+00:00,7ca77f1,A,A-sphere7-ring6-hfss,hfss-v1-masked,binary:Normal|AD(Mild+Moderate+Severe),M6,M6.spread_N: spectral spread of N(f) [MHz],1,none-fisher,typical_jitter,none (noisy realisations of 1 sim/stage),Normal:1|AD:3,2000,,,,12.191867624939025,3.0500357971697305,,,weakest=Normal|AD; J_eff_min=10.1; gap/port_min=10.8; gap/mesh=pending; bayes_err_max=0.00672; shift_robust=yes; band_gap_retention=0.62; freq_robust=no
2026-09-27T17:49:21+00:00,7ca77f1,A,A-sphere7-ring6-hfss,hfss-v1-masked,binary:Normal|AD(Mild+Moderate+Severe),M6,M6.A[3.20]: <A> in 50 MHz sub-band from 3.20 GHz,1,none-fisher,typical_jitter,none (noisy realisations of 1 sim/stage),Normal:1|AD:3,2000,,,,6.364858592388318,1.5923789988987438,,,weakest=Normal|AD; J_eff_min=5.55; gap/port_min=9.3; gap/mesh=pending; bayes_err_max=0.0371; shift_robust=no; band_gap_retention=1.00; freq_robust=no
2026-09-27T17:49:21+00:00,7ca77f1,A,A-sphere7-ring6-hfss,hfss-v1-masked,binary:Normal|AD(Mild+Moderate+Severe),M6,M6.N[3.20]: <N> in 50 MHz sub-band from 3.20 GHz,1,none-fisher,typical_jitter,none (noisy realisations of 1 sim/stage),Normal:1|AD:3,2000,,,,6.363582489482467,1.5920590199957352,,,weakest=Normal|AD; J_eff_min=5.55; gap/port_min=9.3; gap/mesh=pending; bayes_err_max=0.0371; shift_robust=no; band_gap_retention=1.00; freq_robust=no
2026-09-27T17:49:21+00:00,7ca77f1,A,A-sphere7-ring6-hfss,hfss-v1-masked,binary:Normal|AD(Mild+Moderate+Severe),M6,M6.A[3.25]: <A> in 50 MHz sub-band from 3.25 GHz,1,none-fisher,typical_jitter,none (noisy realisations of 1 sim/stage),Normal:1|AD:3,2000,,,,4.671384466181583,1.1684835856526417,,,weakest=Normal|AD; J_eff_min=3.79; gap/port_min=6.35; gap/mesh=pending; bayes_err_max=0.0631; shift_robust=no; band_gap_retention=0.97; freq_robust=no
2026-09-27T17:49:21+00:00,7ca77f1,A,A-sphere7-ring6-hfss,hfss-v1-masked,binary:Normal|AD(Mild+Moderate+Severe),M6,M6.N[3.25]: <N> in 50 MHz sub-band from 3.25 GHz,1,none-fisher,typical_jitter,none (noisy realisations of 1 sim/stage),Normal:1|AD:3,2000,,,,4.670478469072447,1.1682576154160693,,,weakest=Normal|AD; J_eff_min=3.79; gap/port_min=6.35; gap/mesh=pending; bayes_err_max=0.0632; shift_robust=no; band_gap_retention=0.97; freq_robust=no
2026-09-27T17:49:21+00:00,7ca77f1,A,A-sphere7-ring6-hfss,hfss-v1-masked,binary:Normal|AD(Mild+Moderate+Severe),M6,M6.A[3.30]: <A> in 50 MHz sub-band from 3.30 GHz,1,none-fisher,typical_jitter,none (noisy realisations of 1 sim/stage),Normal:1|AD:3,2000,,,,0.8255449460379242,0.20771926295306817,,,weakest=Normal|AD; J_eff_min=0.648; gap/port_min=2.45; gap/mesh=pending; bayes_err_max=0.26; shift_robust=no; band_gap_retention=0.82; freq_robust=no
2026-09-27T17:49:21+00:00,7ca77f1,A,A-sphere7-ring6-hfss,hfss-v1-masked,binary:Normal|AD(Mild+Moderate+Severe),M6,M6.N[3.30]: <N> in 50 MHz sub-band from 3.30 GHz,1,none-fisher,typical_jitter,none (noisy realisations of 1 sim/stage),Normal:1|AD:3,2000,,,,0.8252344099291948,0.20764503210034121,,,weakest=Normal|AD; J_eff_min=0.647; gap/port_min=2.45; gap/mesh=pending; bayes_err_max=0.26; shift_robust=no; band_gap_retention=0.82; freq_robust=no
2026-09-27T17:49:21+00:00,7ca77f1,A,A-sphere7-ring6-hfss,hfss-v1-masked,binary:Normal|AD(Mild+Moderate+Severe),M6,M6.A[3.35]: <A> in 50 MHz sub-band from 3.35 GHz,1,none-fisher,typical_jitter,none (noisy realisations of 1 sim/stage),Normal:1|AD:3,2000,,,,1.3009496446595308,0.34010131720410086,,,weakest=Normal|AD; J_eff_min=1.02; gap/port_min=3.04; gap/mesh=pending; bayes_err_max=0.206; shift_robust=no; band_gap_retention=0.80; freq_robust=no
2026-09-27T17:49:21+00:00,7ca77f1,A,A-sphere7-ring6-hfss,hfss-v1-masked,binary:Normal|AD(Mild+Moderate+Severe),M6,M6.N[3.35]: <N> in 50 MHz sub-band from 3.35 GHz,1,none-fisher,typical_jitter,none (noisy realisations of 1 sim/stage),Normal:1|AD:3,2000,,,,1.3028110138843187,0.34054850957835225,,,weakest=Normal|AD; J_eff_min=1.02; gap/port_min=3.04; gap/mesh=pending; bayes_err_max=0.206; shift_robust=no; band_gap_retention=0.80; freq_robust=no
2026-09-27T17:49:21+00:00,7ca77f1,A,A-sphere7-ring6-hfss,hfss-v1-masked,binary:Normal|AD(Mild+Moderate+Severe),M6,M6.A[3.40]: <A> in 50 MHz sub-band from 3.40 GHz,1,none-fisher,typical_jitter,none (noisy realisations of 1 sim/stage),Normal:1|AD:3,2000,,,,15.524094782057965,4.451472665282962,,,weakest=Normal|AD; J_eff_min=9.06; gap/port_min=6.6; gap/mesh=pending; bayes_err_max=0.000223; shift_robust=yes; band_gap_retention=0.98; freq_robust=yes
2026-09-27T17:49:21+00:00,7ca77f1,A,A-sphere7-ring6-hfss,hfss-v1-masked,binary:Normal|AD(Mild+Moderate+Severe),M6,M6.N[3.40]: <N> in 50 MHz sub-band from 3.40 GHz,1,none-fisher,typical_jitter,none (noisy realisations of 1 sim/stage),Normal:1|AD:3,2000,,,,15.568879007863924,4.46362278418362,,,weakest=Normal|AD; J_eff_min=9.07; gap/port_min=6.59; gap/mesh=pending; bayes_err_max=0.000219; shift_robust=yes; band_gap_retention=0.98; freq_robust=yes
2026-09-27T17:49:21+00:00,7ca77f1,A,A-sphere7-ring6-hfss,hfss-v1-masked,binary:Normal|AD(Mild+Moderate+Severe),M6,M6.A[3.45]: <A> in 50 MHz sub-band from 3.45 GHz,1,none-fisher,typical_jitter,none (noisy realisations of 1 sim/stage),Normal:1|AD:3,2000,,,,23.759642887964077,6.036238199451494,,,weakest=Normal|AD; J_eff_min=6.58; gap/port_min=4.27; gap/mesh=pending; bayes_err_max=0.000146; shift_robust=no; band_gap_retention=0.95; freq_robust=no
2026-09-27T17:49:21+00:00,7ca77f1,A,A-sphere7-ring6-hfss,hfss-v1-masked,binary:Normal|AD(Mild+Moderate+Severe),M6,M6.N[3.45]: <N> in 50 MHz sub-band from 3.45 GHz,1,none-fisher,typical_jitter,none (noisy realisations of 1 sim/stage),Normal:1|AD:3,2000,,,,23.82958197078484,6.051598715436203,,,weakest=Normal|AD; J_eff_min=6.57; gap/port_min=4.26; gap/mesh=pending; bayes_err_max=0.000145; shift_robust=no; band_gap_retention=0.95; freq_robust=no
2026-09-27T17:49:21+00:00,7ca77f1,A,A-sphere7-ring6-hfss,hfss-v1-masked,binary:Normal|AD(Mild+Moderate+Severe),M6,M6.A[3.50]: <A> in 50 MHz sub-band from 3.50 GHz,1,none-fisher,typical_jitter,none (noisy realisations of 1 sim/stage),Normal:1|AD:3,2000,,,,25.061919479076575,6.346981787952803,,,weakest=Normal|AD; J_eff_min=3.39; gap/port_min=2.8; gap/mesh=pending; bayes_err_max=0.000111; shift_robust=no; band_gap_retention=0.97; freq_robust=no
2026-09-27T17:49:21+00:00,7ca77f1,A,A-sphere7-ring6-hfss,hfss-v1-masked,binary:Normal|AD(Mild+Moderate+Severe),M6,M6.N[3.50]: <N> in 50 MHz sub-band from 3.50 GHz,1,none-fisher,typical_jitter,none (noisy realisations of 1 sim/stage),Normal:1|AD:3,2000,,,,25.438798907537993,6.440351308435827,,,weakest=Normal|AD; J_eff_min=3.38; gap/port_min=2.79; gap/mesh=pending; bayes_err_max=0.0001; shift_robust=no; band_gap_retention=0.96; freq_robust=no
2026-09-27T17:49:21+00:00,7ca77f1,A,A-sphere7-ring6-hfss,hfss-v1-masked,binary:Normal|AD(Mild+Moderate+Severe),M6,M6.A[3.55]: <A> in 50 MHz sub-band from 3.55 GHz,1,none-fisher,typical_jitter,none (noisy realisations of 1 sim/stage),Normal:1|AD:3,2000,,,,2.2518633746275567,0.5636931560547124,,,weakest=Normal|AD; J_eff_min=0.867; gap/port_min=1.68; gap/mesh=pending; bayes_err_max=0.144; shift_robust=no; band_gap_retention=0.96; freq_robust=no
2026-09-27T17:49:21+00:00,7ca77f1,A,A-sphere7-ring6-hfss,hfss-v1-masked,binary:Normal|AD(Mild+Moderate+Severe),M6,M6.N[3.55]: <N> in 50 MHz sub-band from 3.55 GHz,1,none-fisher,typical_jitter,none (noisy realisations of 1 sim/stage),Normal:1|AD:3,2000,,,,2.2340867831208153,0.5592191109295327,,,weakest=Normal|AD; J_eff_min=0.858; gap/port_min=1.67; gap/mesh=pending; bayes_err_max=0.145; shift_robust=no; band_gap_retention=0.96; freq_robust=no
2026-09-27T17:49:21+00:00,7ca77f1,A,A-sphere7-ring6-hfss,hfss-v1-masked,binary:Normal|AD(Mild+Moderate+Severe),M6,M6.A[3.60]: <A> in 50 MHz sub-band from 3.60 GHz,1,none-fisher,typical_jitter,none (noisy realisations of 1 sim/stage),Normal:1|AD:3,2000,,,,0.026687253258668196,0.008648893363200683,,,weakest=Normal|AD; J_eff_min=0.0131; gap/port_min=0.227; gap/mesh=pending; bayes_err_max=0.451; shift_robust=no; band_gap_retention=-11.66; freq_robust=no
2026-09-27T17:49:21+00:00,7ca77f1,A,A-sphere7-ring6-hfss,hfss-v1-masked,binary:Normal|AD(Mild+Moderate+Severe),M6,M6.N[3.60]: <N> in 50 MHz sub-band from 3.60 GHz,1,none-fisher,typical_jitter,none (noisy realisations of 1 sim/stage),Normal:1|AD:3,2000,,,,0.05446463621140252,0.015702217089912863,,,weakest=Normal|AD; J_eff_min=0.0269; gap/port_min=0.326; gap/mesh=pending; bayes_err_max=0.432; shift_robust=no; band_gap_retention=-6.80; freq_robust=no
2026-09-27T17:49:21+00:00,7ca77f1,A,A-sphere7-ring6-hfss,hfss-v1-masked,binary:Normal|AD(Mild+Moderate+Severe),M6,M6.A[3.65]: <A> in 50 MHz sub-band from 3.65 GHz,1,none-fisher,typical_jitter,none (noisy realisations of 1 sim/stage),Normal:1|AD:3,2000,,,,0.9513465899796689,0.2446882003634517,,,weakest=Normal|AD; J_eff_min=0.458; gap/port_min=1.33; gap/mesh=pending; bayes_err_max=0.243; shift_robust=no; band_gap_retention=0.98; freq_robust=no
2026-09-27T17:49:21+00:00,7ca77f1,A,A-sphere7-ring6-hfss,hfss-v1-masked,binary:Normal|AD(Mild+Moderate+Severe),M6,M6.N[3.65]: <N> in 50 MHz sub-band from 3.65 GHz,1,none-fisher,typical_jitter,none (noisy realisations of 1 sim/stage),Normal:1|AD:3,2000,,,,0.9625899561711683,0.2477490467951121,,,weakest=Normal|AD; J_eff_min=0.463; gap/port_min=1.33; gap/mesh=pending; bayes_err_max=0.242; shift_robust=no; band_gap_retention=0.98; freq_robust=no
2026-09-27T17:49:21+00:00,7ca77f1,A,A-sphere7-ring6-hfss,hfss-v1-masked,binary:Normal|AD(Mild+Moderate+Severe),M6,M6.A[3.70]: <A> in 50 MHz sub-band from 3.70 GHz,1,none-fisher,typical_jitter,none (noisy realisations of 1 sim/stage),Normal:1|AD:3,2000,,,,0.027717256560787423,0.16885079916222362,,,weakest=Normal|AD; J_eff_min=0.00449; gap/port_min=0.104; gap/mesh=pending; bayes_err_max=0.302; shift_robust=no; band_gap_retention=0.12; freq_robust=no
2026-09-27T17:49:21+00:00,7ca77f1,A,A-sphere7-ring6-hfss,hfss-v1-masked,binary:Normal|AD(Mild+Moderate+Severe),M6,M6.N[3.70]: <N> in 50 MHz sub-band from 3.70 GHz,1,none-fisher,typical_jitter,none (noisy realisations of 1 sim/stage),Normal:1|AD:3,2000,,,,0.028978393628623395,0.16869913807542558,,,weakest=Normal|AD; J_eff_min=0.00472; gap/port_min=0.106; gap/mesh=pending; bayes_err_max=0.302; shift_robust=no; band_gap_retention=0.14; freq_robust=no
2026-09-27T17:49:21+00:00,7ca77f1,A,A-sphere7-ring6-hfss,hfss-v1-masked,binary:Normal|AD(Mild+Moderate+Severe),M6,M6.A[3.75]: <A> in 50 MHz sub-band from 3.75 GHz,1,none-fisher,typical_jitter,none (noisy realisations of 1 sim/stage),Normal:1|AD:3,2000,,,,0.2653902517478272,0.0731490361731856,,,weakest=Normal|AD; J_eff_min=0.0685; gap/port_min=0.43; gap/mesh=pending; bayes_err_max=0.354; shift_robust=no; band_gap_retention=0.31; freq_robust=no
2026-09-27T17:49:21+00:00,7ca77f1,A,A-sphere7-ring6-hfss,hfss-v1-masked,binary:Normal|AD(Mild+Moderate+Severe),M6,M6.N[3.75]: <N> in 50 MHz sub-band from 3.75 GHz,1,none-fisher,typical_jitter,none (noisy realisations of 1 sim/stage),Normal:1|AD:3,2000,,,,0.2737862004946194,0.07515745325405357,,,weakest=Normal|AD; J_eff_min=0.0703; gap/port_min=0.435; gap/mesh=pending; bayes_err_max=0.352; shift_robust=no; band_gap_retention=0.32; freq_robust=no
2026-09-27T17:49:21+00:00,7ca77f1,A,A-sphere7-ring6-hfss,hfss-v1-masked,binary:Normal|AD(Mild+Moderate+Severe),M6,M6.A[3.80]: <A> in 50 MHz sub-band from 3.80 GHz,1,none-fisher,typical_jitter,none (noisy realisations of 1 sim/stage),Normal:1|AD:3,2000,,,,0.7016580855479752,0.1754170185355543,,,weakest=Normal|AD; J_eff_min=0.305; gap/port_min=1.04; gap/mesh=pending; bayes_err_max=0.277; shift_robust=no; band_gap_retention=0.97; freq_robust=no
2026-09-27T17:49:21+00:00,7ca77f1,A,A-sphere7-ring6-hfss,hfss-v1-masked,binary:Normal|AD(Mild+Moderate+Severe),M6,M6.N[3.80]: <N> in 50 MHz sub-band from 3.80 GHz,1,none-fisher,typical_jitter,none (noisy realisations of 1 sim/stage),Normal:1|AD:3,2000,,,,0.7033490920065253,0.1758399332269733,,,weakest=Normal|AD; J_eff_min=0.305; gap/port_min=1.04; gap/mesh=pending; bayes_err_max=0.277; shift_robust=no; band_gap_retention=0.97; freq_robust=no
2026-09-27T17:49:21+00:00,7ca77f1,A,A-sphere7-ring6-hfss,hfss-v1-masked,binary:Normal|AD(Mild+Moderate+Severe),M6,M6.A[3.85]: <A> in 50 MHz sub-band from 3.85 GHz,1,none-fisher,typical_jitter,none (noisy realisations of 1 sim/stage),Normal:1|AD:3,2000,,,,1.8644706188713198,0.46925530459421727,,,weakest=Normal|AD; J_eff_min=1.09; gap/port_min=2.29; gap/mesh=pending; bayes_err_max=0.166; shift_robust=no; band_gap_retention=0.98; freq_robust=no
2026-09-27T17:49:21+00:00,7ca77f1,A,A-sphere7-ring6-hfss,hfss-v1-masked,binary:Normal|AD(Mild+Moderate+Severe),M6,M6.N[3.85]: <N> in 50 MHz sub-band from 3.85 GHz,1,none-fisher,typical_jitter,none (noisy realisations of 1 sim/stage),Normal:1|AD:3,2000,,,,1.8656183852420105,0.469546480237887,,,weakest=Normal|AD; J_eff_min=1.09; gap/port_min=2.29; gap/mesh=pending; bayes_err_max=0.166; shift_robust=no; band_gap_retention=0.98; freq_robust=no
2026-09-27T17:49:21+00:00,7ca77f1,A,A-sphere7-ring6-hfss,hfss-v1-masked,binary:Normal|AD(Mild+Moderate+Severe),M6,M6.A[3.90]: <A> in 50 MHz sub-band from 3.90 GHz,1,none-fisher,typical_jitter,none (noisy realisations of 1 sim/stage),Normal:1|AD:3,2000,,,,2.647625500860855,0.666008962997421,,,weakest=Normal|AD; J_eff_min=2.04; gap/port_min=4.2; gap/mesh=pending; bayes_err_max=0.124; shift_robust=no; band_gap_retention=0.98; freq_robust=no
2026-09-27T17:49:21+00:00,7ca77f1,A,A-sphere7-ring6-hfss,hfss-v1-masked,binary:Normal|AD(Mild+Moderate+Severe),M6,M6.N[3.90]: <N> in 50 MHz sub-band from 3.90 GHz,1,none-fisher,typical_jitter,none (noisy realisations of 1 sim/stage),Normal:1|AD:3,2000,,,,2.6480919745842137,0.666127393290482,,,weakest=Normal|AD; J_eff_min=2.04; gap/port_min=4.2; gap/mesh=pending; bayes_err_max=0.124; shift_robust=no; band_gap_retention=0.98; freq_robust=no
2026-09-27T17:49:21+00:00,7ca77f1,A,A-sphere7-ring6-hfss,hfss-v1-masked,binary:Normal|AD(Mild+Moderate+Severe),M6,M6.A[3.95]: <A> in 50 MHz sub-band from 3.95 GHz,1,none-fisher,typical_jitter,none (noisy realisations of 1 sim/stage),Normal:1|AD:3,2000,,,,2.0861644354288127,0.5235722633583856,,,weakest=Normal|AD; J_eff_min=1.84; gap/port_min=5.61; gap/mesh=pending; bayes_err_max=0.153; shift_robust=no; band_gap_retention=0.98; freq_robust=no
2026-09-27T17:49:21+00:00,7ca77f1,A,A-sphere7-ring6-hfss,hfss-v1-masked,binary:Normal|AD(Mild+Moderate+Severe),M6,M6.N[3.95]: <N> in 50 MHz sub-band from 3.95 GHz,1,none-fisher,typical_jitter,none (noisy realisations of 1 sim/stage),Normal:1|AD:3,2000,,,,2.086330753185324,0.5236143957973878,,,weakest=Normal|AD; J_eff_min=1.84; gap/port_min=5.61; gap/mesh=pending; bayes_err_max=0.153; shift_robust=no; band_gap_retention=0.98; freq_robust=no
2026-09-27T17:49:21+00:00,7ca77f1,A,A-sphere7-ring6-hfss,hfss-v1-masked,binary:Normal|AD(Mild+Moderate+Severe),M6,M6.A[4.00]: <A> in 50 MHz sub-band from 4.00 GHz,1,none-fisher,typical_jitter,none (noisy realisations of 1 sim/stage),Normal:1|AD:3,2000,,,,1.282776624339952,0.32126537185855847,,,weakest=Normal|AD; J_eff_min=1.2; gap/port_min=6.05; gap/mesh=pending; bayes_err_max=0.211; shift_robust=no; band_gap_retention=0.97; freq_robust=no
2026-09-27T17:49:21+00:00,7ca77f1,A,A-sphere7-ring6-hfss,hfss-v1-masked,binary:Normal|AD(Mild+Moderate+Severe),M6,M6.N[4.00]: <N> in 50 MHz sub-band from 4.00 GHz,1,none-fisher,typical_jitter,none (noisy realisations of 1 sim/stage),Normal:1|AD:3,2000,,,,1.282847346206195,0.3212831500416906,,,weakest=Normal|AD; J_eff_min=1.2; gap/port_min=6.05; gap/mesh=pending; bayes_err_max=0.211; shift_robust=no; band_gap_retention=0.97; freq_robust=no
2026-09-27T17:49:21+00:00,7ca77f1,A,A-sphere7-ring6-hfss,hfss-v1-masked,binary:Normal|AD(Mild+Moderate+Severe),M6,M6.A[4.05]: <A> in 50 MHz sub-band from 4.05 GHz,1,none-fisher,typical_jitter,none (noisy realisations of 1 sim/stage),Normal:1|AD:3,2000,,,,0.7458633480514453,0.18681091574936665,,,weakest=Normal|AD; J_eff_min=0.716; gap/port_min=6; gap/mesh=pending; bayes_err_max=0.271; shift_robust=no; band_gap_retention=0.97; freq_robust=no
2026-09-27T17:49:21+00:00,7ca77f1,A,A-sphere7-ring6-hfss,hfss-v1-masked,binary:Normal|AD(Mild+Moderate+Severe),M6,M6.N[4.05]: <N> in 50 MHz sub-band from 4.05 GHz,1,none-fisher,typical_jitter,none (noisy realisations of 1 sim/stage),Normal:1|AD:3,2000,,,,0.7458951533178345,0.1868188877452983,,,weakest=Normal|AD; J_eff_min=0.716; gap/port_min=6; gap/mesh=pending; bayes_err_max=0.271; shift_robust=no; band_gap_retention=0.97; freq_robust=no
2026-09-27T17:49:21+00:00,7ca77f1,A,A-sphere7-ring6-hfss,hfss-v1-masked,binary:Normal|AD(Mild+Moderate+Severe),M6,M6.A[4.10]: <A> in 50 MHz sub-band from 4.10 GHz,1,none-fisher,typical_jitter,none (noisy realisations of 1 sim/stage),Normal:1|AD:3,2000,,,,0.3919911914383168,0.09919087086561193,,,weakest=Normal|AD; J_eff_min=0.381; gap/port_min=5.28; gap/mesh=pending; bayes_err_max=0.328; shift_robust=no; band_gap_retention=0.97; freq_robust=no
2026-09-27T17:49:21+00:00,7ca77f1,A,A-sphere7-ring6-hfss,hfss-v1-masked,binary:Normal|AD(Mild+Moderate+Severe),M6,M6.N[4.10]: <N> in 50 MHz sub-band from 4.10 GHz,1,none-fisher,typical_jitter,none (noisy realisations of 1 sim/stage),Normal:1|AD:3,2000,,,,0.39200669174496444,0.09919479802421319,,,weakest=Normal|AD; J_eff_min=0.381; gap/port_min=5.28; gap/mesh=pending; bayes_err_max=0.328; shift_robust=no; band_gap_retention=0.97; freq_robust=no
2026-09-27T17:49:21+00:00,7ca77f1,A,A-sphere7-ring6-hfss,hfss-v1-masked,binary:Normal|AD(Mild+Moderate+Severe),M6,M6.A[4.15]: <A> in 50 MHz sub-band from 4.15 GHz,1,none-fisher,typical_jitter,none (noisy realisations of 1 sim/stage),Normal:1|AD:3,2000,,,,0.20438105022837164,0.052921728762941,,,weakest=Normal|AD; J_eff_min=0.2; gap/port_min=4.54; gap/mesh=pending; bayes_err_max=0.373; shift_robust=no; band_gap_retention=0.98; freq_robust=no
2026-09-27T17:49:21+00:00,7ca77f1,A,A-sphere7-ring6-hfss,hfss-v1-masked,binary:Normal|AD(Mild+Moderate+Severe),M6,M6.N[4.15]: <N> in 50 MHz sub-band from 4.15 GHz,1,none-fisher,typical_jitter,none (noisy realisations of 1 sim/stage),Normal:1|AD:3,2000,,,,0.2043901339322154,0.0529239739668672,,,weakest=Normal|AD; J_eff_min=0.2; gap/port_min=4.54; gap/mesh=pending; bayes_err_max=0.373; shift_robust=no; band_gap_retention=0.98; freq_robust=no
2026-09-27T17:49:21+00:00,7ca77f1,A,A-sphere7-ring6-hfss,hfss-v1-masked,binary:Normal|AD(Mild+Moderate+Severe),M7,"M7.D: <Σ_j|S_ji - S_ref,ji|^2>_B, ref = circulant(Normal)",1,none-fisher,typical_jitter,none (noisy realisations of 1 sim/stage),Normal:1|AD:3,2000,,,,7.923592317771288,2.068623986063765,,,weakest=Normal|AD; J_eff_min=4.89; gap/port_min=5.06; gap/mesh=pending; bayes_err_max=0.018; shift_robust=no; band_gap_retention=1.02; freq_robust=no
2026-09-27T17:49:21+00:00,7ca77f1,A,A-sphere7-ring6-hfss,hfss-v1-masked,binary:Normal|AD(Mild+Moderate+Severe),M7,"M7.D_pow: <Σ_j(|S_ji|^2 - |S_ref,ji|^2)^2>_B (phase-free)",1,none-fisher,typical_jitter,none (noisy realisations of 1 sim/stage),Normal:1|AD:3,2000,,,,2.8804874129530202,0.7886125121623382,,,weakest=Normal|AD; J_eff_min=2.34; gap/port_min=5.01; gap/mesh=pending; bayes_err_max=0.102; shift_robust=no; band_gap_retention=0.83; freq_robust=no
2026-09-27T17:49:21+00:00,7ca77f1,A,A-sphere7-ring6-hfss,hfss-v1-masked,binary:Normal|AD(Mild+Moderate+Severe),M7,"M7.D0: <|S_(i±0,i) - ref|^2>_B",1,none-fisher,typical_jitter,none (noisy realisations of 1 sim/stage),Normal:1|AD:3,2000,,,,7.911569548039083,2.068101775520543,,,weakest=Normal|AD; J_eff_min=4.87; gap/port_min=5.03; gap/mesh=pending; bayes_err_max=0.0179; shift_robust=no; band_gap_retention=1.02; freq_robust=no
2026-09-27T17:49:21+00:00,7ca77f1,A,A-sphere7-ring6-hfss,hfss-v1-masked,binary:Normal|AD(Mild+Moderate+Severe),M7,"M7.D1: <|S_(i±1,i) - ref|^2>_B",1,none-fisher,typical_jitter,none (noisy realisations of 1 sim/stage),Normal:1|AD:3,2000,,,,1.5269671095663864,0.5345671026148893,,,weakest=Normal|AD; J_eff_min=0.865; gap/port_min=2; gap/mesh=pending; bayes_err_max=0.155; shift_robust=no; band_gap_retention=1.09; freq_robust=no
2026-09-27T17:49:21+00:00,7ca77f1,A,A-sphere7-ring6-hfss,hfss-v1-masked,binary:Normal|AD(Mild+Moderate+Severe),M7,"M7.D2: <|S_(i±2,i) - ref|^2>_B",1,none-fisher,typical_jitter,none (noisy realisations of 1 sim/stage),Normal:1|AD:3,2000,,,,7.006840618502462,2.2097275759820265,,,weakest=Normal|AD; J_eff_min=3.47; gap/port_min=3.71; gap/mesh=pending; bayes_err_max=0.0097; shift_robust=no; band_gap_retention=1.08; freq_robust=no
2026-09-27T17:49:21+00:00,7ca77f1,A,A-sphere7-ring6-hfss,hfss-v1-masked,binary:Normal|AD(Mild+Moderate+Severe),M7,"M7.D3: <|S_(i±3,i) - ref|^2>_B",1,none-fisher,typical_jitter,none (noisy realisations of 1 sim/stage),Normal:1|AD:3,2000,,,,5.449346434666437,1.7410716654378453,,,weakest=Normal|AD; J_eff_min=3.98; gap/port_min=5.44; gap/mesh=pending; bayes_err_max=0.0215; shift_robust=no; band_gap_retention=1.11; freq_robust=no
2026-09-27T17:49:21+00:00,7ca77f1,A,A-sphere7-ring6-hfss,hfss-v1-masked,binary:Normal|AD(Mild+Moderate+Severe),M7,"M7.D3[k3]: <|S_(i+3,i) - ref|^2> over k3 window",1,none-fisher,typical_jitter,none (noisy realisations of 1 sim/stage),Normal:1|AD:3,2000,,,,5.083881937028432,1.7345131003545724,,,weakest=Normal|AD; J_eff_min=4.13; gap/port_min=6.62; gap/mesh=pending; bayes_err_max=0.0211; shift_robust=no; band_gap_retention=0.91; freq_robust=no
2026-09-27T17:49:21+00:00,7ca77f1,A,A-sphere7-ring6-hfss,hfss-v1-masked,binary:Normal|AD(Mild+Moderate+Severe),M8,M8.s1^2: <s_1(S)^2>_B (singular value),1,none-fisher,typical_jitter,none (noisy realisations of 1 sim/stage),Normal:1|AD:3,2000,,,,1.5454770500069834,0.450041239513799,,,weakest=Normal|AD; J_eff_min=nan; gap/port_min=nan; gap/mesh=pending; bayes_err_max=0.174; shift_robust=no; band_gap_retention=-0.19; freq_robust=no; matrix-level: no per-antenna port-noise estimate
2026-09-27T17:49:21+00:00,7ca77f1,A,A-sphere7-ring6-hfss,hfss-v1-masked,binary:Normal|AD(Mild+Moderate+Severe),M8,M8.s2^2: <s_2(S)^2>_B (singular value),1,none-fisher,typical_jitter,none (noisy realisations of 1 sim/stage),Normal:1|AD:3,2000,,,,4.382267588551574,1.1033754030060472,,,weakest=Normal|AD; J_eff_min=nan; gap/port_min=nan; gap/mesh=pending; bayes_err_max=0.0683; shift_robust=no; band_gap_retention=0.21; freq_robust=no; matrix-level: no per-antenna port-noise estimate
2026-09-27T17:49:21+00:00,7ca77f1,A,A-sphere7-ring6-hfss,hfss-v1-masked,binary:Normal|AD(Mild+Moderate+Severe),M8,M8.s3^2: <s_3(S)^2>_B (singular value),1,none-fisher,typical_jitter,none (noisy realisations of 1 sim/stage),Normal:1|AD:3,2000,,,,7.563436720032503,1.8961287276380214,,,weakest=Normal|AD; J_eff_min=nan; gap/port_min=nan; gap/mesh=pending; bayes_err_max=0.0255; shift_robust=no; band_gap_retention=0.48; freq_robust=no; matrix-level: no per-antenna port-noise estimate
2026-09-27T17:49:21+00:00,7ca77f1,A,A-sphere7-ring6-hfss,hfss-v1-masked,binary:Normal|AD(Mild+Moderate+Severe),M8,M8.s4^2: <s_4(S)^2>_B (singular value),1,none-fisher,typical_jitter,none (noisy realisations of 1 sim/stage),Normal:1|AD:3,2000,,,,6.632905626001815,1.6596002169150004,,,weakest=Normal|AD; J_eff_min=nan; gap/port_min=nan; gap/mesh=pending; bayes_err_max=0.0342; shift_robust=no; band_gap_retention=0.19; freq_robust=no; matrix-level: no per-antenna port-noise estimate
2026-09-27T17:49:21+00:00,7ca77f1,A,A-sphere7-ring6-hfss,hfss-v1-masked,binary:Normal|AD(Mild+Moderate+Severe),M8,M8.s5^2: <s_5(S)^2>_B (singular value),1,none-fisher,typical_jitter,none (noisy realisations of 1 sim/stage),Normal:1|AD:3,2000,,,,8.205837126120633,2.053311320369607,,,weakest=Normal|AD; J_eff_min=nan; gap/port_min=nan; gap/mesh=pending; bayes_err_max=0.0213; shift_robust=no; band_gap_retention=0.56; freq_robust=no; matrix-level: no per-antenna port-noise estimate
2026-09-27T17:49:21+00:00,7ca77f1,A,A-sphere7-ring6-hfss,hfss-v1-masked,binary:Normal|AD(Mild+Moderate+Severe),M8,M8.s6^2: <s_6(S)^2>_B (singular value),1,none-fisher,typical_jitter,none (noisy realisations of 1 sim/stage),Normal:1|AD:3,2000,,,,6.670515590082268,1.672446655950967,,,weakest=Normal|AD; J_eff_min=nan; gap/port_min=nan; gap/mesh=pending; bayes_err_max=0.0335; shift_robust=no; band_gap_retention=0.48; freq_robust=no; matrix-level: no per-antenna port-noise estimate
2026-09-27T17:49:21+00:00,7ca77f1,A,A-sphere7-ring6-hfss,hfss-v1-masked,binary:Normal|AD(Mild+Moderate+Severe),M8,M8.lam0^2: <|λ_0|^2> circulant mode 0 (full),1,none-fisher,typical_jitter,none (noisy realisations of 1 sim/stage),Normal:1|AD:3,2000,,,,9.55768188317806,2.397483885853859,,,weakest=Normal|AD; J_eff_min=3.71; gap/port_min=3.48; gap/mesh=pending; bayes_err_max=0.014; shift_robust=no; band_gap_retention=0.45; freq_robust=no
2026-09-27T17:49:21+00:00,7ca77f1,A,A-sphere7-ring6-hfss,hfss-v1-masked,binary:Normal|AD(Mild+Moderate+Severe),M8,M8.lam1^2: <|λ_1|^2> circulant mode 1 (full),1,none-fisher,typical_jitter,none (noisy realisations of 1 sim/stage),Normal:1|AD:3,2000,,,,8.166026721165604,2.0494383610796865,,,weakest=Normal|AD; J_eff_min=3.24; gap/port_min=3.28; gap/mesh=pending; bayes_err_max=0.0211; shift_robust=no; band_gap_retention=0.37; freq_robust=no
2026-09-27T17:49:21+00:00,7ca77f1,A,A-sphere7-ring6-hfss,hfss-v1-masked,binary:Normal|AD(Mild+Moderate+Severe),M8,M8.lam2^2: <|λ_2|^2> circulant mode 2 (full),1,none-fisher,typical_jitter,none (noisy realisations of 1 sim/stage),Normal:1|AD:3,2000,,,,8.95059237384957,2.24599695920893,,,weakest=Normal|AD; J_eff_min=3.82; gap/port_min=3.65; gap/mesh=pending; bayes_err_max=0.0167; shift_robust=no; band_gap_retention=0.34; freq_robust=no
2026-09-27T17:49:21+00:00,7ca77f1,A,A-sphere7-ring6-hfss,hfss-v1-masked,binary:Normal|AD(Mild+Moderate+Severe),M8,M8.lam3^2: <|λ_3|^2> circulant mode 3 (full),1,none-fisher,typical_jitter,none (noisy realisations of 1 sim/stage),Normal:1|AD:3,2000,,,,8.219127273833816,2.067746860863104,,,weakest=Normal|AD; J_eff_min=3.57; gap/port_min=3.55; gap/mesh=pending; bayes_err_max=0.0205; shift_robust=no; band_gap_retention=0.29; freq_robust=no
2026-09-27T17:49:21+00:00,7ca77f1,A,A-sphere7-ring6-hfss,hfss-v1-masked,binary:Normal|AD(Mild+Moderate+Severe),M8,M8.lam0^2[k3]: <|λ_0|^2> circulant mode 0 (k3),1,none-fisher,typical_jitter,none (noisy realisations of 1 sim/stage),Normal:1|AD:3,2000,,,,8.322337324556237,2.162695639065584,,,weakest=Normal|AD; J_eff_min=4.98; gap/port_min=4.98; gap/mesh=pending; bayes_err_max=0.0161; shift_robust=no; band_gap_retention=0.91; freq_robust=no
2026-09-27T17:49:21+00:00,7ca77f1,A,A-sphere7-ring6-hfss,hfss-v1-masked,binary:Normal|AD(Mild+Moderate+Severe),M8,M8.lam1^2[k3]: <|λ_1|^2> circulant mode 1 (k3),1,none-fisher,typical_jitter,none (noisy realisations of 1 sim/stage),Normal:1|AD:3,2000,,,,9.889253872815994,2.5711281992727733,,,weakest=Normal|AD; J_eff_min=5.7; gap/port_min=5.18; gap/mesh=pending; bayes_err_max=0.00934; shift_robust=no; band_gap_retention=0.91; freq_robust=no
2026-09-27T17:49:21+00:00,7ca77f1,A,A-sphere7-ring6-hfss,hfss-v1-masked,binary:Normal|AD(Mild+Moderate+Severe),M8,M8.lam2^2[k3]: <|λ_2|^2> circulant mode 2 (k3),1,none-fisher,typical_jitter,none (noisy realisations of 1 sim/stage),Normal:1|AD:3,2000,,,,12.041448748622173,3.126771648673971,,,weakest=Normal|AD; J_eff_min=6.32; gap/port_min=5.15; gap/mesh=pending; bayes_err_max=0.00447; shift_robust=no; band_gap_retention=0.90; freq_robust=no
2026-09-27T17:49:21+00:00,7ca77f1,A,A-sphere7-ring6-hfss,hfss-v1-masked,binary:Normal|AD(Mild+Moderate+Severe),M8,M8.lam3^2[k3]: <|λ_3|^2> circulant mode 3 (k3),1,none-fisher,typical_jitter,none (noisy realisations of 1 sim/stage),Normal:1|AD:3,2000,,,,14.386034304700832,3.7460818538857676,,,weakest=Normal|AD; J_eff_min=7.23; gap/port_min=5.39; gap/mesh=pending; bayes_err_max=0.00186; shift_robust=no; band_gap_retention=0.91; freq_robust=no
2026-09-27T17:49:21+00:00,7ca77f1,A,A-sphere7-ring6-hfss,hfss-v1-masked,three_merged:Normal|Mild+Moderate(Mild+Moderate)|Severe,M0,M0.old_score: mean_B Σ_{j≠i}|S_ii+S_ij|/VSWR_i,1,none-fisher,ideal,none (noisy realisations of 1 sim/stage),Normal:1|Mild+Moderate:2|Severe:1,2000,,,,6.909563797879414,1.9881854718244962,,,weakest=Mild+Moderate|Severe; J_eff_min=0.626; gap/port_min=1.17; gap/mesh=pending; bayes_err_max=0.016; shift_robust=no; band_gap_retention=0.65; freq_robust=no; AD-vs-AD pairs unverified against mesh noise; baseline only; not a physical quantity
2026-09-27T17:49:21+00:00,7ca77f1,A,A-sphere7-ring6-hfss,hfss-v1-masked,three_merged:Normal|Mild+Moderate(Mild+Moderate)|Severe,M1,M1.Sii_dBavg: mean_B 20log10|S_ii|,1,none-fisher,ideal,none (noisy realisations of 1 sim/stage),Normal:1|Mild+Moderate:2|Severe:1,2000,,,,0.4758270321928875,0.5209085319563886,,,weakest=Mild+Moderate|Severe; J_eff_min=0.00234; gap/port_min=0.0685; gap/mesh=pending; bayes_err_max=0.154; shift_robust=no; band_gap_retention=0.14; freq_robust=no; AD-vs-AD pairs unverified against mesh noise; dB averaging; shown for fragility
2026-09-27T17:49:21+00:00,7ca77f1,A,A-sphere7-ring6-hfss,hfss-v1-masked,three_merged:Normal|Mild+Moderate(Mild+Moderate)|Severe,M2,M2.R: <|S_ii|^2>_B,1,none-fisher,ideal,none (noisy realisations of 1 sim/stage),Normal:1|Mild+Moderate:2|Severe:1,2000,,,,3.3687803868373,1.036921270027355,,,weakest=Mild+Moderate|Severe; J_eff_min=0.104; gap/port_min=0.463; gap/mesh=pending; bayes_err_max=0.069; shift_robust=no; band_gap_retention=0.34; freq_robust=no; AD-vs-AD pairs unverified against mesh noise
2026-09-27T17:49:21+00:00,7ca77f1,A,A-sphere7-ring6-hfss,hfss-v1-masked,three_merged:Normal|Mild+Moderate(Mild+Moderate)|Severe,M2,M2.R[k3]: <|S_ii|^2> over k3 window,1,none-fisher,ideal,none (noisy realisations of 1 sim/stage),Normal:1|Mild+Moderate:2|Severe:1,2000,,,,268.4997327980614,67.70277940751652,,,weakest=Mild+Moderate|Severe; J_eff_min=2.09; gap/port_min=2.05; gap/mesh=pending; bayes_err_max=9.43e-47; shift_robust=no; band_gap_retention=0.85; freq_robust=no; AD-vs-AD pairs unverified against mesh noise
2026-09-27T17:49:21+00:00,7ca77f1,A,A-sphere7-ring6-hfss,hfss-v1-masked,three_merged:Normal|Mild+Moderate(Mild+Moderate)|Severe,M3,M3.A: <1-|S_ii|^2>_B,1,none-fisher,ideal,none (noisy realisations of 1 sim/stage),Normal:1|Mild+Moderate:2|Severe:1,2000,,,,3.3687803868380493,1.036921270027524,,,weakest=Mild+Moderate|Severe; J_eff_min=0.104; gap/port_min=0.463; gap/mesh=pending; bayes_err_max=0.069; shift_robust=no; band_gap_retention=0.34; freq_robust=no; AD-vs-AD pairs unverified against mesh noise; affine copy of M2.R (identical separability)
2026-09-27T17:49:21+00:00,7ca77f1,A,A-sphere7-ring6-hfss,hfss-v1-masked,three_merged:Normal|Mild+Moderate(Mild+Moderate)|Severe,M3,M3.ML_of_powavg: -10log10<A>_B (dB),1,none-fisher,ideal,none (noisy realisations of 1 sim/stage),Normal:1|Mild+Moderate:2|Severe:1,2000,,,,3.328751414476719,1.0275540860365386,,,weakest=Mild+Moderate|Severe; J_eff_min=0.103; gap/port_min=0.461; gap/mesh=pending; bayes_err_max=0.07; shift_robust=no; band_gap_retention=0.33; freq_robust=no; AD-vs-AD pairs unverified against mesh noise
2026-09-27T17:49:21+00:00,7ca77f1,A,A-sphere7-ring6-hfss,hfss-v1-masked,three_merged:Normal|Mild+Moderate(Mild+Moderate)|Severe,M3,M3.ML_dBavg: <-10log10 A>_B (dB-averaged ML),1,none-fisher,ideal,none (noisy realisations of 1 sim/stage),Normal:1|Mild+Moderate:2|Severe:1,2000,,,,17.733085767008372,4.445972008355975,,,weakest=Mild+Moderate|Severe; J_eff_min=0.865; gap/port_min=1.35; gap/mesh=pending; bayes_err_max=0.00136; shift_robust=no; band_gap_retention=0.76; freq_robust=no; AD-vs-AD pairs unverified against mesh noise; dB averaging; comparison only
2026-09-27T17:49:21+00:00,7ca77f1,A,A-sphere7-ring6-hfss,hfss-v1-masked,three_merged:Normal|Mild+Moderate(Mild+Moderate)|Severe,M4,M4.N: <1-Σ_j|S_ji|^2>_B (absorbed+radiated+loss),1,none-fisher,ideal,none (noisy realisations of 1 sim/stage),Normal:1|Mild+Moderate:2|Severe:1,2000,,,,3.6715992795843317,1.1076515759935905,,,weakest=Mild+Moderate|Severe; J_eff_min=0.11; gap/port_min=0.477; gap/mesh=pending; bayes_err_max=0.0619; shift_robust=no; band_gap_retention=0.36; freq_robust=no; AD-vs-AD pairs unverified against mesh noise
2026-09-27T17:49:21+00:00,7ca77f1,A,A-sphere7-ring6-hfss,hfss-v1-masked,three_merged:Normal|Mild+Moderate(Mild+Moderate)|Severe,M4,M4.N[k3]: <N> over k3 window,1,none-fisher,ideal,none (noisy realisations of 1 sim/stage),Normal:1|Mild+Moderate:2|Severe:1,2000,,,,269.2636605347545,67.89026885599463,,,weakest=Mild+Moderate|Severe; J_eff_min=2.08; gap/port_min=2.05; gap/mesh=pending; bayes_err_max=8.38e-47; shift_robust=no; band_gap_retention=0.85; freq_robust=no; AD-vs-AD pairs unverified against mesh noise
2026-09-27T17:49:21+00:00,7ca77f1,A,A-sphere7-ring6-hfss,hfss-v1-masked,three_merged:Normal|Mild+Moderate(Mild+Moderate)|Severe,M5,M5.C: <Σ_(j≠i)|S_ji|^2> (full),1,none-fisher,ideal,none (noisy realisations of 1 sim/stage),Normal:1|Mild+Moderate:2|Severe:1,2000,,,,4.216163046520573,2.6195922881356983,,,weakest=Normal|Mild+Moderate; J_eff_min=0.741; gap/port_min=1.34; gap/mesh=pending; bayes_err_max=0.00394; shift_robust=yes; band_gap_retention=1.11; freq_robust=no; AD-vs-AD pairs unverified against mesh noise
2026-09-27T17:49:21+00:00,7ca77f1,A,A-sphere7-ring6-hfss,hfss-v1-masked,three_merged:Normal|Mild+Moderate(Mild+Moderate)|Severe,M5,"M5.C1: <|S_(i±1,i)|^2> (full)",1,none-fisher,ideal,none (noisy realisations of 1 sim/stage),Normal:1|Mild+Moderate:2|Severe:1,2000,,,,2.973035285145594,2.325384627822921,,,weakest=Normal|Mild+Moderate; J_eff_min=0.542; gap/port_min=1.15; gap/mesh=pending; bayes_err_max=0.00677; shift_robust=yes; band_gap_retention=1.11; freq_robust=no; AD-vs-AD pairs unverified against mesh noise
2026-09-27T17:49:21+00:00,7ca77f1,A,A-sphere7-ring6-hfss,hfss-v1-masked,three_merged:Normal|Mild+Moderate(Mild+Moderate)|Severe,M5,"M5.C2: <|S_(i±2,i)|^2> (full)",1,none-fisher,ideal,none (noisy realisations of 1 sim/stage),Normal:1|Mild+Moderate:2|Severe:1,2000,,,,17.041381502678828,5.904253861580683,,,weakest=Normal|Mild+Moderate; J_eff_min=1.59; gap/port_min=1.88; gap/mesh=pending; bayes_err_max=7.84e-06; shift_robust=yes; band_gap_retention=0.99; freq_robust=no; AD-vs-AD pairs unverified against mesh noise
2026-09-27T17:49:21+00:00,7ca77f1,A,A-sphere7-ring6-hfss,hfss-v1-masked,three_merged:Normal|Mild+Moderate(Mild+Moderate)|Severe,M5,"M5.C3: <|S_(i±3,i)|^2> (full)",1,none-fisher,ideal,none (noisy realisations of 1 sim/stage),Normal:1|Mild+Moderate:2|Severe:1,2000,,,,3.8942599115599013,2.1472141285272572,,,weakest=Mild+Moderate|Severe; J_eff_min=0.0405; gap/port_min=0.286; gap/mesh=pending; bayes_err_max=0.00943; shift_robust=yes; band_gap_retention=0.73; freq_robust=no; AD-vs-AD pairs unverified against mesh noise
2026-09-27T17:49:21+00:00,7ca77f1,A,A-sphere7-ring6-hfss,hfss-v1-masked,three_merged:Normal|Mild+Moderate(Mild+Moderate)|Severe,M5,M5.C[k3]: <Σ_(j≠i)|S_ji|^2> (k3),1,none-fisher,ideal,none (noisy realisations of 1 sim/stage),Normal:1|Mild+Moderate:2|Severe:1,2000,,,,35.47831859131538,9.820120700389218,,,weakest=Normal|Mild+Moderate; J_eff_min=0.318; gap/port_min=0.801; gap/mesh=pending; bayes_err_max=8.83e-09; shift_robust=no; band_gap_retention=0.66; freq_robust=no; AD-vs-AD pairs unverified against mesh noise
2026-09-27T17:49:21+00:00,7ca77f1,A,A-sphere7-ring6-hfss,hfss-v1-masked,three_merged:Normal|Mild+Moderate(Mild+Moderate)|Severe,M5,"M5.C1[k3]: <|S_(i±1,i)|^2> (k3)",1,none-fisher,ideal,none (noisy realisations of 1 sim/stage),Normal:1|Mild+Moderate:2|Severe:1,2000,,,,16.411545405949244,5.111178397840021,,,weakest=Normal|Mild+Moderate; J_eff_min=0.186; gap/port_min=0.614; gap/mesh=pending; bayes_err_max=4.15e-05; shift_robust=no; band_gap_retention=0.55; freq_robust=no; AD-vs-AD pairs unverified against mesh noise
2026-09-27T17:49:21+00:00,7ca77f1,A,A-sphere7-ring6-hfss,hfss-v1-masked,three_merged:Normal|Mild+Moderate(Mild+Moderate)|Severe,M5,"M5.C2[k3]: <|S_(i±2,i)|^2> (k3)",1,none-fisher,ideal,none (noisy realisations of 1 sim/stage),Normal:1|Mild+Moderate:2|Severe:1,2000,,,,9.16049789525232,3.829377401148389,,,weakest=Normal|Mild+Moderate; J_eff_min=1.01; gap/port_min=1.51; gap/mesh=pending; bayes_err_max=0.00041; shift_robust=yes; band_gap_retention=0.61; freq_robust=no; AD-vs-AD pairs unverified against mesh noise
2026-09-27T17:49:21+00:00,7ca77f1,A,A-sphere7-ring6-hfss,hfss-v1-masked,three_merged:Normal|Mild+Moderate(Mild+Moderate)|Severe,M5,"M5.C3[k3]: <|S_(i±3,i)|^2> (k3)",1,none-fisher,ideal,none (noisy realisations of 1 sim/stage),Normal:1|Mild+Moderate:2|Severe:1,2000,,,,1.2504934766726858,1.4968194732490558,,,weakest=Mild+Moderate|Severe; J_eff_min=0.0175; gap/port_min=0.189; gap/mesh=pending; bayes_err_max=0.0305; shift_robust=no; band_gap_retention=0.43; freq_robust=no; AD-vs-AD pairs unverified against mesh noise
2026-09-27T17:49:21+00:00,7ca77f1,A,A-sphere7-ring6-hfss,hfss-v1-masked,three_merged:Normal|Mild+Moderate(Mild+Moderate)|Severe,M5,"M5.C3_dBavg[k3]: mean over k3 window of 10log10|S_(i+3,i)|^2",1,none-fisher,ideal,none (noisy realisations of 1 sim/stage),Normal:1|Mild+Moderate:2|Severe:1,2000,,,,0.10921980266147466,1.3272644947319736,,,weakest=Mild+Moderate|Severe; J_eff_min=0.00161; gap/port_min=0.0572; gap/mesh=pending; bayes_err_max=0.0411; shift_robust=no; band_gap_retention=-1.70; freq_robust=no; AD-vs-AD pairs unverified against mesh noise; dB averaging; comparison only
2026-09-27T17:49:21+00:00,7ca77f1,A,A-sphere7-ring6-hfss,hfss-v1-masked,three_merged:Normal|Mild+Moderate(Mild+Moderate)|Severe,M6,M6.fc_A: power-weighted centroid of A(f) [GHz],1,none-fisher,ideal,none (noisy realisations of 1 sim/stage),Normal:1|Mild+Moderate:2|Severe:1,2000,,,,67.16317536983905,16.791030643528007,,,weakest=Normal|Mild+Moderate; J_eff_min=0.498; gap/port_min=1; gap/mesh=pending; bayes_err_max=3.4e-09; shift_robust=no; band_gap_retention=0.79; freq_robust=no; AD-vs-AD pairs unverified against mesh noise
2026-09-27T17:49:21+00:00,7ca77f1,A,A-sphere7-ring6-hfss,hfss-v1-masked,three_merged:Normal|Mild+Moderate(Mild+Moderate)|Severe,M6,M6.spread_A: spectral spread of A(f) [MHz],1,none-fisher,ideal,none (noisy realisations of 1 sim/stage),Normal:1|Mild+Moderate:2|Severe:1,2000,,,,16.26297675357959,4.0679674627749725,,,weakest=Mild+Moderate|Severe; J_eff_min=2.58; gap/port_min=2.48; gap/mesh=pending; bayes_err_max=0.00215; shift_robust=no; band_gap_retention=0.27; freq_robust=no; AD-vs-AD pairs unverified against mesh noise
2026-09-27T17:49:21+00:00,7ca77f1,A,A-sphere7-ring6-hfss,hfss-v1-masked,three_merged:Normal|Mild+Moderate(Mild+Moderate)|Severe,M6,M6.fc_N: power-weighted centroid of N(f) [GHz],1,none-fisher,ideal,none (noisy realisations of 1 sim/stage),Normal:1|Mild+Moderate:2|Severe:1,2000,,,,67.32552978309226,16.83161992610897,,,weakest=Normal|Mild+Moderate; J_eff_min=0.5; gap/port_min=1; gap/mesh=pending; bayes_err_max=3.26e-09; shift_robust=no; band_gap_retention=0.79; freq_robust=no; AD-vs-AD pairs unverified against mesh noise
2026-09-27T17:49:21+00:00,7ca77f1,A,A-sphere7-ring6-hfss,hfss-v1-masked,three_merged:Normal|Mild+Moderate(Mild+Moderate)|Severe,M6,M6.spread_N: spectral spread of N(f) [MHz],1,none-fisher,ideal,none (noisy realisations of 1 sim/stage),Normal:1|Mild+Moderate:2|Severe:1,2000,,,,16.016160583063396,4.006393339107303,,,weakest=Mild+Moderate|Severe; J_eff_min=2.56; gap/port_min=2.47; gap/mesh=pending; bayes_err_max=0.0023; shift_robust=no; band_gap_retention=0.27; freq_robust=no; AD-vs-AD pairs unverified against mesh noise
2026-09-27T17:49:21+00:00,7ca77f1,A,A-sphere7-ring6-hfss,hfss-v1-masked,three_merged:Normal|Mild+Moderate(Mild+Moderate)|Severe,M6,M6.A[3.20]: <A> in 50 MHz sub-band from 3.20 GHz,1,none-fisher,ideal,none (noisy realisations of 1 sim/stage),Normal:1|Mild+Moderate:2|Severe:1,2000,,,,46.803536752498246,11.70094171431674,,,weakest=Mild+Moderate|Severe; J_eff_min=3.1; gap/port_min=2.58; gap/mesh=pending; bayes_err_max=6.57e-07; shift_robust=no; band_gap_retention=0.96; freq_robust=no; AD-vs-AD pairs unverified against mesh noise
2026-09-27T17:49:21+00:00,7ca77f1,A,A-sphere7-ring6-hfss,hfss-v1-masked,three_merged:Normal|Mild+Moderate(Mild+Moderate)|Severe,M6,M6.N[3.20]: <N> in 50 MHz sub-band from 3.20 GHz,1,none-fisher,ideal,none (noisy realisations of 1 sim/stage),Normal:1|Mild+Moderate:2|Severe:1,2000,,,,46.79446251686917,11.698672499341326,,,weakest=Mild+Moderate|Severe; J_eff_min=3.1; gap/port_min=2.58; gap/mesh=pending; bayes_err_max=6.58e-07; shift_robust=no; band_gap_retention=0.96; freq_robust=no; AD-vs-AD pairs unverified against mesh noise
2026-09-27T17:49:21+00:00,7ca77f1,A,A-sphere7-ring6-hfss,hfss-v1-masked,three_merged:Normal|Mild+Moderate(Mild+Moderate)|Severe,M6,M6.A[3.25]: <A> in 50 MHz sub-band from 3.25 GHz,1,none-fisher,ideal,none (noisy realisations of 1 sim/stage),Normal:1|Mild+Moderate:2|Severe:1,2000,,,,6.197360972484273,1.5725761085739556,,,weakest=Mild+Moderate|Severe; J_eff_min=0.184; gap/port_min=0.615; gap/mesh=pending; bayes_err_max=0.037; shift_robust=no; band_gap_retention=0.71; freq_robust=no; AD-vs-AD pairs unverified against mesh noise
2026-09-27T17:49:21+00:00,7ca77f1,A,A-sphere7-ring6-hfss,hfss-v1-masked,three_merged:Normal|Mild+Moderate(Mild+Moderate)|Severe,M6,M6.N[3.25]: <N> in 50 MHz sub-band from 3.25 GHz,1,none-fisher,ideal,none (noisy realisations of 1 sim/stage),Normal:1|Mild+Moderate:2|Severe:1,2000,,,,6.205162481904559,1.5744288483835784,,,weakest=Mild+Moderate|Severe; J_eff_min=0.184; gap/port_min=0.615; gap/mesh=pending; bayes_err_max=0.0369; shift_robust=no; band_gap_retention=0.71; freq_robust=no; AD-vs-AD pairs unverified against mesh noise
2026-09-27T17:49:21+00:00,7ca77f1,A,A-sphere7-ring6-hfss,hfss-v1-masked,three_merged:Normal|Mild+Moderate(Mild+Moderate)|Severe,M6,M6.A[3.30]: <A> in 50 MHz sub-band from 3.30 GHz,1,none-fisher,ideal,none (noisy realisations of 1 sim/stage),Normal:1|Mild+Moderate:2|Severe:1,2000,,,,39.05277359814423,9.926806680824484,,,weakest=Mild+Moderate|Severe; J_eff_min=0.949; gap/port_min=1.39; gap/mesh=pending; bayes_err_max=8.72e-07; shift_robust=no; band_gap_retention=0.62; freq_robust=no; AD-vs-AD pairs unverified against mesh noise
2026-09-27T17:49:21+00:00,7ca77f1,A,A-sphere7-ring6-hfss,hfss-v1-masked,three_merged:Normal|Mild+Moderate(Mild+Moderate)|Severe,M6,M6.N[3.30]: <N> in 50 MHz sub-band from 3.30 GHz,1,none-fisher,ideal,none (noisy realisations of 1 sim/stage),Normal:1|Mild+Moderate:2|Severe:1,2000,,,,39.07753184519117,9.932442254826274,,,weakest=Mild+Moderate|Severe; J_eff_min=0.947; gap/port_min=1.39; gap/mesh=pending; bayes_err_max=8.7e-07; shift_robust=no; band_gap_retention=0.62; freq_robust=no; AD-vs-AD pairs unverified against mesh noise
2026-09-27T17:49:21+00:00,7ca77f1,A,A-sphere7-ring6-hfss,hfss-v1-masked,three_merged:Normal|Mild+Moderate(Mild+Moderate)|Severe,M6,M6.A[3.35]: <A> in 50 MHz sub-band from 3.35 GHz,1,none-fisher,ideal,none (noisy realisations of 1 sim/stage),Normal:1|Mild+Moderate:2|Severe:1,2000,,,,62.1932696088102,15.964880248187145,,,weakest=Normal|Mild+Moderate; J_eff_min=1.24; gap/port_min=1.59; gap/mesh=pending; bayes_err_max=1.84e-11; shift_robust=no; band_gap_retention=0.70; freq_robust=no; AD-vs-AD pairs unverified against mesh noise
2026-09-27T17:49:21+00:00,7ca77f1,A,A-sphere7-ring6-hfss,hfss-v1-masked,three_merged:Normal|Mild+Moderate(Mild+Moderate)|Severe,M6,M6.N[3.35]: <N> in 50 MHz sub-band from 3.35 GHz,1,none-fisher,ideal,none (noisy realisations of 1 sim/stage),Normal:1|Mild+Moderate:2|Severe:1,2000,,,,62.63525182312447,16.073735998853973,,,weakest=Normal|Mild+Moderate; J_eff_min=1.24; gap/port_min=1.59; gap/mesh=pending; bayes_err_max=1.61e-11; shift_robust=no; band_gap_retention=0.70; freq_robust=no; AD-vs-AD pairs unverified against mesh noise
2026-09-27T17:49:21+00:00,7ca77f1,A,A-sphere7-ring6-hfss,hfss-v1-masked,three_merged:Normal|Mild+Moderate(Mild+Moderate)|Severe,M6,M6.A[3.40]: <A> in 50 MHz sub-band from 3.40 GHz,1,none-fisher,ideal,none (noisy realisations of 1 sim/stage),Normal:1|Mild+Moderate:2|Severe:1,2000,,,,237.6896173390453,59.932886385497234,,,weakest=Mild+Moderate|Severe; J_eff_min=4.15; gap/port_min=2.91; gap/mesh=pending; bayes_err_max=2.63e-40; shift_robust=no; band_gap_retention=0.96; freq_robust=no; AD-vs-AD pairs unverified against mesh noise
2026-09-27T17:49:21+00:00,7ca77f1,A,A-sphere7-ring6-hfss,hfss-v1-masked,three_merged:Normal|Mild+Moderate(Mild+Moderate)|Severe,M6,M6.N[3.40]: <N> in 50 MHz sub-band from 3.40 GHz,1,none-fisher,ideal,none (noisy realisations of 1 sim/stage),Normal:1|Mild+Moderate:2|Severe:1,2000,,,,238.8628150342191,60.22404621456784,,,weakest=Mild+Moderate|Severe; J_eff_min=4.14; gap/port_min=2.9; gap/mesh=pending; bayes_err_max=1.89e-40; shift_robust=no; band_gap_retention=0.96; freq_robust=no; AD-vs-AD pairs unverified against mesh noise
2026-09-27T17:49:21+00:00,7ca77f1,A,A-sphere7-ring6-hfss,hfss-v1-masked,three_merged:Normal|Mild+Moderate(Mild+Moderate)|Severe,M6,M6.A[3.45]: <A> in 50 MHz sub-band from 3.45 GHz,1,none-fisher,ideal,none (noisy realisations of 1 sim/stage),Normal:1|Mild+Moderate:2|Severe:1,2000,,,,73.94769475772328,18.945383220799357,,,weakest=Mild+Moderate|Severe; J_eff_min=0.797; gap/port_min=1.27; gap/mesh=pending; bayes_err_max=1.44e-13; shift_robust=no; band_gap_retention=0.91; freq_robust=no; AD-vs-AD pairs unverified against mesh noise
2026-09-27T17:49:21+00:00,7ca77f1,A,A-sphere7-ring6-hfss,hfss-v1-masked,three_merged:Normal|Mild+Moderate(Mild+Moderate)|Severe,M6,M6.N[3.45]: <N> in 50 MHz sub-band from 3.45 GHz,1,none-fisher,ideal,none (noisy realisations of 1 sim/stage),Normal:1|Mild+Moderate:2|Severe:1,2000,,,,73.88195546079504,18.926551508823184,,,weakest=Mild+Moderate|Severe; J_eff_min=0.787; gap/port_min=1.26; gap/mesh=pending; bayes_err_max=1.53e-13; shift_robust=no; band_gap_retention=0.91; freq_robust=no; AD-vs-AD pairs unverified against mesh noise
2026-09-27T17:49:21+00:00,7ca77f1,A,A-sphere7-ring6-hfss,hfss-v1-masked,three_merged:Normal|Mild+Moderate(Mild+Moderate)|Severe,M6,M6.A[3.50]: <A> in 50 MHz sub-band from 3.50 GHz,1,none-fisher,ideal,none (noisy realisations of 1 sim/stage),Normal:1|Mild+Moderate:2|Severe:1,2000,,,,52.16124742534457,13.177132228121792,,,weakest=Mild+Moderate|Severe; J_eff_min=0.167; gap/port_min=0.579; gap/mesh=pending; bayes_err_max=2.44e-08; shift_robust=no; band_gap_retention=0.94; freq_robust=no; AD-vs-AD pairs unverified against mesh noise
2026-09-27T17:49:21+00:00,7ca77f1,A,A-sphere7-ring6-hfss,hfss-v1-masked,three_merged:Normal|Mild+Moderate(Mild+Moderate)|Severe,M6,M6.N[3.50]: <N> in 50 MHz sub-band from 3.50 GHz,1,none-fisher,ideal,none (noisy realisations of 1 sim/stage),Normal:1|Mild+Moderate:2|Severe:1,2000,,,,50.50318418664791,12.761778093342212,,,weakest=Mild+Moderate|Severe; J_eff_min=0.162; gap/port_min=0.57; gap/mesh=pending; bayes_err_max=4.01e-08; shift_robust=no; band_gap_retention=0.94; freq_robust=no; AD-vs-AD pairs unverified against mesh noise
2026-09-27T17:49:21+00:00,7ca77f1,A,A-sphere7-ring6-hfss,hfss-v1-masked,three_merged:Normal|Mild+Moderate(Mild+Moderate)|Severe,M6,M6.A[3.55]: <A> in 50 MHz sub-band from 3.55 GHz,1,none-fisher,ideal,none (noisy realisations of 1 sim/stage),Normal:1|Mild+Moderate:2|Severe:1,2000,,,,18.3626480796292,5.037954909388263,,,weakest=Mild+Moderate|Severe; J_eff_min=0.0404; gap/port_min=0.285; gap/mesh=pending; bayes_err_max=0.00012; shift_robust=no; band_gap_retention=0.96; freq_robust=no; AD-vs-AD pairs unverified against mesh noise
2026-09-27T17:49:21+00:00,7ca77f1,A,A-sphere7-ring6-hfss,hfss-v1-masked,three_merged:Normal|Mild+Moderate(Mild+Moderate)|Severe,M6,M6.N[3.55]: <N> in 50 MHz sub-band from 3.55 GHz,1,none-fisher,ideal,none (noisy realisations of 1 sim/stage),Normal:1|Mild+Moderate:2|Severe:1,2000,,,,16.69942194970983,4.62633969087462,,,weakest=Mild+Moderate|Severe; J_eff_min=0.0377; gap/port_min=0.275; gap/mesh=pending; bayes_err_max=0.000222; shift_robust=no; band_gap_retention=0.96; freq_robust=no; AD-vs-AD pairs unverified against mesh noise
2026-09-27T17:49:21+00:00,7ca77f1,A,A-sphere7-ring6-hfss,hfss-v1-masked,three_merged:Normal|Mild+Moderate(Mild+Moderate)|Severe,M6,M6.A[3.60]: <A> in 50 MHz sub-band from 3.60 GHz,1,none-fisher,ideal,none (noisy realisations of 1 sim/stage),Normal:1|Mild+Moderate:2|Severe:1,2000,,,,0.006323963206045565,1.2319144954997208,,,weakest=Normal|Mild+Moderate; J_eff_min=0.00106; gap/port_min=0.0504; gap/mesh=pending; bayes_err_max=0.0486; shift_robust=no; band_gap_retention=-35.20; freq_robust=no; AD-vs-AD pairs unverified against mesh noise
2026-09-27T17:49:21+00:00,7ca77f1,A,A-sphere7-ring6-hfss,hfss-v1-masked,three_merged:Normal|Mild+Moderate(Mild+Moderate)|Severe,M6,M6.N[3.60]: <N> in 50 MHz sub-band from 3.60 GHz,1,none-fisher,ideal,none (noisy realisations of 1 sim/stage),Normal:1|Mild+Moderate:2|Severe:1,2000,,,,0.0001771038673573638,1.1883148797993655,,,weakest=Normal|Mild+Moderate; J_eff_min=2.53e-05; gap/port_min=0.00769; gap/mesh=pending; bayes_err_max=0.0525; shift_robust=no; band_gap_retention=-336.68; freq_robust=no; AD-vs-AD pairs unverified against mesh noise
2026-09-27T17:49:21+00:00,7ca77f1,A,A-sphere7-ring6-hfss,hfss-v1-masked,three_merged:Normal|Mild+Moderate(Mild+Moderate)|Severe,M6,M6.A[3.65]: <A> in 50 MHz sub-band from 3.65 GHz,1,none-fisher,ideal,none (noisy realisations of 1 sim/stage),Normal:1|Mild+Moderate:2|Severe:1,2000,,,,156.1393649528014,39.3999312419791,,,weakest=Normal|Mild+Moderate; J_eff_min=0.313; gap/port_min=0.792; gap/mesh=pending; bayes_err_max=4.2e-25; shift_robust=no; band_gap_retention=0.91; freq_robust=no; AD-vs-AD pairs unverified against mesh noise
2026-09-27T17:49:21+00:00,7ca77f1,A,A-sphere7-ring6-hfss,hfss-v1-masked,three_merged:Normal|Mild+Moderate(Mild+Moderate)|Severe,M6,M6.N[3.65]: <N> in 50 MHz sub-band from 3.65 GHz,1,none-fisher,ideal,none (noisy realisations of 1 sim/stage),Normal:1|Mild+Moderate:2|Severe:1,2000,,,,176.98804616889774,44.58411140656359,,,weakest=Normal|Mild+Moderate; J_eff_min=0.315; gap/port_min=0.795; gap/mesh=pending; bayes_err_max=1.07e-27; shift_robust=no; band_gap_retention=0.91; freq_robust=no; AD-vs-AD pairs unverified against mesh noise
2026-09-27T17:49:21+00:00,7ca77f1,A,A-sphere7-ring6-hfss,hfss-v1-masked,three_merged:Normal|Mild+Moderate(Mild+Moderate)|Severe,M6,M6.A[3.70]: <A> in 50 MHz sub-band from 3.70 GHz,1,none-fisher,ideal,none (noisy realisations of 1 sim/stage),Normal:1|Mild+Moderate:2|Severe:1,2000,,,,0.4830793719586267,1.2063065967373703,,,weakest=Normal|Mild+Moderate; J_eff_min=0.0226; gap/port_min=0.218; gap/mesh=pending; bayes_err_max=0.0509; shift_robust=no; band_gap_retention=0.57; freq_robust=no; AD-vs-AD pairs unverified against mesh noise
2026-09-27T17:49:21+00:00,7ca77f1,A,A-sphere7-ring6-hfss,hfss-v1-masked,three_merged:Normal|Mild+Moderate(Mild+Moderate)|Severe,M6,M6.N[3.70]: <N> in 50 MHz sub-band from 3.70 GHz,1,none-fisher,ideal,none (noisy realisations of 1 sim/stage),Normal:1|Mild+Moderate:2|Severe:1,2000,,,,0.4729442249884971,1.204547309867883,,,weakest=Normal|Mild+Moderate; J_eff_min=0.0223; gap/port_min=0.216; gap/mesh=pending; bayes_err_max=0.051; shift_robust=no; band_gap_retention=0.57; freq_robust=no; AD-vs-AD pairs unverified against mesh noise
2026-09-27T17:49:21+00:00,7ca77f1,A,A-sphere7-ring6-hfss,hfss-v1-masked,three_merged:Normal|Mild+Moderate(Mild+Moderate)|Severe,M6,M6.A[3.75]: <A> in 50 MHz sub-band from 3.75 GHz,1,none-fisher,ideal,none (noisy realisations of 1 sim/stage),Normal:1|Mild+Moderate:2|Severe:1,2000,,,,5.081216070624794,1.694379889483519,,,weakest=Normal|Mild+Moderate; J_eff_min=0.0212; gap/port_min=0.206; gap/mesh=pending; bayes_err_max=0.0228; shift_robust=no; band_gap_retention=-0.41; freq_robust=no; AD-vs-AD pairs unverified against mesh noise
2026-09-27T17:49:21+00:00,7ca77f1,A,A-sphere7-ring6-hfss,hfss-v1-masked,three_merged:Normal|Mild+Moderate(Mild+Moderate)|Severe,M6,M6.N[3.75]: <N> in 50 MHz sub-band from 3.75 GHz,1,none-fisher,ideal,none (noisy realisations of 1 sim/stage),Normal:1|Mild+Moderate:2|Severe:1,2000,,,,5.2349311603986886,1.7354424089961367,,,weakest=Normal|Mild+Moderate; J_eff_min=0.0221; gap/port_min=0.211; gap/mesh=pending; bayes_err_max=0.0213; shift_robust=no; band_gap_retention=-0.38; freq_robust=no; AD-vs-AD pairs unverified against mesh noise
2026-09-27T17:49:21+00:00,7ca77f1,A,A-sphere7-ring6-hfss,hfss-v1-masked,three_merged:Normal|Mild+Moderate(Mild+Moderate)|Severe,M6,M6.A[3.80]: <A> in 50 MHz sub-band from 3.80 GHz,1,none-fisher,ideal,none (noisy realisations of 1 sim/stage),Normal:1|Mild+Moderate:2|Severe:1,2000,,,,0.5015135998768283,0.9359111109013201,,,weakest=Mild+Moderate|Severe; J_eff_min=0.0123; gap/port_min=0.159; gap/mesh=pending; bayes_err_max=0.0813; shift_robust=no; band_gap_retention=0.82; freq_robust=no; AD-vs-AD pairs unverified against mesh noise
2026-09-27T17:49:21+00:00,7ca77f1,A,A-sphere7-ring6-hfss,hfss-v1-masked,three_merged:Normal|Mild+Moderate(Mild+Moderate)|Severe,M6,M6.N[3.80]: <N> in 50 MHz sub-band from 3.80 GHz,1,none-fisher,ideal,none (noisy realisations of 1 sim/stage),Normal:1|Mild+Moderate:2|Severe:1,2000,,,,0.5031711698739988,0.9363177378539335,,,weakest=Mild+Moderate|Severe; J_eff_min=0.0123; gap/port_min=0.159; gap/mesh=pending; bayes_err_max=0.0813; shift_robust=no; band_gap_retention=0.82; freq_robust=no; AD-vs-AD pairs unverified against mesh noise
2026-09-27T17:49:21+00:00,7ca77f1,A,A-sphere7-ring6-hfss,hfss-v1-masked,three_merged:Normal|Mild+Moderate(Mild+Moderate)|Severe,M6,M6.A[3.85]: <A> in 50 MHz sub-band from 3.85 GHz,1,none-fisher,ideal,none (noisy realisations of 1 sim/stage),Normal:1|Mild+Moderate:2|Severe:1,2000,,,,11.39399672491738,3.0209326563464405,,,weakest=Mild+Moderate|Severe; J_eff_min=0.269; gap/port_min=0.742; gap/mesh=pending; bayes_err_max=0.00445; shift_robust=no; band_gap_retention=0.98; freq_robust=no; AD-vs-AD pairs unverified against mesh noise
2026-09-27T17:49:21+00:00,7ca77f1,A,A-sphere7-ring6-hfss,hfss-v1-masked,three_merged:Normal|Mild+Moderate(Mild+Moderate)|Severe,M6,M6.N[3.85]: <N> in 50 MHz sub-band from 3.85 GHz,1,none-fisher,ideal,none (noisy realisations of 1 sim/stage),Normal:1|Mild+Moderate:2|Severe:1,2000,,,,11.396444012068622,3.0215901816035142,,,weakest=Mild+Moderate|Severe; J_eff_min=0.269; gap/port_min=0.742; gap/mesh=pending; bayes_err_max=0.00444; shift_robust=no; band_gap_retention=0.98; freq_robust=no; AD-vs-AD pairs unverified against mesh noise
2026-09-27T17:49:21+00:00,7ca77f1,A,A-sphere7-ring6-hfss,hfss-v1-masked,three_merged:Normal|Mild+Moderate(Mild+Moderate)|Severe,M6,M6.A[3.90]: <A> in 50 MHz sub-band from 3.90 GHz,1,none-fisher,ideal,none (noisy realisations of 1 sim/stage),Normal:1|Mild+Moderate:2|Severe:1,2000,,,,19.17672186151515,4.804449435037842,,,weakest=Mild+Moderate|Severe; J_eff_min=0.935; gap/port_min=1.4; gap/mesh=pending; bayes_err_max=0.000923; shift_robust=no; band_gap_retention=0.98; freq_robust=no; AD-vs-AD pairs unverified against mesh noise
2026-09-27T17:49:21+00:00,7ca77f1,A,A-sphere7-ring6-hfss,hfss-v1-masked,three_merged:Normal|Mild+Moderate(Mild+Moderate)|Severe,M6,M6.N[3.90]: <N> in 50 MHz sub-band from 3.90 GHz,1,none-fisher,ideal,none (noisy realisations of 1 sim/stage),Normal:1|Mild+Moderate:2|Severe:1,2000,,,,19.178100443906608,4.804803624511997,,,weakest=Mild+Moderate|Severe; J_eff_min=0.935; gap/port_min=1.4; gap/mesh=pending; bayes_err_max=0.000922; shift_robust=no; band_gap_retention=0.98; freq_robust=no; AD-vs-AD pairs unverified against mesh noise
2026-09-27T17:49:21+00:00,7ca77f1,A,A-sphere7-ring6-hfss,hfss-v1-masked,three_merged:Normal|Mild+Moderate(Mild+Moderate)|Severe,M6,M6.A[3.95]: <A> in 50 MHz sub-band from 3.95 GHz,1,none-fisher,ideal,none (noisy realisations of 1 sim/stage),Normal:1|Mild+Moderate:2|Severe:1,2000,,,,10.498359007140467,2.6245993693460457,,,weakest=Mild+Moderate|Severe; J_eff_min=1.4; gap/port_min=1.8; gap/mesh=pending; bayes_err_max=0.011; shift_robust=no; band_gap_retention=0.97; freq_robust=no; AD-vs-AD pairs unverified against mesh noise
2026-09-27T17:49:21+00:00,7ca77f1,A,A-sphere7-ring6-hfss,hfss-v1-masked,three_merged:Normal|Mild+Moderate(Mild+Moderate)|Severe,M6,M6.N[3.95]: <N> in 50 MHz sub-band from 3.95 GHz,1,none-fisher,ideal,none (noisy realisations of 1 sim/stage),Normal:1|Mild+Moderate:2|Severe:1,2000,,,,10.499613924204823,2.6249131344127994,,,weakest=Mild+Moderate|Severe; J_eff_min=1.4; gap/port_min=1.8; gap/mesh=pending; bayes_err_max=0.011; shift_robust=no; band_gap_retention=0.97; freq_robust=no; AD-vs-AD pairs unverified against mesh noise
2026-09-27T17:49:21+00:00,7ca77f1,A,A-sphere7-ring6-hfss,hfss-v1-masked,three_merged:Normal|Mild+Moderate(Mild+Moderate)|Severe,M6,M6.A[4.00]: <A> in 50 MHz sub-band from 4.00 GHz,1,none-fisher,ideal,none (noisy realisations of 1 sim/stage),Normal:1|Mild+Moderate:2|Severe:1,2000,,,,5.383570695156149,1.3460868478926318,,,weakest=Mild+Moderate|Severe; J_eff_min=1.41; gap/port_min=1.96; gap/mesh=pending; bayes_err_max=0.0504; shift_robust=no; band_gap_retention=0.97; freq_robust=no; AD-vs-AD pairs unverified against mesh noise
2026-09-27T17:49:21+00:00,7ca77f1,A,A-sphere7-ring6-hfss,hfss-v1-masked,three_merged:Normal|Mild+Moderate(Mild+Moderate)|Severe,M6,M6.N[4.00]: <N> in 50 MHz sub-band from 4.00 GHz,1,none-fisher,ideal,none (noisy realisations of 1 sim/stage),Normal:1|Mild+Moderate:2|Severe:1,2000,,,,5.384094323459452,1.3462177683974952,,,weakest=Mild+Moderate|Severe; J_eff_min=1.41; gap/port_min=1.96; gap/mesh=pending; bayes_err_max=0.0504; shift_robust=no; band_gap_retention=0.97; freq_robust=no; AD-vs-AD pairs unverified against mesh noise
2026-09-27T17:49:21+00:00,7ca77f1,A,A-sphere7-ring6-hfss,hfss-v1-masked,three_merged:Normal|Mild+Moderate(Mild+Moderate)|Severe,M6,M6.A[4.05]: <A> in 50 MHz sub-band from 4.05 GHz,1,none-fisher,ideal,none (noisy realisations of 1 sim/stage),Normal:1|Mild+Moderate:2|Severe:1,2000,,,,2.743433271454326,0.6860384887880511,,,weakest=Mild+Moderate|Severe; J_eff_min=1.05; gap/port_min=1.84; gap/mesh=pending; bayes_err_max=0.121; shift_robust=no; band_gap_retention=0.96; freq_robust=no; AD-vs-AD pairs unverified against mesh noise
2026-09-27T17:49:21+00:00,7ca77f1,A,A-sphere7-ring6-hfss,hfss-v1-masked,three_merged:Normal|Mild+Moderate(Mild+Moderate)|Severe,M6,M6.N[4.05]: <N> in 50 MHz sub-band from 4.05 GHz,1,none-fisher,ideal,none (noisy realisations of 1 sim/stage),Normal:1|Mild+Moderate:2|Severe:1,2000,,,,2.7436773866076067,0.6860994816512456,,,weakest=Mild+Moderate|Severe; J_eff_min=1.05; gap/port_min=1.84; gap/mesh=pending; bayes_err_max=0.121; shift_robust=no; band_gap_retention=0.96; freq_robust=no; AD-vs-AD pairs unverified against mesh noise
2026-09-27T17:49:21+00:00,7ca77f1,A,A-sphere7-ring6-hfss,hfss-v1-masked,three_merged:Normal|Mild+Moderate(Mild+Moderate)|Severe,M6,M6.A[4.10]: <A> in 50 MHz sub-band from 4.10 GHz,1,none-fisher,ideal,none (noisy realisations of 1 sim/stage),Normal:1|Mild+Moderate:2|Severe:1,2000,,,,1.188277526746195,0.2970761505594047,,,weakest=Mild+Moderate|Severe; J_eff_min=0.58; gap/port_min=1.5; gap/mesh=pending; bayes_err_max=0.22; shift_robust=no; band_gap_retention=0.95; freq_robust=no; AD-vs-AD pairs unverified against mesh noise
2026-09-27T17:49:21+00:00,7ca77f1,A,A-sphere7-ring6-hfss,hfss-v1-masked,three_merged:Normal|Mild+Moderate(Mild+Moderate)|Severe,M6,M6.N[4.10]: <N> in 50 MHz sub-band from 4.10 GHz,1,none-fisher,ideal,none (noisy realisations of 1 sim/stage),Normal:1|Mild+Moderate:2|Severe:1,2000,,,,1.1884037496012263,0.2971076912848521,,,weakest=Mild+Moderate|Severe; J_eff_min=0.58; gap/port_min=1.5; gap/mesh=pending; bayes_err_max=0.22; shift_robust=no; band_gap_retention=0.95; freq_robust=no; AD-vs-AD pairs unverified against mesh noise
2026-09-27T17:49:21+00:00,7ca77f1,A,A-sphere7-ring6-hfss,hfss-v1-masked,three_merged:Normal|Mild+Moderate(Mild+Moderate)|Severe,M6,M6.A[4.15]: <A> in 50 MHz sub-band from 4.15 GHz,1,none-fisher,ideal,none (noisy realisations of 1 sim/stage),Normal:1|Mild+Moderate:2|Severe:1,2000,,,,0.2590862660363719,0.06563131100566504,,,weakest=Mild+Moderate|Severe; J_eff_min=0.157; gap/port_min=0.89; gap/mesh=pending; bayes_err_max=0.359; shift_robust=no; band_gap_retention=0.95; freq_robust=no; AD-vs-AD pairs unverified against mesh noise
2026-09-27T17:49:21+00:00,7ca77f1,A,A-sphere7-ring6-hfss,hfss-v1-masked,three_merged:Normal|Mild+Moderate(Mild+Moderate)|Severe,M6,M6.N[4.15]: <N> in 50 MHz sub-band from 4.15 GHz,1,none-fisher,ideal,none (noisy realisations of 1 sim/stage),Normal:1|Mild+Moderate:2|Severe:1,2000,,,,0.25913553226666286,0.0656435401423117,,,weakest=Mild+Moderate|Severe; J_eff_min=0.157; gap/port_min=0.89; gap/mesh=pending; bayes_err_max=0.359; shift_robust=no; band_gap_retention=0.95; freq_robust=no; AD-vs-AD pairs unverified against mesh noise
2026-09-27T17:49:21+00:00,7ca77f1,A,A-sphere7-ring6-hfss,hfss-v1-masked,three_merged:Normal|Mild+Moderate(Mild+Moderate)|Severe,M7,"M7.D: <Σ_j|S_ji - S_ref,ji|^2>_B, ref = circulant(Normal)",1,none-fisher,ideal,none (noisy realisations of 1 sim/stage),Normal:1|Mild+Moderate:2|Severe:1,2000,,,,22.990104126658824,6.696464577941142,,,weakest=Mild+Moderate|Severe; J_eff_min=1.62; gap/port_min=1.87; gap/mesh=pending; bayes_err_max=2.44e-06; shift_robust=no; band_gap_retention=0.92; freq_robust=no; AD-vs-AD pairs unverified against mesh noise
2026-09-27T17:49:21+00:00,7ca77f1,A,A-sphere7-ring6-hfss,hfss-v1-masked,three_merged:Normal|Mild+Moderate(Mild+Moderate)|Severe,M7,"M7.D_pow: <Σ_j(|S_ji|^2 - |S_ref,ji|^2)^2>_B (phase-free)",1,none-fisher,ideal,none (noisy realisations of 1 sim/stage),Normal:1|Mild+Moderate:2|Severe:1,2000,,,,170.6315427860344,42.870539221954246,,,weakest=Mild+Moderate|Severe; J_eff_min=5.03; gap/port_min=3.22; gap/mesh=pending; bayes_err_max=1.36e-24; shift_robust=no; band_gap_retention=0.79; freq_robust=no; AD-vs-AD pairs unverified against mesh noise
2026-09-27T17:49:21+00:00,7ca77f1,A,A-sphere7-ring6-hfss,hfss-v1-masked,three_merged:Normal|Mild+Moderate(Mild+Moderate)|Severe,M7,"M7.D0: <|S_(i±0,i) - ref|^2>_B",1,none-fisher,ideal,none (noisy realisations of 1 sim/stage),Normal:1|Mild+Moderate:2|Severe:1,2000,,,,23.296509562219512,6.766241529233042,,,weakest=Mild+Moderate|Severe; J_eff_min=1.61; gap/port_min=1.86; gap/mesh=pending; bayes_err_max=2.18e-06; shift_robust=no; band_gap_retention=0.92; freq_robust=no; AD-vs-AD pairs unverified against mesh noise
2026-09-27T17:49:21+00:00,7ca77f1,A,A-sphere7-ring6-hfss,hfss-v1-masked,three_merged:Normal|Mild+Moderate(Mild+Moderate)|Severe,M7,"M7.D1: <|S_(i±1,i) - ref|^2>_B",1,none-fisher,ideal,none (noisy realisations of 1 sim/stage),Normal:1|Mild+Moderate:2|Severe:1,2000,,,,3.9557488585580187,2.5835089897460577,,,weakest=Mild+Moderate|Severe; J_eff_min=0.167; gap/port_min=0.591; gap/mesh=pending; bayes_err_max=0.00421; shift_robust=no; band_gap_retention=1.06; freq_robust=no; AD-vs-AD pairs unverified against mesh noise
2026-09-27T17:49:21+00:00,7ca77f1,A,A-sphere7-ring6-hfss,hfss-v1-masked,three_merged:Normal|Mild+Moderate(Mild+Moderate)|Severe,M7,"M7.D2: <|S_(i±2,i) - ref|^2>_B",1,none-fisher,ideal,none (noisy realisations of 1 sim/stage),Normal:1|Mild+Moderate:2|Severe:1,2000,,,,255.28067327810578,64.84755677007442,,,weakest=Mild+Moderate|Severe; J_eff_min=2.11; gap/port_min=2.06; gap/mesh=pending; bayes_err_max=1.21e-51; shift_robust=no; band_gap_retention=1.05; freq_robust=no; AD-vs-AD pairs unverified against mesh noise
2026-09-27T17:49:21+00:00,7ca77f1,A,A-sphere7-ring6-hfss,hfss-v1-masked,three_merged:Normal|Mild+Moderate(Mild+Moderate)|Severe,M7,"M7.D3: <|S_(i±3,i) - ref|^2>_B",1,none-fisher,ideal,none (noisy realisations of 1 sim/stage),Normal:1|Mild+Moderate:2|Severe:1,2000,,,,253.87574960575176,64.44727717344843,,,weakest=Mild+Moderate|Severe; J_eff_min=2.91; gap/port_min=2.43; gap/mesh=pending; bayes_err_max=8.47e-51; shift_robust=no; band_gap_retention=1.10; freq_robust=no; AD-vs-AD pairs unverified against mesh noise
2026-09-27T17:49:21+00:00,7ca77f1,A,A-sphere7-ring6-hfss,hfss-v1-masked,three_merged:Normal|Mild+Moderate(Mild+Moderate)|Severe,M7,"M7.D3[k3]: <|S_(i+3,i) - ref|^2> over k3 window",1,none-fisher,ideal,none (noisy realisations of 1 sim/stage),Normal:1|Mild+Moderate:2|Severe:1,2000,,,,244.06236051765507,61.952007764697996,,,weakest=Mild+Moderate|Severe; J_eff_min=4.26; gap/port_min=2.95; gap/mesh=pending; bayes_err_max=2.04e-48; shift_robust=no; band_gap_retention=0.88; freq_robust=no; AD-vs-AD pairs unverified against mesh noise
2026-09-27T17:49:21+00:00,7ca77f1,A,A-sphere7-ring6-hfss,hfss-v1-masked,three_merged:Normal|Mild+Moderate(Mild+Moderate)|Severe,M8,M8.s1^2: <s_1(S)^2>_B (singular value),1,none-fisher,ideal,none (noisy realisations of 1 sim/stage),Normal:1|Mild+Moderate:2|Severe:1,2000,,,,0.6530315606438141,0.9492929646863517,,,weakest=Mild+Moderate|Severe; J_eff_min=nan; gap/port_min=nan; gap/mesh=pending; bayes_err_max=0.0795; shift_robust=no; band_gap_retention=-0.69; freq_robust=no; AD-vs-AD pairs unverified against mesh noise; matrix-level: no per-antenna port-noise estimate
2026-09-27T17:49:21+00:00,7ca77f1,A,A-sphere7-ring6-hfss,hfss-v1-masked,three_merged:Normal|Mild+Moderate(Mild+Moderate)|Severe,M8,M8.s2^2: <s_2(S)^2>_B (singular value),1,none-fisher,ideal,none (noisy realisations of 1 sim/stage),Normal:1|Mild+Moderate:2|Severe:1,2000,,,,0.7151547861473164,0.3390922792235691,,,weakest=Mild+Moderate|Severe; J_eff_min=nan; gap/port_min=nan; gap/mesh=pending; bayes_err_max=0.219; shift_robust=no; band_gap_retention=-2.37; freq_robust=no; AD-vs-AD pairs unverified against mesh noise; matrix-level: no per-antenna port-noise estimate
2026-09-27T17:49:21+00:00,7ca77f1,A,A-sphere7-ring6-hfss,hfss-v1-masked,three_merged:Normal|Mild+Moderate(Mild+Moderate)|Severe,M8,M8.s3^2: <s_3(S)^2>_B (singular value),1,none-fisher,ideal,none (noisy realisations of 1 sim/stage),Normal:1|Mild+Moderate:2|Severe:1,2000,,,,0.00022755018292878662,0.22401696203534474,,,weakest=Mild+Moderate|Severe; J_eff_min=nan; gap/port_min=nan; gap/mesh=pending; bayes_err_max=0.273; shift_robust=no; band_gap_retention=0.35; freq_robust=no; AD-vs-AD pairs unverified against mesh noise; matrix-level: no per-antenna port-noise estimate
2026-09-27T17:49:21+00:00,7ca77f1,A,A-sphere7-ring6-hfss,hfss-v1-masked,three_merged:Normal|Mild+Moderate(Mild+Moderate)|Severe,M8,M8.s4^2: <s_4(S)^2>_B (singular value),1,none-fisher,ideal,none (noisy realisations of 1 sim/stage),Normal:1|Mild+Moderate:2|Severe:1,2000,,,,1.7971105202637607,0.4500893829981835,,,weakest=Mild+Moderate|Severe; J_eff_min=nan; gap/port_min=nan; gap/mesh=pending; bayes_err_max=0.171; shift_robust=no; band_gap_retention=-0.03; freq_robust=no; AD-vs-AD pairs unverified against mesh noise; matrix-level: no per-antenna port-noise estimate
2026-09-27T17:49:21+00:00,7ca77f1,A,A-sphere7-ring6-hfss,hfss-v1-masked,three_merged:Normal|Mild+Moderate(Mild+Moderate)|Severe,M8,M8.s5^2: <s_5(S)^2>_B (singular value),1,none-fisher,ideal,none (noisy realisations of 1 sim/stage),Normal:1|Mild+Moderate:2|Severe:1,2000,,,,8.679085488207686,2.1932850998312317,,,weakest=Mild+Moderate|Severe; J_eff_min=nan; gap/port_min=nan; gap/mesh=pending; bayes_err_max=0.0173; shift_robust=no; band_gap_retention=0.55; freq_robust=no; AD-vs-AD pairs unverified against mesh noise; matrix-level: no per-antenna port-noise estimate
2026-09-27T17:49:21+00:00,7ca77f1,A,A-sphere7-ring6-hfss,hfss-v1-masked,three_merged:Normal|Mild+Moderate(Mild+Moderate)|Severe,M8,M8.s6^2: <s_6(S)^2>_B (singular value),1,none-fisher,ideal,none (noisy realisations of 1 sim/stage),Normal:1|Mild+Moderate:2|Severe:1,2000,,,,1.1004175698886767,0.6904458393000146,,,weakest=Mild+Moderate|Severe; J_eff_min=nan; gap/port_min=nan; gap/mesh=pending; bayes_err_max=0.123; shift_robust=no; band_gap_retention=0.47; freq_robust=no; AD-vs-AD pairs unverified against mesh noise; matrix-level: no per-antenna port-noise estimate
2026-09-27T17:49:21+00:00,7ca77f1,A,A-sphere7-ring6-hfss,hfss-v1-masked,three_merged:Normal|Mild+Moderate(Mild+Moderate)|Severe,M8,M8.lam0^2: <|λ_0|^2> circulant mode 0 (full),1,none-fisher,ideal,none (noisy realisations of 1 sim/stage),Normal:1|Mild+Moderate:2|Severe:1,2000,,,,2.8480042479292007,0.9170998429861298,,,weakest=Mild+Moderate|Severe; J_eff_min=0.0879; gap/port_min=0.426; gap/mesh=pending; bayes_err_max=0.0831; shift_robust=no; band_gap_retention=0.44; freq_robust=no; AD-vs-AD pairs unverified against mesh noise
2026-09-27T17:49:21+00:00,7ca77f1,A,A-sphere7-ring6-hfss,hfss-v1-masked,three_merged:Normal|Mild+Moderate(Mild+Moderate)|Severe,M8,M8.lam1^2: <|λ_1|^2> circulant mode 1 (full),1,none-fisher,ideal,none (noisy realisations of 1 sim/stage),Normal:1|Mild+Moderate:2|Severe:1,2000,,,,2.3054419283346705,0.8031313836176971,,,weakest=Mild+Moderate|Severe; J_eff_min=0.0791; gap/port_min=0.405; gap/mesh=pending; bayes_err_max=0.1; shift_robust=no; band_gap_retention=0.37; freq_robust=no; AD-vs-AD pairs unverified against mesh noise
2026-09-27T17:49:21+00:00,7ca77f1,A,A-sphere7-ring6-hfss,hfss-v1-masked,three_merged:Normal|Mild+Moderate(Mild+Moderate)|Severe,M8,M8.lam2^2: <|λ_2|^2> circulant mode 2 (full),1,none-fisher,ideal,none (noisy realisations of 1 sim/stage),Normal:1|Mild+Moderate:2|Severe:1,2000,,,,4.273575536543762,1.2319905123851504,,,weakest=Mild+Moderate|Severe; J_eff_min=0.116; gap/port_min=0.488; gap/mesh=pending; bayes_err_max=0.0519; shift_robust=no; band_gap_retention=0.33; freq_robust=no; AD-vs-AD pairs unverified against mesh noise
2026-09-27T17:49:21+00:00,7ca77f1,A,A-sphere7-ring6-hfss,hfss-v1-masked,three_merged:Normal|Mild+Moderate(Mild+Moderate)|Severe,M8,M8.lam3^2: <|λ_3|^2> circulant mode 3 (full),1,none-fisher,ideal,none (noisy realisations of 1 sim/stage),Normal:1|Mild+Moderate:2|Severe:1,2000,,,,7.8649867471228045,2.1171667971720294,,,weakest=Mild+Moderate|Severe; J_eff_min=0.199; gap/port_min=0.639; gap/mesh=pending; bayes_err_max=0.0153; shift_robust=no; band_gap_retention=0.28; freq_robust=no; AD-vs-AD pairs unverified against mesh noise
2026-09-27T17:49:21+00:00,7ca77f1,A,A-sphere7-ring6-hfss,hfss-v1-masked,three_merged:Normal|Mild+Moderate(Mild+Moderate)|Severe,M8,M8.lam0^2[k3]: <|λ_0|^2> circulant mode 0 (k3),1,none-fisher,ideal,none (noisy realisations of 1 sim/stage),Normal:1|Mild+Moderate:2|Severe:1,2000,,,,372.10407601434196,93.5254748712741,,,weakest=Mild+Moderate|Severe; J_eff_min=2.32; gap/port_min=2.16; gap/mesh=pending; bayes_err_max=1.65e-61; shift_robust=no; band_gap_retention=0.85; freq_robust=no; AD-vs-AD pairs unverified against mesh noise
2026-09-27T17:49:21+00:00,7ca77f1,A,A-sphere7-ring6-hfss,hfss-v1-masked,three_merged:Normal|Mild+Moderate(Mild+Moderate)|Severe,M8,M8.lam1^2[k3]: <|λ_1|^2> circulant mode 1 (k3),1,none-fisher,ideal,none (noisy realisations of 1 sim/stage),Normal:1|Mild+Moderate:2|Severe:1,2000,,,,295.6011069301849,74.4598764744279,,,weakest=Mild+Moderate|Severe; J_eff_min=2.23; gap/port_min=2.12; gap/mesh=pending; bayes_err_max=8.21e-51; shift_robust=no; band_gap_retention=0.86; freq_robust=no; AD-vs-AD pairs unverified against mesh noise
2026-09-27T17:49:21+00:00,7ca77f1,A,A-sphere7-ring6-hfss,hfss-v1-masked,three_merged:Normal|Mild+Moderate(Mild+Moderate)|Severe,M8,M8.lam2^2[k3]: <|λ_2|^2> circulant mode 2 (k3),1,none-fisher,ideal,none (noisy realisations of 1 sim/stage),Normal:1|Mild+Moderate:2|Severe:1,2000,,,,217.27068125479695,54.9317744128755,,,weakest=Mild+Moderate|Severe; J_eff_min=1.89; gap/port_min=1.95; gap/mesh=pending; bayes_err_max=7.22e-39; shift_robust=no; band_gap_retention=0.85; freq_robust=no; AD-vs-AD pairs unverified against mesh noise
2026-09-27T17:49:21+00:00,7ca77f1,A,A-sphere7-ring6-hfss,hfss-v1-masked,three_merged:Normal|Mild+Moderate(Mild+Moderate)|Severe,M8,M8.lam3^2[k3]: <|λ_3|^2> circulant mode 3 (k3),1,none-fisher,ideal,none (noisy realisations of 1 sim/stage),Normal:1|Mild+Moderate:2|Severe:1,2000,,,,257.04960023279364,64.8424086842037,,,weakest=Mild+Moderate|Severe; J_eff_min=1.9; gap/port_min=1.96; gap/mesh=pending; bayes_err_max=6.76e-45; shift_robust=no; band_gap_retention=0.85; freq_robust=no; AD-vs-AD pairs unverified against mesh noise
2026-09-27T17:49:21+00:00,7ca77f1,A,A-sphere7-ring6-hfss,hfss-v1-masked,three_merged:Normal|Mild+Moderate(Mild+Moderate)|Severe,M0,M0.old_score: mean_B Σ_{j≠i}|S_ii+S_ij|/VSWR_i,1,none-fisher,good,none (noisy realisations of 1 sim/stage),Normal:1|Mild+Moderate:2|Severe:1,2000,,,,4.394068701025223,1.173729896072587,,,weakest=Mild+Moderate|Severe; J_eff_min=0.605; gap/port_min=1.18; gap/mesh=pending; bayes_err_max=0.0593; shift_robust=no; band_gap_retention=0.65; freq_robust=no; AD-vs-AD pairs unverified against mesh noise; baseline only; not a physical quantity
2026-09-27T17:49:21+00:00,7ca77f1,A,A-sphere7-ring6-hfss,hfss-v1-masked,three_merged:Normal|Mild+Moderate(Mild+Moderate)|Severe,M1,M1.Sii_dBavg: mean_B 20log10|S_ii|,1,none-fisher,good,none (noisy realisations of 1 sim/stage),Normal:1|Mild+Moderate:2|Severe:1,2000,,,,0.39573249862131193,0.1351889661791766,,,weakest=Mild+Moderate|Severe; J_eff_min=0.00246; gap/port_min=0.0703; gap/mesh=pending; bayes_err_max=0.302; shift_robust=no; band_gap_retention=0.14; freq_robust=no; AD-vs-AD pairs unverified against mesh noise; dB averaging; shown for fragility
2026-09-27T17:49:21+00:00,7ca77f1,A,A-sphere7-ring6-hfss,hfss-v1-masked,three_merged:Normal|Mild+Moderate(Mild+Moderate)|Severe,M2,M2.R: <|S_ii|^2>_B,1,none-fisher,good,none (noisy realisations of 1 sim/stage),Normal:1|Mild+Moderate:2|Severe:1,2000,,,,1.92270949100772,0.5257830183047125,,,weakest=Mild+Moderate|Severe; J_eff_min=0.105; gap/port_min=0.472; gap/mesh=pending; bayes_err_max=0.153; shift_robust=no; band_gap_retention=0.34; freq_robust=no; AD-vs-AD pairs unverified against mesh noise
2026-09-27T17:49:21+00:00,7ca77f1,A,A-sphere7-ring6-hfss,hfss-v1-masked,three_merged:Normal|Mild+Moderate(Mild+Moderate)|Severe,M2,M2.R[k3]: <|S_ii|^2> over k3 window,1,none-fisher,good,none (noisy realisations of 1 sim/stage),Normal:1|Mild+Moderate:2|Severe:1,2000,,,,231.31073383321407,58.066885448043,,,weakest=Mild+Moderate|Severe; J_eff_min=2.09; gap/port_min=2.05; gap/mesh=pending; bayes_err_max=2.87e-33; shift_robust=no; band_gap_retention=0.85; freq_robust=no; AD-vs-AD pairs unverified against mesh noise
2026-09-27T17:49:21+00:00,7ca77f1,A,A-sphere7-ring6-hfss,hfss-v1-masked,three_merged:Normal|Mild+Moderate(Mild+Moderate)|Severe,M3,M3.A: <1-|S_ii|^2>_B,1,none-fisher,good,none (noisy realisations of 1 sim/stage),Normal:1|Mild+Moderate:2|Severe:1,2000,,,,1.922709491007715,0.5257830183047046,,,weakest=Mild+Moderate|Severe; J_eff_min=0.105; gap/port_min=0.472; gap/mesh=pending; bayes_err_max=0.153; shift_robust=no; band_gap_retention=0.34; freq_robust=no; AD-vs-AD pairs unverified against mesh noise; affine copy of M2.R (identical separability)
2026-09-27T17:49:21+00:00,7ca77f1,A,A-sphere7-ring6-hfss,hfss-v1-masked,three_merged:Normal|Mild+Moderate(Mild+Moderate)|Severe,M3,M3.ML_of_powavg: -10log10<A>_B (dB),1,none-fisher,good,none (noisy realisations of 1 sim/stage),Normal:1|Mild+Moderate:2|Severe:1,2000,,,,1.9019899272597192,0.5210108544276328,,,weakest=Mild+Moderate|Severe; J_eff_min=0.104; gap/port_min=0.47; gap/mesh=pending; bayes_err_max=0.154; shift_robust=no; band_gap_retention=0.33; freq_robust=no; AD-vs-AD pairs unverified against mesh noise
2026-09-27T17:49:21+00:00,7ca77f1,A,A-sphere7-ring6-hfss,hfss-v1-masked,three_merged:Normal|Mild+Moderate(Mild+Moderate)|Severe,M3,M3.ML_dBavg: <-10log10 A>_B (dB-averaged ML),1,none-fisher,good,none (noisy realisations of 1 sim/stage),Normal:1|Mild+Moderate:2|Severe:1,2000,,,,5.0661747076878365,1.2676745052068124,,,weakest=Mild+Moderate|Severe; J_eff_min=0.788; gap/port_min=1.37; gap/mesh=pending; bayes_err_max=0.0556; shift_robust=no; band_gap_retention=0.76; freq_robust=no; AD-vs-AD pairs unverified against mesh noise; dB averaging; comparison only
2026-09-27T17:49:21+00:00,7ca77f1,A,A-sphere7-ring6-hfss,hfss-v1-masked,three_merged:Normal|Mild+Moderate(Mild+Moderate)|Severe,M4,M4.N: <1-Σ_j|S_ji|^2>_B (absorbed+radiated+loss),1,none-fisher,good,none (noisy realisations of 1 sim/stage),Normal:1|Mild+Moderate:2|Severe:1,2000,,,,2.0712146999914367,0.5610488262105484,,,weakest=Mild+Moderate|Severe; J_eff_min=0.112; gap/port_min=0.486; gap/mesh=pending; bayes_err_max=0.145; shift_robust=no; band_gap_retention=0.36; freq_robust=no; AD-vs-AD pairs unverified against mesh noise
2026-09-27T17:49:21+00:00,7ca77f1,A,A-sphere7-ring6-hfss,hfss-v1-masked,three_merged:Normal|Mild+Moderate(Mild+Moderate)|Severe,M4,M4.N[k3]: <N> over k3 window,1,none-fisher,good,none (noisy realisations of 1 sim/stage),Normal:1|Mild+Moderate:2|Severe:1,2000,,,,231.51566849325795,58.11555412740111,,,weakest=Mild+Moderate|Severe; J_eff_min=2.07; gap/port_min=2.05; gap/mesh=pending; bayes_err_max=3.1e-33; shift_robust=no; band_gap_retention=0.85; freq_robust=no; AD-vs-AD pairs unverified against mesh noise
2026-09-27T17:49:21+00:00,7ca77f1,A,A-sphere7-ring6-hfss,hfss-v1-masked,three_merged:Normal|Mild+Moderate(Mild+Moderate)|Severe,M5,M5.C: <Σ_(j≠i)|S_ji|^2> (full),1,none-fisher,good,none (noisy realisations of 1 sim/stage),Normal:1|Mild+Moderate:2|Severe:1,2000,,,,4.188954087196138,2.2796674412570743,,,weakest=Normal|Mild+Moderate; J_eff_min=0.74; gap/port_min=1.34; gap/mesh=pending; bayes_err_max=0.00739; shift_robust=yes; band_gap_retention=1.11; freq_robust=no; AD-vs-AD pairs unverified against mesh noise
2026-09-27T17:49:21+00:00,7ca77f1,A,A-sphere7-ring6-hfss,hfss-v1-masked,three_merged:Normal|Mild+Moderate(Mild+Moderate)|Severe,M5,"M5.C1: <|S_(i±1,i)|^2> (full)",1,none-fisher,good,none (noisy realisations of 1 sim/stage),Normal:1|Mild+Moderate:2|Severe:1,2000,,,,2.956289765706571,1.9877476402823229,,,weakest=Normal|Mild+Moderate; J_eff_min=0.541; gap/port_min=1.15; gap/mesh=pending; bayes_err_max=0.0126; shift_robust=yes; band_gap_retention=1.11; freq_robust=no; AD-vs-AD pairs unverified against mesh noise
2026-09-27T17:49:21+00:00,7ca77f1,A,A-sphere7-ring6-hfss,hfss-v1-masked,three_merged:Normal|Mild+Moderate(Mild+Moderate)|Severe,M5,"M5.C2: <|S_(i±2,i)|^2> (full)",1,none-fisher,good,none (noisy realisations of 1 sim/stage),Normal:1|Mild+Moderate:2|Severe:1,2000,,,,17.134878562254087,5.381179348717491,,,weakest=Normal|Mild+Moderate; J_eff_min=1.6; gap/port_min=1.88; gap/mesh=pending; bayes_err_max=2.39e-05; shift_robust=yes; band_gap_retention=0.99; freq_robust=no; AD-vs-AD pairs unverified against mesh noise
2026-09-27T17:49:21+00:00,7ca77f1,A,A-sphere7-ring6-hfss,hfss-v1-masked,three_merged:Normal|Mild+Moderate(Mild+Moderate)|Severe,M5,"M5.C3: <|S_(i±3,i)|^2> (full)",1,none-fisher,good,none (noisy realisations of 1 sim/stage),Normal:1|Mild+Moderate:2|Severe:1,2000,,,,3.8452889577249096,1.6756529877348982,,,weakest=Mild+Moderate|Severe; J_eff_min=0.0403; gap/port_min=0.285; gap/mesh=pending; bayes_err_max=0.0224; shift_robust=yes; band_gap_retention=0.73; freq_robust=no; AD-vs-AD pairs unverified against mesh noise
2026-09-27T17:49:21+00:00,7ca77f1,A,A-sphere7-ring6-hfss,hfss-v1-masked,three_merged:Normal|Mild+Moderate(Mild+Moderate)|Severe,M5,M5.C[k3]: <Σ_(j≠i)|S_ji|^2> (k3),1,none-fisher,good,none (noisy realisations of 1 sim/stage),Normal:1|Mild+Moderate:2|Severe:1,2000,,,,34.229696061437124,9.173653762251432,,,weakest=Normal|Mild+Moderate; J_eff_min=0.319; gap/port_min=0.802; gap/mesh=pending; bayes_err_max=9.61e-08; shift_robust=no; band_gap_retention=0.66; freq_robust=no; AD-vs-AD pairs unverified against mesh noise
2026-09-27T17:49:21+00:00,7ca77f1,A,A-sphere7-ring6-hfss,hfss-v1-masked,three_merged:Normal|Mild+Moderate(Mild+Moderate)|Severe,M5,"M5.C1[k3]: <|S_(i±1,i)|^2> (k3)",1,none-fisher,good,none (noisy realisations of 1 sim/stage),Normal:1|Mild+Moderate:2|Severe:1,2000,,,,15.980239724449579,4.6664000042606615,,,weakest=Normal|Mild+Moderate; J_eff_min=0.187; gap/port_min=0.615; gap/mesh=pending; bayes_err_max=0.000131; shift_robust=no; band_gap_retention=0.55; freq_robust=no; AD-vs-AD pairs unverified against mesh noise
2026-09-27T17:49:21+00:00,7ca77f1,A,A-sphere7-ring6-hfss,hfss-v1-masked,three_merged:Normal|Mild+Moderate(Mild+Moderate)|Severe,M5,"M5.C2[k3]: <|S_(i±2,i)|^2> (k3)",1,none-fisher,good,none (noisy realisations of 1 sim/stage),Normal:1|Mild+Moderate:2|Severe:1,2000,,,,9.142185110516905,3.2814868248442197,,,weakest=Normal|Mild+Moderate; J_eff_min=1.01; gap/port_min=1.5; gap/mesh=pending; bayes_err_max=0.0012; shift_robust=yes; band_gap_retention=0.61; freq_robust=no; AD-vs-AD pairs unverified against mesh noise
2026-09-27T17:49:21+00:00,7ca77f1,A,A-sphere7-ring6-hfss,hfss-v1-masked,three_merged:Normal|Mild+Moderate(Mild+Moderate)|Severe,M5,"M5.C3[k3]: <|S_(i±3,i)|^2> (k3)",1,none-fisher,good,none (noisy realisations of 1 sim/stage),Normal:1|Mild+Moderate:2|Severe:1,2000,,,,1.2211683373719486,1.0207530783668142,,,weakest=Mild+Moderate|Severe; J_eff_min=0.0173; gap/port_min=0.188; gap/mesh=pending; bayes_err_max=0.0702; shift_robust=no; band_gap_retention=0.43; freq_robust=no; AD-vs-AD pairs unverified against mesh noise
2026-09-27T17:49:21+00:00,7ca77f1,A,A-sphere7-ring6-hfss,hfss-v1-masked,three_merged:Normal|Mild+Moderate(Mild+Moderate)|Severe,M5,"M5.C3_dBavg[k3]: mean over k3 window of 10log10|S_(i+3,i)|^2",1,none-fisher,good,none (noisy realisations of 1 sim/stage),Normal:1|Mild+Moderate:2|Severe:1,2000,,,,0.11259945344510702,0.8468165601337112,,,weakest=Mild+Moderate|Severe; J_eff_min=0.00167; gap/port_min=0.0582; gap/mesh=pending; bayes_err_max=0.0947; shift_robust=no; band_gap_retention=-1.70; freq_robust=no; AD-vs-AD pairs unverified against mesh noise; dB averaging; comparison only
2026-09-27T17:49:21+00:00,7ca77f1,A,A-sphere7-ring6-hfss,hfss-v1-masked,three_merged:Normal|Mild+Moderate(Mild+Moderate)|Severe,M6,M6.fc_A: power-weighted centroid of A(f) [GHz],1,none-fisher,good,none (noisy realisations of 1 sim/stage),Normal:1|Mild+Moderate:2|Severe:1,2000,,,,16.87201457973572,4.218858717258797,,,weakest=Normal|Mild+Moderate; J_eff_min=0.49; gap/port_min=1.01; gap/mesh=pending; bayes_err_max=0.00183; shift_robust=no; band_gap_retention=0.79; freq_robust=no; AD-vs-AD pairs unverified against mesh noise
2026-09-27T17:49:21+00:00,7ca77f1,A,A-sphere7-ring6-hfss,hfss-v1-masked,three_merged:Normal|Mild+Moderate(Mild+Moderate)|Severe,M6,M6.spread_A: spectral spread of A(f) [MHz],1,none-fisher,good,none (noisy realisations of 1 sim/stage),Normal:1|Mild+Moderate:2|Severe:1,2000,,,,4.1859821356320985,1.04655205328128,,,weakest=Mild+Moderate|Severe; J_eff_min=1.77; gap/port_min=2.48; gap/mesh=pending; bayes_err_max=0.074; shift_robust=no; band_gap_retention=0.27; freq_robust=no; AD-vs-AD pairs unverified against mesh noise
2026-09-27T17:49:21+00:00,7ca77f1,A,A-sphere7-ring6-hfss,hfss-v1-masked,three_merged:Normal|Mild+Moderate(Mild+Moderate)|Severe,M6,M6.fc_N: power-weighted centroid of N(f) [GHz],1,none-fisher,good,none (noisy realisations of 1 sim/stage),Normal:1|Mild+Moderate:2|Severe:1,2000,,,,16.91372268901026,4.229287000874651,,,weakest=Normal|Mild+Moderate; J_eff_min=0.492; gap/port_min=1.01; gap/mesh=pending; bayes_err_max=0.00181; shift_robust=no; band_gap_retention=0.79; freq_robust=no; AD-vs-AD pairs unverified against mesh noise
2026-09-27T17:49:21+00:00,7ca77f1,A,A-sphere7-ring6-hfss,hfss-v1-masked,three_merged:Normal|Mild+Moderate(Mild+Moderate)|Severe,M6,M6.spread_N: spectral spread of N(f) [MHz],1,none-fisher,good,none (noisy realisations of 1 sim/stage),Normal:1|Mild+Moderate:2|Severe:1,2000,,,,4.131021008385672,1.032818340711213,,,weakest=Mild+Moderate|Severe; J_eff_min=1.75; gap/port_min=2.46; gap/mesh=pending; bayes_err_max=0.0753; shift_robust=no; band_gap_retention=0.27; freq_robust=no; AD-vs-AD pairs unverified against mesh noise
2026-09-27T17:49:21+00:00,7ca77f1,A,A-sphere7-ring6-hfss,hfss-v1-masked,three_merged:Normal|Mild+Moderate(Mild+Moderate)|Severe,M6,M6.A[3.20]: <A> in 50 MHz sub-band from 3.20 GHz,1,none-fisher,good,none (noisy realisations of 1 sim/stage),Normal:1|Mild+Moderate:2|Severe:1,2000,,,,12.33817607227246,3.0847663158512084,,,weakest=Mild+Moderate|Severe; J_eff_min=2.59; gap/port_min=2.56; gap/mesh=pending; bayes_err_max=0.00649; shift_robust=no; band_gap_retention=0.96; freq_robust=no; AD-vs-AD pairs unverified against mesh noise
2026-09-27T17:49:21+00:00,7ca77f1,A,A-sphere7-ring6-hfss,hfss-v1-masked,three_merged:Normal|Mild+Moderate(Mild+Moderate)|Severe,M6,M6.N[3.20]: <N> in 50 MHz sub-band from 3.20 GHz,1,none-fisher,good,none (noisy realisations of 1 sim/stage),Normal:1|Mild+Moderate:2|Severe:1,2000,,,,12.334998520485188,3.083971595710664,,,weakest=Mild+Moderate|Severe; J_eff_min=2.59; gap/port_min=2.56; gap/mesh=pending; bayes_err_max=0.0065; shift_robust=no; band_gap_retention=0.96; freq_robust=no; AD-vs-AD pairs unverified against mesh noise
2026-09-27T17:49:21+00:00,7ca77f1,A,A-sphere7-ring6-hfss,hfss-v1-masked,three_merged:Normal|Mild+Moderate(Mild+Moderate)|Severe,M6,M6.A[3.25]: <A> in 50 MHz sub-band from 3.25 GHz,1,none-fisher,good,none (noisy realisations of 1 sim/stage),Normal:1|Mild+Moderate:2|Severe:1,2000,,,,1.9981705151843385,0.5000438374991449,,,weakest=Mild+Moderate|Severe; J_eff_min=0.184; gap/port_min=0.637; gap/mesh=pending; bayes_err_max=0.159; shift_robust=no; band_gap_retention=0.71; freq_robust=no; AD-vs-AD pairs unverified against mesh noise
2026-09-27T17:49:21+00:00,7ca77f1,A,A-sphere7-ring6-hfss,hfss-v1-masked,three_merged:Normal|Mild+Moderate(Mild+Moderate)|Severe,M6,M6.N[3.25]: <N> in 50 MHz sub-band from 3.25 GHz,1,none-fisher,good,none (noisy realisations of 1 sim/stage),Normal:1|Mild+Moderate:2|Severe:1,2000,,,,1.9994323724251184,0.5003544176516316,,,weakest=Mild+Moderate|Severe; J_eff_min=0.184; gap/port_min=0.638; gap/mesh=pending; bayes_err_max=0.159; shift_robust=no; band_gap_retention=0.71; freq_robust=no; AD-vs-AD pairs unverified against mesh noise
2026-09-27T17:49:21+00:00,7ca77f1,A,A-sphere7-ring6-hfss,hfss-v1-masked,three_merged:Normal|Mild+Moderate(Mild+Moderate)|Severe,M6,M6.A[3.30]: <A> in 50 MHz sub-band from 3.30 GHz,1,none-fisher,good,none (noisy realisations of 1 sim/stage),Normal:1|Mild+Moderate:2|Severe:1,2000,,,,20.216202863698292,5.081477442159614,,,weakest=Mild+Moderate|Severe; J_eff_min=0.913; gap/port_min=1.38; gap/mesh=pending; bayes_err_max=0.000626; shift_robust=no; band_gap_retention=0.62; freq_robust=no; AD-vs-AD pairs unverified against mesh noise
2026-09-27T17:49:21+00:00,7ca77f1,A,A-sphere7-ring6-hfss,hfss-v1-masked,three_merged:Normal|Mild+Moderate(Mild+Moderate)|Severe,M6,M6.N[3.30]: <N> in 50 MHz sub-band from 3.30 GHz,1,none-fisher,good,none (noisy realisations of 1 sim/stage),Normal:1|Mild+Moderate:2|Severe:1,2000,,,,20.202499451661946,5.0778769186687605,,,weakest=Mild+Moderate|Severe; J_eff_min=0.911; gap/port_min=1.38; gap/mesh=pending; bayes_err_max=0.000629; shift_robust=no; band_gap_retention=0.62; freq_robust=no; AD-vs-AD pairs unverified against mesh noise
2026-09-27T17:49:21+00:00,7ca77f1,A,A-sphere7-ring6-hfss,hfss-v1-masked,three_merged:Normal|Mild+Moderate(Mild+Moderate)|Severe,M6,M6.A[3.35]: <A> in 50 MHz sub-band from 3.35 GHz,1,none-fisher,good,none (noisy realisations of 1 sim/stage),Normal:1|Mild+Moderate:2|Severe:1,2000,,,,47.38646101865357,12.006795480905973,,,weakest=Normal|Mild+Moderate; J_eff_min=1.23; gap/port_min=1.59; gap/mesh=pending; bayes_err_max=7.39e-08; shift_robust=no; band_gap_retention=0.70; freq_robust=no; AD-vs-AD pairs unverified against mesh noise
2026-09-27T17:49:21+00:00,7ca77f1,A,A-sphere7-ring6-hfss,hfss-v1-masked,three_merged:Normal|Mild+Moderate(Mild+Moderate)|Severe,M6,M6.N[3.35]: <N> in 50 MHz sub-band from 3.35 GHz,1,none-fisher,good,none (noisy realisations of 1 sim/stage),Normal:1|Mild+Moderate:2|Severe:1,2000,,,,47.646810343600116,12.070807081124702,,,weakest=Normal|Mild+Moderate; J_eff_min=1.23; gap/port_min=1.59; gap/mesh=pending; bayes_err_max=6.92e-08; shift_robust=no; band_gap_retention=0.70; freq_robust=no; AD-vs-AD pairs unverified against mesh noise
2026-09-27T17:49:21+00:00,7ca77f1,A,A-sphere7-ring6-hfss,hfss-v1-masked,three_merged:Normal|Mild+Moderate(Mild+Moderate)|Severe,M6,M6.A[3.40]: <A> in 50 MHz sub-band from 3.40 GHz,1,none-fisher,good,none (noisy realisations of 1 sim/stage),Normal:1|Mild+Moderate:2|Severe:1,2000,,,,204.88814970111181,51.42916024238173,,,weakest=Mild+Moderate|Severe; J_eff_min=4.14; gap/port_min=2.91; gap/mesh=pending; bayes_err_max=5.22e-29; shift_robust=no; band_gap_retention=0.96; freq_robust=no; AD-vs-AD pairs unverified against mesh noise
2026-09-27T17:49:21+00:00,7ca77f1,A,A-sphere7-ring6-hfss,hfss-v1-masked,three_merged:Normal|Mild+Moderate(Mild+Moderate)|Severe,M6,M6.N[3.40]: <N> in 50 MHz sub-band from 3.40 GHz,1,none-fisher,good,none (noisy realisations of 1 sim/stage),Normal:1|Mild+Moderate:2|Severe:1,2000,,,,205.60937989185828,51.60781980561432,,,weakest=Mild+Moderate|Severe; J_eff_min=4.12; gap/port_min=2.9; gap/mesh=pending; bayes_err_max=4.55e-29; shift_robust=no; band_gap_retention=0.96; freq_robust=no; AD-vs-AD pairs unverified against mesh noise
2026-09-27T17:49:21+00:00,7ca77f1,A,A-sphere7-ring6-hfss,hfss-v1-masked,three_merged:Normal|Mild+Moderate(Mild+Moderate)|Severe,M6,M6.A[3.45]: <A> in 50 MHz sub-band from 3.45 GHz,1,none-fisher,good,none (noisy realisations of 1 sim/stage),Normal:1|Mild+Moderate:2|Severe:1,2000,,,,58.12590977711964,14.697203137285085,,,weakest=Mild+Moderate|Severe; J_eff_min=0.794; gap/port_min=1.27; gap/mesh=pending; bayes_err_max=2.75e-09; shift_robust=no; band_gap_retention=0.91; freq_robust=no; AD-vs-AD pairs unverified against mesh noise
2026-09-27T17:49:21+00:00,7ca77f1,A,A-sphere7-ring6-hfss,hfss-v1-masked,three_merged:Normal|Mild+Moderate(Mild+Moderate)|Severe,M6,M6.N[3.45]: <N> in 50 MHz sub-band from 3.45 GHz,1,none-fisher,good,none (noisy realisations of 1 sim/stage),Normal:1|Mild+Moderate:2|Severe:1,2000,,,,57.94606875837247,14.650604635756382,,,weakest=Mild+Moderate|Severe; J_eff_min=0.784; gap/port_min=1.26; gap/mesh=pending; bayes_err_max=2.97e-09; shift_robust=no; band_gap_retention=0.91; freq_robust=no; AD-vs-AD pairs unverified against mesh noise
2026-09-27T17:49:21+00:00,7ca77f1,A,A-sphere7-ring6-hfss,hfss-v1-masked,three_merged:Normal|Mild+Moderate(Mild+Moderate)|Severe,M6,M6.A[3.50]: <A> in 50 MHz sub-band from 3.50 GHz,1,none-fisher,good,none (noisy realisations of 1 sim/stage),Normal:1|Mild+Moderate:2|Severe:1,2000,,,,25.28407158483389,6.347092622146329,,,weakest=Mild+Moderate|Severe; J_eff_min=0.169; gap/port_min=0.584; gap/mesh=pending; bayes_err_max=0.000156; shift_robust=no; band_gap_retention=0.94; freq_robust=no; AD-vs-AD pairs unverified against mesh noise
2026-09-27T17:49:21+00:00,7ca77f1,A,A-sphere7-ring6-hfss,hfss-v1-masked,three_merged:Normal|Mild+Moderate(Mild+Moderate)|Severe,M6,M6.N[3.50]: <N> in 50 MHz sub-band from 3.50 GHz,1,none-fisher,good,none (noisy realisations of 1 sim/stage),Normal:1|Mild+Moderate:2|Severe:1,2000,,,,24.443297896409504,6.136667413200869,,,weakest=Mild+Moderate|Severe; J_eff_min=0.164; gap/port_min=0.574; gap/mesh=pending; bayes_err_max=0.000197; shift_robust=no; band_gap_retention=0.94; freq_robust=no; AD-vs-AD pairs unverified against mesh noise
2026-09-27T17:49:21+00:00,7ca77f1,A,A-sphere7-ring6-hfss,hfss-v1-masked,three_merged:Normal|Mild+Moderate(Mild+Moderate)|Severe,M6,M6.A[3.55]: <A> in 50 MHz sub-band from 3.55 GHz,1,none-fisher,good,none (noisy realisations of 1 sim/stage),Normal:1|Mild+Moderate:2|Severe:1,2000,,,,14.54427250293327,3.809735052541258,,,weakest=Mild+Moderate|Severe; J_eff_min=0.041; gap/port_min=0.287; gap/mesh=pending; bayes_err_max=0.00159; shift_robust=no; band_gap_retention=0.96; freq_robust=no; AD-vs-AD pairs unverified against mesh noise
2026-09-27T17:49:21+00:00,7ca77f1,A,A-sphere7-ring6-hfss,hfss-v1-masked,three_merged:Normal|Mild+Moderate(Mild+Moderate)|Severe,M6,M6.N[3.55]: <N> in 50 MHz sub-band from 3.55 GHz,1,none-fisher,good,none (noisy realisations of 1 sim/stage),Normal:1|Mild+Moderate:2|Severe:1,2000,,,,13.278158622914376,3.4960992337688097,,,weakest=Mild+Moderate|Severe; J_eff_min=0.0383; gap/port_min=0.277; gap/mesh=pending; bayes_err_max=0.00237; shift_robust=no; band_gap_retention=0.96; freq_robust=no; AD-vs-AD pairs unverified against mesh noise
2026-09-27T17:49:21+00:00,7ca77f1,A,A-sphere7-ring6-hfss,hfss-v1-masked,three_merged:Normal|Mild+Moderate(Mild+Moderate)|Severe,M6,M6.A[3.60]: <A> in 50 MHz sub-band from 3.60 GHz,1,none-fisher,good,none (noisy realisations of 1 sim/stage),Normal:1|Mild+Moderate:2|Severe:1,2000,,,,0.005489842101242177,0.925949632856567,,,weakest=Normal|Mild+Moderate; J_eff_min=0.000933; gap/port_min=0.0474; gap/mesh=pending; bayes_err_max=0.0827; shift_robust=no; band_gap_retention=-35.20; freq_robust=no; AD-vs-AD pairs unverified against mesh noise
2026-09-27T17:49:21+00:00,7ca77f1,A,A-sphere7-ring6-hfss,hfss-v1-masked,three_merged:Normal|Mild+Moderate(Mild+Moderate)|Severe,M6,M6.N[3.60]: <N> in 50 MHz sub-band from 3.60 GHz,1,none-fisher,good,none (noisy realisations of 1 sim/stage),Normal:1|Mild+Moderate:2|Severe:1,2000,,,,0.00033074523452378794,0.8819929065386358,,,weakest=Normal|Mild+Moderate; J_eff_min=4.81e-05; gap/port_min=0.0106; gap/mesh=pending; bayes_err_max=0.0892; shift_robust=no; band_gap_retention=-336.68; freq_robust=no; AD-vs-AD pairs unverified against mesh noise
2026-09-27T17:49:21+00:00,7ca77f1,A,A-sphere7-ring6-hfss,hfss-v1-masked,three_merged:Normal|Mild+Moderate(Mild+Moderate)|Severe,M6,M6.A[3.65]: <A> in 50 MHz sub-band from 3.65 GHz,1,none-fisher,good,none (noisy realisations of 1 sim/stage),Normal:1|Mild+Moderate:2|Severe:1,2000,,,,115.57657718095321,29.01847661008274,,,weakest=Normal|Mild+Moderate; J_eff_min=0.312; gap/port_min=0.791; gap/mesh=pending; bayes_err_max=3.63e-16; shift_robust=no; band_gap_retention=0.91; freq_robust=no; AD-vs-AD pairs unverified against mesh noise
2026-09-27T17:49:21+00:00,7ca77f1,A,A-sphere7-ring6-hfss,hfss-v1-masked,three_merged:Normal|Mild+Moderate(Mild+Moderate)|Severe,M6,M6.N[3.65]: <N> in 50 MHz sub-band from 3.65 GHz,1,none-fisher,good,none (noisy realisations of 1 sim/stage),Normal:1|Mild+Moderate:2|Severe:1,2000,,,,126.79450396294719,31.806256829664544,,,weakest=Normal|Mild+Moderate; J_eff_min=0.315; gap/port_min=0.794; gap/mesh=pending; bayes_err_max=2.54e-17; shift_robust=no; band_gap_retention=0.91; freq_robust=no; AD-vs-AD pairs unverified against mesh noise
2026-09-27T17:49:21+00:00,7ca77f1,A,A-sphere7-ring6-hfss,hfss-v1-masked,three_merged:Normal|Mild+Moderate(Mild+Moderate)|Severe,M6,M6.A[3.70]: <A> in 50 MHz sub-band from 3.70 GHz,1,none-fisher,good,none (noisy realisations of 1 sim/stage),Normal:1|Mild+Moderate:2|Severe:1,2000,,,,0.4863088942525023,0.8927246203336424,,,weakest=Normal|Mild+Moderate; J_eff_min=0.023; gap/port_min=0.22; gap/mesh=pending; bayes_err_max=0.0876; shift_robust=no; band_gap_retention=0.57; freq_robust=no; AD-vs-AD pairs unverified against mesh noise
2026-09-27T17:49:21+00:00,7ca77f1,A,A-sphere7-ring6-hfss,hfss-v1-masked,three_merged:Normal|Mild+Moderate(Mild+Moderate)|Severe,M6,M6.N[3.70]: <N> in 50 MHz sub-band from 3.70 GHz,1,none-fisher,good,none (noisy realisations of 1 sim/stage),Normal:1|Mild+Moderate:2|Severe:1,2000,,,,0.47619315569412823,0.8909871995263874,,,weakest=Normal|Mild+Moderate; J_eff_min=0.0227; gap/port_min=0.218; gap/mesh=pending; bayes_err_max=0.0878; shift_robust=no; band_gap_retention=0.57; freq_robust=no; AD-vs-AD pairs unverified against mesh noise
2026-09-27T17:49:21+00:00,7ca77f1,A,A-sphere7-ring6-hfss,hfss-v1-masked,three_merged:Normal|Mild+Moderate(Mild+Moderate)|Severe,M6,M6.A[3.75]: <A> in 50 MHz sub-band from 3.75 GHz,1,none-fisher,good,none (noisy realisations of 1 sim/stage),Normal:1|Mild+Moderate:2|Severe:1,2000,,,,4.080644337695833,1.1836893697709892,,,weakest=Normal|Mild+Moderate; J_eff_min=0.0208; gap/port_min=0.204; gap/mesh=pending; bayes_err_max=0.0558; shift_robust=no; band_gap_retention=-0.41; freq_robust=no; AD-vs-AD pairs unverified against mesh noise
2026-09-27T17:49:21+00:00,7ca77f1,A,A-sphere7-ring6-hfss,hfss-v1-masked,three_merged:Normal|Mild+Moderate(Mild+Moderate)|Severe,M6,M6.N[3.75]: <N> in 50 MHz sub-band from 3.75 GHz,1,none-fisher,good,none (noisy realisations of 1 sim/stage),Normal:1|Mild+Moderate:2|Severe:1,2000,,,,4.214184122960227,1.2187486386855397,,,weakest=Normal|Mild+Moderate; J_eff_min=0.0216; gap/port_min=0.208; gap/mesh=pending; bayes_err_max=0.0529; shift_robust=no; band_gap_retention=-0.38; freq_robust=no; AD-vs-AD pairs unverified against mesh noise
2026-09-27T17:49:21+00:00,7ca77f1,A,A-sphere7-ring6-hfss,hfss-v1-masked,three_merged:Normal|Mild+Moderate(Mild+Moderate)|Severe,M6,M6.A[3.80]: <A> in 50 MHz sub-band from 3.80 GHz,1,none-fisher,good,none (noisy realisations of 1 sim/stage),Normal:1|Mild+Moderate:2|Severe:1,2000,,,,0.4924261796491267,0.595508641238966,,,weakest=Mild+Moderate|Severe; J_eff_min=0.0126; gap/port_min=0.161; gap/mesh=pending; bayes_err_max=0.145; shift_robust=no; band_gap_retention=0.82; freq_robust=no; AD-vs-AD pairs unverified against mesh noise
2026-09-27T17:49:21+00:00,7ca77f1,A,A-sphere7-ring6-hfss,hfss-v1-masked,three_merged:Normal|Mild+Moderate(Mild+Moderate)|Severe,M6,M6.N[3.80]: <N> in 50 MHz sub-band from 3.80 GHz,1,none-fisher,good,none (noisy realisations of 1 sim/stage),Normal:1|Mild+Moderate:2|Severe:1,2000,,,,0.4940256257767532,0.5958898752902753,,,weakest=Mild+Moderate|Severe; J_eff_min=0.0127; gap/port_min=0.161; gap/mesh=pending; bayes_err_max=0.145; shift_robust=no; band_gap_retention=0.82; freq_robust=no; AD-vs-AD pairs unverified against mesh noise
2026-09-27T17:49:21+00:00,7ca77f1,A,A-sphere7-ring6-hfss,hfss-v1-masked,three_merged:Normal|Mild+Moderate(Mild+Moderate)|Severe,M6,M6.A[3.85]: <A> in 50 MHz sub-band from 3.85 GHz,1,none-fisher,good,none (noisy realisations of 1 sim/stage),Normal:1|Mild+Moderate:2|Severe:1,2000,,,,6.111082587197221,1.5573757633490464,,,weakest=Mild+Moderate|Severe; J_eff_min=0.27; gap/port_min=0.752; gap/mesh=pending; bayes_err_max=0.0374; shift_robust=no; band_gap_retention=0.98; freq_robust=no; AD-vs-AD pairs unverified against mesh noise
2026-09-27T17:49:21+00:00,7ca77f1,A,A-sphere7-ring6-hfss,hfss-v1-masked,three_merged:Normal|Mild+Moderate(Mild+Moderate)|Severe,M6,M6.N[3.85]: <N> in 50 MHz sub-band from 3.85 GHz,1,none-fisher,good,none (noisy realisations of 1 sim/stage),Normal:1|Mild+Moderate:2|Severe:1,2000,,,,6.112990643116828,1.5578660334424386,,,weakest=Mild+Moderate|Severe; J_eff_min=0.27; gap/port_min=0.752; gap/mesh=pending; bayes_err_max=0.0373; shift_robust=no; band_gap_retention=0.98; freq_robust=no; AD-vs-AD pairs unverified against mesh noise
2026-09-27T17:49:21+00:00,7ca77f1,A,A-sphere7-ring6-hfss,hfss-v1-masked,three_merged:Normal|Mild+Moderate(Mild+Moderate)|Severe,M6,M6.A[3.90]: <A> in 50 MHz sub-band from 3.90 GHz,1,none-fisher,good,none (noisy realisations of 1 sim/stage),Normal:1|Mild+Moderate:2|Severe:1,2000,,,,5.0694723402875,1.2681266644373812,,,weakest=Mild+Moderate|Severe; J_eff_min=0.827; gap/port_min=1.41; gap/mesh=pending; bayes_err_max=0.0556; shift_robust=no; band_gap_retention=0.98; freq_robust=no; AD-vs-AD pairs unverified against mesh noise
2026-09-27T17:49:21+00:00,7ca77f1,A,A-sphere7-ring6-hfss,hfss-v1-masked,three_merged:Normal|Mild+Moderate(Mild+Moderate)|Severe,M6,M6.N[3.90]: <N> in 50 MHz sub-band from 3.90 GHz,1,none-fisher,good,none (noisy realisations of 1 sim/stage),Normal:1|Mild+Moderate:2|Severe:1,2000,,,,5.070242892225549,1.2683201054878537,,,weakest=Mild+Moderate|Severe; J_eff_min=0.827; gap/port_min=1.41; gap/mesh=pending; bayes_err_max=0.0556; shift_robust=no; band_gap_retention=0.98; freq_robust=no; AD-vs-AD pairs unverified against mesh noise
2026-09-27T17:49:22+00:00,7ca77f1,A,A-sphere7-ring6-hfss,hfss-v1-masked,three_merged:Normal|Mild+Moderate(Mild+Moderate)|Severe,M6,M6.A[3.95]: <A> in 50 MHz sub-band from 3.95 GHz,1,none-fisher,good,none (noisy realisations of 1 sim/stage),Normal:1|Mild+Moderate:2|Severe:1,2000,,,,2.8243118180601026,0.7070011222584418,,,weakest=Mild+Moderate|Severe; J_eff_min=1.06; gap/port_min=1.85; gap/mesh=pending; bayes_err_max=0.117; shift_robust=no; band_gap_retention=0.97; freq_robust=no; AD-vs-AD pairs unverified against mesh noise
2026-09-27T17:49:22+00:00,7ca77f1,A,A-sphere7-ring6-hfss,hfss-v1-masked,three_merged:Normal|Mild+Moderate(Mild+Moderate)|Severe,M6,M6.N[3.95]: <N> in 50 MHz sub-band from 3.95 GHz,1,none-fisher,good,none (noisy realisations of 1 sim/stage),Normal:1|Mild+Moderate:2|Severe:1,2000,,,,2.824651272603766,0.7070861405800906,,,weakest=Mild+Moderate|Severe; J_eff_min=1.06; gap/port_min=1.85; gap/mesh=pending; bayes_err_max=0.117; shift_robust=no; band_gap_retention=0.97; freq_robust=no; AD-vs-AD pairs unverified against mesh noise
2026-09-27T17:49:22+00:00,7ca77f1,A,A-sphere7-ring6-hfss,hfss-v1-masked,three_merged:Normal|Mild+Moderate(Mild+Moderate)|Severe,M6,M6.A[4.00]: <A> in 50 MHz sub-band from 4.00 GHz,1,none-fisher,good,none (noisy realisations of 1 sim/stage),Normal:1|Mild+Moderate:2|Severe:1,2000,,,,1.38975999023984,0.3477736367075473,,,weakest=Mild+Moderate|Severe; J_eff_min=0.809; gap/port_min=1.97; gap/mesh=pending; bayes_err_max=0.202; shift_robust=no; band_gap_retention=0.97; freq_robust=no; AD-vs-AD pairs unverified against mesh noise
2026-09-27T17:49:22+00:00,7ca77f1,A,A-sphere7-ring6-hfss,hfss-v1-masked,three_merged:Normal|Mild+Moderate(Mild+Moderate)|Severe,M6,M6.N[4.00]: <N> in 50 MHz sub-band from 4.00 GHz,1,none-fisher,good,none (noisy realisations of 1 sim/stage),Normal:1|Mild+Moderate:2|Severe:1,2000,,,,1.3898950976827043,0.34780744554798004,,,weakest=Mild+Moderate|Severe; J_eff_min=0.81; gap/port_min=1.97; gap/mesh=pending; bayes_err_max=0.202; shift_robust=no; band_gap_retention=0.97; freq_robust=no; AD-vs-AD pairs unverified against mesh noise
2026-09-27T17:49:22+00:00,7ca77f1,A,A-sphere7-ring6-hfss,hfss-v1-masked,three_merged:Normal|Mild+Moderate(Mild+Moderate)|Severe,M6,M6.A[4.05]: <A> in 50 MHz sub-band from 4.05 GHz,1,none-fisher,good,none (noisy realisations of 1 sim/stage),Normal:1|Mild+Moderate:2|Severe:1,2000,,,,0.7223283490663576,0.18058642655292678,,,weakest=Mild+Moderate|Severe; J_eff_min=0.512; gap/port_min=1.87; gap/mesh=pending; bayes_err_max=0.274; shift_robust=no; band_gap_retention=0.96; freq_robust=no; AD-vs-AD pairs unverified against mesh noise
2026-09-27T17:49:22+00:00,7ca77f1,A,A-sphere7-ring6-hfss,hfss-v1-masked,three_merged:Normal|Mild+Moderate(Mild+Moderate)|Severe,M6,M6.N[4.05]: <N> in 50 MHz sub-band from 4.05 GHz,1,none-fisher,good,none (noisy realisations of 1 sim/stage),Normal:1|Mild+Moderate:2|Severe:1,2000,,,,0.7223901316632413,0.18060186918731153,,,weakest=Mild+Moderate|Severe; J_eff_min=0.512; gap/port_min=1.87; gap/mesh=pending; bayes_err_max=0.274; shift_robust=no; band_gap_retention=0.96; freq_robust=no; AD-vs-AD pairs unverified against mesh noise
2026-09-27T17:49:22+00:00,7ca77f1,A,A-sphere7-ring6-hfss,hfss-v1-masked,three_merged:Normal|Mild+Moderate(Mild+Moderate)|Severe,M6,M6.A[4.10]: <A> in 50 MHz sub-band from 4.10 GHz,1,none-fisher,good,none (noisy realisations of 1 sim/stage),Normal:1|Mild+Moderate:2|Severe:1,2000,,,,0.25257354718275116,0.0632093950150078,,,weakest=Mild+Moderate|Severe; J_eff_min=0.2; gap/port_min=1.39; gap/mesh=pending; bayes_err_max=0.361; shift_robust=no; band_gap_retention=0.95; freq_robust=no; AD-vs-AD pairs unverified against mesh noise
2026-09-27T17:49:22+00:00,7ca77f1,A,A-sphere7-ring6-hfss,hfss-v1-masked,three_merged:Normal|Mild+Moderate(Mild+Moderate)|Severe,M6,M6.N[4.10]: <N> in 50 MHz sub-band from 4.10 GHz,1,none-fisher,good,none (noisy realisations of 1 sim/stage),Normal:1|Mild+Moderate:2|Severe:1,2000,,,,0.25260198793200755,0.06321651226919618,,,weakest=Mild+Moderate|Severe; J_eff_min=0.2; gap/port_min=1.39; gap/mesh=pending; bayes_err_max=0.361; shift_robust=no; band_gap_retention=0.95; freq_robust=no; AD-vs-AD pairs unverified against mesh noise
2026-09-27T17:49:22+00:00,7ca77f1,A,A-sphere7-ring6-hfss,hfss-v1-masked,three_merged:Normal|Mild+Moderate(Mild+Moderate)|Severe,M6,M6.A[4.15]: <A> in 50 MHz sub-band from 4.15 GHz,1,none-fisher,good,none (noisy realisations of 1 sim/stage),Normal:1|Mild+Moderate:2|Severe:1,2000,,,,0.06112175728668008,0.015327528133178872,,,weakest=Mild+Moderate|Severe; J_eff_min=0.0523; gap/port_min=0.85; gap/mesh=pending; bayes_err_max=0.431; shift_robust=no; band_gap_retention=0.95; freq_robust=no; AD-vs-AD pairs unverified against mesh noise
2026-09-27T17:49:22+00:00,7ca77f1,A,A-sphere7-ring6-hfss,hfss-v1-masked,three_merged:Normal|Mild+Moderate(Mild+Moderate)|Severe,M6,M6.N[4.15]: <N> in 50 MHz sub-band from 4.15 GHz,1,none-fisher,good,none (noisy realisations of 1 sim/stage),Normal:1|Mild+Moderate:2|Severe:1,2000,,,,0.06113382817501736,0.015330545067616264,,,weakest=Mild+Moderate|Severe; J_eff_min=0.0523; gap/port_min=0.85; gap/mesh=pending; bayes_err_max=0.431; shift_robust=no; band_gap_retention=0.95; freq_robust=no; AD-vs-AD pairs unverified against mesh noise
2026-09-27T17:49:22+00:00,7ca77f1,A,A-sphere7-ring6-hfss,hfss-v1-masked,three_merged:Normal|Mild+Moderate(Mild+Moderate)|Severe,M7,"M7.D: <Σ_j|S_ji - S_ref,ji|^2>_B, ref = circulant(Normal)",1,none-fisher,good,none (noisy realisations of 1 sim/stage),Normal:1|Mild+Moderate:2|Severe:1,2000,,,,22.319647366822124,6.147478123449172,,,weakest=Mild+Moderate|Severe; J_eff_min=1.62; gap/port_min=1.87; gap/mesh=pending; bayes_err_max=1.47e-05; shift_robust=no; band_gap_retention=0.92; freq_robust=no; AD-vs-AD pairs unverified against mesh noise
2026-09-27T17:49:22+00:00,7ca77f1,A,A-sphere7-ring6-hfss,hfss-v1-masked,three_merged:Normal|Mild+Moderate(Mild+Moderate)|Severe,M7,"M7.D_pow: <Σ_j(|S_ji|^2 - |S_ref,ji|^2)^2>_B (phase-free)",1,none-fisher,good,none (noisy realisations of 1 sim/stage),Normal:1|Mild+Moderate:2|Severe:1,2000,,,,87.5107703191555,21.904647972226922,,,weakest=Mild+Moderate|Severe; J_eff_min=4.9; gap/port_min=3.22; gap/mesh=pending; bayes_err_max=1e-11; shift_robust=no; band_gap_retention=0.79; freq_robust=no; AD-vs-AD pairs unverified against mesh noise
2026-09-27T17:49:22+00:00,7ca77f1,A,A-sphere7-ring6-hfss,hfss-v1-masked,three_merged:Normal|Mild+Moderate(Mild+Moderate)|Severe,M7,"M7.D0: <|S_(i±0,i) - ref|^2>_B",1,none-fisher,good,none (noisy realisations of 1 sim/stage),Normal:1|Mild+Moderate:2|Severe:1,2000,,,,22.59635702702731,6.210234072901191,,,weakest=Mild+Moderate|Severe; J_eff_min=1.61; gap/port_min=1.86; gap/mesh=pending; bayes_err_max=1.36e-05; shift_robust=no; band_gap_retention=0.92; freq_robust=no; AD-vs-AD pairs unverified against mesh noise
2026-09-27T17:49:22+00:00,7ca77f1,A,A-sphere7-ring6-hfss,hfss-v1-masked,three_merged:Normal|Mild+Moderate(Mild+Moderate)|Severe,M7,"M7.D1: <|S_(i±1,i) - ref|^2>_B",1,none-fisher,good,none (noisy realisations of 1 sim/stage),Normal:1|Mild+Moderate:2|Severe:1,2000,,,,3.9267107318931767,2.227136442299951,,,weakest=Mild+Moderate|Severe; J_eff_min=0.166; gap/port_min=0.589; gap/mesh=pending; bayes_err_max=0.00814; shift_robust=no; band_gap_retention=1.06; freq_robust=no; AD-vs-AD pairs unverified against mesh noise
2026-09-27T17:49:22+00:00,7ca77f1,A,A-sphere7-ring6-hfss,hfss-v1-masked,three_merged:Normal|Mild+Moderate(Mild+Moderate)|Severe,M7,"M7.D2: <|S_(i±2,i) - ref|^2>_B",1,none-fisher,good,none (noisy realisations of 1 sim/stage),Normal:1|Mild+Moderate:2|Severe:1,2000,,,,240.8594719416428,60.711698062453664,,,weakest=Mild+Moderate|Severe; J_eff_min=2.11; gap/port_min=2.06; gap/mesh=pending; bayes_err_max=1.57e-40; shift_robust=no; band_gap_retention=1.05; freq_robust=no; AD-vs-AD pairs unverified against mesh noise
2026-09-27T17:49:22+00:00,7ca77f1,A,A-sphere7-ring6-hfss,hfss-v1-masked,three_merged:Normal|Mild+Moderate(Mild+Moderate)|Severe,M7,"M7.D3: <|S_(i±3,i) - ref|^2>_B",1,none-fisher,good,none (noisy realisations of 1 sim/stage),Normal:1|Mild+Moderate:2|Severe:1,2000,,,,248.7788202173669,62.730395508635254,,,weakest=Mild+Moderate|Severe; J_eff_min=2.91; gap/port_min=2.43; gap/mesh=pending; bayes_err_max=1.28e-42; shift_robust=no; band_gap_retention=1.10; freq_robust=no; AD-vs-AD pairs unverified against mesh noise
2026-09-27T17:49:22+00:00,7ca77f1,A,A-sphere7-ring6-hfss,hfss-v1-masked,three_merged:Normal|Mild+Moderate(Mild+Moderate)|Severe,M7,"M7.D3[k3]: <|S_(i+3,i) - ref|^2> over k3 window",1,none-fisher,good,none (noisy realisations of 1 sim/stage),Normal:1|Mild+Moderate:2|Severe:1,2000,,,,236.98397651478098,59.74107318199947,,,weakest=Mild+Moderate|Severe; J_eff_min=4.27; gap/port_min=2.95; gap/mesh=pending; bayes_err_max=7.07e-40; shift_robust=no; band_gap_retention=0.88; freq_robust=no; AD-vs-AD pairs unverified against mesh noise
2026-09-27T17:49:22+00:00,7ca77f1,A,A-sphere7-ring6-hfss,hfss-v1-masked,three_merged:Normal|Mild+Moderate(Mild+Moderate)|Severe,M8,M8.s1^2: <s_1(S)^2>_B (singular value),1,none-fisher,good,none (noisy realisations of 1 sim/stage),Normal:1|Mild+Moderate:2|Severe:1,2000,,,,0.6048229343405915,0.5698512155732959,,,weakest=Mild+Moderate|Severe; J_eff_min=nan; gap/port_min=nan; gap/mesh=pending; bayes_err_max=0.151; shift_robust=no; band_gap_retention=-0.69; freq_robust=no; AD-vs-AD pairs unverified against mesh noise; matrix-level: no per-antenna port-noise estimate
2026-09-27T17:49:22+00:00,7ca77f1,A,A-sphere7-ring6-hfss,hfss-v1-masked,three_merged:Normal|Mild+Moderate(Mild+Moderate)|Severe,M8,M8.s2^2: <s_2(S)^2>_B (singular value),1,none-fisher,good,none (noisy realisations of 1 sim/stage),Normal:1|Mild+Moderate:2|Severe:1,2000,,,,0.494127807222593,0.18221392469718622,,,weakest=Mild+Moderate|Severe; J_eff_min=nan; gap/port_min=nan; gap/mesh=pending; bayes_err_max=0.285; shift_robust=no; band_gap_retention=-2.37; freq_robust=no; AD-vs-AD pairs unverified against mesh noise; matrix-level: no per-antenna port-noise estimate
2026-09-27T17:49:22+00:00,7ca77f1,A,A-sphere7-ring6-hfss,hfss-v1-masked,three_merged:Normal|Mild+Moderate(Mild+Moderate)|Severe,M8,M8.s3^2: <s_3(S)^2>_B (singular value),1,none-fisher,good,none (noisy realisations of 1 sim/stage),Normal:1|Mild+Moderate:2|Severe:1,2000,,,,0.1333233413113668,0.10033952523349679,,,weakest=Mild+Moderate|Severe; J_eff_min=nan; gap/port_min=nan; gap/mesh=pending; bayes_err_max=0.346; shift_robust=no; band_gap_retention=0.35; freq_robust=no; AD-vs-AD pairs unverified against mesh noise; matrix-level: no per-antenna port-noise estimate
2026-09-27T17:49:22+00:00,7ca77f1,A,A-sphere7-ring6-hfss,hfss-v1-masked,three_merged:Normal|Mild+Moderate(Mild+Moderate)|Severe,M8,M8.s4^2: <s_4(S)^2>_B (singular value),1,none-fisher,good,none (noisy realisations of 1 sim/stage),Normal:1|Mild+Moderate:2|Severe:1,2000,,,,0.5696200090733303,0.1424290429987458,,,weakest=Mild+Moderate|Severe; J_eff_min=nan; gap/port_min=nan; gap/mesh=pending; bayes_err_max=0.297; shift_robust=no; band_gap_retention=-0.03; freq_robust=no; AD-vs-AD pairs unverified against mesh noise; matrix-level: no per-antenna port-noise estimate
2026-09-27T17:49:22+00:00,7ca77f1,A,A-sphere7-ring6-hfss,hfss-v1-masked,three_merged:Normal|Mild+Moderate(Mild+Moderate)|Severe,M8,M8.s5^2: <s_5(S)^2>_B (singular value),1,none-fisher,good,none (noisy realisations of 1 sim/stage),Normal:1|Mild+Moderate:2|Severe:1,2000,,,,2.3629696836062726,0.5972631131836404,,,weakest=Mild+Moderate|Severe; J_eff_min=nan; gap/port_min=nan; gap/mesh=pending; bayes_err_max=0.137; shift_robust=no; band_gap_retention=0.55; freq_robust=no; AD-vs-AD pairs unverified against mesh noise; matrix-level: no per-antenna port-noise estimate
2026-09-27T17:49:22+00:00,7ca77f1,A,A-sphere7-ring6-hfss,hfss-v1-masked,three_merged:Normal|Mild+Moderate(Mild+Moderate)|Severe,M8,M8.s6^2: <s_6(S)^2>_B (singular value),1,none-fisher,good,none (noisy realisations of 1 sim/stage),Normal:1|Mild+Moderate:2|Severe:1,2000,,,,0.8590727076838783,0.3416251175690801,,,weakest=Mild+Moderate|Severe; J_eff_min=nan; gap/port_min=nan; gap/mesh=pending; bayes_err_max=0.216; shift_robust=no; band_gap_retention=0.47; freq_robust=no; AD-vs-AD pairs unverified against mesh noise; matrix-level: no per-antenna port-noise estimate
2026-09-27T17:49:22+00:00,7ca77f1,A,A-sphere7-ring6-hfss,hfss-v1-masked,three_merged:Normal|Mild+Moderate(Mild+Moderate)|Severe,M8,M8.lam0^2: <|λ_0|^2> circulant mode 0 (full),1,none-fisher,good,none (noisy realisations of 1 sim/stage),Normal:1|Mild+Moderate:2|Severe:1,2000,,,,1.6716421329784512,0.46710347593310886,,,weakest=Mild+Moderate|Severe; J_eff_min=0.0897; gap/port_min=0.435; gap/mesh=pending; bayes_err_max=0.168; shift_robust=no; band_gap_retention=0.44; freq_robust=no; AD-vs-AD pairs unverified against mesh noise
2026-09-27T17:49:22+00:00,7ca77f1,A,A-sphere7-ring6-hfss,hfss-v1-masked,three_merged:Normal|Mild+Moderate(Mild+Moderate)|Severe,M8,M8.lam1^2: <|λ_1|^2> circulant mode 1 (full),1,none-fisher,good,none (noisy realisations of 1 sim/stage),Normal:1|Mild+Moderate:2|Severe:1,2000,,,,1.410888528592718,0.41060700567552094,,,weakest=Mild+Moderate|Severe; J_eff_min=0.0808; gap/port_min=0.414; gap/mesh=pending; bayes_err_max=0.185; shift_robust=no; band_gap_retention=0.37; freq_robust=no; AD-vs-AD pairs unverified against mesh noise
2026-09-27T17:49:22+00:00,7ca77f1,A,A-sphere7-ring6-hfss,hfss-v1-masked,three_merged:Normal|Mild+Moderate(Mild+Moderate)|Severe,M8,M8.lam2^2: <|λ_2|^2> circulant mode 2 (full),1,none-fisher,good,none (noisy realisations of 1 sim/stage),Normal:1|Mild+Moderate:2|Severe:1,2000,,,,2.2687892084750105,0.6011824782269864,,,weakest=Mild+Moderate|Severe; J_eff_min=0.117; gap/port_min=0.497; gap/mesh=pending; bayes_err_max=0.136; shift_robust=no; band_gap_retention=0.33; freq_robust=no; AD-vs-AD pairs unverified against mesh noise
2026-09-27T17:49:22+00:00,7ca77f1,A,A-sphere7-ring6-hfss,hfss-v1-masked,three_merged:Normal|Mild+Moderate(Mild+Moderate)|Severe,M8,M8.lam3^2: <|λ_3|^2> circulant mode 3 (full),1,none-fisher,good,none (noisy realisations of 1 sim/stage),Normal:1|Mild+Moderate:2|Severe:1,2000,,,,4.008402430098758,1.0321533374674579,,,weakest=Mild+Moderate|Severe; J_eff_min=0.199; gap/port_min=0.647; gap/mesh=pending; bayes_err_max=0.0739; shift_robust=no; band_gap_retention=0.28; freq_robust=no; AD-vs-AD pairs unverified against mesh noise
2026-09-27T17:49:22+00:00,7ca77f1,A,A-sphere7-ring6-hfss,hfss-v1-masked,three_merged:Normal|Mild+Moderate(Mild+Moderate)|Severe,M8,M8.lam0^2[k3]: <|λ_0|^2> circulant mode 0 (k3),1,none-fisher,good,none (noisy realisations of 1 sim/stage),Normal:1|Mild+Moderate:2|Severe:1,2000,,,,305.2724907591904,76.49986257647771,,,weakest=Mild+Moderate|Severe; J_eff_min=2.31; gap/port_min=2.16; gap/mesh=pending; bayes_err_max=2.13e-41; shift_robust=no; band_gap_retention=0.85; freq_robust=no; AD-vs-AD pairs unverified against mesh noise
2026-09-27T17:49:22+00:00,7ca77f1,A,A-sphere7-ring6-hfss,hfss-v1-masked,three_merged:Normal|Mild+Moderate(Mild+Moderate)|Severe,M8,M8.lam1^2[k3]: <|λ_1|^2> circulant mode 1 (k3),1,none-fisher,good,none (noisy realisations of 1 sim/stage),Normal:1|Mild+Moderate:2|Severe:1,2000,,,,252.3689653765924,63.317307094077954,,,weakest=Mild+Moderate|Severe; J_eff_min=2.23; gap/port_min=2.12; gap/mesh=pending; bayes_err_max=9.74e-36; shift_robust=no; band_gap_retention=0.86; freq_robust=no; AD-vs-AD pairs unverified against mesh noise
2026-09-27T17:49:22+00:00,7ca77f1,A,A-sphere7-ring6-hfss,hfss-v1-masked,three_merged:Normal|Mild+Moderate(Mild+Moderate)|Severe,M8,M8.lam2^2[k3]: <|λ_2|^2> circulant mode 2 (k3),1,none-fisher,good,none (noisy realisations of 1 sim/stage),Normal:1|Mild+Moderate:2|Severe:1,2000,,,,190.70759303413507,47.945593225424055,,,weakest=Mild+Moderate|Severe; J_eff_min=1.88; gap/port_min=1.95; gap/mesh=pending; bayes_err_max=2.28e-28; shift_robust=no; band_gap_retention=0.85; freq_robust=no; AD-vs-AD pairs unverified against mesh noise
2026-09-27T17:49:22+00:00,7ca77f1,A,A-sphere7-ring6-hfss,hfss-v1-masked,three_merged:Normal|Mild+Moderate(Mild+Moderate)|Severe,M8,M8.lam3^2[k3]: <|λ_3|^2> circulant mode 3 (k3),1,none-fisher,good,none (noisy realisations of 1 sim/stage),Normal:1|Mild+Moderate:2|Severe:1,2000,,,,220.9364868660612,55.47519084114192,,,weakest=Mild+Moderate|Severe; J_eff_min=1.9; gap/port_min=1.96; gap/mesh=pending; bayes_err_max=6.53e-32; shift_robust=no; band_gap_retention=0.85; freq_robust=no; AD-vs-AD pairs unverified against mesh noise
2026-09-27T17:49:22+00:00,7ca77f1,A,A-sphere7-ring6-hfss,hfss-v1-masked,three_merged:Normal|Mild+Moderate(Mild+Moderate)|Severe,M0,M0.old_score: mean_B Σ_{j≠i}|S_ii+S_ij|/VSWR_i,1,none-fisher,typical,none (noisy realisations of 1 sim/stage),Normal:1|Mild+Moderate:2|Severe:1,2000,,,,1.1804706233778552,0.30035446423995243,,,weakest=Mild+Moderate|Severe; J_eff_min=0.42; gap/port_min=1.14; gap/mesh=pending; bayes_err_max=0.22; shift_robust=no; band_gap_retention=0.65; freq_robust=no; AD-vs-AD pairs unverified against mesh noise; baseline only; not a physical quantity
2026-09-27T17:49:22+00:00,7ca77f1,A,A-sphere7-ring6-hfss,hfss-v1-masked,three_merged:Normal|Mild+Moderate(Mild+Moderate)|Severe,M1,M1.Sii_dBavg: mean_B 20log10|S_ii|,1,none-fisher,typical,none (noisy realisations of 1 sim/stage),Normal:1|Mild+Moderate:2|Severe:1,2000,,,,0.0917877431889732,0.023312440253948588,,,weakest=Normal|Severe; J_eff_min=0.00234; gap/port_min=0.0694; gap/mesh=pending; bayes_err_max=0.415; shift_robust=no; band_gap_retention=0.14; freq_robust=no; AD-vs-AD pairs unverified against mesh noise; dB averaging; shown for fragility
2026-09-27T17:49:22+00:00,7ca77f1,A,A-sphere7-ring6-hfss,hfss-v1-masked,three_merged:Normal|Mild+Moderate(Mild+Moderate)|Severe,M2,M2.R: <|S_ii|^2>_B,1,none-fisher,typical,none (noisy realisations of 1 sim/stage),Normal:1|Mild+Moderate:2|Severe:1,2000,,,,0.4443219547119742,0.11370058976735979,,,weakest=Mild+Moderate|Severe; J_eff_min=0.0802; gap/port_min=0.443; gap/mesh=pending; bayes_err_max=0.317; shift_robust=no; band_gap_retention=0.34; freq_robust=no; AD-vs-AD pairs unverified against mesh noise
2026-09-27T17:49:22+00:00,7ca77f1,A,A-sphere7-ring6-hfss,hfss-v1-masked,three_merged:Normal|Mild+Moderate(Mild+Moderate)|Severe,M2,M2.R[k3]: <|S_ii|^2> over k3 window,1,none-fisher,typical,none (noisy realisations of 1 sim/stage),Normal:1|Mild+Moderate:2|Severe:1,2000,,,,125.58063755044216,31.43724261215256,,,weakest=Mild+Moderate|Severe; J_eff_min=2.08; gap/port_min=2.06; gap/mesh=pending; bayes_err_max=2.95e-16; shift_robust=no; band_gap_retention=0.85; freq_robust=no; AD-vs-AD pairs unverified against mesh noise
2026-09-27T17:49:22+00:00,7ca77f1,A,A-sphere7-ring6-hfss,hfss-v1-masked,three_merged:Normal|Mild+Moderate(Mild+Moderate)|Severe,M3,M3.A: <1-|S_ii|^2>_B,1,none-fisher,typical,none (noisy realisations of 1 sim/stage),Normal:1|Mild+Moderate:2|Severe:1,2000,,,,0.44432195471196745,0.11370058976735777,,,weakest=Mild+Moderate|Severe; J_eff_min=0.0802; gap/port_min=0.443; gap/mesh=pending; bayes_err_max=0.317; shift_robust=no; band_gap_retention=0.34; freq_robust=no; AD-vs-AD pairs unverified against mesh noise; affine copy of M2.R (identical separability)
2026-09-27T17:49:22+00:00,7ca77f1,A,A-sphere7-ring6-hfss,hfss-v1-masked,three_merged:Normal|Mild+Moderate(Mild+Moderate)|Severe,M3,M3.ML_of_powavg: -10log10<A>_B (dB),1,none-fisher,typical,none (noisy realisations of 1 sim/stage),Normal:1|Mild+Moderate:2|Severe:1,2000,,,,0.4394586668348091,0.11259221682153403,,,weakest=Mild+Moderate|Severe; J_eff_min=0.0797; gap/port_min=0.441; gap/mesh=pending; bayes_err_max=0.318; shift_robust=no; band_gap_retention=0.33; freq_robust=no; AD-vs-AD pairs unverified against mesh noise
2026-09-27T17:49:22+00:00,7ca77f1,A,A-sphere7-ring6-hfss,hfss-v1-masked,three_merged:Normal|Mild+Moderate(Mild+Moderate)|Severe,M3,M3.ML_dBavg: <-10log10 A>_B (dB-averaged ML),1,none-fisher,typical,none (noisy realisations of 1 sim/stage),Normal:1|Mild+Moderate:2|Severe:1,2000,,,,0.03804521765462842,0.009809509524988547,,,weakest=Mild+Moderate|Severe; J_eff_min=0.0371; gap/port_min=1.76; gap/mesh=pending; bayes_err_max=0.445; shift_robust=no; band_gap_retention=0.76; freq_robust=no; AD-vs-AD pairs unverified against mesh noise; dB averaging; comparison only
2026-09-27T17:49:22+00:00,7ca77f1,A,A-sphere7-ring6-hfss,hfss-v1-masked,three_merged:Normal|Mild+Moderate(Mild+Moderate)|Severe,M4,M4.N: <1-Σ_j|S_ji|^2>_B (absorbed+radiated+loss),1,none-fisher,typical,none (noisy realisations of 1 sim/stage),Normal:1|Mild+Moderate:2|Severe:1,2000,,,,0.4761370338636241,0.12148770713638524,,,weakest=Mild+Moderate|Severe; J_eff_min=0.0857; gap/port_min=0.457; gap/mesh=pending; bayes_err_max=0.312; shift_robust=no; band_gap_retention=0.36; freq_robust=no; AD-vs-AD pairs unverified against mesh noise
2026-09-27T17:49:22+00:00,7ca77f1,A,A-sphere7-ring6-hfss,hfss-v1-masked,three_merged:Normal|Mild+Moderate(Mild+Moderate)|Severe,M4,M4.N[k3]: <N> over k3 window,1,none-fisher,typical,none (noisy realisations of 1 sim/stage),Normal:1|Mild+Moderate:2|Severe:1,2000,,,,125.02486564464,31.297402251226075,,,weakest=Mild+Moderate|Severe; J_eff_min=2.07; gap/port_min=2.05; gap/mesh=pending; bayes_err_max=3.51e-16; shift_robust=no; band_gap_retention=0.85; freq_robust=no; AD-vs-AD pairs unverified against mesh noise
2026-09-27T17:49:22+00:00,7ca77f1,A,A-sphere7-ring6-hfss,hfss-v1-masked,three_merged:Normal|Mild+Moderate(Mild+Moderate)|Severe,M5,M5.C: <Σ_(j≠i)|S_ji|^2> (full),1,none-fisher,typical,none (noisy realisations of 1 sim/stage),Normal:1|Mild+Moderate:2|Severe:1,2000,,,,4.111868046115667,1.7917746874536702,,,weakest=Normal|Mild+Moderate; J_eff_min=0.736; gap/port_min=1.34; gap/mesh=pending; bayes_err_max=0.0182; shift_robust=yes; band_gap_retention=1.11; freq_robust=no; AD-vs-AD pairs unverified against mesh noise
2026-09-27T17:49:22+00:00,7ca77f1,A,A-sphere7-ring6-hfss,hfss-v1-masked,three_merged:Normal|Mild+Moderate(Mild+Moderate)|Severe,M5,"M5.C1: <|S_(i±1,i)|^2> (full)",1,none-fisher,typical,none (noisy realisations of 1 sim/stage),Normal:1|Mild+Moderate:2|Severe:1,2000,,,,2.9006504117373058,1.5037032620771695,,,weakest=Normal|Mild+Moderate; J_eff_min=0.538; gap/port_min=1.15; gap/mesh=pending; bayes_err_max=0.0302; shift_robust=yes; band_gap_retention=1.11; freq_robust=no; AD-vs-AD pairs unverified against mesh noise
2026-09-27T17:49:22+00:00,7ca77f1,A,A-sphere7-ring6-hfss,hfss-v1-masked,three_merged:Normal|Mild+Moderate(Mild+Moderate)|Severe,M5,"M5.C2: <|S_(i±2,i)|^2> (full)",1,none-fisher,typical,none (noisy realisations of 1 sim/stage),Normal:1|Mild+Moderate:2|Severe:1,2000,,,,16.290418975213647,4.638460497203144,,,weakest=Normal|Mild+Moderate; J_eff_min=1.6; gap/port_min=1.88; gap/mesh=pending; bayes_err_max=0.000166; shift_robust=yes; band_gap_retention=0.99; freq_robust=no; AD-vs-AD pairs unverified against mesh noise
2026-09-27T17:49:22+00:00,7ca77f1,A,A-sphere7-ring6-hfss,hfss-v1-masked,three_merged:Normal|Mild+Moderate(Mild+Moderate)|Severe,M5,"M5.C3: <|S_(i±3,i)|^2> (full)",1,none-fisher,typical,none (noisy realisations of 1 sim/stage),Normal:1|Mild+Moderate:2|Severe:1,2000,,,,3.088643039279065,0.9980039161900915,,,weakest=Mild+Moderate|Severe; J_eff_min=0.0421; gap/port_min=0.292; gap/mesh=pending; bayes_err_max=0.073; shift_robust=yes; band_gap_retention=0.73; freq_robust=no; AD-vs-AD pairs unverified against mesh noise
2026-09-27T17:49:22+00:00,7ca77f1,A,A-sphere7-ring6-hfss,hfss-v1-masked,three_merged:Normal|Mild+Moderate(Mild+Moderate)|Severe,M5,M5.C[k3]: <Σ_(j≠i)|S_ji|^2> (k3),1,none-fisher,typical,none (noisy realisations of 1 sim/stage),Normal:1|Mild+Moderate:2|Severe:1,2000,,,,27.145097018372706,7.017526410664207,,,weakest=Normal|Mild+Moderate; J_eff_min=0.317; gap/port_min=0.8; gap/mesh=pending; bayes_err_max=1.98e-05; shift_robust=no; band_gap_retention=0.66; freq_robust=no; AD-vs-AD pairs unverified against mesh noise
2026-09-27T17:49:22+00:00,7ca77f1,A,A-sphere7-ring6-hfss,hfss-v1-masked,three_merged:Normal|Mild+Moderate(Mild+Moderate)|Severe,M5,"M5.C1[k3]: <|S_(i±1,i)|^2> (k3)",1,none-fisher,typical,none (noisy realisations of 1 sim/stage),Normal:1|Mild+Moderate:2|Severe:1,2000,,,,13.13488218756672,3.5578097708587584,,,weakest=Normal|Mild+Moderate; J_eff_min=0.185; gap/port_min=0.613; gap/mesh=pending; bayes_err_max=0.00168; shift_robust=no; band_gap_retention=0.55; freq_robust=no; AD-vs-AD pairs unverified against mesh noise
2026-09-27T17:49:22+00:00,7ca77f1,A,A-sphere7-ring6-hfss,hfss-v1-masked,three_merged:Normal|Mild+Moderate(Mild+Moderate)|Severe,M5,"M5.C2[k3]: <|S_(i±2,i)|^2> (k3)",1,none-fisher,typical,none (noisy realisations of 1 sim/stage),Normal:1|Mild+Moderate:2|Severe:1,2000,,,,8.56729466994845,2.645108136369881,,,weakest=Normal|Mild+Moderate; J_eff_min=1.01; gap/port_min=1.51; gap/mesh=pending; bayes_err_max=0.00462; shift_robust=yes; band_gap_retention=0.61; freq_robust=no; AD-vs-AD pairs unverified against mesh noise
2026-09-27T17:49:22+00:00,7ca77f1,A,A-sphere7-ring6-hfss,hfss-v1-masked,three_merged:Normal|Mild+Moderate(Mild+Moderate)|Severe,M5,"M5.C3[k3]: <|S_(i±3,i)|^2> (k3)",1,none-fisher,typical,none (noisy realisations of 1 sim/stage),Normal:1|Mild+Moderate:2|Severe:1,2000,,,,1.031986643606815,0.4868337862610726,,,weakest=Mild+Moderate|Severe; J_eff_min=0.0187; gap/port_min=0.195; gap/mesh=pending; bayes_err_max=0.171; shift_robust=no; band_gap_retention=0.43; freq_robust=no; AD-vs-AD pairs unverified against mesh noise
2026-09-27T17:49:22+00:00,7ca77f1,A,A-sphere7-ring6-hfss,hfss-v1-masked,three_merged:Normal|Mild+Moderate(Mild+Moderate)|Severe,M5,"M5.C3_dBavg[k3]: mean over k3 window of 10log10|S_(i+3,i)|^2",1,none-fisher,typical,none (noisy realisations of 1 sim/stage),Normal:1|Mild+Moderate:2|Severe:1,2000,,,,0.07458845277940605,0.320903651296618,,,weakest=Mild+Moderate|Severe; J_eff_min=0.00131; gap/port_min=0.0516; gap/mesh=pending; bayes_err_max=0.23; shift_robust=no; band_gap_retention=-1.70; freq_robust=no; AD-vs-AD pairs unverified against mesh noise; dB averaging; comparison only
2026-09-27T17:49:22+00:00,7ca77f1,A,A-sphere7-ring6-hfss,hfss-v1-masked,three_merged:Normal|Mild+Moderate(Mild+Moderate)|Severe,M6,M6.fc_A: power-weighted centroid of A(f) [GHz],1,none-fisher,typical,none (noisy realisations of 1 sim/stage),Normal:1|Mild+Moderate:2|Severe:1,2000,,,,2.918618173156255,0.7301400699446093,,,weakest=Normal|Mild+Moderate; J_eff_min=0.449; gap/port_min=1.03; gap/mesh=pending; bayes_err_max=0.113; shift_robust=no; band_gap_retention=0.79; freq_robust=no; AD-vs-AD pairs unverified against mesh noise
2026-09-27T17:49:22+00:00,7ca77f1,A,A-sphere7-ring6-hfss,hfss-v1-masked,three_merged:Normal|Mild+Moderate(Mild+Moderate)|Severe,M6,M6.spread_A: spectral spread of A(f) [MHz],1,none-fisher,typical,none (noisy realisations of 1 sim/stage),Normal:1|Mild+Moderate:2|Severe:1,2000,,,,0.6370994668306107,0.1593075163991752,,,weakest=Mild+Moderate|Severe; J_eff_min=0.522; gap/port_min=2.4; gap/mesh=pending; bayes_err_max=0.286; shift_robust=no; band_gap_retention=0.27; freq_robust=no; AD-vs-AD pairs unverified against mesh noise
2026-09-27T17:49:22+00:00,7ca77f1,A,A-sphere7-ring6-hfss,hfss-v1-masked,three_merged:Normal|Mild+Moderate(Mild+Moderate)|Severe,M6,M6.fc_N: power-weighted centroid of N(f) [GHz],1,none-fisher,typical,none (noisy realisations of 1 sim/stage),Normal:1|Mild+Moderate:2|Severe:1,2000,,,,2.9257482980917575,0.7319234182535895,,,weakest=Normal|Mild+Moderate; J_eff_min=0.45; gap/port_min=1.03; gap/mesh=pending; bayes_err_max=0.113; shift_robust=no; band_gap_retention=0.79; freq_robust=no; AD-vs-AD pairs unverified against mesh noise
2026-09-27T17:49:22+00:00,7ca77f1,A,A-sphere7-ring6-hfss,hfss-v1-masked,three_merged:Normal|Mild+Moderate(Mild+Moderate)|Severe,M6,M6.spread_N: spectral spread of N(f) [MHz],1,none-fisher,typical,none (noisy realisations of 1 sim/stage),Normal:1|Mild+Moderate:2|Severe:1,2000,,,,0.6289117094837138,0.15725942403051948,,,weakest=Mild+Moderate|Severe; J_eff_min=0.515; gap/port_min=2.39; gap/mesh=pending; bayes_err_max=0.287; shift_robust=no; band_gap_retention=0.27; freq_robust=no; AD-vs-AD pairs unverified against mesh noise
2026-09-27T17:49:22+00:00,7ca77f1,A,A-sphere7-ring6-hfss,hfss-v1-masked,three_merged:Normal|Mild+Moderate(Mild+Moderate)|Severe,M6,M6.A[3.20]: <A> in 50 MHz sub-band from 3.20 GHz,1,none-fisher,typical,none (noisy realisations of 1 sim/stage),Normal:1|Mild+Moderate:2|Severe:1,2000,,,,1.9582699907701373,0.49013434723851623,,,weakest=Mild+Moderate|Severe; J_eff_min=1.22; gap/port_min=2.55; gap/mesh=pending; bayes_err_max=0.161; shift_robust=no; band_gap_retention=0.96; freq_robust=no; AD-vs-AD pairs unverified against mesh noise
2026-09-27T17:49:22+00:00,7ca77f1,A,A-sphere7-ring6-hfss,hfss-v1-masked,three_merged:Normal|Mild+Moderate(Mild+Moderate)|Severe,M6,M6.N[3.20]: <N> in 50 MHz sub-band from 3.20 GHz,1,none-fisher,typical,none (noisy realisations of 1 sim/stage),Normal:1|Mild+Moderate:2|Severe:1,2000,,,,1.9577401387534081,0.4900019506935116,,,weakest=Mild+Moderate|Severe; J_eff_min=1.22; gap/port_min=2.55; gap/mesh=pending; bayes_err_max=0.161; shift_robust=no; band_gap_retention=0.96; freq_robust=no; AD-vs-AD pairs unverified against mesh noise
2026-09-27T17:49:22+00:00,7ca77f1,A,A-sphere7-ring6-hfss,hfss-v1-masked,three_merged:Normal|Mild+Moderate(Mild+Moderate)|Severe,M6,M6.A[3.25]: <A> in 50 MHz sub-band from 3.25 GHz,1,none-fisher,typical,none (noisy realisations of 1 sim/stage),Normal:1|Mild+Moderate:2|Severe:1,2000,,,,0.3193075942039691,0.07984078490351376,,,weakest=Mild+Moderate|Severe; J_eff_min=0.112; gap/port_min=0.586; gap/mesh=pending; bayes_err_max=0.345; shift_robust=no; band_gap_retention=0.71; freq_robust=no; AD-vs-AD pairs unverified against mesh noise
2026-09-27T17:49:22+00:00,7ca77f1,A,A-sphere7-ring6-hfss,hfss-v1-masked,three_merged:Normal|Mild+Moderate(Mild+Moderate)|Severe,M6,M6.N[3.25]: <N> in 50 MHz sub-band from 3.25 GHz,1,none-fisher,typical,none (noisy realisations of 1 sim/stage),Normal:1|Mild+Moderate:2|Severe:1,2000,,,,0.3194646649603776,0.07987986886140684,,,weakest=Mild+Moderate|Severe; J_eff_min=0.112; gap/port_min=0.586; gap/mesh=pending; bayes_err_max=0.345; shift_robust=no; band_gap_retention=0.71; freq_robust=no; AD-vs-AD pairs unverified against mesh noise
2026-09-27T17:49:22+00:00,7ca77f1,A,A-sphere7-ring6-hfss,hfss-v1-masked,three_merged:Normal|Mild+Moderate(Mild+Moderate)|Severe,M6,M6.A[3.30]: <A> in 50 MHz sub-band from 3.30 GHz,1,none-fisher,typical,none (noisy realisations of 1 sim/stage),Normal:1|Mild+Moderate:2|Severe:1,2000,,,,4.659409346573935,1.1659521346250175,,,weakest=Mild+Moderate|Severe; J_eff_min=0.797; gap/port_min=1.39; gap/mesh=pending; bayes_err_max=0.0633; shift_robust=no; band_gap_retention=0.62; freq_robust=no; AD-vs-AD pairs unverified against mesh noise
2026-09-27T17:49:22+00:00,7ca77f1,A,A-sphere7-ring6-hfss,hfss-v1-masked,three_merged:Normal|Mild+Moderate(Mild+Moderate)|Severe,M6,M6.N[3.30]: <N> in 50 MHz sub-band from 3.30 GHz,1,none-fisher,typical,none (noisy realisations of 1 sim/stage),Normal:1|Mild+Moderate:2|Severe:1,2000,,,,4.651317856453219,1.1639169822629507,,,weakest=Mild+Moderate|Severe; J_eff_min=0.796; gap/port_min=1.39; gap/mesh=pending; bayes_err_max=0.0635; shift_robust=no; band_gap_retention=0.62; freq_robust=no; AD-vs-AD pairs unverified against mesh noise
2026-09-27T17:49:22+00:00,7ca77f1,A,A-sphere7-ring6-hfss,hfss-v1-masked,three_merged:Normal|Mild+Moderate(Mild+Moderate)|Severe,M6,M6.A[3.35]: <A> in 50 MHz sub-band from 3.35 GHz,1,none-fisher,typical,none (noisy realisations of 1 sim/stage),Normal:1|Mild+Moderate:2|Severe:1,2000,,,,17.37892838788934,4.3629785542176895,,,weakest=Normal|Mild+Moderate; J_eff_min=1.19; gap/port_min=1.6; gap/mesh=pending; bayes_err_max=0.00145; shift_robust=no; band_gap_retention=0.70; freq_robust=no; AD-vs-AD pairs unverified against mesh noise
2026-09-27T17:49:22+00:00,7ca77f1,A,A-sphere7-ring6-hfss,hfss-v1-masked,three_merged:Normal|Mild+Moderate(Mild+Moderate)|Severe,M6,M6.N[3.35]: <N> in 50 MHz sub-band from 3.35 GHz,1,none-fisher,typical,none (noisy realisations of 1 sim/stage),Normal:1|Mild+Moderate:2|Severe:1,2000,,,,17.41516060106567,4.371825298404362,,,weakest=Normal|Mild+Moderate; J_eff_min=1.19; gap/port_min=1.6; gap/mesh=pending; bayes_err_max=0.00144; shift_robust=no; band_gap_retention=0.70; freq_robust=no; AD-vs-AD pairs unverified against mesh noise
2026-09-27T17:49:22+00:00,7ca77f1,A,A-sphere7-ring6-hfss,hfss-v1-masked,three_merged:Normal|Mild+Moderate(Mild+Moderate)|Severe,M6,M6.A[3.40]: <A> in 50 MHz sub-band from 3.40 GHz,1,none-fisher,typical,none (noisy realisations of 1 sim/stage),Normal:1|Mild+Moderate:2|Severe:1,2000,,,,95.09297842764926,23.800539735757837,,,weakest=Mild+Moderate|Severe; J_eff_min=4.04; gap/port_min=2.91; gap/mesh=pending; bayes_err_max=1.37e-12; shift_robust=no; band_gap_retention=0.96; freq_robust=no; AD-vs-AD pairs unverified against mesh noise
2026-09-27T17:49:22+00:00,7ca77f1,A,A-sphere7-ring6-hfss,hfss-v1-masked,three_merged:Normal|Mild+Moderate(Mild+Moderate)|Severe,M6,M6.N[3.40]: <N> in 50 MHz sub-band from 3.40 GHz,1,none-fisher,typical,none (noisy realisations of 1 sim/stage),Normal:1|Mild+Moderate:2|Severe:1,2000,,,,95.0612551518568,23.79220207444146,,,weakest=Mild+Moderate|Severe; J_eff_min=4.02; gap/port_min=2.9; gap/mesh=pending; bayes_err_max=1.39e-12; shift_robust=no; band_gap_retention=0.96; freq_robust=no; AD-vs-AD pairs unverified against mesh noise
2026-09-27T17:49:22+00:00,7ca77f1,A,A-sphere7-ring6-hfss,hfss-v1-masked,three_merged:Normal|Mild+Moderate(Mild+Moderate)|Severe,M6,M6.A[3.45]: <A> in 50 MHz sub-band from 3.45 GHz,1,none-fisher,typical,none (noisy realisations of 1 sim/stage),Normal:1|Mild+Moderate:2|Severe:1,2000,,,,26.39416016150921,6.6194459945508495,,,weakest=Mild+Moderate|Severe; J_eff_min=0.807; gap/port_min=1.29; gap/mesh=pending; bayes_err_max=0.00012; shift_robust=no; band_gap_retention=0.91; freq_robust=no; AD-vs-AD pairs unverified against mesh noise
2026-09-27T17:49:22+00:00,7ca77f1,A,A-sphere7-ring6-hfss,hfss-v1-masked,three_merged:Normal|Mild+Moderate(Mild+Moderate)|Severe,M6,M6.N[3.45]: <N> in 50 MHz sub-band from 3.45 GHz,1,none-fisher,typical,none (noisy realisations of 1 sim/stage),Normal:1|Mild+Moderate:2|Severe:1,2000,,,,26.200852617381972,6.570722535359511,,,weakest=Mild+Moderate|Severe; J_eff_min=0.797; gap/port_min=1.28; gap/mesh=pending; bayes_err_max=0.000127; shift_robust=no; band_gap_retention=0.91; freq_robust=no; AD-vs-AD pairs unverified against mesh noise
2026-09-27T17:49:22+00:00,7ca77f1,A,A-sphere7-ring6-hfss,hfss-v1-masked,three_merged:Normal|Mild+Moderate(Mild+Moderate)|Severe,M6,M6.A[3.50]: <A> in 50 MHz sub-band from 3.50 GHz,1,none-fisher,typical,none (noisy realisations of 1 sim/stage),Normal:1|Mild+Moderate:2|Severe:1,2000,,,,5.768990975137563,1.4427434668114383,,,weakest=Mild+Moderate|Severe; J_eff_min=0.163; gap/port_min=0.579; gap/mesh=pending; bayes_err_max=0.0447; shift_robust=no; band_gap_retention=0.94; freq_robust=no; AD-vs-AD pairs unverified against mesh noise
2026-09-27T17:49:22+00:00,7ca77f1,A,A-sphere7-ring6-hfss,hfss-v1-masked,three_merged:Normal|Mild+Moderate(Mild+Moderate)|Severe,M6,M6.N[3.50]: <N> in 50 MHz sub-band from 3.50 GHz,1,none-fisher,typical,none (noisy realisations of 1 sim/stage),Normal:1|Mild+Moderate:2|Severe:1,2000,,,,5.568229371440882,1.392549718797925,,,weakest=Mild+Moderate|Severe; J_eff_min=0.158; gap/port_min=0.57; gap/mesh=pending; bayes_err_max=0.0475; shift_robust=no; band_gap_retention=0.94; freq_robust=no; AD-vs-AD pairs unverified against mesh noise
2026-09-27T17:49:22+00:00,7ca77f1,A,A-sphere7-ring6-hfss,hfss-v1-masked,three_merged:Normal|Mild+Moderate(Mild+Moderate)|Severe,M6,M6.A[3.55]: <A> in 50 MHz sub-band from 3.55 GHz,1,none-fisher,typical,none (noisy realisations of 1 sim/stage),Normal:1|Mild+Moderate:2|Severe:1,2000,,,,6.063902212410644,1.5361763257966048,,,weakest=Mild+Moderate|Severe; J_eff_min=0.0394; gap/port_min=0.282; gap/mesh=pending; bayes_err_max=0.0388; shift_robust=no; band_gap_retention=0.96; freq_robust=no; AD-vs-AD pairs unverified against mesh noise
2026-09-27T17:49:22+00:00,7ca77f1,A,A-sphere7-ring6-hfss,hfss-v1-masked,three_merged:Normal|Mild+Moderate(Mild+Moderate)|Severe,M6,M6.N[3.55]: <N> in 50 MHz sub-band from 3.55 GHz,1,none-fisher,typical,none (noisy realisations of 1 sim/stage),Normal:1|Mild+Moderate:2|Severe:1,2000,,,,5.573392974663192,1.4142235241107688,,,weakest=Mild+Moderate|Severe; J_eff_min=0.0368; gap/port_min=0.272; gap/mesh=pending; bayes_err_max=0.0452; shift_robust=no; band_gap_retention=0.96; freq_robust=no; AD-vs-AD pairs unverified against mesh noise
2026-09-27T17:49:22+00:00,7ca77f1,A,A-sphere7-ring6-hfss,hfss-v1-masked,three_merged:Normal|Mild+Moderate(Mild+Moderate)|Severe,M6,M6.A[3.60]: <A> in 50 MHz sub-band from 3.60 GHz,1,none-fisher,typical,none (noisy realisations of 1 sim/stage),Normal:1|Mild+Moderate:2|Severe:1,2000,,,,0.006343000758315944,0.4859089694130167,,,weakest=Normal|Mild+Moderate; J_eff_min=0.00114; gap/port_min=0.0527; gap/mesh=pending; bayes_err_max=0.174; shift_robust=no; band_gap_retention=-35.20; freq_robust=no; AD-vs-AD pairs unverified against mesh noise
2026-09-27T17:49:22+00:00,7ca77f1,A,A-sphere7-ring6-hfss,hfss-v1-masked,three_merged:Normal|Mild+Moderate(Mild+Moderate)|Severe,M6,M6.N[3.60]: <N> in 50 MHz sub-band from 3.60 GHz,1,none-fisher,typical,none (noisy realisations of 1 sim/stage),Normal:1|Mild+Moderate:2|Severe:1,2000,,,,6.342687811498769e-05,0.4493124178438309,,,weakest=Normal|Mild+Moderate; J_eff_min=9.89e-06; gap/port_min=0.00484; gap/mesh=pending; bayes_err_max=0.185; shift_robust=no; band_gap_retention=-336.68; freq_robust=no; AD-vs-AD pairs unverified against mesh noise
2026-09-27T17:49:22+00:00,7ca77f1,A,A-sphere7-ring6-hfss,hfss-v1-masked,three_merged:Normal|Mild+Moderate(Mild+Moderate)|Severe,M6,M6.A[3.65]: <A> in 50 MHz sub-band from 3.65 GHz,1,none-fisher,typical,none (noisy realisations of 1 sim/stage),Normal:1|Mild+Moderate:2|Severe:1,2000,,,,41.71233401061896,10.439098669026432,,,weakest=Normal|Mild+Moderate; J_eff_min=0.312; gap/port_min=0.793; gap/mesh=pending; bayes_err_max=2.18e-06; shift_robust=no; band_gap_retention=0.91; freq_robust=no; AD-vs-AD pairs unverified against mesh noise
2026-09-27T17:49:22+00:00,7ca77f1,A,A-sphere7-ring6-hfss,hfss-v1-masked,three_merged:Normal|Mild+Moderate(Mild+Moderate)|Severe,M6,M6.N[3.65]: <N> in 50 MHz sub-band from 3.65 GHz,1,none-fisher,typical,none (noisy realisations of 1 sim/stage),Normal:1|Mild+Moderate:2|Severe:1,2000,,,,43.17873115641504,10.803307379531986,,,weakest=Normal|Mild+Moderate; J_eff_min=0.314; gap/port_min=0.796; gap/mesh=pending; bayes_err_max=1.53e-06; shift_robust=no; band_gap_retention=0.91; freq_robust=no; AD-vs-AD pairs unverified against mesh noise
2026-09-27T17:49:22+00:00,7ca77f1,A,A-sphere7-ring6-hfss,hfss-v1-masked,three_merged:Normal|Mild+Moderate(Mild+Moderate)|Severe,M6,M6.A[3.70]: <A> in 50 MHz sub-band from 3.70 GHz,1,none-fisher,typical,none (noisy realisations of 1 sim/stage),Normal:1|Mild+Moderate:2|Severe:1,2000,,,,0.415474448303041,0.45322208284096527,,,weakest=Normal|Mild+Moderate; J_eff_min=0.0226; gap/port_min=0.219; gap/mesh=pending; bayes_err_max=0.183; shift_robust=no; band_gap_retention=0.57; freq_robust=no; AD-vs-AD pairs unverified against mesh noise
2026-09-27T17:49:22+00:00,7ca77f1,A,A-sphere7-ring6-hfss,hfss-v1-masked,three_merged:Normal|Mild+Moderate(Mild+Moderate)|Severe,M6,M6.N[3.70]: <N> in 50 MHz sub-band from 3.70 GHz,1,none-fisher,typical,none (noisy realisations of 1 sim/stage),Normal:1|Mild+Moderate:2|Severe:1,2000,,,,0.4069646403843493,0.4517246722127327,,,weakest=Normal|Mild+Moderate; J_eff_min=0.0222; gap/port_min=0.217; gap/mesh=pending; bayes_err_max=0.184; shift_robust=no; band_gap_retention=0.57; freq_robust=no; AD-vs-AD pairs unverified against mesh noise
2026-09-27T17:49:22+00:00,7ca77f1,A,A-sphere7-ring6-hfss,hfss-v1-masked,three_merged:Normal|Mild+Moderate(Mild+Moderate)|Severe,M6,M6.A[3.75]: <A> in 50 MHz sub-band from 3.75 GHz,1,none-fisher,typical,none (noisy realisations of 1 sim/stage),Normal:1|Mild+Moderate:2|Severe:1,2000,,,,1.5913777205956032,0.4133987344349923,,,weakest=Normal|Mild+Moderate; J_eff_min=0.022; gap/port_min=0.211; gap/mesh=pending; bayes_err_max=0.182; shift_robust=no; band_gap_retention=-0.41; freq_robust=no; AD-vs-AD pairs unverified against mesh noise
2026-09-27T17:49:22+00:00,7ca77f1,A,A-sphere7-ring6-hfss,hfss-v1-masked,three_merged:Normal|Mild+Moderate(Mild+Moderate)|Severe,M6,M6.N[3.75]: <N> in 50 MHz sub-band from 3.75 GHz,1,none-fisher,typical,none (noisy realisations of 1 sim/stage),Normal:1|Mild+Moderate:2|Severe:1,2000,,,,1.6513915559640933,0.4287585537591754,,,weakest=Normal|Mild+Moderate; J_eff_min=0.0229; gap/port_min=0.215; gap/mesh=pending; bayes_err_max=0.178; shift_robust=no; band_gap_retention=-0.38; freq_robust=no; AD-vs-AD pairs unverified against mesh noise
2026-09-27T17:49:22+00:00,7ca77f1,A,A-sphere7-ring6-hfss,hfss-v1-masked,three_merged:Normal|Mild+Moderate(Mild+Moderate)|Severe,M6,M6.A[3.80]: <A> in 50 MHz sub-band from 3.80 GHz,1,none-fisher,typical,none (noisy realisations of 1 sim/stage),Normal:1|Mild+Moderate:2|Severe:1,2000,,,,0.32319501858150024,0.22502744238219874,,,weakest=Mild+Moderate|Severe; J_eff_min=0.0119; gap/port_min=0.157; gap/mesh=pending; bayes_err_max=0.27; shift_robust=no; band_gap_retention=0.82; freq_robust=no; AD-vs-AD pairs unverified against mesh noise
2026-09-27T17:49:22+00:00,7ca77f1,A,A-sphere7-ring6-hfss,hfss-v1-masked,three_merged:Normal|Mild+Moderate(Mild+Moderate)|Severe,M6,M6.N[3.80]: <N> in 50 MHz sub-band from 3.80 GHz,1,none-fisher,typical,none (noisy realisations of 1 sim/stage),Normal:1|Mild+Moderate:2|Severe:1,2000,,,,0.3242742438133932,0.22529329073114643,,,weakest=Mild+Moderate|Severe; J_eff_min=0.0119; gap/port_min=0.157; gap/mesh=pending; bayes_err_max=0.27; shift_robust=no; band_gap_retention=0.82; freq_robust=no; AD-vs-AD pairs unverified against mesh noise
2026-09-27T17:49:22+00:00,7ca77f1,A,A-sphere7-ring6-hfss,hfss-v1-masked,three_merged:Normal|Mild+Moderate(Mild+Moderate)|Severe,M6,M6.A[3.85]: <A> in 50 MHz sub-band from 3.85 GHz,1,none-fisher,typical,none (noisy realisations of 1 sim/stage),Normal:1|Mild+Moderate:2|Severe:1,2000,,,,1.6055911243818062,0.40961564369325765,,,weakest=Mild+Moderate|Severe; J_eff_min=0.244; gap/port_min=0.758; gap/mesh=pending; bayes_err_max=0.183; shift_robust=no; band_gap_retention=0.98; freq_robust=no; AD-vs-AD pairs unverified against mesh noise
2026-09-27T17:49:22+00:00,7ca77f1,A,A-sphere7-ring6-hfss,hfss-v1-masked,three_merged:Normal|Mild+Moderate(Mild+Moderate)|Severe,M6,M6.N[3.85]: <N> in 50 MHz sub-band from 3.85 GHz,1,none-fisher,typical,none (noisy realisations of 1 sim/stage),Normal:1|Mild+Moderate:2|Severe:1,2000,,,,1.606219483570129,0.4097750912975997,,,weakest=Mild+Moderate|Severe; J_eff_min=0.244; gap/port_min=0.758; gap/mesh=pending; bayes_err_max=0.183; shift_robust=no; band_gap_retention=0.98; freq_robust=no; AD-vs-AD pairs unverified against mesh noise
2026-09-27T17:49:22+00:00,7ca77f1,A,A-sphere7-ring6-hfss,hfss-v1-masked,three_merged:Normal|Mild+Moderate(Mild+Moderate)|Severe,M6,M6.A[3.90]: <A> in 50 MHz sub-band from 3.90 GHz,1,none-fisher,typical,none (noisy realisations of 1 sim/stage),Normal:1|Mild+Moderate:2|Severe:1,2000,,,,0.7595525021142862,0.18988904139837426,,,weakest=Mild+Moderate|Severe; J_eff_min=0.418; gap/port_min=1.36; gap/mesh=pending; bayes_err_max=0.269; shift_robust=no; band_gap_retention=0.98; freq_robust=no; AD-vs-AD pairs unverified against mesh noise
2026-09-27T17:49:22+00:00,7ca77f1,A,A-sphere7-ring6-hfss,hfss-v1-masked,three_merged:Normal|Mild+Moderate(Mild+Moderate)|Severe,M6,M6.N[3.90]: <N> in 50 MHz sub-band from 3.90 GHz,1,none-fisher,typical,none (noisy realisations of 1 sim/stage),Normal:1|Mild+Moderate:2|Severe:1,2000,,,,0.7596938899680425,0.18992438206086346,,,weakest=Mild+Moderate|Severe; J_eff_min=0.418; gap/port_min=1.36; gap/mesh=pending; bayes_err_max=0.269; shift_robust=no; band_gap_retention=0.98; freq_robust=no; AD-vs-AD pairs unverified against mesh noise
2026-09-27T17:49:22+00:00,7ca77f1,A,A-sphere7-ring6-hfss,hfss-v1-masked,three_merged:Normal|Mild+Moderate(Mild+Moderate)|Severe,M6,M6.A[3.95]: <A> in 50 MHz sub-band from 3.95 GHz,1,none-fisher,typical,none (noisy realisations of 1 sim/stage),Normal:1|Mild+Moderate:2|Severe:1,2000,,,,0.469959032340945,0.11796694005681112,,,weakest=Mild+Moderate|Severe; J_eff_min=0.371; gap/port_min=1.88; gap/mesh=pending; bayes_err_max=0.314; shift_robust=no; band_gap_retention=0.97; freq_robust=no; AD-vs-AD pairs unverified against mesh noise
2026-09-27T17:49:22+00:00,7ca77f1,A,A-sphere7-ring6-hfss,hfss-v1-masked,three_merged:Normal|Mild+Moderate(Mild+Moderate)|Severe,M6,M6.N[3.95]: <N> in 50 MHz sub-band from 3.95 GHz,1,none-fisher,typical,none (noisy realisations of 1 sim/stage),Normal:1|Mild+Moderate:2|Severe:1,2000,,,,0.4700173527963319,0.11798155996802884,,,weakest=Mild+Moderate|Severe; J_eff_min=0.371; gap/port_min=1.88; gap/mesh=pending; bayes_err_max=0.314; shift_robust=no; band_gap_retention=0.97; freq_robust=no; AD-vs-AD pairs unverified against mesh noise
2026-09-27T17:49:22+00:00,7ca77f1,A,A-sphere7-ring6-hfss,hfss-v1-masked,three_merged:Normal|Mild+Moderate(Mild+Moderate)|Severe,M6,M6.A[4.00]: <A> in 50 MHz sub-band from 4.00 GHz,1,none-fisher,typical,none (noisy realisations of 1 sim/stage),Normal:1|Mild+Moderate:2|Severe:1,2000,,,,0.19952393506669425,0.050027991700462446,,,weakest=Mild+Moderate|Severe; J_eff_min=0.18; gap/port_min=1.9; gap/mesh=pending; bayes_err_max=0.376; shift_robust=no; band_gap_retention=0.97; freq_robust=no; AD-vs-AD pairs unverified against mesh noise
2026-09-27T17:49:22+00:00,7ca77f1,A,A-sphere7-ring6-hfss,hfss-v1-masked,three_merged:Normal|Mild+Moderate(Mild+Moderate)|Severe,M6,M6.N[4.00]: <N> in 50 MHz sub-band from 4.00 GHz,1,none-fisher,typical,none (noisy realisations of 1 sim/stage),Normal:1|Mild+Moderate:2|Severe:1,2000,,,,0.19954399292400304,0.0500330035813134,,,weakest=Mild+Moderate|Severe; J_eff_min=0.18; gap/port_min=1.9; gap/mesh=pending; bayes_err_max=0.376; shift_robust=no; band_gap_retention=0.97; freq_robust=no; AD-vs-AD pairs unverified against mesh noise
2026-09-27T17:49:22+00:00,7ca77f1,A,A-sphere7-ring6-hfss,hfss-v1-masked,three_merged:Normal|Mild+Moderate(Mild+Moderate)|Severe,M6,M6.A[4.05]: <A> in 50 MHz sub-band from 4.05 GHz,1,none-fisher,typical,none (noisy realisations of 1 sim/stage),Normal:1|Mild+Moderate:2|Severe:1,2000,,,,0.08922873738804339,0.022480228531253255,,,weakest=Mild+Moderate|Severe; J_eff_min=0.0841; gap/port_min=1.71; gap/mesh=pending; bayes_err_max=0.416; shift_robust=no; band_gap_retention=0.96; freq_robust=no; AD-vs-AD pairs unverified against mesh noise
2026-09-27T17:49:22+00:00,7ca77f1,A,A-sphere7-ring6-hfss,hfss-v1-masked,three_merged:Normal|Mild+Moderate(Mild+Moderate)|Severe,M6,M6.N[4.05]: <N> in 50 MHz sub-band from 4.05 GHz,1,none-fisher,typical,none (noisy realisations of 1 sim/stage),Normal:1|Mild+Moderate:2|Severe:1,2000,,,,0.08923680955427664,0.022482244957059878,,,weakest=Mild+Moderate|Severe; J_eff_min=0.0841; gap/port_min=1.71; gap/mesh=pending; bayes_err_max=0.416; shift_robust=no; band_gap_retention=0.96; freq_robust=no; AD-vs-AD pairs unverified against mesh noise
2026-09-27T17:49:22+00:00,7ca77f1,A,A-sphere7-ring6-hfss,hfss-v1-masked,three_merged:Normal|Mild+Moderate(Mild+Moderate)|Severe,M6,M6.A[4.10]: <A> in 50 MHz sub-band from 4.10 GHz,1,none-fisher,typical,none (noisy realisations of 1 sim/stage),Normal:1|Mild+Moderate:2|Severe:1,2000,,,,0.03089325445106138,0.009714405939413103,,,weakest=Mild+Moderate|Severe; J_eff_min=0.0297; gap/port_min=1.23; gap/mesh=pending; bayes_err_max=0.448; shift_robust=no; band_gap_retention=0.95; freq_robust=no; AD-vs-AD pairs unverified against mesh noise
2026-09-27T17:49:22+00:00,7ca77f1,A,A-sphere7-ring6-hfss,hfss-v1-masked,three_merged:Normal|Mild+Moderate(Mild+Moderate)|Severe,M6,M6.N[4.10]: <N> in 50 MHz sub-band from 4.10 GHz,1,none-fisher,typical,none (noisy realisations of 1 sim/stage),Normal:1|Mild+Moderate:2|Severe:1,2000,,,,0.030896929584757735,0.009715335322554497,,,weakest=Mild+Moderate|Severe; J_eff_min=0.0297; gap/port_min=1.23; gap/mesh=pending; bayes_err_max=0.448; shift_robust=no; band_gap_retention=0.95; freq_robust=no; AD-vs-AD pairs unverified against mesh noise
2026-09-27T17:49:22+00:00,7ca77f1,A,A-sphere7-ring6-hfss,hfss-v1-masked,three_merged:Normal|Mild+Moderate(Mild+Moderate)|Severe,M6,M6.A[4.15]: <A> in 50 MHz sub-band from 4.15 GHz,1,none-fisher,typical,none (noisy realisations of 1 sim/stage),Normal:1|Mild+Moderate:2|Severe:1,2000,,,,0.01109376530907074,0.0027791194537689703,,,weakest=Mild+Moderate|Severe; J_eff_min=0.0108; gap/port_min=0.914; gap/mesh=pending; bayes_err_max=0.47; shift_robust=no; band_gap_retention=0.95; freq_robust=no; AD-vs-AD pairs unverified against mesh noise
2026-09-27T17:49:22+00:00,7ca77f1,A,A-sphere7-ring6-hfss,hfss-v1-masked,three_merged:Normal|Mild+Moderate(Mild+Moderate)|Severe,M6,M6.N[4.15]: <N> in 50 MHz sub-band from 4.15 GHz,1,none-fisher,typical,none (noisy realisations of 1 sim/stage),Normal:1|Mild+Moderate:2|Severe:1,2000,,,,0.011095766520487327,0.002779619066086004,,,weakest=Mild+Moderate|Severe; J_eff_min=0.0108; gap/port_min=0.914; gap/mesh=pending; bayes_err_max=0.47; shift_robust=no; band_gap_retention=0.95; freq_robust=no; AD-vs-AD pairs unverified against mesh noise
2026-09-27T17:49:22+00:00,7ca77f1,A,A-sphere7-ring6-hfss,hfss-v1-masked,three_merged:Normal|Mild+Moderate(Mild+Moderate)|Severe,M7,"M7.D: <Σ_j|S_ji - S_ref,ji|^2>_B, ref = circulant(Normal)",1,none-fisher,typical,none (noisy realisations of 1 sim/stage),Normal:1|Mild+Moderate:2|Severe:1,2000,,,,16.790840368747478,4.380260947740843,,,weakest=Mild+Moderate|Severe; J_eff_min=1.57; gap/port_min=1.86; gap/mesh=pending; bayes_err_max=0.000743; shift_robust=no; band_gap_retention=0.92; freq_robust=no; AD-vs-AD pairs unverified against mesh noise
2026-09-27T17:49:22+00:00,7ca77f1,A,A-sphere7-ring6-hfss,hfss-v1-masked,three_merged:Normal|Mild+Moderate(Mild+Moderate)|Severe,M7,"M7.D_pow: <Σ_j(|S_ji|^2 - |S_ref,ji|^2)^2>_B (phase-free)",1,none-fisher,typical,none (noisy realisations of 1 sim/stage),Normal:1|Mild+Moderate:2|Severe:1,2000,,,,8.220080558521722,2.056043854271588,,,weakest=Mild+Moderate|Severe; J_eff_min=3.03; gap/port_min=3.1; gap/mesh=pending; bayes_err_max=0.0212; shift_robust=no; band_gap_retention=0.79; freq_robust=no; AD-vs-AD pairs unverified against mesh noise
2026-09-27T17:49:22+00:00,7ca77f1,A,A-sphere7-ring6-hfss,hfss-v1-masked,three_merged:Normal|Mild+Moderate(Mild+Moderate)|Severe,M7,"M7.D0: <|S_(i±0,i) - ref|^2>_B",1,none-fisher,typical,none (noisy realisations of 1 sim/stage),Normal:1|Mild+Moderate:2|Severe:1,2000,,,,16.89471371940418,4.401968989684865,,,weakest=Mild+Moderate|Severe; J_eff_min=1.56; gap/port_min=1.85; gap/mesh=pending; bayes_err_max=0.000734; shift_robust=no; band_gap_retention=0.92; freq_robust=no; AD-vs-AD pairs unverified against mesh noise
2026-09-27T17:49:22+00:00,7ca77f1,A,A-sphere7-ring6-hfss,hfss-v1-masked,three_merged:Normal|Mild+Moderate(Mild+Moderate)|Severe,M7,"M7.D1: <|S_(i±1,i) - ref|^2>_B",1,none-fisher,typical,none (noisy realisations of 1 sim/stage),Normal:1|Mild+Moderate:2|Severe:1,2000,,,,3.8525176660197045,1.796346191967026,,,weakest=Mild+Moderate|Severe; J_eff_min=0.163; gap/port_min=0.583; gap/mesh=pending; bayes_err_max=0.018; shift_robust=no; band_gap_retention=1.06; freq_robust=no; AD-vs-AD pairs unverified against mesh noise
2026-09-27T17:49:22+00:00,7ca77f1,A,A-sphere7-ring6-hfss,hfss-v1-masked,three_merged:Normal|Mild+Moderate(Mild+Moderate)|Severe,M7,"M7.D2: <|S_(i±2,i) - ref|^2>_B",1,none-fisher,typical,none (noisy realisations of 1 sim/stage),Normal:1|Mild+Moderate:2|Severe:1,2000,,,,154.00780804272418,38.586168254079624,,,weakest=Mild+Moderate|Severe; J_eff_min=2.13; gap/port_min=2.08; gap/mesh=pending; bayes_err_max=3.09e-20; shift_robust=no; band_gap_retention=1.05; freq_robust=no; AD-vs-AD pairs unverified against mesh noise
2026-09-27T17:49:22+00:00,7ca77f1,A,A-sphere7-ring6-hfss,hfss-v1-masked,three_merged:Normal|Mild+Moderate(Mild+Moderate)|Severe,M7,"M7.D3: <|S_(i±3,i) - ref|^2>_B",1,none-fisher,typical,none (noisy realisations of 1 sim/stage),Normal:1|Mild+Moderate:2|Severe:1,2000,,,,174.82343473946045,43.81765952799858,,,weakest=Mild+Moderate|Severe; J_eff_min=2.89; gap/port_min=2.42; gap/mesh=pending; bayes_err_max=3.04e-23; shift_robust=no; band_gap_retention=1.10; freq_robust=no; AD-vs-AD pairs unverified against mesh noise
2026-09-27T17:49:22+00:00,7ca77f1,A,A-sphere7-ring6-hfss,hfss-v1-masked,three_merged:Normal|Mild+Moderate(Mild+Moderate)|Severe,M7,"M7.D3[k3]: <|S_(i+3,i) - ref|^2> over k3 window",1,none-fisher,typical,none (noisy realisations of 1 sim/stage),Normal:1|Mild+Moderate:2|Severe:1,2000,,,,164.60308840206218,41.25726723913865,,,weakest=Mild+Moderate|Severe; J_eff_min=4.22; gap/port_min=2.94; gap/mesh=pending; bayes_err_max=6.69e-22; shift_robust=no; band_gap_retention=0.88; freq_robust=no; AD-vs-AD pairs unverified against mesh noise
2026-09-27T17:49:22+00:00,7ca77f1,A,A-sphere7-ring6-hfss,hfss-v1-masked,three_merged:Normal|Mild+Moderate(Mild+Moderate)|Severe,M8,M8.s1^2: <s_1(S)^2>_B (singular value),1,none-fisher,typical,none (noisy realisations of 1 sim/stage),Normal:1|Mild+Moderate:2|Severe:1,2000,,,,0.3413206531116488,0.15391446496694905,,,weakest=Mild+Moderate|Severe; J_eff_min=nan; gap/port_min=nan; gap/mesh=pending; bayes_err_max=0.306; shift_robust=no; band_gap_retention=-0.69; freq_robust=no; AD-vs-AD pairs unverified against mesh noise; matrix-level: no per-antenna port-noise estimate
2026-09-27T17:49:22+00:00,7ca77f1,A,A-sphere7-ring6-hfss,hfss-v1-masked,three_merged:Normal|Mild+Moderate(Mild+Moderate)|Severe,M8,M8.s2^2: <s_2(S)^2>_B (singular value),1,none-fisher,typical,none (noisy realisations of 1 sim/stage),Normal:1|Mild+Moderate:2|Severe:1,2000,,,,0.14103278533433605,0.0438196539083243,,,weakest=Mild+Moderate|Severe; J_eff_min=nan; gap/port_min=nan; gap/mesh=pending; bayes_err_max=0.389; shift_robust=no; band_gap_retention=-2.37; freq_robust=no; AD-vs-AD pairs unverified against mesh noise; matrix-level: no per-antenna port-noise estimate
2026-09-27T17:49:22+00:00,7ca77f1,A,A-sphere7-ring6-hfss,hfss-v1-masked,three_merged:Normal|Mild+Moderate(Mild+Moderate)|Severe,M8,M8.s3^2: <s_3(S)^2>_B (singular value),1,none-fisher,typical,none (noisy realisations of 1 sim/stage),Normal:1|Mild+Moderate:2|Severe:1,2000,,,,0.15230207243957564,0.042865554023082016,,,weakest=Mild+Moderate|Severe; J_eff_min=nan; gap/port_min=nan; gap/mesh=pending; bayes_err_max=0.388; shift_robust=no; band_gap_retention=0.35; freq_robust=no; AD-vs-AD pairs unverified against mesh noise; matrix-level: no per-antenna port-noise estimate
2026-09-27T17:49:22+00:00,7ca77f1,A,A-sphere7-ring6-hfss,hfss-v1-masked,three_merged:Normal|Mild+Moderate(Mild+Moderate)|Severe,M8,M8.s4^2: <s_4(S)^2>_B (singular value),1,none-fisher,typical,none (noisy realisations of 1 sim/stage),Normal:1|Mild+Moderate:2|Severe:1,2000,,,,0.10936118509927742,0.027401344080302942,,,weakest=Mild+Moderate|Severe; J_eff_min=nan; gap/port_min=nan; gap/mesh=pending; bayes_err_max=0.408; shift_robust=no; band_gap_retention=-0.03; freq_robust=no; AD-vs-AD pairs unverified against mesh noise; matrix-level: no per-antenna port-noise estimate
2026-09-27T17:49:22+00:00,7ca77f1,A,A-sphere7-ring6-hfss,hfss-v1-masked,three_merged:Normal|Mild+Moderate(Mild+Moderate)|Severe,M8,M8.s5^2: <s_5(S)^2>_B (singular value),1,none-fisher,typical,none (noisy realisations of 1 sim/stage),Normal:1|Mild+Moderate:2|Severe:1,2000,,,,0.22788705411963966,0.057637020476296916,,,weakest=Mild+Moderate|Severe; J_eff_min=nan; gap/port_min=nan; gap/mesh=pending; bayes_err_max=0.367; shift_robust=no; band_gap_retention=0.55; freq_robust=no; AD-vs-AD pairs unverified against mesh noise; matrix-level: no per-antenna port-noise estimate
2026-09-27T17:49:22+00:00,7ca77f1,A,A-sphere7-ring6-hfss,hfss-v1-masked,three_merged:Normal|Mild+Moderate(Mild+Moderate)|Severe,M8,M8.s6^2: <s_6(S)^2>_B (singular value),1,none-fisher,typical,none (noisy realisations of 1 sim/stage),Normal:1|Mild+Moderate:2|Severe:1,2000,,,,0.2808825791880239,0.07481380861320308,,,weakest=Mild+Moderate|Severe; J_eff_min=nan; gap/port_min=nan; gap/mesh=pending; bayes_err_max=0.351; shift_robust=no; band_gap_retention=0.47; freq_robust=no; AD-vs-AD pairs unverified against mesh noise; matrix-level: no per-antenna port-noise estimate
2026-09-27T17:49:22+00:00,7ca77f1,A,A-sphere7-ring6-hfss,hfss-v1-masked,three_merged:Normal|Mild+Moderate(Mild+Moderate)|Severe,M8,M8.lam0^2: <|λ_0|^2> circulant mode 0 (full),1,none-fisher,typical,none (noisy realisations of 1 sim/stage),Normal:1|Mild+Moderate:2|Severe:1,2000,,,,0.39274935741819833,0.10121805737868525,,,weakest=Mild+Moderate|Severe; J_eff_min=0.0685; gap/port_min=0.407; gap/mesh=pending; bayes_err_max=0.327; shift_robust=no; band_gap_retention=0.44; freq_robust=no; AD-vs-AD pairs unverified against mesh noise
2026-09-27T17:49:22+00:00,7ca77f1,A,A-sphere7-ring6-hfss,hfss-v1-masked,three_merged:Normal|Mild+Moderate(Mild+Moderate)|Severe,M8,M8.lam1^2: <|λ_1|^2> circulant mode 1 (full),1,none-fisher,typical,none (noisy realisations of 1 sim/stage),Normal:1|Mild+Moderate:2|Severe:1,2000,,,,0.3411832531771439,0.08904992124422781,,,weakest=Mild+Moderate|Severe; J_eff_min=0.061; gap/port_min=0.386; gap/mesh=pending; bayes_err_max=0.338; shift_robust=no; band_gap_retention=0.37; freq_robust=no; AD-vs-AD pairs unverified against mesh noise
2026-09-27T17:49:22+00:00,7ca77f1,A,A-sphere7-ring6-hfss,hfss-v1-masked,three_merged:Normal|Mild+Moderate(Mild+Moderate)|Severe,M8,M8.lam2^2: <|λ_2|^2> circulant mode 2 (full),1,none-fisher,typical,none (noisy realisations of 1 sim/stage),Normal:1|Mild+Moderate:2|Severe:1,2000,,,,0.4975128608442905,0.1261224742805464,,,weakest=Mild+Moderate|Severe; J_eff_min=0.0896; gap/port_min=0.468; gap/mesh=pending; bayes_err_max=0.308; shift_robust=no; band_gap_retention=0.33; freq_robust=no; AD-vs-AD pairs unverified against mesh noise
2026-09-27T17:49:22+00:00,7ca77f1,A,A-sphere7-ring6-hfss,hfss-v1-masked,three_merged:Normal|Mild+Moderate(Mild+Moderate)|Severe,M8,M8.lam3^2: <|λ_3|^2> circulant mode 3 (full),1,none-fisher,typical,none (noisy realisations of 1 sim/stage),Normal:1|Mild+Moderate:2|Severe:1,2000,,,,0.8803188790457528,0.22149603387401604,,,weakest=Mild+Moderate|Severe; J_eff_min=0.157; gap/port_min=0.617; gap/mesh=pending; bayes_err_max=0.253; shift_robust=no; band_gap_retention=0.28; freq_robust=no; AD-vs-AD pairs unverified against mesh noise
2026-09-27T17:49:22+00:00,7ca77f1,A,A-sphere7-ring6-hfss,hfss-v1-masked,three_merged:Normal|Mild+Moderate(Mild+Moderate)|Severe,M8,M8.lam0^2[k3]: <|λ_0|^2> circulant mode 0 (k3),1,none-fisher,typical,none (noisy realisations of 1 sim/stage),Normal:1|Mild+Moderate:2|Severe:1,2000,,,,145.79317880066057,36.47299447497471,,,weakest=Mild+Moderate|Severe; J_eff_min=2.31; gap/port_min=2.16; gap/mesh=pending; bayes_err_max=2.71e-18; shift_robust=no; band_gap_retention=0.85; freq_robust=no; AD-vs-AD pairs unverified against mesh noise
2026-09-27T17:49:22+00:00,7ca77f1,A,A-sphere7-ring6-hfss,hfss-v1-masked,three_merged:Normal|Mild+Moderate(Mild+Moderate)|Severe,M8,M8.lam1^2[k3]: <|λ_1|^2> circulant mode 1 (k3),1,none-fisher,typical,none (noisy realisations of 1 sim/stage),Normal:1|Mild+Moderate:2|Severe:1,2000,,,,133.20089136576894,33.33808049257363,,,weakest=Mild+Moderate|Severe; J_eff_min=2.22; gap/port_min=2.12; gap/mesh=pending; bayes_err_max=4.54e-17; shift_robust=no; band_gap_retention=0.86; freq_robust=no; AD-vs-AD pairs unverified against mesh noise
2026-09-27T17:49:22+00:00,7ca77f1,A,A-sphere7-ring6-hfss,hfss-v1-masked,three_merged:Normal|Mild+Moderate(Mild+Moderate)|Severe,M8,M8.lam2^2[k3]: <|λ_2|^2> circulant mode 2 (k3),1,none-fisher,typical,none (noisy realisations of 1 sim/stage),Normal:1|Mild+Moderate:2|Severe:1,2000,,,,109.49811625953296,27.426633809503677,,,weakest=Mild+Moderate|Severe; J_eff_min=1.88; gap/port_min=1.95; gap/mesh=pending; bayes_err_max=1.56e-14; shift_robust=no; band_gap_retention=0.85; freq_robust=no; AD-vs-AD pairs unverified against mesh noise
2026-09-27T17:49:22+00:00,7ca77f1,A,A-sphere7-ring6-hfss,hfss-v1-masked,three_merged:Normal|Mild+Moderate(Mild+Moderate)|Severe,M8,M8.lam3^2[k3]: <|λ_3|^2> circulant mode 3 (k3),1,none-fisher,typical,none (noisy realisations of 1 sim/stage),Normal:1|Mild+Moderate:2|Severe:1,2000,,,,120.43250017238455,30.15098865912231,,,weakest=Mild+Moderate|Severe; J_eff_min=1.89; gap/port_min=1.96; gap/mesh=pending; bayes_err_max=1.12e-15; shift_robust=no; band_gap_retention=0.85; freq_robust=no; AD-vs-AD pairs unverified against mesh noise
2026-09-27T17:49:22+00:00,7ca77f1,A,A-sphere7-ring6-hfss,hfss-v1-masked,three_merged:Normal|Mild+Moderate(Mild+Moderate)|Severe,M0,M0.old_score: mean_B Σ_{j≠i}|S_ii+S_ij|/VSWR_i,1,none-fisher,noisy,none (noisy realisations of 1 sim/stage),Normal:1|Mild+Moderate:2|Severe:1,2000,,,,0.3691444000833951,0.09333972104384772,,,weakest=Mild+Moderate|Severe; J_eff_min=0.238; gap/port_min=1.15; gap/mesh=pending; bayes_err_max=0.333; shift_robust=no; band_gap_retention=0.65; freq_robust=no; AD-vs-AD pairs unverified against mesh noise; baseline only; not a physical quantity
2026-09-27T17:49:22+00:00,7ca77f1,A,A-sphere7-ring6-hfss,hfss-v1-masked,three_merged:Normal|Mild+Moderate(Mild+Moderate)|Severe,M1,M1.Sii_dBavg: mean_B 20log10|S_ii|,1,none-fisher,noisy,none (noisy realisations of 1 sim/stage),Normal:1|Mild+Moderate:2|Severe:1,2000,,,,0.023066250676613047,0.006314919042895934,,,weakest=Normal|Severe; J_eff_min=0.00228; gap/port_min=0.0712; gap/mesh=pending; bayes_err_max=0.456; shift_robust=no; band_gap_retention=0.14; freq_robust=no; AD-vs-AD pairs unverified against mesh noise; dB averaging; shown for fragility
2026-09-27T17:49:22+00:00,7ca77f1,A,A-sphere7-ring6-hfss,hfss-v1-masked,three_merged:Normal|Mild+Moderate(Mild+Moderate)|Severe,M2,M2.R: <|S_ii|^2>_B,1,none-fisher,noisy,none (noisy realisations of 1 sim/stage),Normal:1|Mild+Moderate:2|Severe:1,2000,,,,0.13870883830495284,0.03508974166434263,,,weakest=Mild+Moderate|Severe; J_eff_min=0.0648; gap/port_min=0.493; gap/mesh=pending; bayes_err_max=0.396; shift_robust=no; band_gap_retention=0.34; freq_robust=no; AD-vs-AD pairs unverified against mesh noise
2026-09-27T17:49:22+00:00,7ca77f1,A,A-sphere7-ring6-hfss,hfss-v1-masked,three_merged:Normal|Mild+Moderate(Mild+Moderate)|Severe,M2,M2.R[k3]: <|S_ii|^2> over k3 window,1,none-fisher,noisy,none (noisy realisations of 1 sim/stage),Normal:1|Mild+Moderate:2|Severe:1,2000,,,,44.132318188393874,11.034545009838668,,,weakest=Mild+Moderate|Severe; J_eff_min=2.03; gap/port_min=2.06; gap/mesh=pending; bayes_err_max=1.29e-06; shift_robust=no; band_gap_retention=0.85; freq_robust=no; AD-vs-AD pairs unverified against mesh noise
2026-09-27T17:49:22+00:00,7ca77f1,A,A-sphere7-ring6-hfss,hfss-v1-masked,three_merged:Normal|Mild+Moderate(Mild+Moderate)|Severe,M3,M3.A: <1-|S_ii|^2>_B,1,none-fisher,noisy,none (noisy realisations of 1 sim/stage),Normal:1|Mild+Moderate:2|Severe:1,2000,,,,0.13870883830495218,0.035089741664342686,,,weakest=Mild+Moderate|Severe; J_eff_min=0.0648; gap/port_min=0.493; gap/mesh=pending; bayes_err_max=0.396; shift_robust=no; band_gap_retention=0.34; freq_robust=no; AD-vs-AD pairs unverified against mesh noise; affine copy of M2.R (identical separability)
2026-09-27T17:49:22+00:00,7ca77f1,A,A-sphere7-ring6-hfss,hfss-v1-masked,three_merged:Normal|Mild+Moderate(Mild+Moderate)|Severe,M3,M3.ML_of_powavg: -10log10<A>_B (dB),1,none-fisher,noisy,none (noisy realisations of 1 sim/stage),Normal:1|Mild+Moderate:2|Severe:1,2000,,,,0.1376077726103252,0.03484901894703278,,,weakest=Mild+Moderate|Severe; J_eff_min=0.0647; gap/port_min=0.494; gap/mesh=pending; bayes_err_max=0.396; shift_robust=no; band_gap_retention=0.33; freq_robust=no; AD-vs-AD pairs unverified against mesh noise
2026-09-27T17:49:22+00:00,7ca77f1,A,A-sphere7-ring6-hfss,hfss-v1-masked,three_merged:Normal|Mild+Moderate(Mild+Moderate)|Severe,M3,M3.ML_dBavg: <-10log10 A>_B (dB-averaged ML),1,none-fisher,noisy,none (noisy realisations of 1 sim/stage),Normal:1|Mild+Moderate:2|Severe:1,2000,,,,0.031951464987976935,0.008105562358585798,,,weakest=Mild+Moderate|Severe; J_eff_min=0.0319; gap/port_min=4.96; gap/mesh=pending; bayes_err_max=0.45; shift_robust=no; band_gap_retention=0.76; freq_robust=no; AD-vs-AD pairs unverified against mesh noise; dB averaging; comparison only
2026-09-27T17:49:22+00:00,7ca77f1,A,A-sphere7-ring6-hfss,hfss-v1-masked,three_merged:Normal|Mild+Moderate(Mild+Moderate)|Severe,M4,M4.N: <1-Σ_j|S_ji|^2>_B (absorbed+radiated+loss),1,none-fisher,noisy,none (noisy realisations of 1 sim/stage),Normal:1|Mild+Moderate:2|Severe:1,2000,,,,0.14729499585453323,0.03721614099351443,,,weakest=Mild+Moderate|Severe; J_eff_min=0.0687; gap/port_min=0.508; gap/mesh=pending; bayes_err_max=0.393; shift_robust=no; band_gap_retention=0.36; freq_robust=no; AD-vs-AD pairs unverified against mesh noise
2026-09-27T17:49:22+00:00,7ca77f1,A,A-sphere7-ring6-hfss,hfss-v1-masked,three_merged:Normal|Mild+Moderate(Mild+Moderate)|Severe,M4,M4.N[k3]: <N> over k3 window,1,none-fisher,noisy,none (noisy realisations of 1 sim/stage),Normal:1|Mild+Moderate:2|Severe:1,2000,,,,43.739711421936775,10.936309285388734,,,weakest=Mild+Moderate|Severe; J_eff_min=2.02; gap/port_min=2.06; gap/mesh=pending; bayes_err_max=1.44e-06; shift_robust=no; band_gap_retention=0.85; freq_robust=no; AD-vs-AD pairs unverified against mesh noise
2026-09-27T17:49:22+00:00,7ca77f1,A,A-sphere7-ring6-hfss,hfss-v1-masked,three_merged:Normal|Mild+Moderate(Mild+Moderate)|Severe,M5,M5.C: <Σ_(j≠i)|S_ji|^2> (full),1,none-fisher,noisy,none (noisy realisations of 1 sim/stage),Normal:1|Mild+Moderate:2|Severe:1,2000,,,,3.817744674126313,1.359381888725777,,,weakest=Normal|Mild+Moderate; J_eff_min=0.729; gap/port_min=1.34; gap/mesh=pending; bayes_err_max=0.0398; shift_robust=yes; band_gap_retention=1.11; freq_robust=no; AD-vs-AD pairs unverified against mesh noise
2026-09-27T17:49:22+00:00,7ca77f1,A,A-sphere7-ring6-hfss,hfss-v1-masked,three_merged:Normal|Mild+Moderate(Mild+Moderate)|Severe,M5,"M5.C1: <|S_(i±1,i)|^2> (full)",1,none-fisher,noisy,none (noisy realisations of 1 sim/stage),Normal:1|Mild+Moderate:2|Severe:1,2000,,,,2.7206386880708573,1.100355533631521,,,weakest=Normal|Mild+Moderate; J_eff_min=0.534; gap/port_min=1.15; gap/mesh=pending; bayes_err_max=0.0613; shift_robust=yes; band_gap_retention=1.11; freq_robust=no; AD-vs-AD pairs unverified against mesh noise
2026-09-27T17:49:22+00:00,7ca77f1,A,A-sphere7-ring6-hfss,hfss-v1-masked,three_merged:Normal|Mild+Moderate(Mild+Moderate)|Severe,M5,"M5.C2: <|S_(i±2,i)|^2> (full)",1,none-fisher,noisy,none (noisy realisations of 1 sim/stage),Normal:1|Mild+Moderate:2|Severe:1,2000,,,,11.015267806219759,2.8536745020881464,,,weakest=Normal|Mild+Moderate; J_eff_min=1.58; gap/port_min=1.92; gap/mesh=pending; bayes_err_max=0.00655; shift_robust=yes; band_gap_retention=0.99; freq_robust=no; AD-vs-AD pairs unverified against mesh noise
2026-09-27T17:49:22+00:00,7ca77f1,A,A-sphere7-ring6-hfss,hfss-v1-masked,three_merged:Normal|Mild+Moderate(Mild+Moderate)|Severe,M5,"M5.C3: <|S_(i±3,i)|^2> (full)",1,none-fisher,noisy,none (noisy realisations of 1 sim/stage),Normal:1|Mild+Moderate:2|Severe:1,2000,,,,0.9628290164516659,0.2530929434425817,,,weakest=Mild+Moderate|Severe; J_eff_min=0.0411; gap/port_min=0.293; gap/mesh=pending; bayes_err_max=0.24; shift_robust=yes; band_gap_retention=0.73; freq_robust=no; AD-vs-AD pairs unverified against mesh noise
2026-09-27T17:49:22+00:00,7ca77f1,A,A-sphere7-ring6-hfss,hfss-v1-masked,three_merged:Normal|Mild+Moderate(Mild+Moderate)|Severe,M5,M5.C[k3]: <Σ_(j≠i)|S_ji|^2> (k3),1,none-fisher,noisy,none (noisy realisations of 1 sim/stage),Normal:1|Mild+Moderate:2|Severe:1,2000,,,,15.617677674037983,3.937173179923531,,,weakest=Normal|Mild+Moderate; J_eff_min=0.314; gap/port_min=0.801; gap/mesh=pending; bayes_err_max=0.00222; shift_robust=no; band_gap_retention=0.66; freq_robust=no; AD-vs-AD pairs unverified against mesh noise
2026-09-27T17:49:22+00:00,7ca77f1,A,A-sphere7-ring6-hfss,hfss-v1-masked,three_merged:Normal|Mild+Moderate(Mild+Moderate)|Severe,M5,"M5.C1[k3]: <|S_(i±1,i)|^2> (k3)",1,none-fisher,noisy,none (noisy realisations of 1 sim/stage),Normal:1|Mild+Moderate:2|Severe:1,2000,,,,8.296016009357924,2.1210329005579442,,,weakest=Normal|Mild+Moderate; J_eff_min=0.184; gap/port_min=0.613; gap/mesh=pending; bayes_err_max=0.0181; shift_robust=no; band_gap_retention=0.55; freq_robust=no; AD-vs-AD pairs unverified against mesh noise
2026-09-27T17:49:22+00:00,7ca77f1,A,A-sphere7-ring6-hfss,hfss-v1-masked,three_merged:Normal|Mild+Moderate(Mild+Moderate)|Severe,M5,"M5.C2[k3]: <|S_(i±2,i)|^2> (k3)",1,none-fisher,noisy,none (noisy realisations of 1 sim/stage),Normal:1|Mild+Moderate:2|Severe:1,2000,,,,5.374349222117778,1.4324476678449807,,,weakest=Normal|Mild+Moderate; J_eff_min=1; gap/port_min=1.57; gap/mesh=pending; bayes_err_max=0.0413; shift_robust=yes; band_gap_retention=0.61; freq_robust=no; AD-vs-AD pairs unverified against mesh noise
2026-09-27T17:49:22+00:00,7ca77f1,A,A-sphere7-ring6-hfss,hfss-v1-masked,three_merged:Normal|Mild+Moderate(Mild+Moderate)|Severe,M5,"M5.C3[k3]: <|S_(i±3,i)|^2> (k3)",1,none-fisher,noisy,none (noisy realisations of 1 sim/stage),Normal:1|Mild+Moderate:2|Severe:1,2000,,,,0.3664491036975744,0.104914135760509,,,weakest=Mild+Moderate|Severe; J_eff_min=0.018; gap/port_min=0.194; gap/mesh=pending; bayes_err_max=0.328; shift_robust=no; band_gap_retention=0.43; freq_robust=no; AD-vs-AD pairs unverified against mesh noise
2026-09-27T17:49:22+00:00,7ca77f1,A,A-sphere7-ring6-hfss,hfss-v1-masked,three_merged:Normal|Mild+Moderate(Mild+Moderate)|Severe,M5,"M5.C3_dBavg[k3]: mean over k3 window of 10log10|S_(i+3,i)|^2",1,none-fisher,noisy,none (noisy realisations of 1 sim/stage),Normal:1|Mild+Moderate:2|Severe:1,2000,,,,0.022825728616852652,0.032089937106286756,,,weakest=Mild+Moderate|Severe; J_eff_min=0.000906; gap/port_min=0.0434; gap/mesh=pending; bayes_err_max=0.413; shift_robust=no; band_gap_retention=-1.70; freq_robust=no; AD-vs-AD pairs unverified against mesh noise; dB averaging; comparison only
2026-09-27T17:49:22+00:00,7ca77f1,A,A-sphere7-ring6-hfss,hfss-v1-masked,three_merged:Normal|Mild+Moderate(Mild+Moderate)|Severe,M6,M6.fc_A: power-weighted centroid of A(f) [GHz],1,none-fisher,noisy,none (noisy realisations of 1 sim/stage),Normal:1|Mild+Moderate:2|Severe:1,2000,,,,0.7224326055484089,0.18067084670409767,,,weakest=Normal|Mild+Moderate; J_eff_min=0.314; gap/port_min=1.05; gap/mesh=pending; bayes_err_max=0.274; shift_robust=no; band_gap_retention=0.79; freq_robust=no; AD-vs-AD pairs unverified against mesh noise
2026-09-27T17:49:22+00:00,7ca77f1,A,A-sphere7-ring6-hfss,hfss-v1-masked,three_merged:Normal|Mild+Moderate(Mild+Moderate)|Severe,M6,M6.spread_A: spectral spread of A(f) [MHz],1,none-fisher,noisy,none (noisy realisations of 1 sim/stage),Normal:1|Mild+Moderate:2|Severe:1,2000,,,,0.1654398562883192,0.041564637234625126,,,weakest=Mild+Moderate|Severe; J_eff_min=0.157; gap/port_min=2.54; gap/mesh=pending; bayes_err_max=0.387; shift_robust=no; band_gap_retention=0.27; freq_robust=no; AD-vs-AD pairs unverified against mesh noise
2026-09-27T17:49:22+00:00,7ca77f1,A,A-sphere7-ring6-hfss,hfss-v1-masked,three_merged:Normal|Mild+Moderate(Mild+Moderate)|Severe,M6,M6.fc_N: power-weighted centroid of N(f) [GHz],1,none-fisher,noisy,none (noisy realisations of 1 sim/stage),Normal:1|Mild+Moderate:2|Severe:1,2000,,,,0.7242021836746907,0.18111363822686546,,,weakest=Normal|Mild+Moderate; J_eff_min=0.314; gap/port_min=1.05; gap/mesh=pending; bayes_err_max=0.274; shift_robust=no; band_gap_retention=0.79; freq_robust=no; AD-vs-AD pairs unverified against mesh noise
2026-09-27T17:49:22+00:00,7ca77f1,A,A-sphere7-ring6-hfss,hfss-v1-masked,three_merged:Normal|Mild+Moderate(Mild+Moderate)|Severe,M6,M6.spread_N: spectral spread of N(f) [MHz],1,none-fisher,noisy,none (noisy realisations of 1 sim/stage),Normal:1|Mild+Moderate:2|Severe:1,2000,,,,0.16344656737325675,0.04106798677699208,,,weakest=Mild+Moderate|Severe; J_eff_min=0.156; gap/port_min=2.53; gap/mesh=pending; bayes_err_max=0.387; shift_robust=no; band_gap_retention=0.27; freq_robust=no; AD-vs-AD pairs unverified against mesh noise
2026-09-27T17:49:22+00:00,7ca77f1,A,A-sphere7-ring6-hfss,hfss-v1-masked,three_merged:Normal|Mild+Moderate(Mild+Moderate)|Severe,M6,M6.A[3.20]: <A> in 50 MHz sub-band from 3.20 GHz,1,none-fisher,noisy,none (noisy realisations of 1 sim/stage),Normal:1|Mild+Moderate:2|Severe:1,2000,,,,0.5043038050964338,0.12655085684592962,,,weakest=Mild+Moderate|Severe; J_eff_min=0.439; gap/port_min=2.6; gap/mesh=pending; bayes_err_max=0.308; shift_robust=no; band_gap_retention=0.96; freq_robust=no; AD-vs-AD pairs unverified against mesh noise
2026-09-27T17:49:22+00:00,7ca77f1,A,A-sphere7-ring6-hfss,hfss-v1-masked,three_merged:Normal|Mild+Moderate(Mild+Moderate)|Severe,M6,M6.N[3.20]: <N> in 50 MHz sub-band from 3.20 GHz,1,none-fisher,noisy,none (noisy realisations of 1 sim/stage),Normal:1|Mild+Moderate:2|Severe:1,2000,,,,0.504158981843417,0.1265149499210736,,,weakest=Mild+Moderate|Severe; J_eff_min=0.439; gap/port_min=2.6; gap/mesh=pending; bayes_err_max=0.308; shift_robust=no; band_gap_retention=0.96; freq_robust=no; AD-vs-AD pairs unverified against mesh noise
2026-09-27T17:49:22+00:00,7ca77f1,A,A-sphere7-ring6-hfss,hfss-v1-masked,three_merged:Normal|Mild+Moderate(Mild+Moderate)|Severe,M6,M6.A[3.25]: <A> in 50 MHz sub-band from 3.25 GHz,1,none-fisher,noisy,none (noisy realisations of 1 sim/stage),Normal:1|Mild+Moderate:2|Severe:1,2000,,,,0.08845172392948024,0.022160984828533875,,,weakest=Mild+Moderate|Severe; J_eff_min=0.0618; gap/port_min=0.641; gap/mesh=pending; bayes_err_max=0.417; shift_robust=no; band_gap_retention=0.71; freq_robust=no; AD-vs-AD pairs unverified against mesh noise
2026-09-27T17:49:22+00:00,7ca77f1,A,A-sphere7-ring6-hfss,hfss-v1-masked,three_merged:Normal|Mild+Moderate(Mild+Moderate)|Severe,M6,M6.N[3.25]: <N> in 50 MHz sub-band from 3.25 GHz,1,none-fisher,noisy,none (noisy realisations of 1 sim/stage),Normal:1|Mild+Moderate:2|Severe:1,2000,,,,0.0884862752616036,0.02216983751896165,,,weakest=Mild+Moderate|Severe; J_eff_min=0.0618; gap/port_min=0.641; gap/mesh=pending; bayes_err_max=0.417; shift_robust=no; band_gap_retention=0.71; freq_robust=no; AD-vs-AD pairs unverified against mesh noise
2026-09-27T17:49:22+00:00,7ca77f1,A,A-sphere7-ring6-hfss,hfss-v1-masked,three_merged:Normal|Mild+Moderate(Mild+Moderate)|Severe,M6,M6.A[3.30]: <A> in 50 MHz sub-band from 3.30 GHz,1,none-fisher,noisy,none (noisy realisations of 1 sim/stage),Normal:1|Mild+Moderate:2|Severe:1,2000,,,,1.2484362448878734,0.3121108630083586,,,weakest=Mild+Moderate|Severe; J_eff_min=0.549; gap/port_min=1.4; gap/mesh=pending; bayes_err_max=0.215; shift_robust=no; band_gap_retention=0.62; freq_robust=no; AD-vs-AD pairs unverified against mesh noise
2026-09-27T17:49:22+00:00,7ca77f1,A,A-sphere7-ring6-hfss,hfss-v1-masked,three_merged:Normal|Mild+Moderate(Mild+Moderate)|Severe,M6,M6.N[3.30]: <N> in 50 MHz sub-band from 3.30 GHz,1,none-fisher,noisy,none (noisy realisations of 1 sim/stage),Normal:1|Mild+Moderate:2|Severe:1,2000,,,,1.245894390701466,0.31147551376559984,,,weakest=Mild+Moderate|Severe; J_eff_min=0.548; gap/port_min=1.4; gap/mesh=pending; bayes_err_max=0.215; shift_robust=no; band_gap_retention=0.62; freq_robust=no; AD-vs-AD pairs unverified against mesh noise
2026-09-27T17:49:22+00:00,7ca77f1,A,A-sphere7-ring6-hfss,hfss-v1-masked,three_merged:Normal|Mild+Moderate(Mild+Moderate)|Severe,M6,M6.A[3.35]: <A> in 50 MHz sub-band from 3.35 GHz,1,none-fisher,noisy,none (noisy realisations of 1 sim/stage),Normal:1|Mild+Moderate:2|Severe:1,2000,,,,6.000819967480199,1.5065485084950943,,,weakest=Normal|Mild+Moderate; J_eff_min=1.08; gap/port_min=1.63; gap/mesh=pending; bayes_err_max=0.041; shift_robust=no; band_gap_retention=0.70; freq_robust=no; AD-vs-AD pairs unverified against mesh noise
2026-09-27T17:49:22+00:00,7ca77f1,A,A-sphere7-ring6-hfss,hfss-v1-masked,three_merged:Normal|Mild+Moderate(Mild+Moderate)|Severe,M6,M6.N[3.35]: <N> in 50 MHz sub-band from 3.35 GHz,1,none-fisher,noisy,none (noisy realisations of 1 sim/stage),Normal:1|Mild+Moderate:2|Severe:1,2000,,,,6.005914308851037,1.507787302369251,,,weakest=Normal|Mild+Moderate; J_eff_min=1.08; gap/port_min=1.63; gap/mesh=pending; bayes_err_max=0.0409; shift_robust=no; band_gap_retention=0.70; freq_robust=no; AD-vs-AD pairs unverified against mesh noise
2026-09-27T17:49:22+00:00,7ca77f1,A,A-sphere7-ring6-hfss,hfss-v1-masked,three_merged:Normal|Mild+Moderate(Mild+Moderate)|Severe,M6,M6.A[3.40]: <A> in 50 MHz sub-band from 3.40 GHz,1,none-fisher,noisy,none (noisy realisations of 1 sim/stage),Normal:1|Mild+Moderate:2|Severe:1,2000,,,,34.532918281935444,8.634094940011932,,,weakest=Mild+Moderate|Severe; J_eff_min=3.79; gap/port_min=2.92; gap/mesh=pending; bayes_err_max=1.61e-05; shift_robust=no; band_gap_retention=0.96; freq_robust=no; AD-vs-AD pairs unverified against mesh noise
2026-09-27T17:49:22+00:00,7ca77f1,A,A-sphere7-ring6-hfss,hfss-v1-masked,three_merged:Normal|Mild+Moderate(Mild+Moderate)|Severe,M6,M6.N[3.40]: <N> in 50 MHz sub-band from 3.40 GHz,1,none-fisher,noisy,none (noisy realisations of 1 sim/stage),Normal:1|Mild+Moderate:2|Severe:1,2000,,,,34.426935002193495,8.607554175395974,,,weakest=Mild+Moderate|Severe; J_eff_min=3.78; gap/port_min=2.91; gap/mesh=pending; bayes_err_max=1.66e-05; shift_robust=no; band_gap_retention=0.96; freq_robust=no; AD-vs-AD pairs unverified against mesh noise
2026-09-27T17:49:22+00:00,7ca77f1,A,A-sphere7-ring6-hfss,hfss-v1-masked,three_merged:Normal|Mild+Moderate(Mild+Moderate)|Severe,M6,M6.A[3.45]: <A> in 50 MHz sub-band from 3.45 GHz,1,none-fisher,noisy,none (noisy realisations of 1 sim/stage),Normal:1|Mild+Moderate:2|Severe:1,2000,,,,7.873952964351311,1.969203541133663,,,weakest=Mild+Moderate|Severe; J_eff_min=0.725; gap/port_min=1.26; gap/mesh=pending; bayes_err_max=0.0236; shift_robust=no; band_gap_retention=0.91; freq_robust=no; AD-vs-AD pairs unverified against mesh noise
2026-09-27T17:49:22+00:00,7ca77f1,A,A-sphere7-ring6-hfss,hfss-v1-masked,three_merged:Normal|Mild+Moderate(Mild+Moderate)|Severe,M6,M6.N[3.45]: <N> in 50 MHz sub-band from 3.45 GHz,1,none-fisher,noisy,none (noisy realisations of 1 sim/stage),Normal:1|Mild+Moderate:2|Severe:1,2000,,,,7.796227344582778,1.949746414292654,,,weakest=Mild+Moderate|Severe; J_eff_min=0.716; gap/port_min=1.26; gap/mesh=pending; bayes_err_max=0.0241; shift_robust=no; band_gap_retention=0.91; freq_robust=no; AD-vs-AD pairs unverified against mesh noise
2026-09-27T17:49:22+00:00,7ca77f1,A,A-sphere7-ring6-hfss,hfss-v1-masked,three_merged:Normal|Mild+Moderate(Mild+Moderate)|Severe,M6,M6.A[3.50]: <A> in 50 MHz sub-band from 3.50 GHz,1,none-fisher,noisy,none (noisy realisations of 1 sim/stage),Normal:1|Mild+Moderate:2|Severe:1,2000,,,,1.6503046101809062,0.4129161819342517,,,weakest=Mild+Moderate|Severe; J_eff_min=0.164; gap/port_min=0.603; gap/mesh=pending; bayes_err_max=0.182; shift_robust=no; band_gap_retention=0.94; freq_robust=no; AD-vs-AD pairs unverified against mesh noise
2026-09-27T17:49:22+00:00,7ca77f1,A,A-sphere7-ring6-hfss,hfss-v1-masked,three_merged:Normal|Mild+Moderate(Mild+Moderate)|Severe,M6,M6.N[3.50]: <N> in 50 MHz sub-band from 3.50 GHz,1,none-fisher,noisy,none (noisy realisations of 1 sim/stage),Normal:1|Mild+Moderate:2|Severe:1,2000,,,,1.5938526487989522,0.3988074640618366,,,weakest=Mild+Moderate|Severe; J_eff_min=0.158; gap/port_min=0.593; gap/mesh=pending; bayes_err_max=0.186; shift_robust=no; band_gap_retention=0.94; freq_robust=no; AD-vs-AD pairs unverified against mesh noise
2026-09-27T17:49:22+00:00,7ca77f1,A,A-sphere7-ring6-hfss,hfss-v1-masked,three_merged:Normal|Mild+Moderate(Mild+Moderate)|Severe,M6,M6.A[3.55]: <A> in 50 MHz sub-band from 3.55 GHz,1,none-fisher,noisy,none (noisy realisations of 1 sim/stage),Normal:1|Mild+Moderate:2|Severe:1,2000,,,,1.6673033539907982,0.41690743272590125,,,weakest=Mild+Moderate|Severe; J_eff_min=0.0379; gap/port_min=0.279; gap/mesh=pending; bayes_err_max=0.181; shift_robust=no; band_gap_retention=0.96; freq_robust=no; AD-vs-AD pairs unverified against mesh noise
2026-09-27T17:49:22+00:00,7ca77f1,A,A-sphere7-ring6-hfss,hfss-v1-masked,three_merged:Normal|Mild+Moderate(Mild+Moderate)|Severe,M6,M6.N[3.55]: <N> in 50 MHz sub-band from 3.55 GHz,1,none-fisher,noisy,none (noisy realisations of 1 sim/stage),Normal:1|Mild+Moderate:2|Severe:1,2000,,,,1.5362113867130482,0.38412125984261625,,,weakest=Mild+Moderate|Severe; J_eff_min=0.0353; gap/port_min=0.269; gap/mesh=pending; bayes_err_max=0.19; shift_robust=no; band_gap_retention=0.96; freq_robust=no; AD-vs-AD pairs unverified against mesh noise
2026-09-27T17:49:22+00:00,7ca77f1,A,A-sphere7-ring6-hfss,hfss-v1-masked,three_merged:Normal|Mild+Moderate(Mild+Moderate)|Severe,M6,M6.A[3.60]: <A> in 50 MHz sub-band from 3.60 GHz,1,none-fisher,noisy,none (noisy realisations of 1 sim/stage),Normal:1|Mild+Moderate:2|Severe:1,2000,,,,0.004356797297577113,0.2374513064437885,,,weakest=Normal|Mild+Moderate; J_eff_min=0.000937; gap/port_min=0.0489; gap/mesh=pending; bayes_err_max=0.266; shift_robust=no; band_gap_retention=-35.20; freq_robust=no; AD-vs-AD pairs unverified against mesh noise
2026-09-27T17:49:22+00:00,7ca77f1,A,A-sphere7-ring6-hfss,hfss-v1-masked,three_merged:Normal|Mild+Moderate(Mild+Moderate)|Severe,M6,M6.N[3.60]: <N> in 50 MHz sub-band from 3.60 GHz,1,none-fisher,noisy,none (noisy realisations of 1 sim/stage),Normal:1|Mild+Moderate:2|Severe:1,2000,,,,0.00022279202212275096,0.2096058508878762,,,weakest=Normal|Mild+Moderate; J_eff_min=4.28e-05; gap/port_min=0.0103; gap/mesh=pending; bayes_err_max=0.28; shift_robust=no; band_gap_retention=-336.68; freq_robust=no; AD-vs-AD pairs unverified against mesh noise
2026-09-27T17:49:22+00:00,7ca77f1,A,A-sphere7-ring6-hfss,hfss-v1-masked,three_merged:Normal|Mild+Moderate(Mild+Moderate)|Severe,M6,M6.A[3.65]: <A> in 50 MHz sub-band from 3.65 GHz,1,none-fisher,noisy,none (noisy realisations of 1 sim/stage),Normal:1|Mild+Moderate:2|Severe:1,2000,,,,11.18565506746255,2.7969248807554474,,,weakest=Normal|Mild+Moderate; J_eff_min=0.314; gap/port_min=0.803; gap/mesh=pending; bayes_err_max=0.009; shift_robust=no; band_gap_retention=0.91; freq_robust=no; AD-vs-AD pairs unverified against mesh noise
2026-09-27T17:49:22+00:00,7ca77f1,A,A-sphere7-ring6-hfss,hfss-v1-masked,three_merged:Normal|Mild+Moderate(Mild+Moderate)|Severe,M6,M6.N[3.65]: <N> in 50 MHz sub-band from 3.65 GHz,1,none-fisher,noisy,none (noisy realisations of 1 sim/stage),Normal:1|Mild+Moderate:2|Severe:1,2000,,,,11.337618820077454,2.834738245681642,,,weakest=Normal|Mild+Moderate; J_eff_min=0.316; gap/port_min=0.806; gap/mesh=pending; bayes_err_max=0.00862; shift_robust=no; band_gap_retention=0.91; freq_robust=no; AD-vs-AD pairs unverified against mesh noise
2026-09-27T17:49:22+00:00,7ca77f1,A,A-sphere7-ring6-hfss,hfss-v1-masked,three_merged:Normal|Mild+Moderate(Mild+Moderate)|Severe,M6,M6.A[3.70]: <A> in 50 MHz sub-band from 3.70 GHz,1,none-fisher,noisy,none (noisy realisations of 1 sim/stage),Normal:1|Mild+Moderate:2|Severe:1,2000,,,,0.2927738936533015,0.18780370416833297,,,weakest=Normal|Mild+Moderate; J_eff_min=0.0221; gap/port_min=0.219; gap/mesh=pending; bayes_err_max=0.289; shift_robust=no; band_gap_retention=0.57; freq_robust=no; AD-vs-AD pairs unverified against mesh noise
2026-09-27T17:49:22+00:00,7ca77f1,A,A-sphere7-ring6-hfss,hfss-v1-masked,three_merged:Normal|Mild+Moderate(Mild+Moderate)|Severe,M6,M6.N[3.70]: <N> in 50 MHz sub-band from 3.70 GHz,1,none-fisher,noisy,none (noisy realisations of 1 sim/stage),Normal:1|Mild+Moderate:2|Severe:1,2000,,,,0.2870791968412011,0.18672755912330302,,,weakest=Normal|Mild+Moderate; J_eff_min=0.0218; gap/port_min=0.217; gap/mesh=pending; bayes_err_max=0.29; shift_robust=no; band_gap_retention=0.57; freq_robust=no; AD-vs-AD pairs unverified against mesh noise
2026-09-27T17:49:22+00:00,7ca77f1,A,A-sphere7-ring6-hfss,hfss-v1-masked,three_merged:Normal|Mild+Moderate(Mild+Moderate)|Severe,M6,M6.A[3.75]: <A> in 50 MHz sub-band from 3.75 GHz,1,none-fisher,noisy,none (noisy realisations of 1 sim/stage),Normal:1|Mild+Moderate:2|Severe:1,2000,,,,0.5843679516848302,0.14634576275230213,,,weakest=Normal|Mild+Moderate; J_eff_min=0.025; gap/port_min=0.228; gap/mesh=pending; bayes_err_max=0.294; shift_robust=no; band_gap_retention=-0.41; freq_robust=no; AD-vs-AD pairs unverified against mesh noise
2026-09-27T17:49:22+00:00,7ca77f1,A,A-sphere7-ring6-hfss,hfss-v1-masked,three_merged:Normal|Mild+Moderate(Mild+Moderate)|Severe,M6,M6.N[3.75]: <N> in 50 MHz sub-band from 3.75 GHz,1,none-fisher,noisy,none (noisy realisations of 1 sim/stage),Normal:1|Mild+Moderate:2|Severe:1,2000,,,,0.6058618332902311,0.15173429859612514,,,weakest=Normal|Mild+Moderate; J_eff_min=0.0259; gap/port_min=0.233; gap/mesh=pending; bayes_err_max=0.291; shift_robust=no; band_gap_retention=-0.38; freq_robust=no; AD-vs-AD pairs unverified against mesh noise
2026-09-27T17:49:22+00:00,7ca77f1,A,A-sphere7-ring6-hfss,hfss-v1-masked,three_merged:Normal|Mild+Moderate(Mild+Moderate)|Severe,M6,M6.A[3.80]: <A> in 50 MHz sub-band from 3.80 GHz,1,none-fisher,noisy,none (noisy realisations of 1 sim/stage),Normal:1|Mild+Moderate:2|Severe:1,2000,,,,0.23267646087309857,0.08646608759132612,,,weakest=Mild+Moderate|Severe; J_eff_min=0.0164; gap/port_min=0.188; gap/mesh=pending; bayes_err_max=0.35; shift_robust=no; band_gap_retention=0.82; freq_robust=no; AD-vs-AD pairs unverified against mesh noise
2026-09-27T17:49:22+00:00,7ca77f1,A,A-sphere7-ring6-hfss,hfss-v1-masked,three_merged:Normal|Mild+Moderate(Mild+Moderate)|Severe,M6,M6.N[3.80]: <N> in 50 MHz sub-band from 3.80 GHz,1,none-fisher,noisy,none (noisy realisations of 1 sim/stage),Normal:1|Mild+Moderate:2|Severe:1,2000,,,,0.23332517859310653,0.08662915659047705,,,weakest=Mild+Moderate|Severe; J_eff_min=0.0165; gap/port_min=0.188; gap/mesh=pending; bayes_err_max=0.35; shift_robust=no; band_gap_retention=0.82; freq_robust=no; AD-vs-AD pairs unverified against mesh noise
2026-09-27T17:49:22+00:00,7ca77f1,A,A-sphere7-ring6-hfss,hfss-v1-masked,three_merged:Normal|Mild+Moderate(Mild+Moderate)|Severe,M6,M6.A[3.85]: <A> in 50 MHz sub-band from 3.85 GHz,1,none-fisher,noisy,none (noisy realisations of 1 sim/stage),Normal:1|Mild+Moderate:2|Severe:1,2000,,,,0.3088049513553484,0.07823781359209266,,,weakest=Mild+Moderate|Severe; J_eff_min=0.134; gap/port_min=0.69; gap/mesh=pending; bayes_err_max=0.347; shift_robust=no; band_gap_retention=0.98; freq_robust=no; AD-vs-AD pairs unverified against mesh noise
2026-09-27T17:49:22+00:00,7ca77f1,A,A-sphere7-ring6-hfss,hfss-v1-masked,three_merged:Normal|Mild+Moderate(Mild+Moderate)|Severe,M6,M6.N[3.85]: <N> in 50 MHz sub-band from 3.85 GHz,1,none-fisher,noisy,none (noisy realisations of 1 sim/stage),Normal:1|Mild+Moderate:2|Severe:1,2000,,,,0.3089481586007669,0.07827406688752846,,,weakest=Mild+Moderate|Severe; J_eff_min=0.134; gap/port_min=0.69; gap/mesh=pending; bayes_err_max=0.347; shift_robust=no; band_gap_retention=0.98; freq_robust=no; AD-vs-AD pairs unverified against mesh noise
2026-09-27T17:49:22+00:00,7ca77f1,A,A-sphere7-ring6-hfss,hfss-v1-masked,three_merged:Normal|Mild+Moderate(Mild+Moderate)|Severe,M6,M6.A[3.90]: <A> in 50 MHz sub-band from 3.90 GHz,1,none-fisher,noisy,none (noisy realisations of 1 sim/stage),Normal:1|Mild+Moderate:2|Severe:1,2000,,,,0.19204975593135346,0.04802308701485184,,,weakest=Mild+Moderate|Severe; J_eff_min=0.157; gap/port_min=1.32; gap/mesh=pending; bayes_err_max=0.378; shift_robust=no; band_gap_retention=0.98; freq_robust=no; AD-vs-AD pairs unverified against mesh noise
2026-09-27T17:49:22+00:00,7ca77f1,A,A-sphere7-ring6-hfss,hfss-v1-masked,three_merged:Normal|Mild+Moderate(Mild+Moderate)|Severe,M6,M6.N[3.90]: <N> in 50 MHz sub-band from 3.90 GHz,1,none-fisher,noisy,none (noisy realisations of 1 sim/stage),Normal:1|Mild+Moderate:2|Severe:1,2000,,,,0.19209032419205066,0.048033211974128395,,,weakest=Mild+Moderate|Severe; J_eff_min=0.157; gap/port_min=1.32; gap/mesh=pending; bayes_err_max=0.378; shift_robust=no; band_gap_retention=0.98; freq_robust=no; AD-vs-AD pairs unverified against mesh noise
2026-09-27T17:49:22+00:00,7ca77f1,A,A-sphere7-ring6-hfss,hfss-v1-masked,three_merged:Normal|Mild+Moderate(Mild+Moderate)|Severe,M6,M6.A[3.95]: <A> in 50 MHz sub-band from 3.95 GHz,1,none-fisher,noisy,none (noisy realisations of 1 sim/stage),Normal:1|Mild+Moderate:2|Severe:1,2000,,,,0.18288985355297638,0.045739734480135526,,,weakest=Mild+Moderate|Severe; J_eff_min=0.172; gap/port_min=2.36; gap/mesh=pending; bayes_err_max=0.381; shift_robust=no; band_gap_retention=0.97; freq_robust=no; AD-vs-AD pairs unverified against mesh noise
2026-09-27T17:49:22+00:00,7ca77f1,A,A-sphere7-ring6-hfss,hfss-v1-masked,three_merged:Normal|Mild+Moderate(Mild+Moderate)|Severe,M6,M6.N[3.95]: <N> in 50 MHz sub-band from 3.95 GHz,1,none-fisher,noisy,none (noisy realisations of 1 sim/stage),Normal:1|Mild+Moderate:2|Severe:1,2000,,,,0.18290857271918826,0.04574442179590235,,,weakest=Mild+Moderate|Severe; J_eff_min=0.172; gap/port_min=2.36; gap/mesh=pending; bayes_err_max=0.381; shift_robust=no; band_gap_retention=0.97; freq_robust=no; AD-vs-AD pairs unverified against mesh noise
2026-09-27T17:49:22+00:00,7ca77f1,A,A-sphere7-ring6-hfss,hfss-v1-masked,three_merged:Normal|Mild+Moderate(Mild+Moderate)|Severe,M6,M6.A[4.00]: <A> in 50 MHz sub-band from 4.00 GHz,1,none-fisher,noisy,none (noisy realisations of 1 sim/stage),Normal:1|Mild+Moderate:2|Severe:1,2000,,,,0.06748671047837754,0.0178396220406481,,,weakest=Mild+Moderate|Severe; J_eff_min=0.0656; gap/port_min=2.15; gap/mesh=pending; bayes_err_max=0.426; shift_robust=no; band_gap_retention=0.97; freq_robust=no; AD-vs-AD pairs unverified against mesh noise
2026-09-27T17:49:22+00:00,7ca77f1,A,A-sphere7-ring6-hfss,hfss-v1-masked,three_merged:Normal|Mild+Moderate(Mild+Moderate)|Severe,M6,M6.N[4.00]: <N> in 50 MHz sub-band from 4.00 GHz,1,none-fisher,noisy,none (noisy realisations of 1 sim/stage),Normal:1|Mild+Moderate:2|Severe:1,2000,,,,0.06749153452550503,0.017840937627837235,,,weakest=Mild+Moderate|Severe; J_eff_min=0.0656; gap/port_min=2.15; gap/mesh=pending; bayes_err_max=0.426; shift_robust=no; band_gap_retention=0.97; freq_robust=no; AD-vs-AD pairs unverified against mesh noise
2026-09-27T17:49:22+00:00,7ca77f1,A,A-sphere7-ring6-hfss,hfss-v1-masked,three_merged:Normal|Mild+Moderate(Mild+Moderate)|Severe,M6,M6.A[4.05]: <A> in 50 MHz sub-band from 4.05 GHz,1,none-fisher,noisy,none (noisy realisations of 1 sim/stage),Normal:1|Mild+Moderate:2|Severe:1,2000,,,,0.03754938403009917,0.00949549138300902,,,weakest=Mild+Moderate|Severe; J_eff_min=0.037; gap/port_min=2.26; gap/mesh=pending; bayes_err_max=0.445; shift_robust=no; band_gap_retention=0.96; freq_robust=no; AD-vs-AD pairs unverified against mesh noise
2026-09-27T17:49:22+00:00,7ca77f1,A,A-sphere7-ring6-hfss,hfss-v1-masked,three_merged:Normal|Mild+Moderate(Mild+Moderate)|Severe,M6,M6.N[4.05]: <N> in 50 MHz sub-band from 4.05 GHz,1,none-fisher,noisy,none (noisy realisations of 1 sim/stage),Normal:1|Mild+Moderate:2|Severe:1,2000,,,,0.03755253119247677,0.009496278141592289,,,weakest=Mild+Moderate|Severe; J_eff_min=0.037; gap/port_min=2.26; gap/mesh=pending; bayes_err_max=0.445; shift_robust=no; band_gap_retention=0.96; freq_robust=no; AD-vs-AD pairs unverified against mesh noise
2026-09-27T17:49:22+00:00,7ca77f1,A,A-sphere7-ring6-hfss,hfss-v1-masked,three_merged:Normal|Mild+Moderate(Mild+Moderate)|Severe,M6,M6.A[4.10]: <A> in 50 MHz sub-band from 4.10 GHz,1,none-fisher,noisy,none (noisy realisations of 1 sim/stage),Normal:1|Mild+Moderate:2|Severe:1,2000,,,,0.0036499696180000915,0.0009228242416343207,,,weakest=Mild+Moderate|Severe; J_eff_min=0.00361; gap/port_min=0.867; gap/mesh=pending; bayes_err_max=0.483; shift_robust=no; band_gap_retention=0.95; freq_robust=no; AD-vs-AD pairs unverified against mesh noise
2026-09-27T17:49:22+00:00,7ca77f1,A,A-sphere7-ring6-hfss,hfss-v1-masked,three_merged:Normal|Mild+Moderate(Mild+Moderate)|Severe,M6,M6.N[4.10]: <N> in 50 MHz sub-band from 4.10 GHz,1,none-fisher,noisy,none (noisy realisations of 1 sim/stage),Normal:1|Mild+Moderate:2|Severe:1,2000,,,,0.0036507330558162637,0.0009230192510749885,,,weakest=Mild+Moderate|Severe; J_eff_min=0.00362; gap/port_min=0.867; gap/mesh=pending; bayes_err_max=0.483; shift_robust=no; band_gap_retention=0.95; freq_robust=no; AD-vs-AD pairs unverified against mesh noise
2026-09-27T17:49:22+00:00,7ca77f1,A,A-sphere7-ring6-hfss,hfss-v1-masked,three_merged:Normal|Mild+Moderate(Mild+Moderate)|Severe,M6,M6.A[4.15]: <A> in 50 MHz sub-band from 4.15 GHz,1,none-fisher,noisy,none (noisy realisations of 1 sim/stage),Normal:1|Mild+Moderate:2|Severe:1,2000,,,,0.0003567808060369889,0.00020344460693811337,,,weakest=Mild+Moderate|Severe; J_eff_min=0.000354; gap/port_min=0.321; gap/mesh=pending; bayes_err_max=0.493; shift_robust=no; band_gap_retention=0.95; freq_robust=no; AD-vs-AD pairs unverified against mesh noise
2026-09-27T17:49:22+00:00,7ca77f1,A,A-sphere7-ring6-hfss,hfss-v1-masked,three_merged:Normal|Mild+Moderate(Mild+Moderate)|Severe,M6,M6.N[4.15]: <N> in 50 MHz sub-band from 4.15 GHz,1,none-fisher,noisy,none (noisy realisations of 1 sim/stage),Normal:1|Mild+Moderate:2|Severe:1,2000,,,,0.00035695694179253834,0.00020349131940523713,,,weakest=Mild+Moderate|Severe; J_eff_min=0.000355; gap/port_min=0.321; gap/mesh=pending; bayes_err_max=0.493; shift_robust=no; band_gap_retention=0.95; freq_robust=no; AD-vs-AD pairs unverified against mesh noise
2026-09-27T17:49:22+00:00,7ca77f1,A,A-sphere7-ring6-hfss,hfss-v1-masked,three_merged:Normal|Mild+Moderate(Mild+Moderate)|Severe,M7,"M7.D: <Σ_j|S_ji - S_ref,ji|^2>_B, ref = circulant(Normal)",1,none-fisher,noisy,none (noisy realisations of 1 sim/stage),Normal:1|Mild+Moderate:2|Severe:1,2000,,,,3.4913003457508167,0.8801914858998827,,,weakest=Mild+Moderate|Severe; J_eff_min=1.15; gap/port_min=1.85; gap/mesh=pending; bayes_err_max=0.0919; shift_robust=no; band_gap_retention=0.92; freq_robust=no; AD-vs-AD pairs unverified against mesh noise
2026-09-27T17:49:22+00:00,7ca77f1,A,A-sphere7-ring6-hfss,hfss-v1-masked,three_merged:Normal|Mild+Moderate(Mild+Moderate)|Severe,M7,"M7.D_pow: <Σ_j(|S_ji|^2 - |S_ref,ji|^2)^2>_B (phase-free)",1,none-fisher,noisy,none (noisy realisations of 1 sim/stage),Normal:1|Mild+Moderate:2|Severe:1,2000,,,,0.12101277750895528,0.031964413289816807,,,weakest=Normal|Mild+Moderate; J_eff_min=0.114; gap/port_min=1.98; gap/mesh=pending; bayes_err_max=0.401; shift_robust=no; band_gap_retention=0.79; freq_robust=no; AD-vs-AD pairs unverified against mesh noise
2026-09-27T17:49:22+00:00,7ca77f1,A,A-sphere7-ring6-hfss,hfss-v1-masked,three_merged:Normal|Mild+Moderate(Mild+Moderate)|Severe,M7,"M7.D0: <|S_(i±0,i) - ref|^2>_B",1,none-fisher,noisy,none (noisy realisations of 1 sim/stage),Normal:1|Mild+Moderate:2|Severe:1,2000,,,,3.4586163962214522,0.8717322081311821,,,weakest=Mild+Moderate|Severe; J_eff_min=1.14; gap/port_min=1.85; gap/mesh=pending; bayes_err_max=0.093; shift_robust=no; band_gap_retention=0.92; freq_robust=no; AD-vs-AD pairs unverified against mesh noise
2026-09-27T17:49:22+00:00,7ca77f1,A,A-sphere7-ring6-hfss,hfss-v1-masked,three_merged:Normal|Mild+Moderate(Mild+Moderate)|Severe,M7,"M7.D1: <|S_(i±1,i) - ref|^2>_B",1,none-fisher,noisy,none (noisy realisations of 1 sim/stage),Normal:1|Mild+Moderate:2|Severe:1,2000,,,,3.0583689133059946,1.1376317805129195,,,weakest=Mild+Moderate|Severe; J_eff_min=0.137; gap/port_min=0.536; gap/mesh=pending; bayes_err_max=0.0576; shift_robust=no; band_gap_retention=1.06; freq_robust=no; AD-vs-AD pairs unverified against mesh noise
2026-09-27T17:49:22+00:00,7ca77f1,A,A-sphere7-ring6-hfss,hfss-v1-masked,three_merged:Normal|Mild+Moderate(Mild+Moderate)|Severe,M7,"M7.D2: <|S_(i±2,i) - ref|^2>_B",1,none-fisher,noisy,none (noisy realisations of 1 sim/stage),Normal:1|Mild+Moderate:2|Severe:1,2000,,,,17.614029538600086,4.403507601798284,,,weakest=Mild+Moderate|Severe; J_eff_min=1.93; gap/port_min=2.08; gap/mesh=pending; bayes_err_max=0.0015; shift_robust=no; band_gap_retention=1.05; freq_robust=no; AD-vs-AD pairs unverified against mesh noise
2026-09-27T17:49:22+00:00,7ca77f1,A,A-sphere7-ring6-hfss,hfss-v1-masked,three_merged:Normal|Mild+Moderate(Mild+Moderate)|Severe,M7,"M7.D3: <|S_(i±3,i) - ref|^2>_B",1,none-fisher,noisy,none (noisy realisations of 1 sim/stage),Normal:1|Mild+Moderate:2|Severe:1,2000,,,,32.7255677394497,8.181453388898143,,,weakest=Mild+Moderate|Severe; J_eff_min=2.66; gap/port_min=2.41; gap/mesh=pending; bayes_err_max=2.61e-05; shift_robust=no; band_gap_retention=1.10; freq_robust=no; AD-vs-AD pairs unverified against mesh noise
2026-09-27T17:49:22+00:00,7ca77f1,A,A-sphere7-ring6-hfss,hfss-v1-masked,three_merged:Normal|Mild+Moderate(Mild+Moderate)|Severe,M7,"M7.D3[k3]: <|S_(i+3,i) - ref|^2> over k3 window",1,none-fisher,noisy,none (noisy realisations of 1 sim/stage),Normal:1|Mild+Moderate:2|Severe:1,2000,,,,37.79617599810591,9.451644667403695,,,weakest=Mild+Moderate|Severe; J_eff_min=3.84; gap/port_min=2.92; gap/mesh=pending; bayes_err_max=6.71e-06; shift_robust=no; band_gap_retention=0.88; freq_robust=no; AD-vs-AD pairs unverified against mesh noise
2026-09-27T17:49:22+00:00,7ca77f1,A,A-sphere7-ring6-hfss,hfss-v1-masked,three_merged:Normal|Mild+Moderate(Mild+Moderate)|Severe,M8,M8.s1^2: <s_1(S)^2>_B (singular value),1,none-fisher,noisy,none (noisy realisations of 1 sim/stage),Normal:1|Mild+Moderate:2|Severe:1,2000,,,,0.09021417048917461,0.02659998703587331,,,weakest=Mild+Moderate|Severe; J_eff_min=nan; gap/port_min=nan; gap/mesh=pending; bayes_err_max=0.412; shift_robust=no; band_gap_retention=-0.69; freq_robust=no; AD-vs-AD pairs unverified against mesh noise; matrix-level: no per-antenna port-noise estimate
2026-09-27T17:49:22+00:00,7ca77f1,A,A-sphere7-ring6-hfss,hfss-v1-masked,three_merged:Normal|Mild+Moderate(Mild+Moderate)|Severe,M8,M8.s2^2: <s_2(S)^2>_B (singular value),1,none-fisher,noisy,none (noisy realisations of 1 sim/stage),Normal:1|Mild+Moderate:2|Severe:1,2000,,,,0.07549860597524055,0.02135340578076656,,,weakest=Mild+Moderate|Severe; J_eff_min=nan; gap/port_min=nan; gap/mesh=pending; bayes_err_max=0.42; shift_robust=no; band_gap_retention=-2.37; freq_robust=no; AD-vs-AD pairs unverified against mesh noise; matrix-level: no per-antenna port-noise estimate
2026-09-27T17:49:22+00:00,7ca77f1,A,A-sphere7-ring6-hfss,hfss-v1-masked,three_merged:Normal|Mild+Moderate(Mild+Moderate)|Severe,M8,M8.s3^2: <s_3(S)^2>_B (singular value),1,none-fisher,noisy,none (noisy realisations of 1 sim/stage),Normal:1|Mild+Moderate:2|Severe:1,2000,,,,0.07624100082840331,0.02098366589689577,,,weakest=Mild+Moderate|Severe; J_eff_min=nan; gap/port_min=nan; gap/mesh=pending; bayes_err_max=0.421; shift_robust=no; band_gap_retention=0.35; freq_robust=no; AD-vs-AD pairs unverified against mesh noise; matrix-level: no per-antenna port-noise estimate
2026-09-27T17:49:22+00:00,7ca77f1,A,A-sphere7-ring6-hfss,hfss-v1-masked,three_merged:Normal|Mild+Moderate(Mild+Moderate)|Severe,M8,M8.s4^2: <s_4(S)^2>_B (singular value),1,none-fisher,noisy,none (noisy realisations of 1 sim/stage),Normal:1|Mild+Moderate:2|Severe:1,2000,,,,0.0598923300101509,0.01592234695294441,,,weakest=Mild+Moderate|Severe; J_eff_min=nan; gap/port_min=nan; gap/mesh=pending; bayes_err_max=0.43; shift_robust=no; band_gap_retention=-0.03; freq_robust=no; AD-vs-AD pairs unverified against mesh noise; matrix-level: no per-antenna port-noise estimate
2026-09-27T17:49:22+00:00,7ca77f1,A,A-sphere7-ring6-hfss,hfss-v1-masked,three_merged:Normal|Mild+Moderate(Mild+Moderate)|Severe,M8,M8.s5^2: <s_5(S)^2>_B (singular value),1,none-fisher,noisy,none (noisy realisations of 1 sim/stage),Normal:1|Mild+Moderate:2|Severe:1,2000,,,,0.09347550529652822,0.024357162006068505,,,weakest=Mild+Moderate|Severe; J_eff_min=nan; gap/port_min=nan; gap/mesh=pending; bayes_err_max=0.414; shift_robust=no; band_gap_retention=0.55; freq_robust=no; AD-vs-AD pairs unverified against mesh noise; matrix-level: no per-antenna port-noise estimate
2026-09-27T17:49:22+00:00,7ca77f1,A,A-sphere7-ring6-hfss,hfss-v1-masked,three_merged:Normal|Mild+Moderate(Mild+Moderate)|Severe,M8,M8.s6^2: <s_6(S)^2>_B (singular value),1,none-fisher,noisy,none (noisy realisations of 1 sim/stage),Normal:1|Mild+Moderate:2|Severe:1,2000,,,,0.07749249967171512,0.019429461318908766,,,weakest=Mild+Moderate|Severe; J_eff_min=nan; gap/port_min=nan; gap/mesh=pending; bayes_err_max=0.422; shift_robust=no; band_gap_retention=0.47; freq_robust=no; AD-vs-AD pairs unverified against mesh noise; matrix-level: no per-antenna port-noise estimate
2026-09-27T17:49:22+00:00,7ca77f1,A,A-sphere7-ring6-hfss,hfss-v1-masked,three_merged:Normal|Mild+Moderate(Mild+Moderate)|Severe,M8,M8.lam0^2: <|λ_0|^2> circulant mode 0 (full),1,none-fisher,noisy,none (noisy realisations of 1 sim/stage),Normal:1|Mild+Moderate:2|Severe:1,2000,,,,0.12268875950945655,0.031082678559346787,,,weakest=Mild+Moderate|Severe; J_eff_min=0.0559; gap/port_min=0.453; gap/mesh=pending; bayes_err_max=0.402; shift_robust=no; band_gap_retention=0.44; freq_robust=no; AD-vs-AD pairs unverified against mesh noise
2026-09-27T17:49:22+00:00,7ca77f1,A,A-sphere7-ring6-hfss,hfss-v1-masked,three_merged:Normal|Mild+Moderate(Mild+Moderate)|Severe,M8,M8.lam1^2: <|λ_1|^2> circulant mode 1 (full),1,none-fisher,noisy,none (noisy realisations of 1 sim/stage),Normal:1|Mild+Moderate:2|Severe:1,2000,,,,0.11038065823348688,0.028091015053276644,,,weakest=Mild+Moderate|Severe; J_eff_min=0.0507; gap/port_min=0.433; gap/mesh=pending; bayes_err_max=0.407; shift_robust=no; band_gap_retention=0.37; freq_robust=no; AD-vs-AD pairs unverified against mesh noise
2026-09-27T17:49:22+00:00,7ca77f1,A,A-sphere7-ring6-hfss,hfss-v1-masked,three_merged:Normal|Mild+Moderate(Mild+Moderate)|Severe,M8,M8.lam2^2: <|λ_2|^2> circulant mode 2 (full),1,none-fisher,noisy,none (noisy realisations of 1 sim/stage),Normal:1|Mild+Moderate:2|Severe:1,2000,,,,0.152982844888269,0.03857712982340611,,,weakest=Mild+Moderate|Severe; J_eff_min=0.0719; gap/port_min=0.521; gap/mesh=pending; bayes_err_max=0.391; shift_robust=no; band_gap_retention=0.33; freq_robust=no; AD-vs-AD pairs unverified against mesh noise
2026-09-27T17:49:22+00:00,7ca77f1,A,A-sphere7-ring6-hfss,hfss-v1-masked,three_merged:Normal|Mild+Moderate(Mild+Moderate)|Severe,M8,M8.lam3^2: <|λ_3|^2> circulant mode 3 (full),1,none-fisher,noisy,none (noisy realisations of 1 sim/stage),Normal:1|Mild+Moderate:2|Severe:1,2000,,,,0.255223465408749,0.06413908492785347,,,weakest=Mild+Moderate|Severe; J_eff_min=0.119; gap/port_min=0.67; gap/mesh=pending; bayes_err_max=0.36; shift_robust=no; band_gap_retention=0.28; freq_robust=no; AD-vs-AD pairs unverified against mesh noise
2026-09-27T17:49:22+00:00,7ca77f1,A,A-sphere7-ring6-hfss,hfss-v1-masked,three_merged:Normal|Mild+Moderate(Mild+Moderate)|Severe,M8,M8.lam0^2[k3]: <|λ_0|^2> circulant mode 0 (k3),1,none-fisher,noisy,none (noisy realisations of 1 sim/stage),Normal:1|Mild+Moderate:2|Severe:1,2000,,,,47.357148850868285,11.839753221111687,,,weakest=Mild+Moderate|Severe; J_eff_min=2.25; gap/port_min=2.17; gap/mesh=pending; bayes_err_max=5.66e-07; shift_robust=no; band_gap_retention=0.85; freq_robust=no; AD-vs-AD pairs unverified against mesh noise
2026-09-27T17:49:22+00:00,7ca77f1,A,A-sphere7-ring6-hfss,hfss-v1-masked,three_merged:Normal|Mild+Moderate(Mild+Moderate)|Severe,M8,M8.lam1^2[k3]: <|λ_1|^2> circulant mode 1 (k3),1,none-fisher,noisy,none (noisy realisations of 1 sim/stage),Normal:1|Mild+Moderate:2|Severe:1,2000,,,,46.058971051050975,11.515930759596932,,,weakest=Mild+Moderate|Severe; J_eff_min=2.16; gap/port_min=2.13; gap/mesh=pending; bayes_err_max=7.86e-07; shift_robust=no; band_gap_retention=0.86; freq_robust=no; AD-vs-AD pairs unverified against mesh noise
2026-09-27T17:49:22+00:00,7ca77f1,A,A-sphere7-ring6-hfss,hfss-v1-masked,three_merged:Normal|Mild+Moderate(Mild+Moderate)|Severe,M8,M8.lam2^2[k3]: <|λ_2|^2> circulant mode 2 (k3),1,none-fisher,noisy,none (noisy realisations of 1 sim/stage),Normal:1|Mild+Moderate:2|Severe:1,2000,,,,39.89413144991814,9.97591197727832,,,weakest=Mild+Moderate|Severe; J_eff_min=1.83; gap/port_min=1.96; gap/mesh=pending; bayes_err_max=3.88e-06; shift_robust=no; band_gap_retention=0.85; freq_robust=no; AD-vs-AD pairs unverified against mesh noise
2026-09-27T17:49:22+00:00,7ca77f1,A,A-sphere7-ring6-hfss,hfss-v1-masked,three_merged:Normal|Mild+Moderate(Mild+Moderate)|Severe,M8,M8.lam3^2[k3]: <|λ_3|^2> circulant mode 3 (k3),1,none-fisher,noisy,none (noisy realisations of 1 sim/stage),Normal:1|Mild+Moderate:2|Severe:1,2000,,,,41.70868738881361,10.42844575630765,,,weakest=Mild+Moderate|Severe; J_eff_min=1.84; gap/port_min=1.96; gap/mesh=pending; bayes_err_max=2.44e-06; shift_robust=no; band_gap_retention=0.85; freq_robust=no; AD-vs-AD pairs unverified against mesh noise
2026-09-27T17:49:22+00:00,7ca77f1,A,A-sphere7-ring6-hfss,hfss-v1-masked,three_merged:Normal|Mild+Moderate(Mild+Moderate)|Severe,M0,M0.old_score: mean_B Σ_{j≠i}|S_ii+S_ij|/VSWR_i,1,none-fisher,very_noisy,none (noisy realisations of 1 sim/stage),Normal:1|Mild+Moderate:2|Severe:1,2000,,,,0.13703485923745526,0.03429857741886466,,,weakest=Mild+Moderate|Severe; J_eff_min=0.116; gap/port_min=1.22; gap/mesh=pending; bayes_err_max=0.397; shift_robust=no; band_gap_retention=0.65; freq_robust=no; AD-vs-AD pairs unverified against mesh noise; baseline only; not a physical quantity
2026-09-27T17:49:22+00:00,7ca77f1,A,A-sphere7-ring6-hfss,hfss-v1-masked,three_merged:Normal|Mild+Moderate(Mild+Moderate)|Severe,M1,M1.Sii_dBavg: mean_B 20log10|S_ii|,1,none-fisher,very_noisy,none (noisy realisations of 1 sim/stage),Normal:1|Mild+Moderate:2|Severe:1,2000,,,,0.002363406984548116,0.0006502712216828391,,,weakest=Normal|Severe; J_eff_min=0.000764; gap/port_min=0.0475; gap/mesh=pending; bayes_err_max=0.486; shift_robust=no; band_gap_retention=0.14; freq_robust=no; AD-vs-AD pairs unverified against mesh noise; dB averaging; shown for fragility
2026-09-27T17:49:22+00:00,7ca77f1,A,A-sphere7-ring6-hfss,hfss-v1-masked,three_merged:Normal|Mild+Moderate(Mild+Moderate)|Severe,M2,M2.R: <|S_ii|^2>_B,1,none-fisher,very_noisy,none (noisy realisations of 1 sim/stage),Normal:1|Mild+Moderate:2|Severe:1,2000,,,,0.059467147967112825,0.015007756388992644,,,weakest=Mild+Moderate|Severe; J_eff_min=0.0471; gap/port_min=0.673; gap/mesh=pending; bayes_err_max=0.431; shift_robust=no; band_gap_retention=0.34; freq_robust=no; AD-vs-AD pairs unverified against mesh noise
2026-09-27T17:49:22+00:00,7ca77f1,A,A-sphere7-ring6-hfss,hfss-v1-masked,three_merged:Normal|Mild+Moderate(Mild+Moderate)|Severe,M2,M2.R[k3]: <|S_ii|^2> over k3 window,1,none-fisher,very_noisy,none (noisy realisations of 1 sim/stage),Normal:1|Mild+Moderate:2|Severe:1,2000,,,,12.689492261286844,3.1724459924018373,,,weakest=Mild+Moderate|Severe; J_eff_min=1.9; gap/port_min=2.11; gap/mesh=pending; bayes_err_max=0.00588; shift_robust=no; band_gap_retention=0.85; freq_robust=no; AD-vs-AD pairs unverified against mesh noise
2026-09-27T17:49:22+00:00,7ca77f1,A,A-sphere7-ring6-hfss,hfss-v1-masked,three_merged:Normal|Mild+Moderate(Mild+Moderate)|Severe,M3,M3.A: <1-|S_ii|^2>_B,1,none-fisher,very_noisy,none (noisy realisations of 1 sim/stage),Normal:1|Mild+Moderate:2|Severe:1,2000,,,,0.05946714796711787,0.015007756388993905,,,weakest=Mild+Moderate|Severe; J_eff_min=0.0471; gap/port_min=0.673; gap/mesh=pending; bayes_err_max=0.431; shift_robust=no; band_gap_retention=0.34; freq_robust=no; AD-vs-AD pairs unverified against mesh noise; affine copy of M2.R (identical separability)
2026-09-27T17:49:22+00:00,7ca77f1,A,A-sphere7-ring6-hfss,hfss-v1-masked,three_merged:Normal|Mild+Moderate(Mild+Moderate)|Severe,M3,M3.ML_of_powavg: -10log10<A>_B (dB),1,none-fisher,very_noisy,none (noisy realisations of 1 sim/stage),Normal:1|Mild+Moderate:2|Severe:1,2000,,,,0.05879472047815417,0.014820398097421488,,,weakest=Mild+Moderate|Severe; J_eff_min=0.047; gap/port_min=0.685; gap/mesh=pending; bayes_err_max=0.432; shift_robust=no; band_gap_retention=0.33; freq_robust=no; AD-vs-AD pairs unverified against mesh noise
2026-09-27T17:49:22+00:00,7ca77f1,A,A-sphere7-ring6-hfss,hfss-v1-masked,three_merged:Normal|Mild+Moderate(Mild+Moderate)|Severe,M3,M3.ML_dBavg: <-10log10 A>_B (dB-averaged ML),1,none-fisher,very_noisy,none (noisy realisations of 1 sim/stage),Normal:1|Mild+Moderate:2|Severe:1,2000,,,,0.07240029351418938,0.018113079150486766,,,weakest=Mild+Moderate|Severe; J_eff_min=0.0723; gap/port_min=12; gap/mesh=pending; bayes_err_max=0.425; shift_robust=no; band_gap_retention=0.76; freq_robust=no; AD-vs-AD pairs unverified against mesh noise; dB averaging; comparison only
2026-09-27T17:49:22+00:00,7ca77f1,A,A-sphere7-ring6-hfss,hfss-v1-masked,three_merged:Normal|Mild+Moderate(Mild+Moderate)|Severe,M4,M4.N: <1-Σ_j|S_ji|^2>_B (absorbed+radiated+loss),1,none-fisher,very_noisy,none (noisy realisations of 1 sim/stage),Normal:1|Mild+Moderate:2|Severe:1,2000,,,,0.06217259618812269,0.015688615877956013,,,weakest=Mild+Moderate|Severe; J_eff_min=0.0492; gap/port_min=0.688; gap/mesh=pending; bayes_err_max=0.43; shift_robust=no; band_gap_retention=0.36; freq_robust=no; AD-vs-AD pairs unverified against mesh noise
2026-09-27T17:49:22+00:00,7ca77f1,A,A-sphere7-ring6-hfss,hfss-v1-masked,three_merged:Normal|Mild+Moderate(Mild+Moderate)|Severe,M4,M4.N[k3]: <N> over k3 window,1,none-fisher,very_noisy,none (noisy realisations of 1 sim/stage),Normal:1|Mild+Moderate:2|Severe:1,2000,,,,12.557232750720772,3.1393854204775367,,,weakest=Mild+Moderate|Severe; J_eff_min=1.89; gap/port_min=2.11; gap/mesh=pending; bayes_err_max=0.00611; shift_robust=no; band_gap_retention=0.85; freq_robust=no; AD-vs-AD pairs unverified against mesh noise
2026-09-27T17:49:22+00:00,7ca77f1,A,A-sphere7-ring6-hfss,hfss-v1-masked,three_merged:Normal|Mild+Moderate(Mild+Moderate)|Severe,M5,M5.C: <Σ_(j≠i)|S_ji|^2> (full),1,none-fisher,very_noisy,none (noisy realisations of 1 sim/stage),Normal:1|Mild+Moderate:2|Severe:1,2000,,,,2.518938592196413,0.7332480407132407,,,weakest=Normal|Mild+Moderate; J_eff_min=0.679; gap/port_min=1.36; gap/mesh=pending; bayes_err_max=0.111; shift_robust=yes; band_gap_retention=1.11; freq_robust=no; AD-vs-AD pairs unverified against mesh noise
2026-09-27T17:49:22+00:00,7ca77f1,A,A-sphere7-ring6-hfss,hfss-v1-masked,three_merged:Normal|Mild+Moderate(Mild+Moderate)|Severe,M5,"M5.C1: <|S_(i±1,i)|^2> (full)",1,none-fisher,very_noisy,none (noisy realisations of 1 sim/stage),Normal:1|Mild+Moderate:2|Severe:1,2000,,,,1.8423615659384311,0.5749956617542386,,,weakest=Normal|Mild+Moderate; J_eff_min=0.5; gap/port_min=1.17; gap/mesh=pending; bayes_err_max=0.143; shift_robust=yes; band_gap_retention=1.11; freq_robust=no; AD-vs-AD pairs unverified against mesh noise
2026-09-27T17:49:22+00:00,7ca77f1,A,A-sphere7-ring6-hfss,hfss-v1-masked,three_merged:Normal|Mild+Moderate(Mild+Moderate)|Severe,M5,"M5.C2: <|S_(i±2,i)|^2> (full)",1,none-fisher,very_noisy,none (noisy realisations of 1 sim/stage),Normal:1|Mild+Moderate:2|Severe:1,2000,,,,0.8421160314976683,0.2110844650135435,,,weakest=Normal|Mild+Moderate; J_eff_min=0.596; gap/port_min=2.02; gap/mesh=pending; bayes_err_max=0.258; shift_robust=yes; band_gap_retention=0.99; freq_robust=no; AD-vs-AD pairs unverified against mesh noise
2026-09-27T17:49:22+00:00,7ca77f1,A,A-sphere7-ring6-hfss,hfss-v1-masked,three_merged:Normal|Mild+Moderate(Mild+Moderate)|Severe,M5,"M5.C3: <|S_(i±3,i)|^2> (full)",1,none-fisher,very_noisy,none (noisy realisations of 1 sim/stage),Normal:1|Mild+Moderate:2|Severe:1,2000,,,,0.07878515209037772,0.019812758991475686,,,weakest=Mild+Moderate|Severe; J_eff_min=0.0309; gap/port_min=0.319; gap/mesh=pending; bayes_err_max=0.421; shift_robust=yes; band_gap_retention=0.73; freq_robust=no; AD-vs-AD pairs unverified against mesh noise
2026-09-27T17:49:22+00:00,7ca77f1,A,A-sphere7-ring6-hfss,hfss-v1-masked,three_merged:Normal|Mild+Moderate(Mild+Moderate)|Severe,M5,M5.C[k3]: <Σ_(j≠i)|S_ji|^2> (k3),1,none-fisher,very_noisy,none (noisy realisations of 1 sim/stage),Normal:1|Mild+Moderate:2|Severe:1,2000,,,,3.614203154662617,0.9037685270664093,,,weakest=Normal|Mild+Moderate; J_eff_min=0.293; gap/port_min=0.798; gap/mesh=pending; bayes_err_max=0.0894; shift_robust=no; band_gap_retention=0.66; freq_robust=no; AD-vs-AD pairs unverified against mesh noise
2026-09-27T17:49:22+00:00,7ca77f1,A,A-sphere7-ring6-hfss,hfss-v1-masked,three_merged:Normal|Mild+Moderate(Mild+Moderate)|Severe,M5,"M5.C1[k3]: <|S_(i±1,i)|^2> (k3)",1,none-fisher,very_noisy,none (noisy realisations of 1 sim/stage),Normal:1|Mild+Moderate:2|Severe:1,2000,,,,2.0838588389969015,0.5218677821898456,,,weakest=Normal|Mild+Moderate; J_eff_min=0.17; gap/port_min=0.609; gap/mesh=pending; bayes_err_max=0.153; shift_robust=no; band_gap_retention=0.55; freq_robust=no; AD-vs-AD pairs unverified against mesh noise
2026-09-27T17:49:22+00:00,7ca77f1,A,A-sphere7-ring6-hfss,hfss-v1-masked,three_merged:Normal|Mild+Moderate(Mild+Moderate)|Severe,M5,"M5.C2[k3]: <|S_(i±2,i)|^2> (k3)",1,none-fisher,very_noisy,none (noisy realisations of 1 sim/stage),Normal:1|Mild+Moderate:2|Severe:1,2000,,,,0.5184492171553081,0.1353845144179159,,,weakest=Normal|Mild+Moderate; J_eff_min=0.367; gap/port_min=1.58; gap/mesh=pending; bayes_err_max=0.303; shift_robust=yes; band_gap_retention=0.61; freq_robust=no; AD-vs-AD pairs unverified against mesh noise
2026-09-27T17:49:22+00:00,7ca77f1,A,A-sphere7-ring6-hfss,hfss-v1-masked,three_merged:Normal|Mild+Moderate(Mild+Moderate)|Severe,M5,"M5.C3[k3]: <|S_(i±3,i)|^2> (k3)",1,none-fisher,very_noisy,none (noisy realisations of 1 sim/stage),Normal:1|Mild+Moderate:2|Severe:1,2000,,,,0.040550671667191104,0.010167038108222951,,,weakest=Mild+Moderate|Severe; J_eff_min=0.0142; gap/port_min=0.209; gap/mesh=pending; bayes_err_max=0.443; shift_robust=no; band_gap_retention=0.43; freq_robust=no; AD-vs-AD pairs unverified against mesh noise
2026-09-27T17:49:22+00:00,7ca77f1,A,A-sphere7-ring6-hfss,hfss-v1-masked,three_merged:Normal|Mild+Moderate(Mild+Moderate)|Severe,M5,"M5.C3_dBavg[k3]: mean over k3 window of 10log10|S_(i+3,i)|^2",1,none-fisher,very_noisy,none (noisy realisations of 1 sim/stage),Normal:1|Mild+Moderate:2|Severe:1,2000,,,,0.010616397718076225,0.002703257032632849,,,weakest=Mild+Moderate|Severe; J_eff_min=0.00144; gap/port_min=0.0578; gap/mesh=pending; bayes_err_max=0.471; shift_robust=no; band_gap_retention=-1.70; freq_robust=no; AD-vs-AD pairs unverified against mesh noise; dB averaging; comparison only
2026-09-27T17:49:22+00:00,7ca77f1,A,A-sphere7-ring6-hfss,hfss-v1-masked,three_merged:Normal|Mild+Moderate(Mild+Moderate)|Severe,M6,M6.fc_A: power-weighted centroid of A(f) [GHz],1,none-fisher,very_noisy,none (noisy realisations of 1 sim/stage),Normal:1|Mild+Moderate:2|Severe:1,2000,,,,0.14896419438475672,0.03737667658805971,,,weakest=Normal|Mild+Moderate; J_eff_min=0.116; gap/port_min=1.02; gap/mesh=pending; bayes_err_max=0.392; shift_robust=no; band_gap_retention=0.79; freq_robust=no; AD-vs-AD pairs unverified against mesh noise
2026-09-27T17:49:22+00:00,7ca77f1,A,A-sphere7-ring6-hfss,hfss-v1-masked,three_merged:Normal|Mild+Moderate(Mild+Moderate)|Severe,M6,M6.spread_A: spectral spread of A(f) [MHz],1,none-fisher,very_noisy,none (noisy realisations of 1 sim/stage),Normal:1|Mild+Moderate:2|Severe:1,2000,,,,0.06343639581728067,0.015886944736126098,,,weakest=Mild+Moderate|Severe; J_eff_min=0.0628; gap/port_min=3.44; gap/mesh=pending; bayes_err_max=0.429; shift_robust=no; band_gap_retention=0.27; freq_robust=no; AD-vs-AD pairs unverified against mesh noise
2026-09-27T17:49:22+00:00,7ca77f1,A,A-sphere7-ring6-hfss,hfss-v1-masked,three_merged:Normal|Mild+Moderate(Mild+Moderate)|Severe,M6,M6.fc_N: power-weighted centroid of N(f) [GHz],1,none-fisher,very_noisy,none (noisy realisations of 1 sim/stage),Normal:1|Mild+Moderate:2|Severe:1,2000,,,,0.14938969297165314,0.03748373892669105,,,weakest=Normal|Mild+Moderate; J_eff_min=0.116; gap/port_min=1.02; gap/mesh=pending; bayes_err_max=0.392; shift_robust=no; band_gap_retention=0.79; freq_robust=no; AD-vs-AD pairs unverified against mesh noise
2026-09-27T17:49:22+00:00,7ca77f1,A,A-sphere7-ring6-hfss,hfss-v1-masked,three_merged:Normal|Mild+Moderate(Mild+Moderate)|Severe,M6,M6.spread_N: spectral spread of N(f) [MHz],1,none-fisher,very_noisy,none (noisy realisations of 1 sim/stage),Normal:1|Mild+Moderate:2|Severe:1,2000,,,,0.06287727929595309,0.015747385014165515,,,weakest=Mild+Moderate|Severe; J_eff_min=0.0622; gap/port_min=3.43; gap/mesh=pending; bayes_err_max=0.43; shift_robust=no; band_gap_retention=0.27; freq_robust=no; AD-vs-AD pairs unverified against mesh noise
2026-09-27T17:49:22+00:00,7ca77f1,A,A-sphere7-ring6-hfss,hfss-v1-masked,three_merged:Normal|Mild+Moderate(Mild+Moderate)|Severe,M6,M6.A[3.20]: <A> in 50 MHz sub-band from 3.20 GHz,1,none-fisher,very_noisy,none (noisy realisations of 1 sim/stage),Normal:1|Mild+Moderate:2|Severe:1,2000,,,,0.127161375060872,0.03254301833333,,,weakest=Mild+Moderate|Severe; J_eff_min=0.123; gap/port_min=2.77; gap/mesh=pending; bayes_err_max=0.4; shift_robust=no; band_gap_retention=0.96; freq_robust=no; AD-vs-AD pairs unverified against mesh noise
2026-09-27T17:49:22+00:00,7ca77f1,A,A-sphere7-ring6-hfss,hfss-v1-masked,three_merged:Normal|Mild+Moderate(Mild+Moderate)|Severe,M6,M6.N[3.20]: <N> in 50 MHz sub-band from 3.20 GHz,1,none-fisher,very_noisy,none (noisy realisations of 1 sim/stage),Normal:1|Mild+Moderate:2|Severe:1,2000,,,,0.12712233640646137,0.03253264231667041,,,weakest=Mild+Moderate|Severe; J_eff_min=0.123; gap/port_min=2.77; gap/mesh=pending; bayes_err_max=0.4; shift_robust=no; band_gap_retention=0.96; freq_robust=no; AD-vs-AD pairs unverified against mesh noise
2026-09-27T17:49:22+00:00,7ca77f1,A,A-sphere7-ring6-hfss,hfss-v1-masked,three_merged:Normal|Mild+Moderate(Mild+Moderate)|Severe,M6,M6.A[3.25]: <A> in 50 MHz sub-band from 3.25 GHz,1,none-fisher,very_noisy,none (noisy realisations of 1 sim/stage),Normal:1|Mild+Moderate:2|Severe:1,2000,,,,0.011387037945476663,0.002885233268247814,,,weakest=Mild+Moderate|Severe; J_eff_min=0.0103; gap/port_min=0.474; gap/mesh=pending; bayes_err_max=0.47; shift_robust=no; band_gap_retention=0.71; freq_robust=no; AD-vs-AD pairs unverified against mesh noise
2026-09-27T17:49:22+00:00,7ca77f1,A,A-sphere7-ring6-hfss,hfss-v1-masked,three_merged:Normal|Mild+Moderate(Mild+Moderate)|Severe,M6,M6.N[3.25]: <N> in 50 MHz sub-band from 3.25 GHz,1,none-fisher,very_noisy,none (noisy realisations of 1 sim/stage),Normal:1|Mild+Moderate:2|Severe:1,2000,,,,0.011398511754841637,0.0028880840469297383,,,weakest=Mild+Moderate|Severe; J_eff_min=0.0104; gap/port_min=0.475; gap/mesh=pending; bayes_err_max=0.47; shift_robust=no; band_gap_retention=0.71; freq_robust=no; AD-vs-AD pairs unverified against mesh noise
2026-09-27T17:49:22+00:00,7ca77f1,A,A-sphere7-ring6-hfss,hfss-v1-masked,three_merged:Normal|Mild+Moderate(Mild+Moderate)|Severe,M6,M6.A[3.30]: <A> in 50 MHz sub-band from 3.30 GHz,1,none-fisher,very_noisy,none (noisy realisations of 1 sim/stage),Normal:1|Mild+Moderate:2|Severe:1,2000,,,,0.32442336716545994,0.08170317400177406,,,weakest=Mild+Moderate|Severe; J_eff_min=0.248; gap/port_min=1.45; gap/mesh=pending; bayes_err_max=0.343; shift_robust=no; band_gap_retention=0.62; freq_robust=no; AD-vs-AD pairs unverified against mesh noise
2026-09-27T17:49:22+00:00,7ca77f1,A,A-sphere7-ring6-hfss,hfss-v1-masked,three_merged:Normal|Mild+Moderate(Mild+Moderate)|Severe,M6,M6.N[3.30]: <N> in 50 MHz sub-band from 3.30 GHz,1,none-fisher,very_noisy,none (noisy realisations of 1 sim/stage),Normal:1|Mild+Moderate:2|Severe:1,2000,,,,0.32381837961002263,0.08155069815394438,,,weakest=Mild+Moderate|Severe; J_eff_min=0.248; gap/port_min=1.45; gap/mesh=pending; bayes_err_max=0.343; shift_robust=no; band_gap_retention=0.62; freq_robust=no; AD-vs-AD pairs unverified against mesh noise
2026-09-27T17:49:22+00:00,7ca77f1,A,A-sphere7-ring6-hfss,hfss-v1-masked,three_merged:Normal|Mild+Moderate(Mild+Moderate)|Severe,M6,M6.A[3.35]: <A> in 50 MHz sub-band from 3.35 GHz,1,none-fisher,very_noisy,none (noisy realisations of 1 sim/stage),Normal:1|Mild+Moderate:2|Severe:1,2000,,,,1.3306535165781508,0.3335232038918447,,,weakest=Normal|Mild+Moderate; J_eff_min=0.651; gap/port_min=1.6; gap/mesh=pending; bayes_err_max=0.207; shift_robust=no; band_gap_retention=0.70; freq_robust=no; AD-vs-AD pairs unverified against mesh noise
2026-09-27T17:49:22+00:00,7ca77f1,A,A-sphere7-ring6-hfss,hfss-v1-masked,three_merged:Normal|Mild+Moderate(Mild+Moderate)|Severe,M6,M6.N[3.35]: <N> in 50 MHz sub-band from 3.35 GHz,1,none-fisher,very_noisy,none (noisy realisations of 1 sim/stage),Normal:1|Mild+Moderate:2|Severe:1,2000,,,,1.3311499549872645,0.3336433359055698,,,weakest=Normal|Mild+Moderate; J_eff_min=0.651; gap/port_min=1.6; gap/mesh=pending; bayes_err_max=0.207; shift_robust=no; band_gap_retention=0.70; freq_robust=no; AD-vs-AD pairs unverified against mesh noise
2026-09-27T17:49:22+00:00,7ca77f1,A,A-sphere7-ring6-hfss,hfss-v1-masked,three_merged:Normal|Mild+Moderate(Mild+Moderate)|Severe,M6,M6.A[3.40]: <A> in 50 MHz sub-band from 3.40 GHz,1,none-fisher,very_noisy,none (noisy realisations of 1 sim/stage),Normal:1|Mild+Moderate:2|Severe:1,2000,,,,8.234878996633535,2.0592516951163478,,,weakest=Mild+Moderate|Severe; J_eff_min=2.79; gap/port_min=2.9; gap/mesh=pending; bayes_err_max=0.0212; shift_robust=no; band_gap_retention=0.96; freq_robust=no; AD-vs-AD pairs unverified against mesh noise
2026-09-27T17:49:22+00:00,7ca77f1,A,A-sphere7-ring6-hfss,hfss-v1-masked,three_merged:Normal|Mild+Moderate(Mild+Moderate)|Severe,M6,M6.N[3.40]: <N> in 50 MHz sub-band from 3.40 GHz,1,none-fisher,very_noisy,none (noisy realisations of 1 sim/stage),Normal:1|Mild+Moderate:2|Severe:1,2000,,,,8.2034087222103,2.0513954047673586,,,weakest=Mild+Moderate|Severe; J_eff_min=2.77; gap/port_min=2.9; gap/mesh=pending; bayes_err_max=0.0214; shift_robust=no; band_gap_retention=0.96; freq_robust=no; AD-vs-AD pairs unverified against mesh noise
2026-09-27T17:49:22+00:00,7ca77f1,A,A-sphere7-ring6-hfss,hfss-v1-masked,three_merged:Normal|Mild+Moderate(Mild+Moderate)|Severe,M6,M6.A[3.45]: <A> in 50 MHz sub-band from 3.45 GHz,1,none-fisher,very_noisy,none (noisy realisations of 1 sim/stage),Normal:1|Mild+Moderate:2|Severe:1,2000,,,,2.1596149744251236,0.5403614668479647,,,weakest=Mild+Moderate|Severe; J_eff_min=0.612; gap/port_min=1.31; gap/mesh=pending; bayes_err_max=0.149; shift_robust=no; band_gap_retention=0.91; freq_robust=no; AD-vs-AD pairs unverified against mesh noise
2026-09-27T17:49:22+00:00,7ca77f1,A,A-sphere7-ring6-hfss,hfss-v1-masked,three_merged:Normal|Mild+Moderate(Mild+Moderate)|Severe,M6,M6.N[3.45]: <N> in 50 MHz sub-band from 3.45 GHz,1,none-fisher,very_noisy,none (noisy realisations of 1 sim/stage),Normal:1|Mild+Moderate:2|Severe:1,2000,,,,2.137072800969516,0.5347318991309411,,,weakest=Mild+Moderate|Severe; J_eff_min=0.605; gap/port_min=1.3; gap/mesh=pending; bayes_err_max=0.151; shift_robust=no; band_gap_retention=0.91; freq_robust=no; AD-vs-AD pairs unverified against mesh noise
2026-09-27T17:49:22+00:00,7ca77f1,A,A-sphere7-ring6-hfss,hfss-v1-masked,three_merged:Normal|Mild+Moderate(Mild+Moderate)|Severe,M6,M6.A[3.50]: <A> in 50 MHz sub-band from 3.50 GHz,1,none-fisher,very_noisy,none (noisy realisations of 1 sim/stage),Normal:1|Mild+Moderate:2|Severe:1,2000,,,,0.4928480399145832,0.12329278421614986,,,weakest=Mild+Moderate|Severe; J_eff_min=0.153; gap/port_min=0.666; gap/mesh=pending; bayes_err_max=0.31; shift_robust=no; band_gap_retention=0.94; freq_robust=no; AD-vs-AD pairs unverified against mesh noise
2026-09-27T17:49:22+00:00,7ca77f1,A,A-sphere7-ring6-hfss,hfss-v1-masked,three_merged:Normal|Mild+Moderate(Mild+Moderate)|Severe,M6,M6.N[3.50]: <N> in 50 MHz sub-band from 3.50 GHz,1,none-fisher,very_noisy,none (noisy realisations of 1 sim/stage),Normal:1|Mild+Moderate:2|Severe:1,2000,,,,0.4769942952112071,0.11932827573211009,,,weakest=Mild+Moderate|Severe; J_eff_min=0.148; gap/port_min=0.656; gap/mesh=pending; bayes_err_max=0.313; shift_robust=no; band_gap_retention=0.94; freq_robust=no; AD-vs-AD pairs unverified against mesh noise
2026-09-27T17:49:22+00:00,7ca77f1,A,A-sphere7-ring6-hfss,hfss-v1-masked,three_merged:Normal|Mild+Moderate(Mild+Moderate)|Severe,M6,M6.A[3.55]: <A> in 50 MHz sub-band from 3.55 GHz,1,none-fisher,very_noisy,none (noisy realisations of 1 sim/stage),Normal:1|Mild+Moderate:2|Severe:1,2000,,,,0.5096206150744989,0.12754665778572735,,,weakest=Mild+Moderate|Severe; J_eff_min=0.0423; gap/port_min=0.304; gap/mesh=pending; bayes_err_max=0.307; shift_robust=no; band_gap_retention=0.96; freq_robust=no; AD-vs-AD pairs unverified against mesh noise
2026-09-27T17:49:22+00:00,7ca77f1,A,A-sphere7-ring6-hfss,hfss-v1-masked,three_merged:Normal|Mild+Moderate(Mild+Moderate)|Severe,M6,M6.N[3.55]: <N> in 50 MHz sub-band from 3.55 GHz,1,none-fisher,very_noisy,none (noisy realisations of 1 sim/stage),Normal:1|Mild+Moderate:2|Severe:1,2000,,,,0.47273711995253254,0.11832559776739622,,,weakest=Mild+Moderate|Severe; J_eff_min=0.0395; gap/port_min=0.294; gap/mesh=pending; bayes_err_max=0.313; shift_robust=no; band_gap_retention=0.96; freq_robust=no; AD-vs-AD pairs unverified against mesh noise
2026-09-27T17:49:22+00:00,7ca77f1,A,A-sphere7-ring6-hfss,hfss-v1-masked,three_merged:Normal|Mild+Moderate(Mild+Moderate)|Severe,M6,M6.A[3.60]: <A> in 50 MHz sub-band from 3.60 GHz,1,none-fisher,very_noisy,none (noisy realisations of 1 sim/stage),Normal:1|Mild+Moderate:2|Severe:1,2000,,,,0.005585771997509602,0.060615051134865615,,,weakest=Normal|Mild+Moderate; J_eff_min=0.00186; gap/port_min=0.0746; gap/mesh=pending; bayes_err_max=0.381; shift_robust=no; band_gap_retention=-35.20; freq_robust=no; AD-vs-AD pairs unverified against mesh noise
2026-09-27T17:49:22+00:00,7ca77f1,A,A-sphere7-ring6-hfss,hfss-v1-masked,three_merged:Normal|Mild+Moderate(Mild+Moderate)|Severe,M6,M6.N[3.60]: <N> in 50 MHz sub-band from 3.60 GHz,1,none-fisher,very_noisy,none (noisy realisations of 1 sim/stage),Normal:1|Mild+Moderate:2|Severe:1,2000,,,,0.00019576245821406705,0.04771209392413938,,,weakest=Normal|Mild+Moderate; J_eff_min=6.15e-05; gap/port_min=0.0134; gap/mesh=pending; bayes_err_max=0.394; shift_robust=no; band_gap_retention=-336.68; freq_robust=no; AD-vs-AD pairs unverified against mesh noise
2026-09-27T17:49:22+00:00,7ca77f1,A,A-sphere7-ring6-hfss,hfss-v1-masked,three_merged:Normal|Mild+Moderate(Mild+Moderate)|Severe,M6,M6.A[3.65]: <A> in 50 MHz sub-band from 3.65 GHz,1,none-fisher,very_noisy,none (noisy realisations of 1 sim/stage),Normal:1|Mild+Moderate:2|Severe:1,2000,,,,2.9735412598623934,0.7437511338005446,,,weakest=Normal|Mild+Moderate; J_eff_min=0.287; gap/port_min=0.797; gap/mesh=pending; bayes_err_max=0.111; shift_robust=no; band_gap_retention=0.91; freq_robust=no; AD-vs-AD pairs unverified against mesh noise
2026-09-27T17:49:22+00:00,7ca77f1,A,A-sphere7-ring6-hfss,hfss-v1-masked,three_merged:Normal|Mild+Moderate(Mild+Moderate)|Severe,M6,M6.N[3.65]: <N> in 50 MHz sub-band from 3.65 GHz,1,none-fisher,very_noisy,none (noisy realisations of 1 sim/stage),Normal:1|Mild+Moderate:2|Severe:1,2000,,,,2.9949162068440294,0.7491625878202753,,,weakest=Normal|Mild+Moderate; J_eff_min=0.289; gap/port_min=0.8; gap/mesh=pending; bayes_err_max=0.11; shift_robust=no; band_gap_retention=0.91; freq_robust=no; AD-vs-AD pairs unverified against mesh noise
2026-09-27T17:49:22+00:00,7ca77f1,A,A-sphere7-ring6-hfss,hfss-v1-masked,three_merged:Normal|Mild+Moderate(Mild+Moderate)|Severe,M6,M6.A[3.70]: <A> in 50 MHz sub-band from 3.70 GHz,1,none-fisher,very_noisy,none (noisy realisations of 1 sim/stage),Normal:1|Mild+Moderate:2|Severe:1,2000,,,,0.12364389669764532,0.05308795512894921,,,weakest=Normal|Mild+Moderate; J_eff_min=0.0195; gap/port_min=0.215; gap/mesh=pending; bayes_err_max=0.384; shift_robust=no; band_gap_retention=0.57; freq_robust=no; AD-vs-AD pairs unverified against mesh noise
2026-09-27T17:49:22+00:00,7ca77f1,A,A-sphere7-ring6-hfss,hfss-v1-masked,three_merged:Normal|Mild+Moderate(Mild+Moderate)|Severe,M6,M6.N[3.70]: <N> in 50 MHz sub-band from 3.70 GHz,1,none-fisher,very_noisy,none (noisy realisations of 1 sim/stage),Normal:1|Mild+Moderate:2|Severe:1,2000,,,,0.12131390194557824,0.05262415075818916,,,weakest=Normal|Mild+Moderate; J_eff_min=0.0191; gap/port_min=0.213; gap/mesh=pending; bayes_err_max=0.385; shift_robust=no; band_gap_retention=0.57; freq_robust=no; AD-vs-AD pairs unverified against mesh noise
2026-09-27T17:49:22+00:00,7ca77f1,A,A-sphere7-ring6-hfss,hfss-v1-masked,three_merged:Normal|Mild+Moderate(Mild+Moderate)|Severe,M6,M6.A[3.75]: <A> in 50 MHz sub-band from 3.75 GHz,1,none-fisher,very_noisy,none (noisy realisations of 1 sim/stage),Normal:1|Mild+Moderate:2|Severe:1,2000,,,,0.11688843300327147,0.02953331942518474,,,weakest=Normal|Mild+Moderate; J_eff_min=0.0176; gap/port_min=0.204; gap/mesh=pending; bayes_err_max=0.404; shift_robust=no; band_gap_retention=-0.41; freq_robust=no; AD-vs-AD pairs unverified against mesh noise
2026-09-27T17:49:22+00:00,7ca77f1,A,A-sphere7-ring6-hfss,hfss-v1-masked,three_merged:Normal|Mild+Moderate(Mild+Moderate)|Severe,M6,M6.N[3.75]: <N> in 50 MHz sub-band from 3.75 GHz,1,none-fisher,very_noisy,none (noisy realisations of 1 sim/stage),Normal:1|Mild+Moderate:2|Severe:1,2000,,,,0.12188101506363205,0.030776932219009068,,,weakest=Normal|Mild+Moderate; J_eff_min=0.0184; gap/port_min=0.208; gap/mesh=pending; bayes_err_max=0.402; shift_robust=no; band_gap_retention=-0.38; freq_robust=no; AD-vs-AD pairs unverified against mesh noise
2026-09-27T17:49:22+00:00,7ca77f1,A,A-sphere7-ring6-hfss,hfss-v1-masked,three_merged:Normal|Mild+Moderate(Mild+Moderate)|Severe,M6,M6.A[3.80]: <A> in 50 MHz sub-band from 3.80 GHz,1,none-fisher,very_noisy,none (noisy realisations of 1 sim/stage),Normal:1|Mild+Moderate:2|Severe:1,2000,,,,0.07825371782254639,0.02369470831885634,,,weakest=Mild+Moderate|Severe; J_eff_min=0.0148; gap/port_min=0.191; gap/mesh=pending; bayes_err_max=0.418; shift_robust=no; band_gap_retention=0.82; freq_robust=no; AD-vs-AD pairs unverified against mesh noise
2026-09-27T17:49:22+00:00,7ca77f1,A,A-sphere7-ring6-hfss,hfss-v1-masked,three_merged:Normal|Mild+Moderate(Mild+Moderate)|Severe,M6,M6.N[3.80]: <N> in 50 MHz sub-band from 3.80 GHz,1,none-fisher,very_noisy,none (noisy realisations of 1 sim/stage),Normal:1|Mild+Moderate:2|Severe:1,2000,,,,0.07845047697488583,0.023743527861693536,,,weakest=Mild+Moderate|Severe; J_eff_min=0.0149; gap/port_min=0.192; gap/mesh=pending; bayes_err_max=0.418; shift_robust=no; band_gap_retention=0.82; freq_robust=no; AD-vs-AD pairs unverified against mesh noise
2026-09-27T17:49:22+00:00,7ca77f1,A,A-sphere7-ring6-hfss,hfss-v1-masked,three_merged:Normal|Mild+Moderate(Mild+Moderate)|Severe,M6,M6.A[3.85]: <A> in 50 MHz sub-band from 3.85 GHz,1,none-fisher,very_noisy,none (noisy realisations of 1 sim/stage),Normal:1|Mild+Moderate:2|Severe:1,2000,,,,0.15547409065923928,0.039395613125684466,,,weakest=Mild+Moderate|Severe; J_eff_min=0.12; gap/port_min=1.02; gap/mesh=pending; bayes_err_max=0.39; shift_robust=no; band_gap_retention=0.98; freq_robust=no; AD-vs-AD pairs unverified against mesh noise
2026-09-27T17:49:22+00:00,7ca77f1,A,A-sphere7-ring6-hfss,hfss-v1-masked,three_merged:Normal|Mild+Moderate(Mild+Moderate)|Severe,M6,M6.N[3.85]: <N> in 50 MHz sub-band from 3.85 GHz,1,none-fisher,very_noisy,none (noisy realisations of 1 sim/stage),Normal:1|Mild+Moderate:2|Severe:1,2000,,,,0.15551606940909718,0.03940621233458715,,,weakest=Mild+Moderate|Severe; J_eff_min=0.12; gap/port_min=1.02; gap/mesh=pending; bayes_err_max=0.39; shift_robust=no; band_gap_retention=0.98; freq_robust=no; AD-vs-AD pairs unverified against mesh noise
2026-09-27T17:49:22+00:00,7ca77f1,A,A-sphere7-ring6-hfss,hfss-v1-masked,three_merged:Normal|Mild+Moderate(Mild+Moderate)|Severe,M6,M6.A[3.90]: <A> in 50 MHz sub-band from 3.90 GHz,1,none-fisher,very_noisy,none (noisy realisations of 1 sim/stage),Normal:1|Mild+Moderate:2|Severe:1,2000,,,,0.06169317305162442,0.015464222074331459,,,weakest=Mild+Moderate|Severe; J_eff_min=0.0586; gap/port_min=1.52; gap/mesh=pending; bayes_err_max=0.43; shift_robust=no; band_gap_retention=0.98; freq_robust=no; AD-vs-AD pairs unverified against mesh noise
2026-09-27T17:49:22+00:00,7ca77f1,A,A-sphere7-ring6-hfss,hfss-v1-masked,three_merged:Normal|Mild+Moderate(Mild+Moderate)|Severe,M6,M6.N[3.90]: <N> in 50 MHz sub-band from 3.90 GHz,1,none-fisher,very_noisy,none (noisy realisations of 1 sim/stage),Normal:1|Mild+Moderate:2|Severe:1,2000,,,,0.061701469566219524,0.01546633222253299,,,weakest=Mild+Moderate|Severe; J_eff_min=0.0586; gap/port_min=1.52; gap/mesh=pending; bayes_err_max=0.43; shift_robust=no; band_gap_retention=0.98; freq_robust=no; AD-vs-AD pairs unverified against mesh noise
2026-09-27T17:49:22+00:00,7ca77f1,A,A-sphere7-ring6-hfss,hfss-v1-masked,three_merged:Normal|Mild+Moderate(Mild+Moderate)|Severe,M6,M6.A[3.95]: <A> in 50 MHz sub-band from 3.95 GHz,1,none-fisher,very_noisy,none (noisy realisations of 1 sim/stage),Normal:1|Mild+Moderate:2|Severe:1,2000,,,,0.05407353616564205,0.013668470537588946,,,weakest=Mild+Moderate|Severe; J_eff_min=0.0533; gap/port_min=2.67; gap/mesh=pending; bayes_err_max=0.435; shift_robust=no; band_gap_retention=0.97; freq_robust=no; AD-vs-AD pairs unverified against mesh noise
2026-09-27T17:49:22+00:00,7ca77f1,A,A-sphere7-ring6-hfss,hfss-v1-masked,three_merged:Normal|Mild+Moderate(Mild+Moderate)|Severe,M6,M6.N[3.95]: <N> in 50 MHz sub-band from 3.95 GHz,1,none-fisher,very_noisy,none (noisy realisations of 1 sim/stage),Normal:1|Mild+Moderate:2|Severe:1,2000,,,,0.05407851387947055,0.013669692269768425,,,weakest=Mild+Moderate|Severe; J_eff_min=0.0533; gap/port_min=2.67; gap/mesh=pending; bayes_err_max=0.435; shift_robust=no; band_gap_retention=0.97; freq_robust=no; AD-vs-AD pairs unverified against mesh noise
2026-09-27T17:49:22+00:00,7ca77f1,A,A-sphere7-ring6-hfss,hfss-v1-masked,three_merged:Normal|Mild+Moderate(Mild+Moderate)|Severe,M6,M6.A[4.00]: <A> in 50 MHz sub-band from 4.00 GHz,1,none-fisher,very_noisy,none (noisy realisations of 1 sim/stage),Normal:1|Mild+Moderate:2|Severe:1,2000,,,,0.018454368980549307,0.004614164248300823,,,weakest=Mild+Moderate|Severe; J_eff_min=0.0183; gap/port_min=2.4; gap/mesh=pending; bayes_err_max=0.462; shift_robust=no; band_gap_retention=0.97; freq_robust=no; AD-vs-AD pairs unverified against mesh noise
2026-09-27T17:49:22+00:00,7ca77f1,A,A-sphere7-ring6-hfss,hfss-v1-masked,three_merged:Normal|Mild+Moderate(Mild+Moderate)|Severe,M6,M6.N[4.00]: <N> in 50 MHz sub-band from 4.00 GHz,1,none-fisher,very_noisy,none (noisy realisations of 1 sim/stage),Normal:1|Mild+Moderate:2|Severe:1,2000,,,,0.01845531283543962,0.004614401749376994,,,weakest=Mild+Moderate|Severe; J_eff_min=0.0183; gap/port_min=2.4; gap/mesh=pending; bayes_err_max=0.462; shift_robust=no; band_gap_retention=0.97; freq_robust=no; AD-vs-AD pairs unverified against mesh noise
2026-09-27T17:49:22+00:00,7ca77f1,A,A-sphere7-ring6-hfss,hfss-v1-masked,three_merged:Normal|Mild+Moderate(Mild+Moderate)|Severe,M6,M6.A[4.05]: <A> in 50 MHz sub-band from 4.05 GHz,1,none-fisher,very_noisy,none (noisy realisations of 1 sim/stage),Normal:1|Mild+Moderate:2|Severe:1,2000,,,,0.020281476094098715,0.005844383498319389,,,weakest=Normal|Mild+Moderate; J_eff_min=0.0202; gap/port_min=3.56; gap/mesh=pending; bayes_err_max=0.458; shift_robust=no; band_gap_retention=0.96; freq_robust=no; AD-vs-AD pairs unverified against mesh noise
2026-09-27T17:49:22+00:00,7ca77f1,A,A-sphere7-ring6-hfss,hfss-v1-masked,three_merged:Normal|Mild+Moderate(Mild+Moderate)|Severe,M6,M6.N[4.05]: <N> in 50 MHz sub-band from 4.05 GHz,1,none-fisher,very_noisy,none (noisy realisations of 1 sim/stage),Normal:1|Mild+Moderate:2|Severe:1,2000,,,,0.020282566505491897,0.0058448986171139704,,,weakest=Normal|Mild+Moderate; J_eff_min=0.0202; gap/port_min=3.56; gap/mesh=pending; bayes_err_max=0.458; shift_robust=no; band_gap_retention=0.96; freq_robust=no; AD-vs-AD pairs unverified against mesh noise
2026-09-27T17:49:22+00:00,7ca77f1,A,A-sphere7-ring6-hfss,hfss-v1-masked,three_merged:Normal|Mild+Moderate(Mild+Moderate)|Severe,M6,M6.A[4.10]: <A> in 50 MHz sub-band from 4.10 GHz,1,none-fisher,very_noisy,none (noisy realisations of 1 sim/stage),Normal:1|Mild+Moderate:2|Severe:1,2000,,,,0.0008914811920386909,0.000224554896192589,,,weakest=Mild+Moderate|Severe; J_eff_min=0.000889; gap/port_min=0.882; gap/mesh=pending; bayes_err_max=0.492; shift_robust=no; band_gap_retention=0.95; freq_robust=no; AD-vs-AD pairs unverified against mesh noise
2026-09-27T17:49:22+00:00,7ca77f1,A,A-sphere7-ring6-hfss,hfss-v1-masked,three_merged:Normal|Mild+Moderate(Mild+Moderate)|Severe,M6,M6.N[4.10]: <N> in 50 MHz sub-band from 4.10 GHz,1,none-fisher,very_noisy,none (noisy realisations of 1 sim/stage),Normal:1|Mild+Moderate:2|Severe:1,2000,,,,0.0008920004353101111,0.00022468240042740283,,,weakest=Mild+Moderate|Severe; J_eff_min=0.00089; gap/port_min=0.883; gap/mesh=pending; bayes_err_max=0.492; shift_robust=no; band_gap_retention=0.95; freq_robust=no; AD-vs-AD pairs unverified against mesh noise
2026-09-27T17:49:22+00:00,7ca77f1,A,A-sphere7-ring6-hfss,hfss-v1-masked,three_merged:Normal|Mild+Moderate(Mild+Moderate)|Severe,M6,M6.A[4.15]: <A> in 50 MHz sub-band from 4.15 GHz,1,none-fisher,very_noisy,none (noisy realisations of 1 sim/stage),Normal:1|Mild+Moderate:2|Severe:1,2000,,,,0.00021084638558559296,0.00019582010105471167,,,weakest=Mild+Moderate|Severe; J_eff_min=0.00021; gap/port_min=0.501; gap/mesh=pending; bayes_err_max=0.493; shift_robust=no; band_gap_retention=0.95; freq_robust=no; AD-vs-AD pairs unverified against mesh noise
2026-09-27T17:49:22+00:00,7ca77f1,A,A-sphere7-ring6-hfss,hfss-v1-masked,three_merged:Normal|Mild+Moderate(Mild+Moderate)|Severe,M6,M6.N[4.15]: <N> in 50 MHz sub-band from 4.15 GHz,1,none-fisher,very_noisy,none (noisy realisations of 1 sim/stage),Normal:1|Mild+Moderate:2|Severe:1,2000,,,,0.0002107567957509997,0.00019586599163676203,,,weakest=Mild+Moderate|Severe; J_eff_min=0.00021; gap/port_min=0.501; gap/mesh=pending; bayes_err_max=0.493; shift_robust=no; band_gap_retention=0.95; freq_robust=no; AD-vs-AD pairs unverified against mesh noise
2026-09-27T17:49:22+00:00,7ca77f1,A,A-sphere7-ring6-hfss,hfss-v1-masked,three_merged:Normal|Mild+Moderate(Mild+Moderate)|Severe,M7,"M7.D: <Σ_j|S_ji - S_ref,ji|^2>_B, ref = circulant(Normal)",1,none-fisher,very_noisy,none (noisy realisations of 1 sim/stage),Normal:1|Mild+Moderate:2|Severe:1,2000,,,,0.2278838120337055,0.057015609076261166,,,weakest=Mild+Moderate|Severe; J_eff_min=0.197; gap/port_min=1.71; gap/mesh=pending; bayes_err_max=0.368; shift_robust=no; band_gap_retention=0.92; freq_robust=no; AD-vs-AD pairs unverified against mesh noise
2026-09-27T17:49:22+00:00,7ca77f1,A,A-sphere7-ring6-hfss,hfss-v1-masked,three_merged:Normal|Mild+Moderate(Mild+Moderate)|Severe,M7,"M7.D_pow: <Σ_j(|S_ji|^2 - |S_ref,ji|^2)^2>_B (phase-free)",1,none-fisher,very_noisy,none (noisy realisations of 1 sim/stage),Normal:1|Mild+Moderate:2|Severe:1,2000,,,,0.002705048835786102,0.0009595733642699614,,,weakest=Mild+Moderate|Severe; J_eff_min=0.00269; gap/port_min=1.07; gap/mesh=pending; bayes_err_max=0.484; shift_robust=no; band_gap_retention=0.79; freq_robust=no; AD-vs-AD pairs unverified against mesh noise
2026-09-27T17:49:22+00:00,7ca77f1,A,A-sphere7-ring6-hfss,hfss-v1-masked,three_merged:Normal|Mild+Moderate(Mild+Moderate)|Severe,M7,"M7.D0: <|S_(i±0,i) - ref|^2>_B",1,none-fisher,very_noisy,none (noisy realisations of 1 sim/stage),Normal:1|Mild+Moderate:2|Severe:1,2000,,,,0.22526718406650384,0.05635920410174524,,,weakest=Mild+Moderate|Severe; J_eff_min=0.195; gap/port_min=1.71; gap/mesh=pending; bayes_err_max=0.369; shift_robust=no; band_gap_retention=0.92; freq_robust=no; AD-vs-AD pairs unverified against mesh noise
2026-09-27T17:49:23+00:00,7ca77f1,A,A-sphere7-ring6-hfss,hfss-v1-masked,three_merged:Normal|Mild+Moderate(Mild+Moderate)|Severe,M7,"M7.D1: <|S_(i±1,i) - ref|^2>_B",1,none-fisher,very_noisy,none (noisy realisations of 1 sim/stage),Normal:1|Mild+Moderate:2|Severe:1,2000,,,,1.0417231818923935,0.30841230839938394,,,weakest=Mild+Moderate|Severe; J_eff_min=0.0764; gap/port_min=0.406; gap/mesh=pending; bayes_err_max=0.221; shift_robust=no; band_gap_retention=1.06; freq_robust=no; AD-vs-AD pairs unverified against mesh noise
2026-09-27T17:49:23+00:00,7ca77f1,A,A-sphere7-ring6-hfss,hfss-v1-masked,three_merged:Normal|Mild+Moderate(Mild+Moderate)|Severe,M7,"M7.D2: <|S_(i±2,i) - ref|^2>_B",1,none-fisher,very_noisy,none (noisy realisations of 1 sim/stage),Normal:1|Mild+Moderate:2|Severe:1,2000,,,,0.3190559929491099,0.07978515055648396,,,weakest=Normal|Mild+Moderate; J_eff_min=0.293; gap/port_min=2.34; gap/mesh=pending; bayes_err_max=0.345; shift_robust=no; band_gap_retention=1.05; freq_robust=no; AD-vs-AD pairs unverified against mesh noise
2026-09-27T17:49:23+00:00,7ca77f1,A,A-sphere7-ring6-hfss,hfss-v1-masked,three_merged:Normal|Mild+Moderate(Mild+Moderate)|Severe,M7,"M7.D3: <|S_(i±3,i) - ref|^2>_B",1,none-fisher,very_noisy,none (noisy realisations of 1 sim/stage),Normal:1|Mild+Moderate:2|Severe:1,2000,,,,0.6697938928595384,0.16787933648662903,,,weakest=Normal|Mild+Moderate; J_eff_min=0.601; gap/port_min=2.43; gap/mesh=pending; bayes_err_max=0.281; shift_robust=no; band_gap_retention=1.10; freq_robust=no; AD-vs-AD pairs unverified against mesh noise
2026-09-27T17:49:23+00:00,7ca77f1,A,A-sphere7-ring6-hfss,hfss-v1-masked,three_merged:Normal|Mild+Moderate(Mild+Moderate)|Severe,M7,"M7.D3[k3]: <|S_(i+3,i) - ref|^2> over k3 window",1,none-fisher,very_noisy,none (noisy realisations of 1 sim/stage),Normal:1|Mild+Moderate:2|Severe:1,2000,,,,1.6823342267979804,0.4208790290294797,,,weakest=Mild+Moderate|Severe; J_eff_min=1.19; gap/port_min=2.87; gap/mesh=pending; bayes_err_max=0.179; shift_robust=no; band_gap_retention=0.88; freq_robust=no; AD-vs-AD pairs unverified against mesh noise
2026-09-27T17:49:23+00:00,7ca77f1,A,A-sphere7-ring6-hfss,hfss-v1-masked,three_merged:Normal|Mild+Moderate(Mild+Moderate)|Severe,M8,M8.s1^2: <s_1(S)^2>_B (singular value),1,none-fisher,very_noisy,none (noisy realisations of 1 sim/stage),Normal:1|Mild+Moderate:2|Severe:1,2000,,,,0.026171003399200414,0.006542755715127998,,,weakest=Mild+Moderate|Severe; J_eff_min=nan; gap/port_min=nan; gap/mesh=pending; bayes_err_max=0.454; shift_robust=no; band_gap_retention=-0.69; freq_robust=no; AD-vs-AD pairs unverified against mesh noise; matrix-level: no per-antenna port-noise estimate
2026-09-27T17:49:23+00:00,7ca77f1,A,A-sphere7-ring6-hfss,hfss-v1-masked,three_merged:Normal|Mild+Moderate(Mild+Moderate)|Severe,M8,M8.s2^2: <s_2(S)^2>_B (singular value),1,none-fisher,very_noisy,none (noisy realisations of 1 sim/stage),Normal:1|Mild+Moderate:2|Severe:1,2000,,,,0.05040962596281851,0.01263060280464328,,,weakest=Mild+Moderate|Severe; J_eff_min=nan; gap/port_min=nan; gap/mesh=pending; bayes_err_max=0.437; shift_robust=no; band_gap_retention=-2.37; freq_robust=no; AD-vs-AD pairs unverified against mesh noise; matrix-level: no per-antenna port-noise estimate
2026-09-27T17:49:23+00:00,7ca77f1,A,A-sphere7-ring6-hfss,hfss-v1-masked,three_merged:Normal|Mild+Moderate(Mild+Moderate)|Severe,M8,M8.s3^2: <s_3(S)^2>_B (singular value),1,none-fisher,very_noisy,none (noisy realisations of 1 sim/stage),Normal:1|Mild+Moderate:2|Severe:1,2000,,,,0.057890255407615124,0.014507169582097936,,,weakest=Mild+Moderate|Severe; J_eff_min=nan; gap/port_min=nan; gap/mesh=pending; bayes_err_max=0.432; shift_robust=no; band_gap_retention=0.35; freq_robust=no; AD-vs-AD pairs unverified against mesh noise; matrix-level: no per-antenna port-noise estimate
2026-09-27T17:49:23+00:00,7ca77f1,A,A-sphere7-ring6-hfss,hfss-v1-masked,three_merged:Normal|Mild+Moderate(Mild+Moderate)|Severe,M8,M8.s4^2: <s_4(S)^2>_B (singular value),1,none-fisher,very_noisy,none (noisy realisations of 1 sim/stage),Normal:1|Mild+Moderate:2|Severe:1,2000,,,,0.048010281205074404,0.012084778931326362,,,weakest=Mild+Moderate|Severe; J_eff_min=nan; gap/port_min=nan; gap/mesh=pending; bayes_err_max=0.438; shift_robust=no; band_gap_retention=-0.03; freq_robust=no; AD-vs-AD pairs unverified against mesh noise; matrix-level: no per-antenna port-noise estimate
2026-09-27T17:49:23+00:00,7ca77f1,A,A-sphere7-ring6-hfss,hfss-v1-masked,three_merged:Normal|Mild+Moderate(Mild+Moderate)|Severe,M8,M8.s5^2: <s_5(S)^2>_B (singular value),1,none-fisher,very_noisy,none (noisy realisations of 1 sim/stage),Normal:1|Mild+Moderate:2|Severe:1,2000,,,,0.022110677244516173,0.005709045684238717,,,weakest=Mild+Moderate|Severe; J_eff_min=nan; gap/port_min=nan; gap/mesh=pending; bayes_err_max=0.458; shift_robust=no; band_gap_retention=0.55; freq_robust=no; AD-vs-AD pairs unverified against mesh noise; matrix-level: no per-antenna port-noise estimate
2026-09-27T17:49:23+00:00,7ca77f1,A,A-sphere7-ring6-hfss,hfss-v1-masked,three_merged:Normal|Mild+Moderate(Mild+Moderate)|Severe,M8,M8.s6^2: <s_6(S)^2>_B (singular value),1,none-fisher,very_noisy,none (noisy realisations of 1 sim/stage),Normal:1|Mild+Moderate:2|Severe:1,2000,,,,0.016083366278149627,0.005048331558123114,,,weakest=Mild+Moderate|Severe; J_eff_min=nan; gap/port_min=nan; gap/mesh=pending; bayes_err_max=0.462; shift_robust=no; band_gap_retention=0.47; freq_robust=no; AD-vs-AD pairs unverified against mesh noise; matrix-level: no per-antenna port-noise estimate
2026-09-27T17:49:23+00:00,7ca77f1,A,A-sphere7-ring6-hfss,hfss-v1-masked,three_merged:Normal|Mild+Moderate(Mild+Moderate)|Severe,M8,M8.lam0^2: <|λ_0|^2> circulant mode 0 (full),1,none-fisher,very_noisy,none (noisy realisations of 1 sim/stage),Normal:1|Mild+Moderate:2|Severe:1,2000,,,,0.053518707809702755,0.013573349551235877,,,weakest=Mild+Moderate|Severe; J_eff_min=0.042; gap/port_min=0.625; gap/mesh=pending; bayes_err_max=0.435; shift_robust=no; band_gap_retention=0.44; freq_robust=no; AD-vs-AD pairs unverified against mesh noise
2026-09-27T17:49:23+00:00,7ca77f1,A,A-sphere7-ring6-hfss,hfss-v1-masked,three_merged:Normal|Mild+Moderate(Mild+Moderate)|Severe,M8,M8.lam1^2: <|λ_1|^2> circulant mode 1 (full),1,none-fisher,very_noisy,none (noisy realisations of 1 sim/stage),Normal:1|Mild+Moderate:2|Severe:1,2000,,,,0.051230403450358154,0.012954525230410277,,,weakest=Mild+Moderate|Severe; J_eff_min=0.0403; gap/port_min=0.615; gap/mesh=pending; bayes_err_max=0.436; shift_robust=no; band_gap_retention=0.37; freq_robust=no; AD-vs-AD pairs unverified against mesh noise
2026-09-27T17:49:23+00:00,7ca77f1,A,A-sphere7-ring6-hfss,hfss-v1-masked,three_merged:Normal|Mild+Moderate(Mild+Moderate)|Severe,M8,M8.lam2^2: <|λ_2|^2> circulant mode 2 (full),1,none-fisher,very_noisy,none (noisy realisations of 1 sim/stage),Normal:1|Mild+Moderate:2|Severe:1,2000,,,,0.06375356945999694,0.01609430307664679,,,weakest=Mild+Moderate|Severe; J_eff_min=0.0507; gap/port_min=0.704; gap/mesh=pending; bayes_err_max=0.429; shift_robust=no; band_gap_retention=0.33; freq_robust=no; AD-vs-AD pairs unverified against mesh noise
2026-09-27T17:49:23+00:00,7ca77f1,A,A-sphere7-ring6-hfss,hfss-v1-masked,three_merged:Normal|Mild+Moderate(Mild+Moderate)|Severe,M8,M8.lam3^2: <|λ_3|^2> circulant mode 3 (full),1,none-fisher,very_noisy,none (noisy realisations of 1 sim/stage),Normal:1|Mild+Moderate:2|Severe:1,2000,,,,0.09358351331467575,0.02347540228306359,,,weakest=Mild+Moderate|Severe; J_eff_min=0.0742; gap/port_min=0.846; gap/mesh=pending; bayes_err_max=0.414; shift_robust=no; band_gap_retention=0.28; freq_robust=no; AD-vs-AD pairs unverified against mesh noise
2026-09-27T17:49:23+00:00,7ca77f1,A,A-sphere7-ring6-hfss,hfss-v1-masked,three_merged:Normal|Mild+Moderate(Mild+Moderate)|Severe,M8,M8.lam0^2[k3]: <|λ_0|^2> circulant mode 0 (k3),1,none-fisher,very_noisy,none (noisy realisations of 1 sim/stage),Normal:1|Mild+Moderate:2|Severe:1,2000,,,,12.945072633962441,3.2366263890426175,,,weakest=Mild+Moderate|Severe; J_eff_min=2.07; gap/port_min=2.22; gap/mesh=pending; bayes_err_max=0.00547; shift_robust=no; band_gap_retention=0.85; freq_robust=no; AD-vs-AD pairs unverified against mesh noise
2026-09-27T17:49:23+00:00,7ca77f1,A,A-sphere7-ring6-hfss,hfss-v1-masked,three_merged:Normal|Mild+Moderate(Mild+Moderate)|Severe,M8,M8.lam1^2[k3]: <|λ_1|^2> circulant mode 1 (k3),1,none-fisher,very_noisy,none (noisy realisations of 1 sim/stage),Normal:1|Mild+Moderate:2|Severe:1,2000,,,,13.0072794125882,3.25200034931762,,,weakest=Mild+Moderate|Severe; J_eff_min=2.02; gap/port_min=2.18; gap/mesh=pending; bayes_err_max=0.00538; shift_robust=no; band_gap_retention=0.86; freq_robust=no; AD-vs-AD pairs unverified against mesh noise
2026-09-27T17:49:23+00:00,7ca77f1,A,A-sphere7-ring6-hfss,hfss-v1-masked,three_merged:Normal|Mild+Moderate(Mild+Moderate)|Severe,M8,M8.lam2^2[k3]: <|λ_2|^2> circulant mode 2 (k3),1,none-fisher,very_noisy,none (noisy realisations of 1 sim/stage),Normal:1|Mild+Moderate:2|Severe:1,2000,,,,11.742832978045852,2.9357095233361035,,,weakest=Mild+Moderate|Severe; J_eff_min=1.72; gap/port_min=2.01; gap/mesh=pending; bayes_err_max=0.00769; shift_robust=no; band_gap_retention=0.85; freq_robust=no; AD-vs-AD pairs unverified against mesh noise
2026-09-27T17:49:23+00:00,7ca77f1,A,A-sphere7-ring6-hfss,hfss-v1-masked,three_merged:Normal|Mild+Moderate(Mild+Moderate)|Severe,M8,M8.lam3^2[k3]: <|λ_3|^2> circulant mode 3 (k3),1,none-fisher,very_noisy,none (noisy realisations of 1 sim/stage),Normal:1|Mild+Moderate:2|Severe:1,2000,,,,12.02346898355861,3.0058968347586847,,,weakest=Mild+Moderate|Severe; J_eff_min=1.73; gap/port_min=2.01; gap/mesh=pending; bayes_err_max=0.0071; shift_robust=no; band_gap_retention=0.85; freq_robust=no; AD-vs-AD pairs unverified against mesh noise
2026-09-27T17:49:23+00:00,7ca77f1,A,A-sphere7-ring6-hfss,hfss-v1-masked,three_merged:Normal|Mild+Moderate(Mild+Moderate)|Severe,M0,M0.old_score: mean_B Σ_{j≠i}|S_ii+S_ij|/VSWR_i,1,none-fisher,typical_jitter,none (noisy realisations of 1 sim/stage),Normal:1|Mild+Moderate:2|Severe:1,2000,,,,0.8809990570791796,0.22102062497883437,,,weakest=Mild+Moderate|Severe; J_eff_min=0.396; gap/port_min=1.2; gap/mesh=pending; bayes_err_max=0.253; shift_robust=no; band_gap_retention=0.65; freq_robust=no; AD-vs-AD pairs unverified against mesh noise; baseline only; not a physical quantity
2026-09-27T17:49:23+00:00,7ca77f1,A,A-sphere7-ring6-hfss,hfss-v1-masked,three_merged:Normal|Mild+Moderate(Mild+Moderate)|Severe,M1,M1.Sii_dBavg: mean_B 20log10|S_ii|,1,none-fisher,typical_jitter,none (noisy realisations of 1 sim/stage),Normal:1|Mild+Moderate:2|Severe:1,2000,,,,0.00930719997781905,0.009022750608417262,,,weakest=Normal|Severe; J_eff_min=0.000332; gap/port_min=0.0262; gap/mesh=pending; bayes_err_max=0.452; shift_robust=no; band_gap_retention=0.14; freq_robust=no; AD-vs-AD pairs unverified against mesh noise; dB averaging; shown for fragility
2026-09-27T17:49:23+00:00,7ca77f1,A,A-sphere7-ring6-hfss,hfss-v1-masked,three_merged:Normal|Mild+Moderate(Mild+Moderate)|Severe,M2,M2.R: <|S_ii|^2>_B,1,none-fisher,typical_jitter,none (noisy realisations of 1 sim/stage),Normal:1|Mild+Moderate:2|Severe:1,2000,,,,0.3462309062415464,0.08672180199765575,,,weakest=Mild+Moderate|Severe; J_eff_min=0.0871; gap/port_min=0.482; gap/mesh=pending; bayes_err_max=0.339; shift_robust=no; band_gap_retention=0.34; freq_robust=no; AD-vs-AD pairs unverified against mesh noise
2026-09-27T17:49:23+00:00,7ca77f1,A,A-sphere7-ring6-hfss,hfss-v1-masked,three_merged:Normal|Mild+Moderate(Mild+Moderate)|Severe,M2,M2.R[k3]: <|S_ii|^2> over k3 window,1,none-fisher,typical_jitter,none (noisy realisations of 1 sim/stage),Normal:1|Mild+Moderate:2|Severe:1,2000,,,,7.055121503311534,1.765775734002518,,,weakest=Mild+Moderate|Severe; J_eff_min=1.64; gap/port_min=2.06; gap/mesh=pending; bayes_err_max=0.03; shift_robust=no; band_gap_retention=0.85; freq_robust=no; AD-vs-AD pairs unverified against mesh noise
2026-09-27T17:49:23+00:00,7ca77f1,A,A-sphere7-ring6-hfss,hfss-v1-masked,three_merged:Normal|Mild+Moderate(Mild+Moderate)|Severe,M3,M3.A: <1-|S_ii|^2>_B,1,none-fisher,typical_jitter,none (noisy realisations of 1 sim/stage),Normal:1|Mild+Moderate:2|Severe:1,2000,,,,0.34623090624158753,0.08672180199766603,,,weakest=Mild+Moderate|Severe; J_eff_min=0.0871; gap/port_min=0.482; gap/mesh=pending; bayes_err_max=0.339; shift_robust=no; band_gap_retention=0.34; freq_robust=no; AD-vs-AD pairs unverified against mesh noise; affine copy of M2.R (identical separability)
2026-09-27T17:49:23+00:00,7ca77f1,A,A-sphere7-ring6-hfss,hfss-v1-masked,three_merged:Normal|Mild+Moderate(Mild+Moderate)|Severe,M3,M3.ML_of_powavg: -10log10<A>_B (dB),1,none-fisher,typical_jitter,none (noisy realisations of 1 sim/stage),Normal:1|Mild+Moderate:2|Severe:1,2000,,,,0.34308749525706544,0.08596073537933854,,,weakest=Mild+Moderate|Severe; J_eff_min=0.0867; gap/port_min=0.482; gap/mesh=pending; bayes_err_max=0.339; shift_robust=no; band_gap_retention=0.33; freq_robust=no; AD-vs-AD pairs unverified against mesh noise
2026-09-27T17:49:23+00:00,7ca77f1,A,A-sphere7-ring6-hfss,hfss-v1-masked,three_merged:Normal|Mild+Moderate(Mild+Moderate)|Severe,M3,M3.ML_dBavg: <-10log10 A>_B (dB-averaged ML),1,none-fisher,typical_jitter,none (noisy realisations of 1 sim/stage),Normal:1|Mild+Moderate:2|Severe:1,2000,,,,0.05623143760771709,0.014178894571348855,,,weakest=Mild+Moderate|Severe; J_eff_min=0.0549; gap/port_min=2.19; gap/mesh=pending; bayes_err_max=0.433; shift_robust=no; band_gap_retention=0.76; freq_robust=no; AD-vs-AD pairs unverified against mesh noise; dB averaging; comparison only
2026-09-27T17:49:23+00:00,7ca77f1,A,A-sphere7-ring6-hfss,hfss-v1-masked,three_merged:Normal|Mild+Moderate(Mild+Moderate)|Severe,M4,M4.N: <1-Σ_j|S_ji|^2>_B (absorbed+radiated+loss),1,none-fisher,typical_jitter,none (noisy realisations of 1 sim/stage),Normal:1|Mild+Moderate:2|Severe:1,2000,,,,0.3684709118328318,0.09225698407654301,,,weakest=Mild+Moderate|Severe; J_eff_min=0.0926; gap/port_min=0.497; gap/mesh=pending; bayes_err_max=0.334; shift_robust=no; band_gap_retention=0.36; freq_robust=no; AD-vs-AD pairs unverified against mesh noise
2026-09-27T17:49:23+00:00,7ca77f1,A,A-sphere7-ring6-hfss,hfss-v1-masked,three_merged:Normal|Mild+Moderate(Mild+Moderate)|Severe,M4,M4.N[k3]: <N> over k3 window,1,none-fisher,typical_jitter,none (noisy realisations of 1 sim/stage),Normal:1|Mild+Moderate:2|Severe:1,2000,,,,7.04333581432061,1.7628641818079396,,,weakest=Mild+Moderate|Severe; J_eff_min=1.63; gap/port_min=2.06; gap/mesh=pending; bayes_err_max=0.0301; shift_robust=no; band_gap_retention=0.85; freq_robust=no; AD-vs-AD pairs unverified against mesh noise
2026-09-27T17:49:23+00:00,7ca77f1,A,A-sphere7-ring6-hfss,hfss-v1-masked,three_merged:Normal|Mild+Moderate(Mild+Moderate)|Severe,M5,M5.C: <Σ_(j≠i)|S_ji|^2> (full),1,none-fisher,typical_jitter,none (noisy realisations of 1 sim/stage),Normal:1|Mild+Moderate:2|Severe:1,2000,,,,4.17476364657998,1.7818966363518602,,,weakest=Normal|Mild+Moderate; J_eff_min=0.748; gap/port_min=1.35; gap/mesh=pending; bayes_err_max=0.0185; shift_robust=yes; band_gap_retention=1.11; freq_robust=no; AD-vs-AD pairs unverified against mesh noise
2026-09-27T17:49:23+00:00,7ca77f1,A,A-sphere7-ring6-hfss,hfss-v1-masked,three_merged:Normal|Mild+Moderate(Mild+Moderate)|Severe,M5,"M5.C1: <|S_(i±1,i)|^2> (full)",1,none-fisher,typical_jitter,none (noisy realisations of 1 sim/stage),Normal:1|Mild+Moderate:2|Severe:1,2000,,,,2.9521780512225275,1.4921204288991028,,,weakest=Normal|Mild+Moderate; J_eff_min=0.548; gap/port_min=1.16; gap/mesh=pending; bayes_err_max=0.0309; shift_robust=yes; band_gap_retention=1.11; freq_robust=no; AD-vs-AD pairs unverified against mesh noise
2026-09-27T17:49:23+00:00,7ca77f1,A,A-sphere7-ring6-hfss,hfss-v1-masked,three_merged:Normal|Mild+Moderate(Mild+Moderate)|Severe,M5,"M5.C2: <|S_(i±2,i)|^2> (full)",1,none-fisher,typical_jitter,none (noisy realisations of 1 sim/stage),Normal:1|Mild+Moderate:2|Severe:1,2000,,,,16.152626671081645,4.60477472061982,,,weakest=Normal|Mild+Moderate; J_eff_min=1.59; gap/port_min=1.88; gap/mesh=pending; bayes_err_max=0.000176; shift_robust=yes; band_gap_retention=0.99; freq_robust=no; AD-vs-AD pairs unverified against mesh noise
2026-09-27T17:49:23+00:00,7ca77f1,A,A-sphere7-ring6-hfss,hfss-v1-masked,three_merged:Normal|Mild+Moderate(Mild+Moderate)|Severe,M5,"M5.C3: <|S_(i±3,i)|^2> (full)",1,none-fisher,typical_jitter,none (noisy realisations of 1 sim/stage),Normal:1|Mild+Moderate:2|Severe:1,2000,,,,3.0239704044695936,0.9784688885416908,,,weakest=Mild+Moderate|Severe; J_eff_min=0.0421; gap/port_min=0.292; gap/mesh=pending; bayes_err_max=0.0753; shift_robust=yes; band_gap_retention=0.73; freq_robust=no; AD-vs-AD pairs unverified against mesh noise
2026-09-27T17:49:23+00:00,7ca77f1,A,A-sphere7-ring6-hfss,hfss-v1-masked,three_merged:Normal|Mild+Moderate(Mild+Moderate)|Severe,M5,M5.C[k3]: <Σ_(j≠i)|S_ji|^2> (k3),1,none-fisher,typical_jitter,none (noisy realisations of 1 sim/stage),Normal:1|Mild+Moderate:2|Severe:1,2000,,,,1.827860483931224,0.458112527284285,,,weakest=Normal|Mild+Moderate; J_eff_min=0.286; gap/port_min=0.823; gap/mesh=pending; bayes_err_max=0.169; shift_robust=no; band_gap_retention=0.66; freq_robust=no; AD-vs-AD pairs unverified against mesh noise
2026-09-27T17:49:23+00:00,7ca77f1,A,A-sphere7-ring6-hfss,hfss-v1-masked,three_merged:Normal|Mild+Moderate(Mild+Moderate)|Severe,M5,"M5.C1[k3]: <|S_(i±1,i)|^2> (k3)",1,none-fisher,typical_jitter,none (noisy realisations of 1 sim/stage),Normal:1|Mild+Moderate:2|Severe:1,2000,,,,1.0647803534337974,0.2670174943401878,,,weakest=Normal|Mild+Moderate; J_eff_min=0.17; gap/port_min=0.636; gap/mesh=pending; bayes_err_max=0.233; shift_robust=no; band_gap_retention=0.55; freq_robust=no; AD-vs-AD pairs unverified against mesh noise
2026-09-27T17:49:23+00:00,7ca77f1,A,A-sphere7-ring6-hfss,hfss-v1-masked,three_merged:Normal|Mild+Moderate(Mild+Moderate)|Severe,M5,"M5.C2[k3]: <|S_(i±2,i)|^2> (k3)",1,none-fisher,typical_jitter,none (noisy realisations of 1 sim/stage),Normal:1|Mild+Moderate:2|Severe:1,2000,,,,8.35508651861384,2.5033152803432346,,,weakest=Normal|Mild+Moderate; J_eff_min=1.01; gap/port_min=1.51; gap/mesh=pending; bayes_err_max=0.00628; shift_robust=yes; band_gap_retention=0.61; freq_robust=no; AD-vs-AD pairs unverified against mesh noise
2026-09-27T17:49:23+00:00,7ca77f1,A,A-sphere7-ring6-hfss,hfss-v1-masked,three_merged:Normal|Mild+Moderate(Mild+Moderate)|Severe,M5,"M5.C3[k3]: <|S_(i±3,i)|^2> (k3)",1,none-fisher,typical_jitter,none (noisy realisations of 1 sim/stage),Normal:1|Mild+Moderate:2|Severe:1,2000,,,,0.9165902220910268,0.3807164218392462,,,weakest=Mild+Moderate|Severe; J_eff_min=0.0182; gap/port_min=0.193; gap/mesh=pending; bayes_err_max=0.202; shift_robust=no; band_gap_retention=0.43; freq_robust=no; AD-vs-AD pairs unverified against mesh noise
2026-09-27T17:49:23+00:00,7ca77f1,A,A-sphere7-ring6-hfss,hfss-v1-masked,three_merged:Normal|Mild+Moderate(Mild+Moderate)|Severe,M5,"M5.C3_dBavg[k3]: mean over k3 window of 10log10|S_(i+3,i)|^2",1,none-fisher,typical_jitter,none (noisy realisations of 1 sim/stage),Normal:1|Mild+Moderate:2|Severe:1,2000,,,,0.07453697030684961,0.19275341365110438,,,weakest=Mild+Moderate|Severe; J_eff_min=0.00144; gap/port_min=0.0542; gap/mesh=pending; bayes_err_max=0.289; shift_robust=no; band_gap_retention=-1.70; freq_robust=no; AD-vs-AD pairs unverified against mesh noise; dB averaging; comparison only
2026-09-27T17:49:23+00:00,7ca77f1,A,A-sphere7-ring6-hfss,hfss-v1-masked,three_merged:Normal|Mild+Moderate(Mild+Moderate)|Severe,M6,M6.fc_A: power-weighted centroid of A(f) [GHz],1,none-fisher,typical_jitter,none (noisy realisations of 1 sim/stage),Normal:1|Mild+Moderate:2|Severe:1,2000,,,,0.29750041977767744,0.07503780035663953,,,weakest=Normal|Mild+Moderate; J_eff_min=0.193; gap/port_min=1.05; gap/mesh=pending; bayes_err_max=0.35; shift_robust=no; band_gap_retention=0.79; freq_robust=no; AD-vs-AD pairs unverified against mesh noise
2026-09-27T17:49:23+00:00,7ca77f1,A,A-sphere7-ring6-hfss,hfss-v1-masked,three_merged:Normal|Mild+Moderate(Mild+Moderate)|Severe,M6,M6.spread_A: spectral spread of A(f) [MHz],1,none-fisher,typical_jitter,none (noisy realisations of 1 sim/stage),Normal:1|Mild+Moderate:2|Severe:1,2000,,,,0.749026779085356,0.18767302111898307,,,weakest=Mild+Moderate|Severe; J_eff_min=0.614; gap/port_min=2.61; gap/mesh=pending; bayes_err_max=0.27; shift_robust=no; band_gap_retention=0.27; freq_robust=no; AD-vs-AD pairs unverified against mesh noise
2026-09-27T17:49:23+00:00,7ca77f1,A,A-sphere7-ring6-hfss,hfss-v1-masked,three_merged:Normal|Mild+Moderate(Mild+Moderate)|Severe,M6,M6.fc_N: power-weighted centroid of N(f) [GHz],1,none-fisher,typical_jitter,none (noisy realisations of 1 sim/stage),Normal:1|Mild+Moderate:2|Severe:1,2000,,,,0.29869732651311415,0.07533697697831673,,,weakest=Normal|Mild+Moderate; J_eff_min=0.194; gap/port_min=1.05; gap/mesh=pending; bayes_err_max=0.349; shift_robust=no; band_gap_retention=0.79; freq_robust=no; AD-vs-AD pairs unverified against mesh noise
2026-09-27T17:49:23+00:00,7ca77f1,A,A-sphere7-ring6-hfss,hfss-v1-masked,three_merged:Normal|Mild+Moderate(Mild+Moderate)|Severe,M6,M6.spread_N: spectral spread of N(f) [MHz],1,none-fisher,typical_jitter,none (noisy realisations of 1 sim/stage),Normal:1|Mild+Moderate:2|Severe:1,2000,,,,0.7402795769882206,0.18548737721188846,,,weakest=Mild+Moderate|Severe; J_eff_min=0.607; gap/port_min=2.59; gap/mesh=pending; bayes_err_max=0.271; shift_robust=no; band_gap_retention=0.27; freq_robust=no; AD-vs-AD pairs unverified against mesh noise
2026-09-27T17:49:23+00:00,7ca77f1,A,A-sphere7-ring6-hfss,hfss-v1-masked,three_merged:Normal|Mild+Moderate(Mild+Moderate)|Severe,M6,M6.A[3.20]: <A> in 50 MHz sub-band from 3.20 GHz,1,none-fisher,typical_jitter,none (noisy realisations of 1 sim/stage),Normal:1|Mild+Moderate:2|Severe:1,2000,,,,0.6342272554575661,0.15897863064965373,,,weakest=Mild+Moderate|Severe; J_eff_min=0.529; gap/port_min=2.53; gap/mesh=pending; bayes_err_max=0.287; shift_robust=no; band_gap_retention=0.96; freq_robust=no; AD-vs-AD pairs unverified against mesh noise
2026-09-27T17:49:23+00:00,7ca77f1,A,A-sphere7-ring6-hfss,hfss-v1-masked,three_merged:Normal|Mild+Moderate(Mild+Moderate)|Severe,M6,M6.N[3.20]: <N> in 50 MHz sub-band from 3.20 GHz,1,none-fisher,typical_jitter,none (noisy realisations of 1 sim/stage),Normal:1|Mild+Moderate:2|Severe:1,2000,,,,0.6342426476762942,0.15898246096352234,,,weakest=Mild+Moderate|Severe; J_eff_min=0.529; gap/port_min=2.53; gap/mesh=pending; bayes_err_max=0.287; shift_robust=no; band_gap_retention=0.96; freq_robust=no; AD-vs-AD pairs unverified against mesh noise
2026-09-27T17:49:23+00:00,7ca77f1,A,A-sphere7-ring6-hfss,hfss-v1-masked,three_merged:Normal|Mild+Moderate(Mild+Moderate)|Severe,M6,M6.A[3.25]: <A> in 50 MHz sub-band from 3.25 GHz,1,none-fisher,typical_jitter,none (noisy realisations of 1 sim/stage),Normal:1|Mild+Moderate:2|Severe:1,2000,,,,0.046116640490527744,0.011544567332258952,,,weakest=Mild+Moderate|Severe; J_eff_min=0.0364; gap/port_min=0.587; gap/mesh=pending; bayes_err_max=0.44; shift_robust=no; band_gap_retention=0.71; freq_robust=no; AD-vs-AD pairs unverified against mesh noise
2026-09-27T17:49:23+00:00,7ca77f1,A,A-sphere7-ring6-hfss,hfss-v1-masked,three_merged:Normal|Mild+Moderate(Mild+Moderate)|Severe,M6,M6.N[3.25]: <N> in 50 MHz sub-band from 3.25 GHz,1,none-fisher,typical_jitter,none (noisy realisations of 1 sim/stage),Normal:1|Mild+Moderate:2|Severe:1,2000,,,,0.04616891048923594,0.011557660526911397,,,weakest=Mild+Moderate|Severe; J_eff_min=0.0364; gap/port_min=0.587; gap/mesh=pending; bayes_err_max=0.44; shift_robust=no; band_gap_retention=0.71; freq_robust=no; AD-vs-AD pairs unverified against mesh noise
2026-09-27T17:49:23+00:00,7ca77f1,A,A-sphere7-ring6-hfss,hfss-v1-masked,three_merged:Normal|Mild+Moderate(Mild+Moderate)|Severe,M6,M6.A[3.30]: <A> in 50 MHz sub-band from 3.30 GHz,1,none-fisher,typical_jitter,none (noisy realisations of 1 sim/stage),Normal:1|Mild+Moderate:2|Severe:1,2000,,,,0.33193800508415167,0.08800413103744195,,,weakest=Normal|Severe; J_eff_min=0.262; gap/port_min=1.44; gap/mesh=pending; bayes_err_max=0.339; shift_robust=no; band_gap_retention=0.62; freq_robust=no; AD-vs-AD pairs unverified against mesh noise
2026-09-27T17:49:23+00:00,7ca77f1,A,A-sphere7-ring6-hfss,hfss-v1-masked,three_merged:Normal|Mild+Moderate(Mild+Moderate)|Severe,M6,M6.N[3.30]: <N> in 50 MHz sub-band from 3.30 GHz,1,none-fisher,typical_jitter,none (noisy realisations of 1 sim/stage),Normal:1|Mild+Moderate:2|Severe:1,2000,,,,0.3318970337330699,0.08792131723738872,,,weakest=Normal|Severe; J_eff_min=0.262; gap/port_min=1.44; gap/mesh=pending; bayes_err_max=0.339; shift_robust=no; band_gap_retention=0.62; freq_robust=no; AD-vs-AD pairs unverified against mesh noise
2026-09-27T17:49:23+00:00,7ca77f1,A,A-sphere7-ring6-hfss,hfss-v1-masked,three_merged:Normal|Mild+Moderate(Mild+Moderate)|Severe,M6,M6.A[3.35]: <A> in 50 MHz sub-band from 3.35 GHz,1,none-fisher,typical_jitter,none (noisy realisations of 1 sim/stage),Normal:1|Mild+Moderate:2|Severe:1,2000,,,,0.8005326769347236,0.21439272397385095,,,weakest=Normal|Mild+Moderate; J_eff_min=0.505; gap/port_min=1.65; gap/mesh=pending; bayes_err_max=0.258; shift_robust=no; band_gap_retention=0.70; freq_robust=no; AD-vs-AD pairs unverified against mesh noise
2026-09-27T17:49:23+00:00,7ca77f1,A,A-sphere7-ring6-hfss,hfss-v1-masked,three_merged:Normal|Mild+Moderate(Mild+Moderate)|Severe,M6,M6.N[3.35]: <N> in 50 MHz sub-band from 3.35 GHz,1,none-fisher,typical_jitter,none (noisy realisations of 1 sim/stage),Normal:1|Mild+Moderate:2|Severe:1,2000,,,,0.8024209983178219,0.214880537867233,,,weakest=Normal|Mild+Moderate; J_eff_min=0.505; gap/port_min=1.65; gap/mesh=pending; bayes_err_max=0.258; shift_robust=no; band_gap_retention=0.70; freq_robust=no; AD-vs-AD pairs unverified against mesh noise
2026-09-27T17:49:23+00:00,7ca77f1,A,A-sphere7-ring6-hfss,hfss-v1-masked,three_merged:Normal|Mild+Moderate(Mild+Moderate)|Severe,M6,M6.A[3.40]: <A> in 50 MHz sub-band from 3.40 GHz,1,none-fisher,typical_jitter,none (noisy realisations of 1 sim/stage),Normal:1|Mild+Moderate:2|Severe:1,2000,,,,57.16901112069219,14.29225292022595,,,weakest=Mild+Moderate|Severe; J_eff_min=3.97; gap/port_min=2.92; gap/mesh=pending; bayes_err_max=4.48e-08; shift_robust=no; band_gap_retention=0.96; freq_robust=no; AD-vs-AD pairs unverified against mesh noise
2026-09-27T17:49:23+00:00,7ca77f1,A,A-sphere7-ring6-hfss,hfss-v1-masked,three_merged:Normal|Mild+Moderate(Mild+Moderate)|Severe,M6,M6.N[3.40]: <N> in 50 MHz sub-band from 3.40 GHz,1,none-fisher,typical_jitter,none (noisy realisations of 1 sim/stage),Normal:1|Mild+Moderate:2|Severe:1,2000,,,,57.30280470346053,14.325701879115647,,,weakest=Mild+Moderate|Severe; J_eff_min=3.95; gap/port_min=2.91; gap/mesh=pending; bayes_err_max=4.33e-08; shift_robust=no; band_gap_retention=0.96; freq_robust=no; AD-vs-AD pairs unverified against mesh noise
2026-09-27T17:49:23+00:00,7ca77f1,A,A-sphere7-ring6-hfss,hfss-v1-masked,three_merged:Normal|Mild+Moderate(Mild+Moderate)|Severe,M6,M6.A[3.45]: <A> in 50 MHz sub-band from 3.45 GHz,1,none-fisher,typical_jitter,none (noisy realisations of 1 sim/stage),Normal:1|Mild+Moderate:2|Severe:1,2000,,,,10.450985184318931,2.6321749731894917,,,weakest=Mild+Moderate|Severe; J_eff_min=0.734; gap/port_min=1.26; gap/mesh=pending; bayes_err_max=0.0104; shift_robust=no; band_gap_retention=0.91; freq_robust=no; AD-vs-AD pairs unverified against mesh noise
2026-09-27T17:49:23+00:00,7ca77f1,A,A-sphere7-ring6-hfss,hfss-v1-masked,three_merged:Normal|Mild+Moderate(Mild+Moderate)|Severe,M6,M6.N[3.45]: <N> in 50 MHz sub-band from 3.45 GHz,1,none-fisher,typical_jitter,none (noisy realisations of 1 sim/stage),Normal:1|Mild+Moderate:2|Severe:1,2000,,,,10.283809926473632,2.5901394038181893,,,weakest=Mild+Moderate|Severe; J_eff_min=0.724; gap/port_min=1.25; gap/mesh=pending; bayes_err_max=0.0109; shift_robust=no; band_gap_retention=0.91; freq_robust=no; AD-vs-AD pairs unverified against mesh noise
2026-09-27T17:49:23+00:00,7ca77f1,A,A-sphere7-ring6-hfss,hfss-v1-masked,three_merged:Normal|Mild+Moderate(Mild+Moderate)|Severe,M6,M6.A[3.50]: <A> in 50 MHz sub-band from 3.50 GHz,1,none-fisher,typical_jitter,none (noisy realisations of 1 sim/stage),Normal:1|Mild+Moderate:2|Severe:1,2000,,,,2.3407329449479892,0.5866684464452535,,,weakest=Mild+Moderate|Severe; J_eff_min=0.164; gap/port_min=0.593; gap/mesh=pending; bayes_err_max=0.139; shift_robust=no; band_gap_retention=0.94; freq_robust=no; AD-vs-AD pairs unverified against mesh noise
2026-09-27T17:49:23+00:00,7ca77f1,A,A-sphere7-ring6-hfss,hfss-v1-masked,three_merged:Normal|Mild+Moderate(Mild+Moderate)|Severe,M6,M6.N[3.50]: <N> in 50 MHz sub-band from 3.50 GHz,1,none-fisher,typical_jitter,none (noisy realisations of 1 sim/stage),Normal:1|Mild+Moderate:2|Severe:1,2000,,,,2.2857898486992347,0.5729332428915597,,,weakest=Mild+Moderate|Severe; J_eff_min=0.159; gap/port_min=0.584; gap/mesh=pending; bayes_err_max=0.142; shift_robust=no; band_gap_retention=0.94; freq_robust=no; AD-vs-AD pairs unverified against mesh noise
2026-09-27T17:49:23+00:00,7ca77f1,A,A-sphere7-ring6-hfss,hfss-v1-masked,three_merged:Normal|Mild+Moderate(Mild+Moderate)|Severe,M6,M6.A[3.55]: <A> in 50 MHz sub-band from 3.55 GHz,1,none-fisher,typical_jitter,none (noisy realisations of 1 sim/stage),Normal:1|Mild+Moderate:2|Severe:1,2000,,,,0.11800866425023573,0.03031654853939052,,,weakest=Mild+Moderate|Severe; J_eff_min=0.0314; gap/port_min=0.293; gap/mesh=pending; bayes_err_max=0.403; shift_robust=no; band_gap_retention=0.96; freq_robust=no; AD-vs-AD pairs unverified against mesh noise
2026-09-27T17:49:23+00:00,7ca77f1,A,A-sphere7-ring6-hfss,hfss-v1-masked,three_merged:Normal|Mild+Moderate(Mild+Moderate)|Severe,M6,M6.N[3.55]: <N> in 50 MHz sub-band from 3.55 GHz,1,none-fisher,typical_jitter,none (noisy realisations of 1 sim/stage),Normal:1|Mild+Moderate:2|Severe:1,2000,,,,0.11043877016200251,0.028432143211566674,,,weakest=Mild+Moderate|Severe; J_eff_min=0.0294; gap/port_min=0.283; gap/mesh=pending; bayes_err_max=0.406; shift_robust=no; band_gap_retention=0.96; freq_robust=no; AD-vs-AD pairs unverified against mesh noise
2026-09-27T17:49:23+00:00,7ca77f1,A,A-sphere7-ring6-hfss,hfss-v1-masked,three_merged:Normal|Mild+Moderate(Mild+Moderate)|Severe,M6,M6.A[3.60]: <A> in 50 MHz sub-band from 3.60 GHz,1,none-fisher,typical_jitter,none (noisy realisations of 1 sim/stage),Normal:1|Mild+Moderate:2|Severe:1,2000,,,,0.00045985139997403707,0.007286200879910118,,,weakest=Normal|Mild+Moderate; J_eff_min=0.000239; gap/port_min=0.0316; gap/mesh=pending; bayes_err_max=0.459; shift_robust=no; band_gap_retention=-35.20; freq_robust=no; AD-vs-AD pairs unverified against mesh noise
2026-09-27T17:49:23+00:00,7ca77f1,A,A-sphere7-ring6-hfss,hfss-v1-masked,three_merged:Normal|Mild+Moderate(Mild+Moderate)|Severe,M6,M6.N[3.60]: <N> in 50 MHz sub-band from 3.60 GHz,1,none-fisher,typical_jitter,none (noisy realisations of 1 sim/stage),Normal:1|Mild+Moderate:2|Severe:1,2000,,,,0.003808042558950962,0.011848262226345028,,,weakest=Normal|Mild+Moderate; J_eff_min=0.00193; gap/port_min=0.0886; gap/mesh=pending; bayes_err_max=0.447; shift_robust=no; band_gap_retention=-336.68; freq_robust=no; AD-vs-AD pairs unverified against mesh noise
2026-09-27T17:49:23+00:00,7ca77f1,A,A-sphere7-ring6-hfss,hfss-v1-masked,three_merged:Normal|Mild+Moderate(Mild+Moderate)|Severe,M6,M6.A[3.65]: <A> in 50 MHz sub-band from 3.65 GHz,1,none-fisher,typical_jitter,none (noisy realisations of 1 sim/stage),Normal:1|Mild+Moderate:2|Severe:1,2000,,,,0.5525447578839854,0.13816039477644573,,,weakest=Normal|Mild+Moderate; J_eff_min=0.204; gap/port_min=0.805; gap/mesh=pending; bayes_err_max=0.3; shift_robust=no; band_gap_retention=0.91; freq_robust=no; AD-vs-AD pairs unverified against mesh noise
2026-09-27T17:49:23+00:00,7ca77f1,A,A-sphere7-ring6-hfss,hfss-v1-masked,three_merged:Normal|Mild+Moderate(Mild+Moderate)|Severe,M6,M6.N[3.65]: <N> in 50 MHz sub-band from 3.65 GHz,1,none-fisher,typical_jitter,none (noisy realisations of 1 sim/stage),Normal:1|Mild+Moderate:2|Severe:1,2000,,,,0.5600142646577899,0.14002969582270006,,,weakest=Normal|Mild+Moderate; J_eff_min=0.206; gap/port_min=0.808; gap/mesh=pending; bayes_err_max=0.298; shift_robust=no; band_gap_retention=0.91; freq_robust=no; AD-vs-AD pairs unverified against mesh noise
2026-09-27T17:49:23+00:00,7ca77f1,A,A-sphere7-ring6-hfss,hfss-v1-masked,three_merged:Normal|Mild+Moderate(Mild+Moderate)|Severe,M6,M6.A[3.70]: <A> in 50 MHz sub-band from 3.70 GHz,1,none-fisher,typical_jitter,none (noisy realisations of 1 sim/stage),Normal:1|Mild+Moderate:2|Severe:1,2000,,,,0.2579862266667311,0.11040887646339562,,,weakest=Normal|Mild+Moderate; J_eff_min=0.0237; gap/port_min=0.228; gap/mesh=pending; bayes_err_max=0.334; shift_robust=no; band_gap_retention=0.57; freq_robust=no; AD-vs-AD pairs unverified against mesh noise
2026-09-27T17:49:23+00:00,7ca77f1,A,A-sphere7-ring6-hfss,hfss-v1-masked,three_merged:Normal|Mild+Moderate(Mild+Moderate)|Severe,M6,M6.N[3.70]: <N> in 50 MHz sub-band from 3.70 GHz,1,none-fisher,typical_jitter,none (noisy realisations of 1 sim/stage),Normal:1|Mild+Moderate:2|Severe:1,2000,,,,0.2522518300149013,0.10875091401885102,,,weakest=Normal|Mild+Moderate; J_eff_min=0.0233; gap/port_min=0.227; gap/mesh=pending; bayes_err_max=0.335; shift_robust=no; band_gap_retention=0.57; freq_robust=no; AD-vs-AD pairs unverified against mesh noise
2026-09-27T17:49:23+00:00,7ca77f1,A,A-sphere7-ring6-hfss,hfss-v1-masked,three_merged:Normal|Mild+Moderate(Mild+Moderate)|Severe,M6,M6.A[3.75]: <A> in 50 MHz sub-band from 3.75 GHz,1,none-fisher,typical_jitter,none (noisy realisations of 1 sim/stage),Normal:1|Mild+Moderate:2|Severe:1,2000,,,,0.10906438797575285,0.05585436314115441,,,weakest=Normal|Mild+Moderate; J_eff_min=0.0219; gap/port_min=0.234; gap/mesh=pending; bayes_err_max=0.383; shift_robust=no; band_gap_retention=-0.41; freq_robust=no; AD-vs-AD pairs unverified against mesh noise
2026-09-27T17:49:23+00:00,7ca77f1,A,A-sphere7-ring6-hfss,hfss-v1-masked,three_merged:Normal|Mild+Moderate(Mild+Moderate)|Severe,M6,M6.N[3.75]: <N> in 50 MHz sub-band from 3.75 GHz,1,none-fisher,typical_jitter,none (noisy realisations of 1 sim/stage),Normal:1|Mild+Moderate:2|Severe:1,2000,,,,0.11397173863400901,0.057155095089726035,,,weakest=Normal|Mild+Moderate; J_eff_min=0.0227; gap/port_min=0.238; gap/mesh=pending; bayes_err_max=0.381; shift_robust=no; band_gap_retention=-0.38; freq_robust=no; AD-vs-AD pairs unverified against mesh noise
2026-09-27T17:49:23+00:00,7ca77f1,A,A-sphere7-ring6-hfss,hfss-v1-masked,three_merged:Normal|Mild+Moderate(Mild+Moderate)|Severe,M6,M6.A[3.80]: <A> in 50 MHz sub-band from 3.80 GHz,1,none-fisher,typical_jitter,none (noisy realisations of 1 sim/stage),Normal:1|Mild+Moderate:2|Severe:1,2000,,,,0.02252812276637253,0.0056321080775025975,,,weakest=Mild+Moderate|Severe; J_eff_min=0.00889; gap/port_min=0.171; gap/mesh=pending; bayes_err_max=0.458; shift_robust=no; band_gap_retention=0.82; freq_robust=no; AD-vs-AD pairs unverified against mesh noise
2026-09-27T17:49:23+00:00,7ca77f1,A,A-sphere7-ring6-hfss,hfss-v1-masked,three_merged:Normal|Mild+Moderate(Mild+Moderate)|Severe,M6,M6.N[3.80]: <N> in 50 MHz sub-band from 3.80 GHz,1,none-fisher,typical_jitter,none (noisy realisations of 1 sim/stage),Normal:1|Mild+Moderate:2|Severe:1,2000,,,,0.022612483761592535,0.0056531928932757195,,,weakest=Mild+Moderate|Severe; J_eff_min=0.00892; gap/port_min=0.172; gap/mesh=pending; bayes_err_max=0.458; shift_robust=no; band_gap_retention=0.82; freq_robust=no; AD-vs-AD pairs unverified against mesh noise
2026-09-27T17:49:23+00:00,7ca77f1,A,A-sphere7-ring6-hfss,hfss-v1-masked,three_merged:Normal|Mild+Moderate(Mild+Moderate)|Severe,M6,M6.A[3.85]: <A> in 50 MHz sub-band from 3.85 GHz,1,none-fisher,typical_jitter,none (noisy realisations of 1 sim/stage),Normal:1|Mild+Moderate:2|Severe:1,2000,,,,0.2379277437320531,0.059694383261254466,,,weakest=Mild+Moderate|Severe; J_eff_min=0.124; gap/port_min=0.72; gap/mesh=pending; bayes_err_max=0.365; shift_robust=no; band_gap_retention=0.98; freq_robust=no; AD-vs-AD pairs unverified against mesh noise
2026-09-27T17:49:23+00:00,7ca77f1,A,A-sphere7-ring6-hfss,hfss-v1-masked,three_merged:Normal|Mild+Moderate(Mild+Moderate)|Severe,M6,M6.N[3.85]: <N> in 50 MHz sub-band from 3.85 GHz,1,none-fisher,typical_jitter,none (noisy realisations of 1 sim/stage),Normal:1|Mild+Moderate:2|Severe:1,2000,,,,0.23807310895968067,0.059730701662404816,,,weakest=Mild+Moderate|Severe; J_eff_min=0.124; gap/port_min=0.72; gap/mesh=pending; bayes_err_max=0.365; shift_robust=no; band_gap_retention=0.98; freq_robust=no; AD-vs-AD pairs unverified against mesh noise
2026-09-27T17:49:23+00:00,7ca77f1,A,A-sphere7-ring6-hfss,hfss-v1-masked,three_merged:Normal|Mild+Moderate(Mild+Moderate)|Severe,M6,M6.A[3.90]: <A> in 50 MHz sub-band from 3.90 GHz,1,none-fisher,typical_jitter,none (noisy realisations of 1 sim/stage),Normal:1|Mild+Moderate:2|Severe:1,2000,,,,0.48650357798964067,0.12173279558293543,,,weakest=Mild+Moderate|Severe; J_eff_min=0.331; gap/port_min=1.44; gap/mesh=pending; bayes_err_max=0.311; shift_robust=no; band_gap_retention=0.98; freq_robust=no; AD-vs-AD pairs unverified against mesh noise
2026-09-27T17:49:23+00:00,7ca77f1,A,A-sphere7-ring6-hfss,hfss-v1-masked,three_merged:Normal|Mild+Moderate(Mild+Moderate)|Severe,M6,M6.N[3.90]: <N> in 50 MHz sub-band from 3.90 GHz,1,none-fisher,typical_jitter,none (noisy realisations of 1 sim/stage),Normal:1|Mild+Moderate:2|Severe:1,2000,,,,0.4866092893590434,0.12175921214768072,,,weakest=Mild+Moderate|Severe; J_eff_min=0.331; gap/port_min=1.44; gap/mesh=pending; bayes_err_max=0.311; shift_robust=no; band_gap_retention=0.98; freq_robust=no; AD-vs-AD pairs unverified against mesh noise
2026-09-27T17:49:23+00:00,7ca77f1,A,A-sphere7-ring6-hfss,hfss-v1-masked,three_merged:Normal|Mild+Moderate(Mild+Moderate)|Severe,M6,M6.A[3.95]: <A> in 50 MHz sub-band from 3.95 GHz,1,none-fisher,typical_jitter,none (noisy realisations of 1 sim/stage),Normal:1|Mild+Moderate:2|Severe:1,2000,,,,0.45216509219264256,0.11358989132167453,,,weakest=Mild+Moderate|Severe; J_eff_min=0.371; gap/port_min=2.03; gap/mesh=pending; bayes_err_max=0.317; shift_robust=no; band_gap_retention=0.97; freq_robust=no; AD-vs-AD pairs unverified against mesh noise
2026-09-27T17:49:23+00:00,7ca77f1,A,A-sphere7-ring6-hfss,hfss-v1-masked,three_merged:Normal|Mild+Moderate(Mild+Moderate)|Severe,M6,M6.N[3.95]: <N> in 50 MHz sub-band from 3.95 GHz,1,none-fisher,typical_jitter,none (noisy realisations of 1 sim/stage),Normal:1|Mild+Moderate:2|Severe:1,2000,,,,0.45222390065821644,0.1136046407393772,,,weakest=Mild+Moderate|Severe; J_eff_min=0.371; gap/port_min=2.03; gap/mesh=pending; bayes_err_max=0.317; shift_robust=no; band_gap_retention=0.97; freq_robust=no; AD-vs-AD pairs unverified against mesh noise
2026-09-27T17:49:23+00:00,7ca77f1,A,A-sphere7-ring6-hfss,hfss-v1-masked,three_merged:Normal|Mild+Moderate(Mild+Moderate)|Severe,M6,M6.A[4.00]: <A> in 50 MHz sub-band from 4.00 GHz,1,none-fisher,typical_jitter,none (noisy realisations of 1 sim/stage),Normal:1|Mild+Moderate:2|Severe:1,2000,,,,0.19308305560858444,0.048272057141317166,,,weakest=Mild+Moderate|Severe; J_eff_min=0.175; gap/port_min=1.92; gap/mesh=pending; bayes_err_max=0.378; shift_robust=no; band_gap_retention=0.97; freq_robust=no; AD-vs-AD pairs unverified against mesh noise
2026-09-27T17:49:23+00:00,7ca77f1,A,A-sphere7-ring6-hfss,hfss-v1-masked,three_merged:Normal|Mild+Moderate(Mild+Moderate)|Severe,M6,M6.N[4.00]: <N> in 50 MHz sub-band from 4.00 GHz,1,none-fisher,typical_jitter,none (noisy realisations of 1 sim/stage),Normal:1|Mild+Moderate:2|Severe:1,2000,,,,0.19310352141543186,0.04827717136461078,,,weakest=Mild+Moderate|Severe; J_eff_min=0.175; gap/port_min=1.92; gap/mesh=pending; bayes_err_max=0.378; shift_robust=no; band_gap_retention=0.97; freq_robust=no; AD-vs-AD pairs unverified against mesh noise
2026-09-27T17:49:23+00:00,7ca77f1,A,A-sphere7-ring6-hfss,hfss-v1-masked,three_merged:Normal|Mild+Moderate(Mild+Moderate)|Severe,M6,M6.A[4.05]: <A> in 50 MHz sub-band from 4.05 GHz,1,none-fisher,typical_jitter,none (noisy realisations of 1 sim/stage),Normal:1|Mild+Moderate:2|Severe:1,2000,,,,0.09976664604074924,0.025917809511396453,,,weakest=Mild+Moderate|Severe; J_eff_min=0.0944; gap/port_min=1.87; gap/mesh=pending; bayes_err_max=0.411; shift_robust=no; band_gap_retention=0.96; freq_robust=no; AD-vs-AD pairs unverified against mesh noise
2026-09-27T17:49:23+00:00,7ca77f1,A,A-sphere7-ring6-hfss,hfss-v1-masked,three_merged:Normal|Mild+Moderate(Mild+Moderate)|Severe,M6,M6.N[4.05]: <N> in 50 MHz sub-band from 4.05 GHz,1,none-fisher,typical_jitter,none (noisy realisations of 1 sim/stage),Normal:1|Mild+Moderate:2|Severe:1,2000,,,,0.09977518138064272,0.025919932841327726,,,weakest=Mild+Moderate|Severe; J_eff_min=0.0944; gap/port_min=1.87; gap/mesh=pending; bayes_err_max=0.411; shift_robust=no; band_gap_retention=0.96; freq_robust=no; AD-vs-AD pairs unverified against mesh noise
2026-09-27T17:49:23+00:00,7ca77f1,A,A-sphere7-ring6-hfss,hfss-v1-masked,three_merged:Normal|Mild+Moderate(Mild+Moderate)|Severe,M6,M6.A[4.10]: <A> in 50 MHz sub-band from 4.10 GHz,1,none-fisher,typical_jitter,none (noisy realisations of 1 sim/stage),Normal:1|Mild+Moderate:2|Severe:1,2000,,,,0.04045055593457365,0.010125677187439027,,,weakest=Mild+Moderate|Severe; J_eff_min=0.039; gap/port_min=1.49; gap/mesh=pending; bayes_err_max=0.443; shift_robust=no; band_gap_retention=0.95; freq_robust=no; AD-vs-AD pairs unverified against mesh noise
2026-09-27T17:49:23+00:00,7ca77f1,A,A-sphere7-ring6-hfss,hfss-v1-masked,three_merged:Normal|Mild+Moderate(Mild+Moderate)|Severe,M6,M6.N[4.10]: <N> in 50 MHz sub-band from 4.10 GHz,1,none-fisher,typical_jitter,none (noisy realisations of 1 sim/stage),Normal:1|Mild+Moderate:2|Severe:1,2000,,,,0.04045482261305613,0.010126744651439255,,,weakest=Mild+Moderate|Severe; J_eff_min=0.039; gap/port_min=1.49; gap/mesh=pending; bayes_err_max=0.443; shift_robust=no; band_gap_retention=0.95; freq_robust=no; AD-vs-AD pairs unverified against mesh noise
2026-09-27T17:49:23+00:00,7ca77f1,A,A-sphere7-ring6-hfss,hfss-v1-masked,three_merged:Normal|Mild+Moderate(Mild+Moderate)|Severe,M6,M6.A[4.15]: <A> in 50 MHz sub-band from 4.15 GHz,1,none-fisher,typical_jitter,none (noisy realisations of 1 sim/stage),Normal:1|Mild+Moderate:2|Severe:1,2000,,,,0.02712273744356769,0.007019556171231517,,,weakest=Mild+Moderate|Severe; J_eff_min=0.0263; gap/port_min=1.33; gap/mesh=pending; bayes_err_max=0.453; shift_robust=no; band_gap_retention=0.95; freq_robust=no; AD-vs-AD pairs unverified against mesh noise
2026-09-27T17:49:23+00:00,7ca77f1,A,A-sphere7-ring6-hfss,hfss-v1-masked,three_merged:Normal|Mild+Moderate(Mild+Moderate)|Severe,M6,M6.N[4.15]: <N> in 50 MHz sub-band from 4.15 GHz,1,none-fisher,typical_jitter,none (noisy realisations of 1 sim/stage),Normal:1|Mild+Moderate:2|Severe:1,2000,,,,0.027126233936530686,0.007020420981763841,,,weakest=Mild+Moderate|Severe; J_eff_min=0.0263; gap/port_min=1.33; gap/mesh=pending; bayes_err_max=0.453; shift_robust=no; band_gap_retention=0.95; freq_robust=no; AD-vs-AD pairs unverified against mesh noise
2026-09-27T17:49:23+00:00,7ca77f1,A,A-sphere7-ring6-hfss,hfss-v1-masked,three_merged:Normal|Mild+Moderate(Mild+Moderate)|Severe,M7,"M7.D: <Σ_j|S_ji - S_ref,ji|^2>_B, ref = circulant(Normal)",1,none-fisher,typical_jitter,none (noisy realisations of 1 sim/stage),Normal:1|Mild+Moderate:2|Severe:1,2000,,,,2.353473297122363,0.5909802702878245,,,weakest=Mild+Moderate|Severe; J_eff_min=1.02; gap/port_min=1.9; gap/mesh=pending; bayes_err_max=0.138; shift_robust=no; band_gap_retention=0.92; freq_robust=no; AD-vs-AD pairs unverified against mesh noise
2026-09-27T17:49:23+00:00,7ca77f1,A,A-sphere7-ring6-hfss,hfss-v1-masked,three_merged:Normal|Mild+Moderate(Mild+Moderate)|Severe,M7,"M7.D_pow: <Σ_j(|S_ji|^2 - |S_ref,ji|^2)^2>_B (phase-free)",1,none-fisher,typical_jitter,none (noisy realisations of 1 sim/stage),Normal:1|Mild+Moderate:2|Severe:1,2000,,,,2.2556434687260225,0.5763449306724062,,,weakest=Mild+Moderate|Severe; J_eff_min=1.56; gap/port_min=3.19; gap/mesh=pending; bayes_err_max=0.141; shift_robust=no; band_gap_retention=0.79; freq_robust=no; AD-vs-AD pairs unverified against mesh noise
2026-09-27T17:49:23+00:00,7ca77f1,A,A-sphere7-ring6-hfss,hfss-v1-masked,three_merged:Normal|Mild+Moderate(Mild+Moderate)|Severe,M7,"M7.D0: <|S_(i±0,i) - ref|^2>_B",1,none-fisher,typical_jitter,none (noisy realisations of 1 sim/stage),Normal:1|Mild+Moderate:2|Severe:1,2000,,,,2.3240260110083706,0.584625111735722,,,weakest=Mild+Moderate|Severe; J_eff_min=1.02; gap/port_min=1.9; gap/mesh=pending; bayes_err_max=0.14; shift_robust=no; band_gap_retention=0.92; freq_robust=no; AD-vs-AD pairs unverified against mesh noise
2026-09-27T17:49:23+00:00,7ca77f1,A,A-sphere7-ring6-hfss,hfss-v1-masked,three_merged:Normal|Mild+Moderate(Mild+Moderate)|Severe,M7,"M7.D1: <|S_(i±1,i) - ref|^2>_B",1,none-fisher,typical_jitter,none (noisy realisations of 1 sim/stage),Normal:1|Mild+Moderate:2|Severe:1,2000,,,,0.11547388229491355,0.055230989504810174,,,weakest=Mild+Moderate|Severe; J_eff_min=0.0685; gap/port_min=0.581; gap/mesh=pending; bayes_err_max=0.383; shift_robust=no; band_gap_retention=1.06; freq_robust=no; AD-vs-AD pairs unverified against mesh noise
2026-09-27T17:49:23+00:00,7ca77f1,A,A-sphere7-ring6-hfss,hfss-v1-masked,three_merged:Normal|Mild+Moderate(Mild+Moderate)|Severe,M7,"M7.D2: <|S_(i±2,i) - ref|^2>_B",1,none-fisher,typical_jitter,none (noisy realisations of 1 sim/stage),Normal:1|Mild+Moderate:2|Severe:1,2000,,,,18.530239275826858,4.632900185297465,,,weakest=Mild+Moderate|Severe; J_eff_min=1.96; gap/port_min=2.09; gap/mesh=pending; bayes_err_max=0.00117; shift_robust=no; band_gap_retention=1.05; freq_robust=no; AD-vs-AD pairs unverified against mesh noise
2026-09-27T17:49:23+00:00,7ca77f1,A,A-sphere7-ring6-hfss,hfss-v1-masked,three_merged:Normal|Mild+Moderate(Mild+Moderate)|Severe,M7,"M7.D3: <|S_(i±3,i) - ref|^2>_B",1,none-fisher,typical_jitter,none (noisy realisations of 1 sim/stage),Normal:1|Mild+Moderate:2|Severe:1,2000,,,,3.7819794639376005,1.116211492996201,,,weakest=Mild+Moderate|Severe; J_eff_min=1.68; gap/port_min=2.45; gap/mesh=pending; bayes_err_max=0.0615; shift_robust=no; band_gap_retention=1.10; freq_robust=no; AD-vs-AD pairs unverified against mesh noise
2026-09-27T17:49:23+00:00,7ca77f1,A,A-sphere7-ring6-hfss,hfss-v1-masked,three_merged:Normal|Mild+Moderate(Mild+Moderate)|Severe,M7,"M7.D3[k3]: <|S_(i+3,i) - ref|^2> over k3 window",1,none-fisher,typical_jitter,none (noisy realisations of 1 sim/stage),Normal:1|Mild+Moderate:2|Severe:1,2000,,,,3.1100058267010815,0.9350590105439068,,,weakest=Mild+Moderate|Severe; J_eff_min=1.82; gap/port_min=2.97; gap/mesh=pending; bayes_err_max=0.0811; shift_robust=no; band_gap_retention=0.88; freq_robust=no; AD-vs-AD pairs unverified against mesh noise
2026-09-27T17:49:23+00:00,7ca77f1,A,A-sphere7-ring6-hfss,hfss-v1-masked,three_merged:Normal|Mild+Moderate(Mild+Moderate)|Severe,M8,M8.s1^2: <s_1(S)^2>_B (singular value),1,none-fisher,typical_jitter,none (noisy realisations of 1 sim/stage),Normal:1|Mild+Moderate:2|Severe:1,2000,,,,0.3528460850502807,0.13350881322622657,,,weakest=Mild+Moderate|Severe; J_eff_min=nan; gap/port_min=nan; gap/mesh=pending; bayes_err_max=0.315; shift_robust=no; band_gap_retention=-0.69; freq_robust=no; AD-vs-AD pairs unverified against mesh noise; matrix-level: no per-antenna port-noise estimate
2026-09-27T17:49:23+00:00,7ca77f1,A,A-sphere7-ring6-hfss,hfss-v1-masked,three_merged:Normal|Mild+Moderate(Mild+Moderate)|Severe,M8,M8.s2^2: <s_2(S)^2>_B (singular value),1,none-fisher,typical_jitter,none (noisy realisations of 1 sim/stage),Normal:1|Mild+Moderate:2|Severe:1,2000,,,,0.148411411378924,0.041109913828119904,,,weakest=Mild+Moderate|Severe; J_eff_min=nan; gap/port_min=nan; gap/mesh=pending; bayes_err_max=0.39; shift_robust=no; band_gap_retention=-2.37; freq_robust=no; AD-vs-AD pairs unverified against mesh noise; matrix-level: no per-antenna port-noise estimate
2026-09-27T17:49:23+00:00,7ca77f1,A,A-sphere7-ring6-hfss,hfss-v1-masked,three_merged:Normal|Mild+Moderate(Mild+Moderate)|Severe,M8,M8.s3^2: <s_3(S)^2>_B (singular value),1,none-fisher,typical_jitter,none (noisy realisations of 1 sim/stage),Normal:1|Mild+Moderate:2|Severe:1,2000,,,,0.15242056330533219,0.03855456643401922,,,weakest=Mild+Moderate|Severe; J_eff_min=nan; gap/port_min=nan; gap/mesh=pending; bayes_err_max=0.391; shift_robust=no; band_gap_retention=0.35; freq_robust=no; AD-vs-AD pairs unverified against mesh noise; matrix-level: no per-antenna port-noise estimate
2026-09-27T17:49:23+00:00,7ca77f1,A,A-sphere7-ring6-hfss,hfss-v1-masked,three_merged:Normal|Mild+Moderate(Mild+Moderate)|Severe,M8,M8.s4^2: <s_4(S)^2>_B (singular value),1,none-fisher,typical_jitter,none (noisy realisations of 1 sim/stage),Normal:1|Mild+Moderate:2|Severe:1,2000,,,,0.10402602188888907,0.026609872797319606,,,weakest=Mild+Moderate|Severe; J_eff_min=nan; gap/port_min=nan; gap/mesh=pending; bayes_err_max=0.409; shift_robust=no; band_gap_retention=-0.03; freq_robust=no; AD-vs-AD pairs unverified against mesh noise; matrix-level: no per-antenna port-noise estimate
2026-09-27T17:49:23+00:00,7ca77f1,A,A-sphere7-ring6-hfss,hfss-v1-masked,three_merged:Normal|Mild+Moderate(Mild+Moderate)|Severe,M8,M8.s5^2: <s_5(S)^2>_B (singular value),1,none-fisher,typical_jitter,none (noisy realisations of 1 sim/stage),Normal:1|Mild+Moderate:2|Severe:1,2000,,,,0.2057706176054048,0.05160558925483009,,,weakest=Mild+Moderate|Severe; J_eff_min=nan; gap/port_min=nan; gap/mesh=pending; bayes_err_max=0.374; shift_robust=no; band_gap_retention=0.55; freq_robust=no; AD-vs-AD pairs unverified against mesh noise; matrix-level: no per-antenna port-noise estimate
2026-09-27T17:49:23+00:00,7ca77f1,A,A-sphere7-ring6-hfss,hfss-v1-masked,three_merged:Normal|Mild+Moderate(Mild+Moderate)|Severe,M8,M8.s6^2: <s_6(S)^2>_B (singular value),1,none-fisher,typical_jitter,none (noisy realisations of 1 sim/stage),Normal:1|Mild+Moderate:2|Severe:1,2000,,,,0.2275783275256085,0.05774788473307277,,,weakest=Mild+Moderate|Severe; J_eff_min=nan; gap/port_min=nan; gap/mesh=pending; bayes_err_max=0.367; shift_robust=no; band_gap_retention=0.47; freq_robust=no; AD-vs-AD pairs unverified against mesh noise; matrix-level: no per-antenna port-noise estimate
2026-09-27T17:49:23+00:00,7ca77f1,A,A-sphere7-ring6-hfss,hfss-v1-masked,three_merged:Normal|Mild+Moderate(Mild+Moderate)|Severe,M8,M8.lam0^2: <|λ_0|^2> circulant mode 0 (full),1,none-fisher,typical_jitter,none (noisy realisations of 1 sim/stage),Normal:1|Mild+Moderate:2|Severe:1,2000,,,,0.3059734392650693,0.07668775612802539,,,weakest=Mild+Moderate|Severe; J_eff_min=0.0748; gap/port_min=0.445; gap/mesh=pending; bayes_err_max=0.348; shift_robust=no; band_gap_retention=0.44; freq_robust=no; AD-vs-AD pairs unverified against mesh noise
2026-09-27T17:49:23+00:00,7ca77f1,A,A-sphere7-ring6-hfss,hfss-v1-masked,three_merged:Normal|Mild+Moderate(Mild+Moderate)|Severe,M8,M8.lam1^2: <|λ_1|^2> circulant mode 1 (full),1,none-fisher,typical_jitter,none (noisy realisations of 1 sim/stage),Normal:1|Mild+Moderate:2|Severe:1,2000,,,,0.27519057222355253,0.06919464083337873,,,weakest=Mild+Moderate|Severe; J_eff_min=0.0679; gap/port_min=0.425; gap/mesh=pending; bayes_err_max=0.355; shift_robust=no; band_gap_retention=0.37; freq_robust=no; AD-vs-AD pairs unverified against mesh noise
2026-09-27T17:49:23+00:00,7ca77f1,A,A-sphere7-ring6-hfss,hfss-v1-masked,three_merged:Normal|Mild+Moderate(Mild+Moderate)|Severe,M8,M8.lam2^2: <|λ_2|^2> circulant mode 2 (full),1,none-fisher,typical_jitter,none (noisy realisations of 1 sim/stage),Normal:1|Mild+Moderate:2|Severe:1,2000,,,,0.38204955418882336,0.09556532433089285,,,weakest=Mild+Moderate|Severe; J_eff_min=0.0964; gap/port_min=0.508; gap/mesh=pending; bayes_err_max=0.331; shift_robust=no; band_gap_retention=0.33; freq_robust=no; AD-vs-AD pairs unverified against mesh noise
2026-09-27T17:49:23+00:00,7ca77f1,A,A-sphere7-ring6-hfss,hfss-v1-masked,three_merged:Normal|Mild+Moderate(Mild+Moderate)|Severe,M8,M8.lam3^2: <|λ_3|^2> circulant mode 3 (full),1,none-fisher,typical_jitter,none (noisy realisations of 1 sim/stage),Normal:1|Mild+Moderate:2|Severe:1,2000,,,,0.6463708665905286,0.16160912244225306,,,weakest=Mild+Moderate|Severe; J_eff_min=0.163; gap/port_min=0.659; gap/mesh=pending; bayes_err_max=0.285; shift_robust=no; band_gap_retention=0.28; freq_robust=no; AD-vs-AD pairs unverified against mesh noise
2026-09-27T17:49:23+00:00,7ca77f1,A,A-sphere7-ring6-hfss,hfss-v1-masked,three_merged:Normal|Mild+Moderate(Mild+Moderate)|Severe,M8,M8.lam0^2[k3]: <|λ_0|^2> circulant mode 0 (k3),1,none-fisher,typical_jitter,none (noisy realisations of 1 sim/stage),Normal:1|Mild+Moderate:2|Severe:1,2000,,,,5.439073481826056,1.361952213478327,,,weakest=Mild+Moderate|Severe; J_eff_min=1.65; gap/port_min=2.17; gap/mesh=pending; bayes_err_max=0.0493; shift_robust=no; band_gap_retention=0.85; freq_robust=no; AD-vs-AD pairs unverified against mesh noise
2026-09-27T17:49:23+00:00,7ca77f1,A,A-sphere7-ring6-hfss,hfss-v1-masked,three_merged:Normal|Mild+Moderate(Mild+Moderate)|Severe,M8,M8.lam1^2[k3]: <|λ_1|^2> circulant mode 1 (k3),1,none-fisher,typical_jitter,none (noisy realisations of 1 sim/stage),Normal:1|Mild+Moderate:2|Severe:1,2000,,,,6.4068292603417465,1.6037699902793265,,,weakest=Mild+Moderate|Severe; J_eff_min=1.68; gap/port_min=2.13; gap/mesh=pending; bayes_err_max=0.0365; shift_robust=no; band_gap_retention=0.86; freq_robust=no; AD-vs-AD pairs unverified against mesh noise
2026-09-27T17:49:23+00:00,7ca77f1,A,A-sphere7-ring6-hfss,hfss-v1-masked,three_merged:Normal|Mild+Moderate(Mild+Moderate)|Severe,M8,M8.lam2^2[k3]: <|λ_2|^2> circulant mode 2 (k3),1,none-fisher,typical_jitter,none (noisy realisations of 1 sim/stage),Normal:1|Mild+Moderate:2|Severe:1,2000,,,,7.653685333021846,1.9152469653809823,,,weakest=Mild+Moderate|Severe; J_eff_min=1.54; gap/port_min=1.96; gap/mesh=pending; bayes_err_max=0.0251; shift_robust=no; band_gap_retention=0.85; freq_robust=no; AD-vs-AD pairs unverified against mesh noise
2026-09-27T17:49:23+00:00,7ca77f1,A,A-sphere7-ring6-hfss,hfss-v1-masked,three_merged:Normal|Mild+Moderate(Mild+Moderate)|Severe,M8,M8.lam3^2[k3]: <|λ_3|^2> circulant mode 3 (k3),1,none-fisher,typical_jitter,none (noisy realisations of 1 sim/stage),Normal:1|Mild+Moderate:2|Severe:1,2000,,,,9.806535381572514,2.453515888777682,,,weakest=Mild+Moderate|Severe; J_eff_min=1.61; gap/port_min=1.96; gap/mesh=pending; bayes_err_max=0.0133; shift_robust=no; band_gap_retention=0.85; freq_robust=no; AD-vs-AD pairs unverified against mesh noise
2026-09-27T17:49:23+00:00,7ca77f1,A,A-sphere7-ring6-hfss,hfss-v1-masked,three:Normal|Mild|Severe,M0,M0.old_score: mean_B Σ_{j≠i}|S_ii+S_ij|/VSWR_i,1,none-fisher,ideal,none (noisy realisations of 1 sim/stage),Normal:1|Mild:1|Severe:1,1500,,,,64.64588970781855,16.16152425862063,,,weakest=Mild|Severe; J_eff_min=0.988; gap/port_min=1.42; gap/mesh=pending; bayes_err_max=6.52e-09; shift_robust=no; band_gap_retention=0.74; freq_robust=no; AD-vs-AD pairs unverified against mesh noise; baseline only; not a physical quantity
2026-09-27T17:49:23+00:00,7ca77f1,A,A-sphere7-ring6-hfss,hfss-v1-masked,three:Normal|Mild|Severe,M1,M1.Sii_dBavg: mean_B 20log10|S_ii|,1,none-fisher,ideal,none (noisy realisations of 1 sim/stage),Normal:1|Mild:1|Severe:1,1500,,,,2.0835297336724965,0.5209085319563886,,,weakest=Normal|Severe; J_eff_min=0.00234; gap/port_min=0.0685; gap/mesh=pending; bayes_err_max=0.154; shift_robust=no; band_gap_retention=0.67; freq_robust=no; AD-vs-AD pairs unverified against mesh noise; dB averaging; shown for fragility
2026-09-27T17:49:23+00:00,7ca77f1,A,A-sphere7-ring6-hfss,hfss-v1-masked,three:Normal|Mild|Severe,M2,M2.R: <|S_ii|^2>_B,1,none-fisher,ideal,none (noisy realisations of 1 sim/stage),Normal:1|Mild:1|Severe:1,1500,,,,27.801214547638704,6.950337818785146,,,weakest=Mild|Severe; J_eff_min=0.225; gap/port_min=0.674; gap/mesh=pending; bayes_err_max=9.63e-05; shift_robust=no; band_gap_retention=0.29; freq_robust=no; AD-vs-AD pairs unverified against mesh noise
2026-09-27T17:49:23+00:00,7ca77f1,A,A-sphere7-ring6-hfss,hfss-v1-masked,three:Normal|Mild|Severe,M2,M2.R[k3]: <|S_ii|^2> over k3 window,1,none-fisher,ideal,none (noisy realisations of 1 sim/stage),Normal:1|Mild:1|Severe:1,1500,,,,5004.473274758911,1251.1196066235912,,,weakest=Mild|Severe; J_eff_min=2.22; gap/port_min=2.11; gap/mesh=pending; bayes_err_max=0; shift_robust=no; band_gap_retention=0.86; freq_robust=no; AD-vs-AD pairs unverified against mesh noise
2026-09-27T17:49:23+00:00,7ca77f1,A,A-sphere7-ring6-hfss,hfss-v1-masked,three:Normal|Mild|Severe,M3,M3.A: <1-|S_ii|^2>_B,1,none-fisher,ideal,none (noisy realisations of 1 sim/stage),Normal:1|Mild:1|Severe:1,1500,,,,27.801214547639738,6.950337818785404,,,weakest=Mild|Severe; J_eff_min=0.225; gap/port_min=0.674; gap/mesh=pending; bayes_err_max=9.63e-05; shift_robust=no; band_gap_retention=0.29; freq_robust=no; AD-vs-AD pairs unverified against mesh noise; affine copy of M2.R (identical separability)
2026-09-27T17:49:23+00:00,7ca77f1,A,A-sphere7-ring6-hfss,hfss-v1-masked,three:Normal|Mild|Severe,M3,M3.ML_of_powavg: -10log10<A>_B (dB),1,none-fisher,ideal,none (noisy realisations of 1 sim/stage),Normal:1|Mild:1|Severe:1,1500,,,,27.59907134576244,6.899789537415022,,,weakest=Mild|Severe; J_eff_min=0.224; gap/port_min=0.672; gap/mesh=pending; bayes_err_max=0.000102; shift_robust=no; band_gap_retention=0.28; freq_robust=no; AD-vs-AD pairs unverified against mesh noise
2026-09-27T17:49:23+00:00,7ca77f1,A,A-sphere7-ring6-hfss,hfss-v1-masked,three:Normal|Mild|Severe,M3,M3.ML_dBavg: <-10log10 A>_B (dB-averaged ML),1,none-fisher,ideal,none (noisy realisations of 1 sim/stage),Normal:1|Mild:1|Severe:1,1500,,,,28.047043600706285,7.01176091758364,,,weakest=Mild|Severe; J_eff_min=0.997; gap/port_min=1.44; gap/mesh=pending; bayes_err_max=9.03e-05; shift_robust=no; band_gap_retention=0.75; freq_robust=no; AD-vs-AD pairs unverified against mesh noise; dB averaging; comparison only
2026-09-27T17:49:23+00:00,7ca77f1,A,A-sphere7-ring6-hfss,hfss-v1-masked,three:Normal|Mild|Severe,M4,M4.N: <1-Σ_j|S_ji|^2>_B (absorbed+radiated+loss),1,none-fisher,ideal,none (noisy realisations of 1 sim/stage),Normal:1|Mild:1|Severe:1,1500,,,,28.730700171609524,7.182709206603227,,,weakest=Mild|Severe; J_eff_min=0.233; gap/port_min=0.685; gap/mesh=pending; bayes_err_max=7.53e-05; shift_robust=no; band_gap_retention=0.29; freq_robust=no; AD-vs-AD pairs unverified against mesh noise
2026-09-27T17:49:23+00:00,7ca77f1,A,A-sphere7-ring6-hfss,hfss-v1-masked,three:Normal|Mild|Severe,M4,M4.N[k3]: <N> over k3 window,1,none-fisher,ideal,none (noisy realisations of 1 sim/stage),Normal:1|Mild:1|Severe:1,1500,,,,4949.27831941116,1237.320875173022,,,weakest=Mild|Severe; J_eff_min=2.21; gap/port_min=2.1; gap/mesh=pending; bayes_err_max=0; shift_robust=no; band_gap_retention=0.86; freq_robust=no; AD-vs-AD pairs unverified against mesh noise
2026-09-27T17:49:23+00:00,7ca77f1,A,A-sphere7-ring6-hfss,hfss-v1-masked,three:Normal|Mild|Severe,M5,M5.C: <Σ_(j≠i)|S_ji|^2> (full),1,none-fisher,ideal,none (noisy realisations of 1 sim/stage),Normal:1|Mild:1|Severe:1,1500,,,,10341.79755028321,2585.4502564644904,,,weakest=Normal|Mild; J_eff_min=2.7; gap/port_min=2.32; gap/mesh=pending; bayes_err_max=0; shift_robust=yes; band_gap_retention=1.11; freq_robust=no; AD-vs-AD pairs unverified against mesh noise
2026-09-27T17:49:23+00:00,7ca77f1,A,A-sphere7-ring6-hfss,hfss-v1-masked,three:Normal|Mild|Severe,M5,"M5.C1: <|S_(i±1,i)|^2> (full)",1,none-fisher,ideal,none (noisy realisations of 1 sim/stage),Normal:1|Mild:1|Severe:1,1500,,,,8788.645881225462,2197.162310458464,,,weakest=Normal|Mild; J_eff_min=2.22; gap/port_min=2.11; gap/mesh=pending; bayes_err_max=0; shift_robust=yes; band_gap_retention=1.11; freq_robust=no; AD-vs-AD pairs unverified against mesh noise
2026-09-27T17:49:23+00:00,7ca77f1,A,A-sphere7-ring6-hfss,hfss-v1-masked,three:Normal|Mild|Severe,M5,"M5.C2: <|S_(i±2,i)|^2> (full)",1,none-fisher,ideal,none (noisy realisations of 1 sim/stage),Normal:1|Mild:1|Severe:1,1500,,,,31580.074511731877,7895.025314829066,,,weakest=Normal|Mild; J_eff_min=2.32; gap/port_min=2.16; gap/mesh=pending; bayes_err_max=0; shift_robust=yes; band_gap_retention=0.98; freq_robust=no; AD-vs-AD pairs unverified against mesh noise
2026-09-27T17:49:23+00:00,7ca77f1,A,A-sphere7-ring6-hfss,hfss-v1-masked,three:Normal|Mild|Severe,M5,"M5.C3: <|S_(i±3,i)|^2> (full)",1,none-fisher,ideal,none (noisy realisations of 1 sim/stage),Normal:1|Mild:1|Severe:1,1500,,,,219.54281974233456,54.88649410616138,,,weakest=Mild|Severe; J_eff_min=0.00937; gap/port_min=0.137; gap/mesh=pending; bayes_err_max=5.26e-26; shift_robust=no; band_gap_retention=0.16; freq_robust=no; AD-vs-AD pairs unverified against mesh noise
2026-09-27T17:49:23+00:00,7ca77f1,A,A-sphere7-ring6-hfss,hfss-v1-masked,three:Normal|Mild|Severe,M5,M5.C[k3]: <Σ_(j≠i)|S_ji|^2> (k3),1,none-fisher,ideal,none (noisy realisations of 1 sim/stage),Normal:1|Mild:1|Severe:1,1500,,,,4743.250577113539,1185.8152572536385,,,weakest=Normal|Mild; J_eff_min=0.422; gap/port_min=0.919; gap/mesh=pending; bayes_err_max=0; shift_robust=no; band_gap_retention=0.67; freq_robust=no; AD-vs-AD pairs unverified against mesh noise
2026-09-27T17:49:23+00:00,7ca77f1,A,A-sphere7-ring6-hfss,hfss-v1-masked,three:Normal|Mild|Severe,M5,"M5.C1[k3]: <|S_(i±1,i)|^2> (k3)",1,none-fisher,ideal,none (noisy realisations of 1 sim/stage),Normal:1|Mild:1|Severe:1,1500,,,,3156.6722844178494,789.170735794078,,,weakest=Normal|Mild; J_eff_min=0.28; gap/port_min=0.748; gap/mesh=pending; bayes_err_max=0; shift_robust=no; band_gap_retention=0.60; freq_robust=no; AD-vs-AD pairs unverified against mesh noise
2026-09-27T17:49:23+00:00,7ca77f1,A,A-sphere7-ring6-hfss,hfss-v1-masked,three:Normal|Mild|Severe,M5,"M5.C2[k3]: <|S_(i±2,i)|^2> (k3)",1,none-fisher,ideal,none (noisy realisations of 1 sim/stage),Normal:1|Mild:1|Severe:1,1500,,,,13166.783604055605,3291.7007689870734,,,weakest=Normal|Mild; J_eff_min=3.68; gap/port_min=2.71; gap/mesh=pending; bayes_err_max=0; shift_robust=yes; band_gap_retention=0.75; freq_robust=no; AD-vs-AD pairs unverified against mesh noise
2026-09-27T17:49:23+00:00,7ca77f1,A,A-sphere7-ring6-hfss,hfss-v1-masked,three:Normal|Mild|Severe,M5,"M5.C3[k3]: <|S_(i±3,i)|^2> (k3)",1,none-fisher,ideal,none (noisy realisations of 1 sim/stage),Normal:1|Mild:1|Severe:1,1500,,,,3.41154560855303,0.8530565640551752,,,weakest=Mild|Severe; J_eff_min=0.000204; gap/port_min=0.0202; gap/mesh=pending; bayes_err_max=0.0957; shift_robust=no; band_gap_retention=-6.41; freq_robust=no; AD-vs-AD pairs unverified against mesh noise
2026-09-27T17:49:23+00:00,7ca77f1,A,A-sphere7-ring6-hfss,hfss-v1-masked,three:Normal|Mild|Severe,M5,"M5.C3_dBavg[k3]: mean over k3 window of 10log10|S_(i+3,i)|^2",1,none-fisher,ideal,none (noisy realisations of 1 sim/stage),Normal:1|Mild:1|Severe:1,1500,,,,662.2255958315137,165.5567287345032,,,weakest=Mild|Severe; J_eff_min=0.0263; gap/port_min=0.229; gap/mesh=pending; bayes_err_max=2.6e-74; shift_robust=no; band_gap_retention=0.11; freq_robust=no; AD-vs-AD pairs unverified against mesh noise; dB averaging; comparison only
2026-09-27T17:49:23+00:00,7ca77f1,A,A-sphere7-ring6-hfss,hfss-v1-masked,three:Normal|Mild|Severe,M6,M6.fc_A: power-weighted centroid of A(f) [GHz],1,none-fisher,ideal,none (noisy realisations of 1 sim/stage),Normal:1|Mild:1|Severe:1,1500,,,,67.61278246288579,16.903482544425568,,,weakest=Normal|Mild; J_eff_min=0.483; gap/port_min=0.987; gap/mesh=pending; bayes_err_max=3.03e-09; shift_robust=no; band_gap_retention=0.78; freq_robust=no; AD-vs-AD pairs unverified against mesh noise
2026-09-27T17:49:23+00:00,7ca77f1,A,A-sphere7-ring6-hfss,hfss-v1-masked,three:Normal|Mild|Severe,M6,M6.spread_A: spectral spread of A(f) [MHz],1,none-fisher,ideal,none (noisy realisations of 1 sim/stage),Normal:1|Mild:1|Severe:1,1500,,,,20.062342283001115,5.015612124097308,,,weakest=Mild|Severe; J_eff_min=2.96; gap/port_min=2.63; gap/mesh=pending; bayes_err_max=0.000769; shift_robust=no; band_gap_retention=0.32; freq_robust=no; AD-vs-AD pairs unverified against mesh noise
2026-09-27T17:49:23+00:00,7ca77f1,A,A-sphere7-ring6-hfss,hfss-v1-masked,three:Normal|Mild|Severe,M6,M6.fc_N: power-weighted centroid of N(f) [GHz],1,none-fisher,ideal,none (noisy realisations of 1 sim/stage),Normal:1|Mild:1|Severe:1,1500,,,,67.79830299236927,16.949861809926194,,,weakest=Normal|Mild; J_eff_min=0.485; gap/port_min=0.989; gap/mesh=pending; bayes_err_max=2.89e-09; shift_robust=no; band_gap_retention=0.78; freq_robust=no; AD-vs-AD pairs unverified against mesh noise
2026-09-27T17:49:23+00:00,7ca77f1,A,A-sphere7-ring6-hfss,hfss-v1-masked,three:Normal|Mild|Severe,M6,M6.spread_N: spectral spread of N(f) [MHz],1,none-fisher,ideal,none (noisy realisations of 1 sim/stage),Normal:1|Mild:1|Severe:1,1500,,,,19.88453802787921,4.97116119746748,,,weakest=Mild|Severe; J_eff_min=2.93; gap/port_min=2.62; gap/mesh=pending; bayes_err_max=0.000808; shift_robust=no; band_gap_retention=0.32; freq_robust=no; AD-vs-AD pairs unverified against mesh noise
2026-09-27T17:49:23+00:00,7ca77f1,A,A-sphere7-ring6-hfss,hfss-v1-masked,three:Normal|Mild|Severe,M6,M6.A[3.20]: <A> in 50 MHz sub-band from 3.20 GHz,1,none-fisher,ideal,none (noisy realisations of 1 sim/stage),Normal:1|Mild:1|Severe:1,1500,,,,50.22042160619789,12.555126699399924,,,weakest=Mild|Severe; J_eff_min=2.86; gap/port_min=2.46; gap/mesh=pending; bayes_err_max=2.71e-07; shift_robust=no; band_gap_retention=0.97; freq_robust=no; AD-vs-AD pairs unverified against mesh noise
2026-09-27T17:49:23+00:00,7ca77f1,A,A-sphere7-ring6-hfss,hfss-v1-masked,three:Normal|Mild|Severe,M6,M6.N[3.20]: <N> in 50 MHz sub-band from 3.20 GHz,1,none-fisher,ideal,none (noisy realisations of 1 sim/stage),Normal:1|Mild:1|Severe:1,1500,,,,50.20275092154986,12.550709041993398,,,weakest=Mild|Severe; J_eff_min=2.86; gap/port_min=2.46; gap/mesh=pending; bayes_err_max=2.72e-07; shift_robust=no; band_gap_retention=0.97; freq_robust=no; AD-vs-AD pairs unverified against mesh noise
2026-09-27T17:49:23+00:00,7ca77f1,A,A-sphere7-ring6-hfss,hfss-v1-masked,three:Normal|Mild|Severe,M6,M6.A[3.25]: <A> in 50 MHz sub-band from 3.25 GHz,1,none-fisher,ideal,none (noisy realisations of 1 sim/stage),Normal:1|Mild:1|Severe:1,1500,,,,12.115577802413963,3.0298771715332085,,,weakest=Mild|Severe; J_eff_min=0.237; gap/port_min=0.695; gap/mesh=pending; bayes_err_max=0.0069; shift_robust=no; band_gap_retention=0.77; freq_robust=no; AD-vs-AD pairs unverified against mesh noise
2026-09-27T17:49:23+00:00,7ca77f1,A,A-sphere7-ring6-hfss,hfss-v1-masked,three:Normal|Mild|Severe,M6,M6.N[3.25]: <N> in 50 MHz sub-band from 3.25 GHz,1,none-fisher,ideal,none (noisy realisations of 1 sim/stage),Normal:1|Mild:1|Severe:1,1500,,,,12.113291598066025,3.029305301419819,,,weakest=Mild|Severe; J_eff_min=0.237; gap/port_min=0.696; gap/mesh=pending; bayes_err_max=0.0069; shift_robust=no; band_gap_retention=0.77; freq_robust=no; AD-vs-AD pairs unverified against mesh noise
2026-09-27T17:49:23+00:00,7ca77f1,A,A-sphere7-ring6-hfss,hfss-v1-masked,three:Normal|Mild|Severe,M6,M6.A[3.30]: <A> in 50 MHz sub-band from 3.30 GHz,1,none-fisher,ideal,none (noisy realisations of 1 sim/stage),Normal:1|Mild:1|Severe:1,1500,,,,96.88269255528255,24.220709244335644,,,weakest=Mild|Severe; J_eff_min=0.675; gap/port_min=1.17; gap/mesh=pending; bayes_err_max=1.7e-12; shift_robust=no; band_gap_retention=0.62; freq_robust=no; AD-vs-AD pairs unverified against mesh noise
2026-09-27T17:49:23+00:00,7ca77f1,A,A-sphere7-ring6-hfss,hfss-v1-masked,three:Normal|Mild|Severe,M6,M6.N[3.30]: <N> in 50 MHz sub-band from 3.30 GHz,1,none-fisher,ideal,none (noisy realisations of 1 sim/stage),Normal:1|Mild:1|Severe:1,1500,,,,96.70585678855701,24.17650005579941,,,weakest=Mild|Severe; J_eff_min=0.674; gap/port_min=1.17; gap/mesh=pending; bayes_err_max=1.78e-12; shift_robust=no; band_gap_retention=0.62; freq_robust=no; AD-vs-AD pairs unverified against mesh noise
2026-09-27T17:49:23+00:00,7ca77f1,A,A-sphere7-ring6-hfss,hfss-v1-masked,three:Normal|Mild|Severe,M6,M6.A[3.35]: <A> in 50 MHz sub-band from 3.35 GHz,1,none-fisher,ideal,none (noisy realisations of 1 sim/stage),Normal:1|Mild:1|Severe:1,1500,,,,765.3226955303766,191.33083386514147,,,weakest=Normal|Mild; J_eff_min=1.72; gap/port_min=1.86; gap/mesh=pending; bayes_err_max=1.59e-85; shift_robust=no; band_gap_retention=0.73; freq_robust=no; AD-vs-AD pairs unverified against mesh noise
2026-09-27T17:49:23+00:00,7ca77f1,A,A-sphere7-ring6-hfss,hfss-v1-masked,three:Normal|Mild|Severe,M6,M6.N[3.35]: <N> in 50 MHz sub-band from 3.35 GHz,1,none-fisher,ideal,none (noisy realisations of 1 sim/stage),Normal:1|Mild:1|Severe:1,1500,,,,764.8060205570683,191.20166503444398,,,weakest=Normal|Mild; J_eff_min=1.72; gap/port_min=1.86; gap/mesh=pending; bayes_err_max=1.81e-85; shift_robust=no; band_gap_retention=0.73; freq_robust=no; AD-vs-AD pairs unverified against mesh noise
2026-09-27T17:49:23+00:00,7ca77f1,A,A-sphere7-ring6-hfss,hfss-v1-masked,three:Normal|Mild|Severe,M6,M6.A[3.40]: <A> in 50 MHz sub-band from 3.40 GHz,1,none-fisher,ideal,none (noisy realisations of 1 sim/stage),Normal:1|Mild:1|Severe:1,1500,,,,3467.5130498778617,866.8816003361637,,,weakest=Mild|Severe; J_eff_min=4.27; gap/port_min=2.92; gap/mesh=pending; bayes_err_max=0; shift_robust=no; band_gap_retention=0.96; freq_robust=no; AD-vs-AD pairs unverified against mesh noise
2026-09-27T17:49:23+00:00,7ca77f1,A,A-sphere7-ring6-hfss,hfss-v1-masked,three:Normal|Mild|Severe,M6,M6.N[3.40]: <N> in 50 MHz sub-band from 3.40 GHz,1,none-fisher,ideal,none (noisy realisations of 1 sim/stage),Normal:1|Mild:1|Severe:1,1500,,,,3454.3928275152452,863.601530705783,,,weakest=Mild|Severe; J_eff_min=4.25; gap/port_min=2.92; gap/mesh=pending; bayes_err_max=0; shift_robust=no; band_gap_retention=0.96; freq_robust=no; AD-vs-AD pairs unverified against mesh noise
2026-09-27T17:49:23+00:00,7ca77f1,A,A-sphere7-ring6-hfss,hfss-v1-masked,three:Normal|Mild|Severe,M6,M6.A[3.45]: <A> in 50 MHz sub-band from 3.45 GHz,1,none-fisher,ideal,none (noisy realisations of 1 sim/stage),Normal:1|Mild:1|Severe:1,1500,,,,717.3766775316177,179.3443195496883,,,weakest=Mild|Severe; J_eff_min=0.76; gap/port_min=1.23; gap/mesh=pending; bayes_err_max=2.64e-80; shift_robust=no; band_gap_retention=0.91; freq_robust=no; AD-vs-AD pairs unverified against mesh noise
2026-09-27T17:49:23+00:00,7ca77f1,A,A-sphere7-ring6-hfss,hfss-v1-masked,three:Normal|Mild|Severe,M6,M6.N[3.45]: <N> in 50 MHz sub-band from 3.45 GHz,1,none-fisher,ideal,none (noisy realisations of 1 sim/stage),Normal:1|Mild:1|Severe:1,1500,,,,709.5653603369536,177.39148985053092,,,weakest=Mild|Severe; J_eff_min=0.75; gap/port_min=1.23; gap/mesh=pending; bayes_err_max=1.88e-79; shift_robust=no; band_gap_retention=0.91; freq_robust=no; AD-vs-AD pairs unverified against mesh noise
2026-09-27T17:49:23+00:00,7ca77f1,A,A-sphere7-ring6-hfss,hfss-v1-masked,three:Normal|Mild|Severe,M6,M6.A[3.50]: <A> in 50 MHz sub-band from 3.50 GHz,1,none-fisher,ideal,none (noisy realisations of 1 sim/stage),Normal:1|Mild:1|Severe:1,1500,,,,125.15098660142577,31.28898250671071,,,weakest=Mild|Severe; J_eff_min=0.139; gap/port_min=0.527; gap/mesh=pending; bayes_err_max=1.23e-15; shift_robust=no; band_gap_retention=0.96; freq_robust=no; AD-vs-AD pairs unverified against mesh noise
2026-09-27T17:49:23+00:00,7ca77f1,A,A-sphere7-ring6-hfss,hfss-v1-masked,three:Normal|Mild|Severe,M6,M6.N[3.50]: <N> in 50 MHz sub-band from 3.50 GHz,1,none-fisher,ideal,none (noisy realisations of 1 sim/stage),Normal:1|Mild:1|Severe:1,1500,,,,120.20739466808733,30.053090985311794,,,weakest=Mild|Severe; J_eff_min=0.134; gap/port_min=0.518; gap/mesh=pending; bayes_err_max=4.33e-15; shift_robust=no; band_gap_retention=0.96; freq_robust=no; AD-vs-AD pairs unverified against mesh noise
2026-09-27T17:49:23+00:00,7ca77f1,A,A-sphere7-ring6-hfss,hfss-v1-masked,three:Normal|Mild|Severe,M6,M6.A[3.55]: <A> in 50 MHz sub-band from 3.55 GHz,1,none-fisher,ideal,none (noisy realisations of 1 sim/stage),Normal:1|Mild:1|Severe:1,1500,,,,319.6100593399947,79.90259041427603,,,weakest=Mild|Severe; J_eff_min=0.0428; gap/port_min=0.293; gap/mesh=pending; bayes_err_max=6.2e-37; shift_robust=no; band_gap_retention=0.95; freq_robust=no; AD-vs-AD pairs unverified against mesh noise
2026-09-27T17:49:23+00:00,7ca77f1,A,A-sphere7-ring6-hfss,hfss-v1-masked,three:Normal|Mild|Severe,M6,M6.N[3.55]: <N> in 50 MHz sub-band from 3.55 GHz,1,none-fisher,ideal,none (noisy realisations of 1 sim/stage),Normal:1|Mild:1|Severe:1,1500,,,,301.3176827462293,75.32950069781171,,,weakest=Mild|Severe; J_eff_min=0.0406; gap/port_min=0.285; gap/mesh=pending; bayes_err_max=6.18e-35; shift_robust=no; band_gap_retention=0.95; freq_robust=no; AD-vs-AD pairs unverified against mesh noise
2026-09-27T17:49:23+00:00,7ca77f1,A,A-sphere7-ring6-hfss,hfss-v1-masked,three:Normal|Mild|Severe,M6,M6.A[3.60]: <A> in 50 MHz sub-band from 3.60 GHz,1,none-fisher,ideal,none (noisy realisations of 1 sim/stage),Normal:1|Mild:1|Severe:1,1500,,,,276.0837814620673,69.02158131451966,,,weakest=Normal|Severe; J_eff_min=0.119; gap/port_min=0.488; gap/mesh=pending; bayes_err_max=3.41e-32; shift_robust=no; band_gap_retention=-3.49; freq_robust=no; AD-vs-AD pairs unverified against mesh noise
2026-09-27T17:49:23+00:00,7ca77f1,A,A-sphere7-ring6-hfss,hfss-v1-masked,three:Normal|Mild|Severe,M6,M6.N[3.60]: <N> in 50 MHz sub-band from 3.60 GHz,1,none-fisher,ideal,none (noisy realisations of 1 sim/stage),Normal:1|Mild:1|Severe:1,1500,,,,213.60191950657585,53.40102688403886,,,weakest=Normal|Mild; J_eff_min=0.0981; gap/port_min=0.443; gap/mesh=pending; bayes_err_max=2.39e-25; shift_robust=no; band_gap_retention=-2.38; freq_robust=no; AD-vs-AD pairs unverified against mesh noise
2026-09-27T17:49:23+00:00,7ca77f1,A,A-sphere7-ring6-hfss,hfss-v1-masked,three:Normal|Mild|Severe,M6,M6.A[3.65]: <A> in 50 MHz sub-band from 3.65 GHz,1,none-fisher,ideal,none (noisy realisations of 1 sim/stage),Normal:1|Mild:1|Severe:1,1500,,,,1088.787711031048,272.1969435774106,,,weakest=Normal|Mild; J_eff_min=0.157; gap/port_min=0.56; gap/mesh=pending; bayes_err_max=1.04e-120; shift_robust=no; band_gap_retention=0.94; freq_robust=no; AD-vs-AD pairs unverified against mesh noise
2026-09-27T17:49:23+00:00,7ca77f1,A,A-sphere7-ring6-hfss,hfss-v1-masked,three:Normal|Mild|Severe,M6,M6.N[3.65]: <N> in 50 MHz sub-band from 3.65 GHz,1,none-fisher,ideal,none (noisy realisations of 1 sim/stage),Normal:1|Mild:1|Severe:1,1500,,,,1106.2981703079583,276.5745578578226,,,weakest=Normal|Mild; J_eff_min=0.16; gap/port_min=0.565; gap/mesh=pending; bayes_err_max=1.29e-122; shift_robust=no; band_gap_retention=0.94; freq_robust=no; AD-vs-AD pairs unverified against mesh noise
2026-09-27T17:49:23+00:00,7ca77f1,A,A-sphere7-ring6-hfss,hfss-v1-masked,three:Normal|Mild|Severe,M6,M6.A[3.70]: <A> in 50 MHz sub-band from 3.70 GHz,1,none-fisher,ideal,none (noisy realisations of 1 sim/stage),Normal:1|Mild:1|Severe:1,1500,,,,14.392269341111007,3.5983617699995905,,,weakest=Normal|Mild; J_eff_min=0.00345; gap/port_min=0.0831; gap/mesh=pending; bayes_err_max=0.00365; shift_robust=no; band_gap_retention=0.46; freq_robust=no; AD-vs-AD pairs unverified against mesh noise
2026-09-27T17:49:23+00:00,7ca77f1,A,A-sphere7-ring6-hfss,hfss-v1-masked,three:Normal|Mild|Severe,M6,M6.N[3.70]: <N> in 50 MHz sub-band from 3.70 GHz,1,none-fisher,ideal,none (noisy realisations of 1 sim/stage),Normal:1|Mild:1|Severe:1,1500,,,,15.151227488540508,3.7881040172119578,,,weakest=Normal|Mild; J_eff_min=0.00364; gap/port_min=0.0854; gap/mesh=pending; bayes_err_max=0.00295; shift_robust=no; band_gap_retention=0.47; freq_robust=no; AD-vs-AD pairs unverified against mesh noise
2026-09-27T17:49:23+00:00,7ca77f1,A,A-sphere7-ring6-hfss,hfss-v1-masked,three:Normal|Mild|Severe,M6,M6.A[3.75]: <A> in 50 MHz sub-band from 3.75 GHz,1,none-fisher,ideal,none (noisy realisations of 1 sim/stage),Normal:1|Mild:1|Severe:1,1500,,,,103.48243493411906,25.87081169974918,,,weakest=Normal|Mild; J_eff_min=0.0354; gap/port_min=0.266; gap/mesh=pending; bayes_err_max=3.15e-13; shift_robust=no; band_gap_retention=0.52; freq_robust=no; AD-vs-AD pairs unverified against mesh noise
2026-09-27T17:49:23+00:00,7ca77f1,A,A-sphere7-ring6-hfss,hfss-v1-masked,three:Normal|Mild|Severe,M6,M6.N[3.75]: <N> in 50 MHz sub-band from 3.75 GHz,1,none-fisher,ideal,none (noisy realisations of 1 sim/stage),Normal:1|Mild:1|Severe:1,1500,,,,106.87729259827823,26.719528612216116,,,weakest=Normal|Mild; J_eff_min=0.0366; gap/port_min=0.271; gap/mesh=pending; bayes_err_max=1.33e-13; shift_robust=no; band_gap_retention=0.53; freq_robust=no; AD-vs-AD pairs unverified against mesh noise
2026-09-27T17:49:23+00:00,7ca77f1,A,A-sphere7-ring6-hfss,hfss-v1-masked,three:Normal|Mild|Severe,M6,M6.A[3.80]: <A> in 50 MHz sub-band from 3.80 GHz,1,none-fisher,ideal,none (noisy realisations of 1 sim/stage),Normal:1|Mild:1|Severe:1,1500,,,,139.5012438580076,34.875811252433095,,,weakest=Mild|Severe; J_eff_min=0.0592; gap/port_min=0.344; gap/mesh=pending; bayes_err_max=3.3e-17; shift_robust=no; band_gap_retention=0.96; freq_robust=no; AD-vs-AD pairs unverified against mesh noise
2026-09-27T17:49:23+00:00,7ca77f1,A,A-sphere7-ring6-hfss,hfss-v1-masked,three:Normal|Mild|Severe,M6,M6.N[3.80]: <N> in 50 MHz sub-band from 3.80 GHz,1,none-fisher,ideal,none (noisy realisations of 1 sim/stage),Normal:1|Mild:1|Severe:1,1500,,,,139.68856158998602,34.922640758141874,,,weakest=Mild|Severe; J_eff_min=0.0593; gap/port_min=0.344; gap/mesh=pending; bayes_err_max=3.15e-17; shift_robust=no; band_gap_retention=0.96; freq_robust=no; AD-vs-AD pairs unverified against mesh noise
2026-09-27T17:49:23+00:00,7ca77f1,A,A-sphere7-ring6-hfss,hfss-v1-masked,three:Normal|Mild|Severe,M6,M6.A[3.85]: <A> in 50 MHz sub-band from 3.85 GHz,1,none-fisher,ideal,none (noisy realisations of 1 sim/stage),Normal:1|Mild:1|Severe:1,1500,,,,60.47225646899091,15.118064454917555,,,weakest=Mild|Severe; J_eff_min=0.354; gap/port_min=0.843; gap/mesh=pending; bayes_err_max=1.91e-08; shift_robust=no; band_gap_retention=0.98; freq_robust=no; AD-vs-AD pairs unverified against mesh noise
2026-09-27T17:49:23+00:00,7ca77f1,A,A-sphere7-ring6-hfss,hfss-v1-masked,three:Normal|Mild|Severe,M6,M6.N[3.85]: <N> in 50 MHz sub-band from 3.85 GHz,1,none-fisher,ideal,none (noisy realisations of 1 sim/stage),Normal:1|Mild:1|Severe:1,1500,,,,60.49696377853242,15.124241280862675,,,weakest=Mild|Severe; J_eff_min=0.354; gap/port_min=0.844; gap/mesh=pending; bayes_err_max=1.9e-08; shift_robust=no; band_gap_retention=0.98; freq_robust=no; AD-vs-AD pairs unverified against mesh noise
2026-09-27T17:49:23+00:00,7ca77f1,A,A-sphere7-ring6-hfss,hfss-v1-masked,three:Normal|Mild|Severe,M6,M6.A[3.90]: <A> in 50 MHz sub-band from 3.90 GHz,1,none-fisher,ideal,none (noisy realisations of 1 sim/stage),Normal:1|Mild:1|Severe:1,1500,,,,25.683178419266664,6.423253078911866,,,weakest=Mild|Severe; J_eff_min=1; gap/port_min=1.44; gap/mesh=pending; bayes_err_max=0.000166; shift_robust=no; band_gap_retention=0.97; freq_robust=no; AD-vs-AD pairs unverified against mesh noise
2026-09-27T17:49:23+00:00,7ca77f1,A,A-sphere7-ring6-hfss,hfss-v1-masked,three:Normal|Mild|Severe,M6,M6.N[3.90]: <N> in 50 MHz sub-band from 3.90 GHz,1,none-fisher,ideal,none (noisy realisations of 1 sim/stage),Normal:1|Mild:1|Severe:1,1500,,,,25.689126678615715,6.42474013661499,,,weakest=Mild|Severe; J_eff_min=1; gap/port_min=1.44; gap/mesh=pending; bayes_err_max=0.000166; shift_robust=no; band_gap_retention=0.97; freq_robust=no; AD-vs-AD pairs unverified against mesh noise
2026-09-27T17:49:23+00:00,7ca77f1,A,A-sphere7-ring6-hfss,hfss-v1-masked,three:Normal|Mild|Severe,M6,M6.A[3.95]: <A> in 50 MHz sub-band from 3.95 GHz,1,none-fisher,ideal,none (noisy realisations of 1 sim/stage),Normal:1|Mild:1|Severe:1,1500,,,,10.597531306594965,2.6496630231361507,,,weakest=Mild|Severe; J_eff_min=1.42; gap/port_min=1.81; gap/mesh=pending; bayes_err_max=0.0107; shift_robust=no; band_gap_retention=0.97; freq_robust=no; AD-vs-AD pairs unverified against mesh noise
2026-09-27T17:49:23+00:00,7ca77f1,A,A-sphere7-ring6-hfss,hfss-v1-masked,three:Normal|Mild|Severe,M6,M6.N[3.95]: <N> in 50 MHz sub-band from 3.95 GHz,1,none-fisher,ideal,none (noisy realisations of 1 sim/stage),Normal:1|Mild:1|Severe:1,1500,,,,10.59945677054395,2.6501444001462064,,,weakest=Mild|Severe; J_eff_min=1.42; gap/port_min=1.81; gap/mesh=pending; bayes_err_max=0.0107; shift_robust=no; band_gap_retention=0.97; freq_robust=no; AD-vs-AD pairs unverified against mesh noise
2026-09-27T17:49:23+00:00,7ca77f1,A,A-sphere7-ring6-hfss,hfss-v1-masked,three:Normal|Mild|Severe,M6,M6.A[4.00]: <A> in 50 MHz sub-band from 4.00 GHz,1,none-fisher,ideal,none (noisy realisations of 1 sim/stage),Normal:1|Mild:1|Severe:1,1500,,,,5.4275792211324045,1.357046989128295,,,weakest=Mild|Severe; J_eff_min=1.49; gap/port_min=2.02; gap/mesh=pending; bayes_err_max=0.0497; shift_robust=no; band_gap_retention=0.97; freq_robust=no; AD-vs-AD pairs unverified against mesh noise
2026-09-27T17:49:23+00:00,7ca77f1,A,A-sphere7-ring6-hfss,hfss-v1-masked,three:Normal|Mild|Severe,M6,M6.N[4.00]: <N> in 50 MHz sub-band from 4.00 GHz,1,none-fisher,ideal,none (noisy realisations of 1 sim/stage),Normal:1|Mild:1|Severe:1,1500,,,,5.428352370326377,1.357240276845782,,,weakest=Mild|Severe; J_eff_min=1.49; gap/port_min=2.02; gap/mesh=pending; bayes_err_max=0.0497; shift_robust=no; band_gap_retention=0.97; freq_robust=no; AD-vs-AD pairs unverified against mesh noise
2026-09-27T17:49:23+00:00,7ca77f1,A,A-sphere7-ring6-hfss,hfss-v1-masked,three:Normal|Mild|Severe,M6,M6.A[4.05]: <A> in 50 MHz sub-band from 4.05 GHz,1,none-fisher,ideal,none (noisy realisations of 1 sim/stage),Normal:1|Mild:1|Severe:1,1500,,,,2.6712698175829206,0.6678200324040792,,,weakest=Mild|Severe; J_eff_min=1.08; gap/port_min=1.9; gap/mesh=pending; bayes_err_max=0.124; shift_robust=no; band_gap_retention=0.96; freq_robust=no; AD-vs-AD pairs unverified against mesh noise
2026-09-27T17:49:23+00:00,7ca77f1,A,A-sphere7-ring6-hfss,hfss-v1-masked,three:Normal|Mild|Severe,M6,M6.N[4.05]: <N> in 50 MHz sub-band from 4.05 GHz,1,none-fisher,ideal,none (noisy realisations of 1 sim/stage),Normal:1|Mild:1|Severe:1,1500,,,,2.6716182624056195,0.6679071441153289,,,weakest=Mild|Severe; J_eff_min=1.08; gap/port_min=1.9; gap/mesh=pending; bayes_err_max=0.124; shift_robust=no; band_gap_retention=0.96; freq_robust=no; AD-vs-AD pairs unverified against mesh noise
2026-09-27T17:49:23+00:00,7ca77f1,A,A-sphere7-ring6-hfss,hfss-v1-masked,three:Normal|Mild|Severe,M6,M6.A[4.10]: <A> in 50 MHz sub-band from 4.10 GHz,1,none-fisher,ideal,none (noisy realisations of 1 sim/stage),Normal:1|Mild:1|Severe:1,1500,,,,1.0084227892236077,0.2522823087579115,,,weakest=Mild|Severe; J_eff_min=0.512; gap/port_min=1.44; gap/mesh=pending; bayes_err_max=0.239; shift_robust=no; band_gap_retention=0.94; freq_robust=no; AD-vs-AD pairs unverified against mesh noise
2026-09-27T17:49:23+00:00,7ca77f1,A,A-sphere7-ring6-hfss,hfss-v1-masked,three:Normal|Mild|Severe,M6,M6.N[4.10]: <N> in 50 MHz sub-band from 4.10 GHz,1,none-fisher,ideal,none (noisy realisations of 1 sim/stage),Normal:1|Mild:1|Severe:1,1500,,,,1.008589121225149,0.25232389209551265,,,weakest=Mild|Severe; J_eff_min=0.512; gap/port_min=1.44; gap/mesh=pending; bayes_err_max=0.239; shift_robust=no; band_gap_retention=0.94; freq_robust=no; AD-vs-AD pairs unverified against mesh noise
2026-09-27T17:49:23+00:00,7ca77f1,A,A-sphere7-ring6-hfss,hfss-v1-masked,three:Normal|Mild|Severe,M6,M6.A[4.15]: <A> in 50 MHz sub-band from 4.15 GHz,1,none-fisher,ideal,none (noisy realisations of 1 sim/stage),Normal:1|Mild:1|Severe:1,1500,,,,0.19202772505109209,0.04883593903329678,,,weakest=Mild|Severe; J_eff_min=0.119; gap/port_min=0.794; gap/mesh=pending; bayes_err_max=0.378; shift_robust=no; band_gap_retention=0.94; freq_robust=no; AD-vs-AD pairs unverified against mesh noise
2026-09-27T17:49:23+00:00,7ca77f1,A,A-sphere7-ring6-hfss,hfss-v1-masked,three:Normal|Mild|Severe,M6,M6.N[4.15]: <N> in 50 MHz sub-band from 4.15 GHz,1,none-fisher,ideal,none (noisy realisations of 1 sim/stage),Normal:1|Mild:1|Severe:1,1500,,,,0.19208932475376056,0.04885133781823814,,,weakest=Mild|Severe; J_eff_min=0.119; gap/port_min=0.794; gap/mesh=pending; bayes_err_max=0.378; shift_robust=no; band_gap_retention=0.94; freq_robust=no; AD-vs-AD pairs unverified against mesh noise
2026-09-27T17:49:23+00:00,7ca77f1,A,A-sphere7-ring6-hfss,hfss-v1-masked,three:Normal|Mild|Severe,M7,"M7.D: <Σ_j|S_ji - S_ref,ji|^2>_B, ref = circulant(Normal)",1,none-fisher,ideal,none (noisy realisations of 1 sim/stage),Normal:1|Mild:1|Severe:1,1500,,,,1388.6185586915685,347.15650011772345,,,weakest=Mild|Severe; J_eff_min=0.696; gap/port_min=1.18; gap/mesh=pending; bayes_err_max=1.35e-153; shift_robust=no; band_gap_retention=0.88; freq_robust=no; AD-vs-AD pairs unverified against mesh noise
2026-09-27T17:49:23+00:00,7ca77f1,A,A-sphere7-ring6-hfss,hfss-v1-masked,three:Normal|Mild|Severe,M7,"M7.D_pow: <Σ_j(|S_ji|^2 - |S_ref,ji|^2)^2>_B (phase-free)",1,none-fisher,ideal,none (noisy realisations of 1 sim/stage),Normal:1|Mild:1|Severe:1,1500,,,,753.8304712254896,188.47214246844814,,,weakest=Mild|Severe; J_eff_min=4.09; gap/port_min=2.87; gap/mesh=pending; bayes_err_max=1.86e-85; shift_robust=no; band_gap_retention=0.82; freq_robust=no; AD-vs-AD pairs unverified against mesh noise
2026-09-27T17:49:23+00:00,7ca77f1,A,A-sphere7-ring6-hfss,hfss-v1-masked,three:Normal|Mild|Severe,M7,"M7.D0: <|S_(i±0,i) - ref|^2>_B",1,none-fisher,ideal,none (noisy realisations of 1 sim/stage),Normal:1|Mild:1|Severe:1,1500,,,,1373.8591285326972,343.4666428406042,,,weakest=Mild|Severe; J_eff_min=0.696; gap/port_min=1.18; gap/mesh=pending; bayes_err_max=5.48e-152; shift_robust=no; band_gap_retention=0.88; freq_robust=no; AD-vs-AD pairs unverified against mesh noise
2026-09-27T17:49:23+00:00,7ca77f1,A,A-sphere7-ring6-hfss,hfss-v1-masked,three:Normal|Mild|Severe,M7,"M7.D1: <|S_(i±1,i) - ref|^2>_B",1,none-fisher,ideal,none (noisy realisations of 1 sim/stage),Normal:1|Mild:1|Severe:1,1500,,,,1083.1207560706018,270.7811210393202,,,weakest=Mild|Severe; J_eff_min=0.027; gap/port_min=0.232; gap/mesh=pending; bayes_err_max=3.35e-120; shift_robust=no; band_gap_retention=1.02; freq_robust=no; AD-vs-AD pairs unverified against mesh noise
2026-09-27T17:49:23+00:00,7ca77f1,A,A-sphere7-ring6-hfss,hfss-v1-masked,three:Normal|Mild|Severe,M7,"M7.D2: <|S_(i±2,i) - ref|^2>_B",1,none-fisher,ideal,none (noisy realisations of 1 sim/stage),Normal:1|Mild:1|Severe:1,1500,,,,42717.94218239252,10679.498179450782,,,weakest=Mild|Severe; J_eff_min=3.16; gap/port_min=2.51; gap/mesh=pending; bayes_err_max=0; shift_robust=no; band_gap_retention=1.05; freq_robust=no; AD-vs-AD pairs unverified against mesh noise
2026-09-27T17:49:23+00:00,7ca77f1,A,A-sphere7-ring6-hfss,hfss-v1-masked,three:Normal|Mild|Severe,M7,"M7.D3: <|S_(i±3,i) - ref|^2>_B",1,none-fisher,ideal,none (noisy realisations of 1 sim/stage),Normal:1|Mild:1|Severe:1,1500,,,,39506.25382262433,9876.60323348823,,,weakest=Mild|Severe; J_eff_min=3.29; gap/port_min=2.57; gap/mesh=pending; bayes_err_max=0; shift_robust=no; band_gap_retention=1.10; freq_robust=no; AD-vs-AD pairs unverified against mesh noise
2026-09-27T17:49:23+00:00,7ca77f1,A,A-sphere7-ring6-hfss,hfss-v1-masked,three:Normal|Mild|Severe,M7,"M7.D3[k3]: <|S_(i+3,i) - ref|^2> over k3 window",1,none-fisher,ideal,none (noisy realisations of 1 sim/stage),Normal:1|Mild:1|Severe:1,1500,,,,32524.394028172155,8131.141918068007,,,weakest=Mild|Severe; J_eff_min=5.04; gap/port_min=3.18; gap/mesh=pending; bayes_err_max=0; shift_robust=no; band_gap_retention=0.87; freq_robust=no; AD-vs-AD pairs unverified against mesh noise
2026-09-27T17:49:23+00:00,7ca77f1,A,A-sphere7-ring6-hfss,hfss-v1-masked,three:Normal|Mild|Severe,M8,M8.s1^2: <s_1(S)^2>_B (singular value),1,none-fisher,ideal,none (noisy realisations of 1 sim/stage),Normal:1|Mild:1|Severe:1,1500,,,,1.2985448171465466,0.32571414648332936,,,weakest=Normal|Mild; J_eff_min=nan; gap/port_min=nan; gap/mesh=pending; bayes_err_max=0.21; shift_robust=no; band_gap_retention=0.20; freq_robust=no; AD-vs-AD pairs unverified against mesh noise; matrix-level: no per-antenna port-noise estimate
2026-09-27T17:49:23+00:00,7ca77f1,A,A-sphere7-ring6-hfss,hfss-v1-masked,three:Normal|Mild|Severe,M8,M8.s2^2: <s_2(S)^2>_B (singular value),1,none-fisher,ideal,none (noisy realisations of 1 sim/stage),Normal:1|Mild:1|Severe:1,1500,,,,8.977128485176891,2.244285121903694,,,weakest=Mild|Severe; J_eff_min=nan; gap/port_min=nan; gap/mesh=pending; bayes_err_max=0.0171; shift_robust=no; band_gap_retention=-0.75; freq_robust=no; AD-vs-AD pairs unverified against mesh noise; matrix-level: no per-antenna port-noise estimate
2026-09-27T17:49:23+00:00,7ca77f1,A,A-sphere7-ring6-hfss,hfss-v1-masked,three:Normal|Mild|Severe,M8,M8.s3^2: <s_3(S)^2>_B (singular value),1,none-fisher,ideal,none (noisy realisations of 1 sim/stage),Normal:1|Mild:1|Severe:1,1500,,,,3.3461090818735904,0.8367311657236582,,,weakest=Mild|Severe; J_eff_min=nan; gap/port_min=nan; gap/mesh=pending; bayes_err_max=0.0979; shift_robust=no; band_gap_retention=-266.80; freq_robust=no; AD-vs-AD pairs unverified against mesh noise; matrix-level: no per-antenna port-noise estimate
2026-09-27T17:49:23+00:00,7ca77f1,A,A-sphere7-ring6-hfss,hfss-v1-masked,three:Normal|Mild|Severe,M8,M8.s4^2: <s_4(S)^2>_B (singular value),1,none-fisher,ideal,none (noisy realisations of 1 sim/stage),Normal:1|Mild:1|Severe:1,1500,,,,2.0980585104023897,0.5254362680064386,,,weakest=Mild|Severe; J_eff_min=nan; gap/port_min=nan; gap/mesh=pending; bayes_err_max=0.153; shift_robust=no; band_gap_retention=-0.15; freq_robust=no; AD-vs-AD pairs unverified against mesh noise; matrix-level: no per-antenna port-noise estimate
2026-09-27T17:49:23+00:00,7ca77f1,A,A-sphere7-ring6-hfss,hfss-v1-masked,three:Normal|Mild|Severe,M8,M8.s5^2: <s_5(S)^2>_B (singular value),1,none-fisher,ideal,none (noisy realisations of 1 sim/stage),Normal:1|Mild:1|Severe:1,1500,,,,8.435738204601126,2.1096032103998117,,,weakest=Mild|Severe; J_eff_min=nan; gap/port_min=nan; gap/mesh=pending; bayes_err_max=0.02; shift_robust=no; band_gap_retention=0.57; freq_robust=no; AD-vs-AD pairs unverified against mesh noise; matrix-level: no per-antenna port-noise estimate
2026-09-27T17:49:23+00:00,7ca77f1,A,A-sphere7-ring6-hfss,hfss-v1-masked,three:Normal|Mild|Severe,M8,M8.s6^2: <s_6(S)^2>_B (singular value),1,none-fisher,ideal,none (noisy realisations of 1 sim/stage),Normal:1|Mild:1|Severe:1,1500,,,,0.10528168687796563,0.02634590527884015,,,weakest=Mild|Severe; J_eff_min=nan; gap/port_min=nan; gap/mesh=pending; bayes_err_max=0.409; shift_robust=no; band_gap_retention=-2.61; freq_robust=no; AD-vs-AD pairs unverified against mesh noise; matrix-level: no per-antenna port-noise estimate
2026-09-27T17:49:23+00:00,7ca77f1,A,A-sphere7-ring6-hfss,hfss-v1-masked,three:Normal|Mild|Severe,M8,M8.lam0^2: <|λ_0|^2> circulant mode 0 (full),1,none-fisher,ideal,none (noisy realisations of 1 sim/stage),Normal:1|Mild:1|Severe:1,1500,,,,26.198970066203813,6.549772218983543,,,weakest=Mild|Severe; J_eff_min=0.205; gap/port_min=0.643; gap/mesh=pending; bayes_err_max=0.000148; shift_robust=no; band_gap_retention=0.40; freq_robust=no; AD-vs-AD pairs unverified against mesh noise
2026-09-27T17:49:23+00:00,7ca77f1,A,A-sphere7-ring6-hfss,hfss-v1-masked,three:Normal|Mild|Severe,M8,M8.lam1^2: <|λ_1|^2> circulant mode 1 (full),1,none-fisher,ideal,none (noisy realisations of 1 sim/stage),Normal:1|Mild:1|Severe:1,1500,,,,25.549872594039396,6.387499842007552,,,weakest=Mild|Severe; J_eff_min=0.201; gap/port_min=0.636; gap/mesh=pending; bayes_err_max=0.000176; shift_robust=no; band_gap_retention=0.30; freq_robust=no; AD-vs-AD pairs unverified against mesh noise
2026-09-27T17:49:23+00:00,7ca77f1,A,A-sphere7-ring6-hfss,hfss-v1-masked,three:Normal|Mild|Severe,M8,M8.lam2^2: <|λ_2|^2> circulant mode 2 (full),1,none-fisher,ideal,none (noisy realisations of 1 sim/stage),Normal:1|Mild:1|Severe:1,1500,,,,27.795715956407822,6.948968922849884,,,weakest=Mild|Severe; J_eff_min=0.227; gap/port_min=0.677; gap/mesh=pending; bayes_err_max=9.65e-05; shift_robust=no; band_gap_retention=0.28; freq_robust=no; AD-vs-AD pairs unverified against mesh noise
2026-09-27T17:49:23+00:00,7ca77f1,A,A-sphere7-ring6-hfss,hfss-v1-masked,three:Normal|Mild|Severe,M8,M8.lam3^2: <|λ_3|^2> circulant mode 3 (full),1,none-fisher,ideal,none (noisy realisations of 1 sim/stage),Normal:1|Mild:1|Severe:1,1500,,,,40.74045062854781,10.185144803566688,,,weakest=Mild|Severe; J_eff_min=0.325; gap/port_min=0.809; gap/mesh=pending; bayes_err_max=3.19e-06; shift_robust=no; band_gap_retention=0.21; freq_robust=no; AD-vs-AD pairs unverified against mesh noise
2026-09-27T17:49:23+00:00,7ca77f1,A,A-sphere7-ring6-hfss,hfss-v1-masked,three:Normal|Mild|Severe,M8,M8.lam0^2[k3]: <|λ_0|^2> circulant mode 0 (k3),1,none-fisher,ideal,none (noisy realisations of 1 sim/stage),Normal:1|Mild:1|Severe:1,1500,,,,5158.040017507137,1289.5116007885044,,,weakest=Mild|Severe; J_eff_min=2.59; gap/port_min=2.28; gap/mesh=pending; bayes_err_max=0; shift_robust=no; band_gap_retention=0.86; freq_robust=no; AD-vs-AD pairs unverified against mesh noise
2026-09-27T17:49:23+00:00,7ca77f1,A,A-sphere7-ring6-hfss,hfss-v1-masked,three:Normal|Mild|Severe,M8,M8.lam1^2[k3]: <|λ_1|^2> circulant mode 1 (k3),1,none-fisher,ideal,none (noisy realisations of 1 sim/stage),Normal:1|Mild:1|Severe:1,1500,,,,5149.971081772974,1287.4941115042354,,,weakest=Mild|Severe; J_eff_min=2.41; gap/port_min=2.19; gap/mesh=pending; bayes_err_max=0; shift_robust=no; band_gap_retention=0.86; freq_robust=no; AD-vs-AD pairs unverified against mesh noise
2026-09-27T17:49:23+00:00,7ca77f1,A,A-sphere7-ring6-hfss,hfss-v1-masked,three:Normal|Mild|Severe,M8,M8.lam2^2[k3]: <|λ_2|^2> circulant mode 2 (k3),1,none-fisher,ideal,none (noisy realisations of 1 sim/stage),Normal:1|Mild:1|Severe:1,1500,,,,4613.5464863290745,1153.3877744665513,,,weakest=Mild|Severe; J_eff_min=1.93; gap/port_min=1.96; gap/mesh=pending; bayes_err_max=0; shift_robust=no; band_gap_retention=0.85; freq_robust=no; AD-vs-AD pairs unverified against mesh noise
2026-09-27T17:49:23+00:00,7ca77f1,A,A-sphere7-ring6-hfss,hfss-v1-masked,three:Normal|Mild|Severe,M8,M8.lam3^2[k3]: <|λ_3|^2> circulant mode 3 (k3),1,none-fisher,ideal,none (noisy realisations of 1 sim/stage),Normal:1|Mild:1|Severe:1,1500,,,,4807.482546004299,1201.871824198027,,,weakest=Mild|Severe; J_eff_min=2.02; gap/port_min=2.01; gap/mesh=pending; bayes_err_max=0; shift_robust=no; band_gap_retention=0.86; freq_robust=no; AD-vs-AD pairs unverified against mesh noise
2026-09-27T17:49:23+00:00,7ca77f1,A,A-sphere7-ring6-hfss,hfss-v1-masked,three:Normal|Mild|Severe,M0,M0.old_score: mean_B Σ_{j≠i}|S_ii+S_ij|/VSWR_i,1,none-fisher,good,none (noisy realisations of 1 sim/stage),Normal:1|Mild:1|Severe:1,1500,,,,16.288904711009554,4.072263725851162,,,weakest=Mild|Severe; J_eff_min=0.96; gap/port_min=1.43; gap/mesh=pending; bayes_err_max=0.00216; shift_robust=no; band_gap_retention=0.74; freq_robust=no; AD-vs-AD pairs unverified against mesh noise; baseline only; not a physical quantity
2026-09-27T17:49:23+00:00,7ca77f1,A,A-sphere7-ring6-hfss,hfss-v1-masked,three:Normal|Mild|Severe,M1,M1.Sii_dBavg: mean_B 20log10|S_ii|,1,none-fisher,good,none (noisy realisations of 1 sim/stage),Normal:1|Mild:1|Severe:1,1500,,,,0.5347815830064789,0.1351889661791766,,,weakest=Normal|Severe; J_eff_min=0.00246; gap/port_min=0.0703; gap/mesh=pending; bayes_err_max=0.302; shift_robust=no; band_gap_retention=0.67; freq_robust=no; AD-vs-AD pairs unverified against mesh noise; dB averaging; shown for fragility
2026-09-27T17:49:23+00:00,7ca77f1,A,A-sphere7-ring6-hfss,hfss-v1-masked,three:Normal|Mild|Severe,M2,M2.R: <|S_ii|^2>_B,1,none-fisher,good,none (noisy realisations of 1 sim/stage),Normal:1|Mild:1|Severe:1,1500,,,,7.089269680585244,1.7724379761835547,,,weakest=Mild|Severe; J_eff_min=0.227; gap/port_min=0.685; gap/mesh=pending; bayes_err_max=0.0299; shift_robust=no; band_gap_retention=0.29; freq_robust=no; AD-vs-AD pairs unverified against mesh noise
2026-09-27T17:49:23+00:00,7ca77f1,A,A-sphere7-ring6-hfss,hfss-v1-masked,three:Normal|Mild|Severe,M2,M2.R[k3]: <|S_ii|^2> over k3 window,1,none-fisher,good,none (noisy realisations of 1 sim/stage),Normal:1|Mild:1|Severe:1,1500,,,,1068.6504828471734,267.1664623044645,,,weakest=Mild|Severe; J_eff_min=2.22; gap/port_min=2.11; gap/mesh=pending; bayes_err_max=5.78e-119; shift_robust=no; band_gap_retention=0.86; freq_robust=no; AD-vs-AD pairs unverified against mesh noise
2026-09-27T17:49:23+00:00,7ca77f1,A,A-sphere7-ring6-hfss,hfss-v1-masked,three:Normal|Mild|Severe,M3,M3.A: <1-|S_ii|^2>_B,1,none-fisher,good,none (noisy realisations of 1 sim/stage),Normal:1|Mild:1|Severe:1,1500,,,,7.0892696805850735,1.772437976183512,,,weakest=Mild|Severe; J_eff_min=0.227; gap/port_min=0.685; gap/mesh=pending; bayes_err_max=0.0299; shift_robust=no; band_gap_retention=0.29; freq_robust=no; AD-vs-AD pairs unverified against mesh noise; affine copy of M2.R (identical separability)
2026-09-27T17:49:23+00:00,7ca77f1,A,A-sphere7-ring6-hfss,hfss-v1-masked,three:Normal|Mild|Severe,M3,M3.ML_of_powavg: -10log10<A>_B (dB),1,none-fisher,good,none (noisy realisations of 1 sim/stage),Normal:1|Mild:1|Severe:1,1500,,,,7.042025125198951,1.760599822163402,,,weakest=Mild|Severe; J_eff_min=0.226; gap/port_min=0.683; gap/mesh=pending; bayes_err_max=0.0303; shift_robust=no; band_gap_retention=0.28; freq_robust=no; AD-vs-AD pairs unverified against mesh noise
2026-09-27T17:49:23+00:00,7ca77f1,A,A-sphere7-ring6-hfss,hfss-v1-masked,three:Normal|Mild|Severe,M3,M3.ML_dBavg: <-10log10 A>_B (dB-averaged ML),1,none-fisher,good,none (noisy realisations of 1 sim/stage),Normal:1|Mild:1|Severe:1,1500,,,,6.695317758293713,1.6738337510026535,,,weakest=Mild|Severe; J_eff_min=0.922; gap/port_min=1.46; gap/mesh=pending; bayes_err_max=0.0336; shift_robust=no; band_gap_retention=0.75; freq_robust=no; AD-vs-AD pairs unverified against mesh noise; dB averaging; comparison only
2026-09-27T17:49:23+00:00,7ca77f1,A,A-sphere7-ring6-hfss,hfss-v1-masked,three:Normal|Mild|Severe,M4,M4.N: <1-Σ_j|S_ji|^2>_B (absorbed+radiated+loss),1,none-fisher,good,none (noisy realisations of 1 sim/stage),Normal:1|Mild:1|Severe:1,1500,,,,7.322481702754148,1.8307405040474247,,,weakest=Mild|Severe; J_eff_min=0.234; gap/port_min=0.696; gap/mesh=pending; bayes_err_max=0.0278; shift_robust=no; band_gap_retention=0.29; freq_robust=no; AD-vs-AD pairs unverified against mesh noise
2026-09-27T17:49:23+00:00,7ca77f1,A,A-sphere7-ring6-hfss,hfss-v1-masked,three:Normal|Mild|Severe,M4,M4.N[k3]: <N> over k3 window,1,none-fisher,good,none (noisy realisations of 1 sim/stage),Normal:1|Mild:1|Severe:1,1500,,,,1056.9694685647844,264.2461785015288,,,weakest=Mild|Severe; J_eff_min=2.21; gap/port_min=2.1; gap/mesh=pending; bayes_err_max=1.1e-117; shift_robust=no; band_gap_retention=0.86; freq_robust=no; AD-vs-AD pairs unverified against mesh noise
2026-09-27T17:49:23+00:00,7ca77f1,A,A-sphere7-ring6-hfss,hfss-v1-masked,three:Normal|Mild|Severe,M5,M5.C: <Σ_(j≠i)|S_ji|^2> (full),1,none-fisher,good,none (noisy realisations of 1 sim/stage),Normal:1|Mild:1|Severe:1,1500,,,,2719.9437064556887,679.9869072089273,,,weakest=Normal|Mild; J_eff_min=2.7; gap/port_min=2.33; gap/mesh=pending; bayes_err_max=2.69e-298; shift_robust=yes; band_gap_retention=1.11; freq_robust=no; AD-vs-AD pairs unverified against mesh noise
2026-09-27T17:49:23+00:00,7ca77f1,A,A-sphere7-ring6-hfss,hfss-v1-masked,three:Normal|Mild|Severe,M5,"M5.C1: <|S_(i±1,i)|^2> (full)",1,none-fisher,good,none (noisy realisations of 1 sim/stage),Normal:1|Mild:1|Severe:1,1500,,,,2312.231024916684,578.0587334716209,,,weakest=Normal|Mild; J_eff_min=2.22; gap/port_min=2.11; gap/mesh=pending; bayes_err_max=5.97e-254; shift_robust=yes; band_gap_retention=1.11; freq_robust=no; AD-vs-AD pairs unverified against mesh noise
2026-09-27T17:49:23+00:00,7ca77f1,A,A-sphere7-ring6-hfss,hfss-v1-masked,three:Normal|Mild|Severe,M5,"M5.C2: <|S_(i±2,i)|^2> (full)",1,none-fisher,good,none (noisy realisations of 1 sim/stage),Normal:1|Mild:1|Severe:1,1500,,,,3771.557835088823,942.8925253731892,,,weakest=Normal|Mild; J_eff_min=2.32; gap/port_min=2.16; gap/mesh=pending; bayes_err_max=0; shift_robust=yes; band_gap_retention=0.98; freq_robust=no; AD-vs-AD pairs unverified against mesh noise
2026-09-27T17:49:23+00:00,7ca77f1,A,A-sphere7-ring6-hfss,hfss-v1-masked,three:Normal|Mild|Severe,M5,"M5.C3: <|S_(i±3,i)|^2> (full)",1,none-fisher,good,none (noisy realisations of 1 sim/stage),Normal:1|Mild:1|Severe:1,1500,,,,31.176640125052174,7.794715433846098,,,weakest=Mild|Severe; J_eff_min=0.00945; gap/port_min=0.138; gap/mesh=pending; bayes_err_max=3.92e-05; shift_robust=no; band_gap_retention=0.16; freq_robust=no; AD-vs-AD pairs unverified against mesh noise
2026-09-27T17:49:23+00:00,7ca77f1,A,A-sphere7-ring6-hfss,hfss-v1-masked,three:Normal|Mild|Severe,M5,M5.C[k3]: <Σ_(j≠i)|S_ji|^2> (k3),1,none-fisher,good,none (noisy realisations of 1 sim/stage),Normal:1|Mild:1|Severe:1,1500,,,,1187.9436085181392,296.9887537413784,,,weakest=Normal|Mild; J_eff_min=0.424; gap/port_min=0.921; gap/mesh=pending; bayes_err_max=7.33e-132; shift_robust=no; band_gap_retention=0.67; freq_robust=no; AD-vs-AD pairs unverified against mesh noise
2026-09-27T17:49:23+00:00,7ca77f1,A,A-sphere7-ring6-hfss,hfss-v1-masked,three:Normal|Mild|Severe,M5,"M5.C1[k3]: <|S_(i±1,i)|^2> (k3)",1,none-fisher,good,none (noisy realisations of 1 sim/stage),Normal:1|Mild:1|Severe:1,1500,,,,789.1355951911687,197.28660046357666,,,weakest=Normal|Mild; J_eff_min=0.281; gap/port_min=0.75; gap/mesh=pending; bayes_err_max=2.45e-88; shift_robust=no; band_gap_retention=0.60; freq_robust=no; AD-vs-AD pairs unverified against mesh noise
2026-09-27T17:49:23+00:00,7ca77f1,A,A-sphere7-ring6-hfss,hfss-v1-masked,three:Normal|Mild|Severe,M5,"M5.C2[k3]: <|S_(i±2,i)|^2> (k3)",1,none-fisher,good,none (noisy realisations of 1 sim/stage),Normal:1|Mild:1|Severe:1,1500,,,,1528.0454652388357,382.01469218555206,,,weakest=Normal|Mild; J_eff_min=3.66; gap/port_min=2.71; gap/mesh=pending; bayes_err_max=5.01e-169; shift_robust=yes; band_gap_retention=0.75; freq_robust=no; AD-vs-AD pairs unverified against mesh noise
2026-09-27T17:49:23+00:00,7ca77f1,A,A-sphere7-ring6-hfss,hfss-v1-masked,three:Normal|Mild|Severe,M5,"M5.C3[k3]: <|S_(i±3,i)|^2> (k3)",1,none-fisher,good,none (noisy realisations of 1 sim/stage),Normal:1|Mild:1|Severe:1,1500,,,,0.4841711261353907,0.12117628624188119,,,weakest=Mild|Severe; J_eff_min=0.000204; gap/port_min=0.0202; gap/mesh=pending; bayes_err_max=0.311; shift_robust=no; band_gap_retention=-6.41; freq_robust=no; AD-vs-AD pairs unverified against mesh noise
2026-09-27T17:49:23+00:00,7ca77f1,A,A-sphere7-ring6-hfss,hfss-v1-masked,three:Normal|Mild|Severe,M5,"M5.C3_dBavg[k3]: mean over k3 window of 10log10|S_(i+3,i)|^2",1,none-fisher,good,none (noisy realisations of 1 sim/stage),Normal:1|Mild:1|Severe:1,1500,,,,92.35635198630202,23.089091406310082,,,weakest=Mild|Severe; J_eff_min=0.0263; gap/port_min=0.229; gap/mesh=pending; bayes_err_max=5.4e-12; shift_robust=no; band_gap_retention=0.11; freq_robust=no; AD-vs-AD pairs unverified against mesh noise; dB averaging; comparison only
2026-09-27T17:49:23+00:00,7ca77f1,A,A-sphere7-ring6-hfss,hfss-v1-masked,three:Normal|Mild|Severe,M6,M6.fc_A: power-weighted centroid of A(f) [GHz],1,none-fisher,good,none (noisy realisations of 1 sim/stage),Normal:1|Mild:1|Severe:1,1500,,,,16.74758603228265,4.187602014201437,,,weakest=Normal|Mild; J_eff_min=0.47; gap/port_min=0.984; gap/mesh=pending; bayes_err_max=0.0019; shift_robust=no; band_gap_retention=0.78; freq_robust=no; AD-vs-AD pairs unverified against mesh noise
2026-09-27T17:49:23+00:00,7ca77f1,A,A-sphere7-ring6-hfss,hfss-v1-masked,three:Normal|Mild|Severe,M6,M6.spread_A: spectral spread of A(f) [MHz],1,none-fisher,good,none (noisy realisations of 1 sim/stage),Normal:1|Mild:1|Severe:1,1500,,,,4.87570066656369,1.2189272975427858,,,weakest=Mild|Severe; J_eff_min=2.04; gap/port_min=2.65; gap/mesh=pending; bayes_err_max=0.0592; shift_robust=no; band_gap_retention=0.32; freq_robust=no; AD-vs-AD pairs unverified against mesh noise
2026-09-27T17:49:23+00:00,7ca77f1,A,A-sphere7-ring6-hfss,hfss-v1-masked,three:Normal|Mild|Severe,M6,M6.fc_N: power-weighted centroid of N(f) [GHz],1,none-fisher,good,none (noisy realisations of 1 sim/stage),Normal:1|Mild:1|Severe:1,1500,,,,16.793198636358735,4.199006460192853,,,weakest=Normal|Mild; J_eff_min=0.472; gap/port_min=0.986; gap/mesh=pending; bayes_err_max=0.00187; shift_robust=no; band_gap_retention=0.78; freq_robust=no; AD-vs-AD pairs unverified against mesh noise
2026-09-27T17:49:23+00:00,7ca77f1,A,A-sphere7-ring6-hfss,hfss-v1-masked,three:Normal|Mild|Severe,M6,M6.spread_N: spectral spread of N(f) [MHz],1,none-fisher,good,none (noisy realisations of 1 sim/stage),Normal:1|Mild:1|Severe:1,1500,,,,4.832677797068383,1.2081715619642566,,,weakest=Mild|Severe; J_eff_min=2.02; gap/port_min=2.64; gap/mesh=pending; bayes_err_max=0.06; shift_robust=no; band_gap_retention=0.32; freq_robust=no; AD-vs-AD pairs unverified against mesh noise
2026-09-27T17:49:23+00:00,7ca77f1,A,A-sphere7-ring6-hfss,hfss-v1-masked,three:Normal|Mild|Severe,M6,M6.A[3.20]: <A> in 50 MHz sub-band from 3.20 GHz,1,none-fisher,good,none (noisy realisations of 1 sim/stage),Normal:1|Mild:1|Severe:1,1500,,,,13.050498913568974,3.2626810711444665,,,weakest=Mild|Severe; J_eff_min=2.43; gap/port_min=2.44; gap/mesh=pending; bayes_err_max=0.00532; shift_robust=no; band_gap_retention=0.97; freq_robust=no; AD-vs-AD pairs unverified against mesh noise
2026-09-27T17:49:23+00:00,7ca77f1,A,A-sphere7-ring6-hfss,hfss-v1-masked,three:Normal|Mild|Severe,M6,M6.N[3.20]: <N> in 50 MHz sub-band from 3.20 GHz,1,none-fisher,good,none (noisy realisations of 1 sim/stage),Normal:1|Mild:1|Severe:1,1500,,,,13.04589553479105,3.2615302179623096,,,weakest=Mild|Severe; J_eff_min=2.43; gap/port_min=2.44; gap/mesh=pending; bayes_err_max=0.00532; shift_robust=no; band_gap_retention=0.97; freq_robust=no; AD-vs-AD pairs unverified against mesh noise
2026-09-27T17:49:23+00:00,7ca77f1,A,A-sphere7-ring6-hfss,hfss-v1-masked,three:Normal|Mild|Severe,M6,M6.A[3.25]: <A> in 50 MHz sub-band from 3.25 GHz,1,none-fisher,good,none (noisy realisations of 1 sim/stage),Normal:1|Mild:1|Severe:1,1500,,,,3.0462428266480606,0.7619072519847755,,,weakest=Mild|Severe; J_eff_min=0.23; gap/port_min=0.706; gap/mesh=pending; bayes_err_max=0.109; shift_robust=no; band_gap_retention=0.77; freq_robust=no; AD-vs-AD pairs unverified against mesh noise
2026-09-27T17:49:23+00:00,7ca77f1,A,A-sphere7-ring6-hfss,hfss-v1-masked,three:Normal|Mild|Severe,M6,M6.N[3.25]: <N> in 50 MHz sub-band from 3.25 GHz,1,none-fisher,good,none (noisy realisations of 1 sim/stage),Normal:1|Mild:1|Severe:1,1500,,,,3.0456937604973437,0.7617699817280119,,,weakest=Mild|Severe; J_eff_min=0.23; gap/port_min=0.706; gap/mesh=pending; bayes_err_max=0.109; shift_robust=no; band_gap_retention=0.77; freq_robust=no; AD-vs-AD pairs unverified against mesh noise
2026-09-27T17:49:23+00:00,7ca77f1,A,A-sphere7-ring6-hfss,hfss-v1-masked,three:Normal|Mild|Severe,M6,M6.A[3.30]: <A> in 50 MHz sub-band from 3.30 GHz,1,none-fisher,good,none (noisy realisations of 1 sim/stage),Normal:1|Mild:1|Severe:1,1500,,,,23.70250210269482,5.926484414450614,,,weakest=Mild|Severe; J_eff_min=0.648; gap/port_min=1.15; gap/mesh=pending; bayes_err_max=0.000286; shift_robust=no; band_gap_retention=0.62; freq_robust=no; AD-vs-AD pairs unverified against mesh noise
2026-09-27T17:49:23+00:00,7ca77f1,A,A-sphere7-ring6-hfss,hfss-v1-masked,three:Normal|Mild|Severe,M6,M6.N[3.30]: <N> in 50 MHz sub-band from 3.30 GHz,1,none-fisher,good,none (noisy realisations of 1 sim/stage),Normal:1|Mild:1|Severe:1,1500,,,,23.659233410278706,5.915667190102533,,,weakest=Mild|Severe; J_eff_min=0.647; gap/port_min=1.15; gap/mesh=pending; bayes_err_max=0.00029; shift_robust=no; band_gap_retention=0.62; freq_robust=no; AD-vs-AD pairs unverified against mesh noise
2026-09-27T17:49:23+00:00,7ca77f1,A,A-sphere7-ring6-hfss,hfss-v1-masked,three:Normal|Mild|Severe,M6,M6.A[3.35]: <A> in 50 MHz sub-band from 3.35 GHz,1,none-fisher,good,none (noisy realisations of 1 sim/stage),Normal:1|Mild:1|Severe:1,1500,,,,181.52476598449599,45.38173709189086,,,weakest=Normal|Mild; J_eff_min=1.69; gap/port_min=1.85; gap/mesh=pending; bayes_err_max=7.9e-22; shift_robust=no; band_gap_retention=0.73; freq_robust=no; AD-vs-AD pairs unverified against mesh noise
2026-09-27T17:49:23+00:00,7ca77f1,A,A-sphere7-ring6-hfss,hfss-v1-masked,three:Normal|Mild|Severe,M6,M6.N[3.35]: <N> in 50 MHz sub-band from 3.35 GHz,1,none-fisher,good,none (noisy realisations of 1 sim/stage),Normal:1|Mild:1|Severe:1,1500,,,,181.41164273099687,45.353455617596445,,,weakest=Normal|Mild; J_eff_min=1.69; gap/port_min=1.85; gap/mesh=pending; bayes_err_max=8.13e-22; shift_robust=no; band_gap_retention=0.73; freq_robust=no; AD-vs-AD pairs unverified against mesh noise
2026-09-27T17:49:23+00:00,7ca77f1,A,A-sphere7-ring6-hfss,hfss-v1-masked,three:Normal|Mild|Severe,M6,M6.A[3.40]: <A> in 50 MHz sub-band from 3.40 GHz,1,none-fisher,good,none (noisy realisations of 1 sim/stage),Normal:1|Mild:1|Severe:1,1500,,,,822.4055334897814,205.6061541535595,,,weakest=Mild|Severe; J_eff_min=4.25; gap/port_min=2.92; gap/mesh=pending; bayes_err_max=3.74e-92; shift_robust=no; band_gap_retention=0.96; freq_robust=no; AD-vs-AD pairs unverified against mesh noise
2026-09-27T17:49:23+00:00,7ca77f1,A,A-sphere7-ring6-hfss,hfss-v1-masked,three:Normal|Mild|Severe,M6,M6.N[3.40]: <N> in 50 MHz sub-band from 3.40 GHz,1,none-fisher,good,none (noisy realisations of 1 sim/stage),Normal:1|Mild:1|Severe:1,1500,,,,819.3618711033115,204.8452465908021,,,weakest=Mild|Severe; J_eff_min=4.24; gap/port_min=2.92; gap/mesh=pending; bayes_err_max=8.04e-92; shift_robust=no; band_gap_retention=0.96; freq_robust=no; AD-vs-AD pairs unverified against mesh noise
2026-09-27T17:49:23+00:00,7ca77f1,A,A-sphere7-ring6-hfss,hfss-v1-masked,three:Normal|Mild|Severe,M6,M6.A[3.45]: <A> in 50 MHz sub-band from 3.45 GHz,1,none-fisher,good,none (noisy realisations of 1 sim/stage),Normal:1|Mild:1|Severe:1,1500,,,,163.965420189191,40.9932134074989,,,weakest=Mild|Severe; J_eff_min=0.756; gap/port_min=1.23; gap/mesh=pending; bayes_err_max=6.35e-20; shift_robust=no; band_gap_retention=0.91; freq_robust=no; AD-vs-AD pairs unverified against mesh noise
2026-09-27T17:49:23+00:00,7ca77f1,A,A-sphere7-ring6-hfss,hfss-v1-masked,three:Normal|Mild|Severe,M6,M6.N[3.45]: <N> in 50 MHz sub-band from 3.45 GHz,1,none-fisher,good,none (noisy realisations of 1 sim/stage),Normal:1|Mild:1|Severe:1,1500,,,,162.14953575918378,40.53924043776532,,,weakest=Mild|Severe; J_eff_min=0.746; gap/port_min=1.22; gap/mesh=pending; bayes_err_max=1.01e-19; shift_robust=no; band_gap_retention=0.91; freq_robust=no; AD-vs-AD pairs unverified against mesh noise
2026-09-27T17:49:23+00:00,7ca77f1,A,A-sphere7-ring6-hfss,hfss-v1-masked,three:Normal|Mild|Severe,M6,M6.A[3.50]: <A> in 50 MHz sub-band from 3.50 GHz,1,none-fisher,good,none (noisy realisations of 1 sim/stage),Normal:1|Mild:1|Severe:1,1500,,,,28.93884384051857,7.234716305885473,,,weakest=Mild|Severe; J_eff_min=0.139; gap/port_min=0.529; gap/mesh=pending; bayes_err_max=7.12e-05; shift_robust=no; band_gap_retention=0.96; freq_robust=no; AD-vs-AD pairs unverified against mesh noise
2026-09-27T17:49:23+00:00,7ca77f1,A,A-sphere7-ring6-hfss,hfss-v1-masked,three:Normal|Mild|Severe,M6,M6.N[3.50]: <N> in 50 MHz sub-band from 3.50 GHz,1,none-fisher,good,none (noisy realisations of 1 sim/stage),Normal:1|Mild:1|Severe:1,1500,,,,27.805093575104976,6.951278220133317,,,weakest=Mild|Severe; J_eff_min=0.135; gap/port_min=0.52; gap/mesh=pending; bayes_err_max=9.63e-05; shift_robust=no; band_gap_retention=0.96; freq_robust=no; AD-vs-AD pairs unverified against mesh noise
2026-09-27T17:49:23+00:00,7ca77f1,A,A-sphere7-ring6-hfss,hfss-v1-masked,three:Normal|Mild|Severe,M6,M6.A[3.55]: <A> in 50 MHz sub-band from 3.55 GHz,1,none-fisher,good,none (noisy realisations of 1 sim/stage),Normal:1|Mild:1|Severe:1,1500,,,,78.25254237169612,19.563792388349658,,,weakest=Mild|Severe; J_eff_min=0.0435; gap/port_min=0.295; gap/mesh=pending; bayes_err_max=1.96e-10; shift_robust=no; band_gap_retention=0.95; freq_robust=no; AD-vs-AD pairs unverified against mesh noise
2026-09-27T17:49:23+00:00,7ca77f1,A,A-sphere7-ring6-hfss,hfss-v1-masked,three:Normal|Mild|Severe,M6,M6.N[3.55]: <N> in 50 MHz sub-band from 3.55 GHz,1,none-fisher,good,none (noisy realisations of 1 sim/stage),Normal:1|Mild:1|Severe:1,1500,,,,73.74945157210618,18.4380186292172,,,weakest=Mild|Severe; J_eff_min=0.0412; gap/port_min=0.287; gap/mesh=pending; bayes_err_max=6.22e-10; shift_robust=no; band_gap_retention=0.95; freq_robust=no; AD-vs-AD pairs unverified against mesh noise
2026-09-27T17:49:23+00:00,7ca77f1,A,A-sphere7-ring6-hfss,hfss-v1-masked,three:Normal|Mild|Severe,M6,M6.A[3.60]: <A> in 50 MHz sub-band from 3.60 GHz,1,none-fisher,good,none (noisy realisations of 1 sim/stage),Normal:1|Mild:1|Severe:1,1500,,,,79.34522710153104,19.836515286215445,,,weakest=Normal|Severe; J_eff_min=0.121; gap/port_min=0.493; gap/mesh=pending; bayes_err_max=1.5e-10; shift_robust=no; band_gap_retention=-3.49; freq_robust=no; AD-vs-AD pairs unverified against mesh noise
2026-09-27T17:49:23+00:00,7ca77f1,A,A-sphere7-ring6-hfss,hfss-v1-masked,three:Normal|Mild|Severe,M6,M6.N[3.60]: <N> in 50 MHz sub-band from 3.60 GHz,1,none-fisher,good,none (noisy realisations of 1 sim/stage),Normal:1|Mild:1|Severe:1,1500,,,,57.430464279688245,14.360300904457395,,,weakest=Normal|Mild; J_eff_min=0.0979; gap/port_min=0.443; gap/mesh=pending; bayes_err_max=4.02e-08; shift_robust=no; band_gap_retention=-2.38; freq_robust=no; AD-vs-AD pairs unverified against mesh noise
2026-09-27T17:49:23+00:00,7ca77f1,A,A-sphere7-ring6-hfss,hfss-v1-masked,three:Normal|Mild|Severe,M6,M6.A[3.65]: <A> in 50 MHz sub-band from 3.65 GHz,1,none-fisher,good,none (noisy realisations of 1 sim/stage),Normal:1|Mild:1|Severe:1,1500,,,,274.29398691104535,68.57383636332413,,,weakest=Normal|Mild; J_eff_min=0.156; gap/port_min=0.56; gap/mesh=pending; bayes_err_max=5.47e-32; shift_robust=no; band_gap_retention=0.94; freq_robust=no; AD-vs-AD pairs unverified against mesh noise
2026-09-27T17:49:23+00:00,7ca77f1,A,A-sphere7-ring6-hfss,hfss-v1-masked,three:Normal|Mild|Severe,M6,M6.N[3.65]: <N> in 50 MHz sub-band from 3.65 GHz,1,none-fisher,good,none (noisy realisations of 1 sim/stage),Normal:1|Mild:1|Severe:1,1500,,,,278.75821390612174,69.68990397076416,,,weakest=Normal|Mild; J_eff_min=0.159; gap/port_min=0.565; gap/mesh=pending; bayes_err_max=1.77e-32; shift_robust=no; band_gap_retention=0.94; freq_robust=no; AD-vs-AD pairs unverified against mesh noise
2026-09-27T17:49:23+00:00,7ca77f1,A,A-sphere7-ring6-hfss,hfss-v1-masked,three:Normal|Mild|Severe,M6,M6.A[3.70]: <A> in 50 MHz sub-band from 3.70 GHz,1,none-fisher,good,none (noisy realisations of 1 sim/stage),Normal:1|Mild:1|Severe:1,1500,,,,3.800621752459576,0.9506255185494038,,,weakest=Normal|Mild; J_eff_min=0.00325; gap/port_min=0.0806; gap/mesh=pending; bayes_err_max=0.0839; shift_robust=no; band_gap_retention=0.46; freq_robust=no; AD-vs-AD pairs unverified against mesh noise
2026-09-27T17:49:23+00:00,7ca77f1,A,A-sphere7-ring6-hfss,hfss-v1-masked,three:Normal|Mild|Severe,M6,M6.N[3.70]: <N> in 50 MHz sub-band from 3.70 GHz,1,none-fisher,good,none (noisy realisations of 1 sim/stage),Normal:1|Mild:1|Severe:1,1500,,,,4.006924527860498,1.0021967585066969,,,weakest=Normal|Mild; J_eff_min=0.00343; gap/port_min=0.0828; gap/mesh=pending; bayes_err_max=0.0784; shift_robust=no; band_gap_retention=0.47; freq_robust=no; AD-vs-AD pairs unverified against mesh noise
2026-09-27T17:49:23+00:00,7ca77f1,A,A-sphere7-ring6-hfss,hfss-v1-masked,three:Normal|Mild|Severe,M6,M6.A[3.75]: <A> in 50 MHz sub-band from 3.75 GHz,1,none-fisher,good,none (noisy realisations of 1 sim/stage),Normal:1|Mild:1|Severe:1,1500,,,,27.403196259842282,6.851068166194277,,,weakest=Normal|Mild; J_eff_min=0.0343; gap/port_min=0.262; gap/mesh=pending; bayes_err_max=0.000107; shift_robust=no; band_gap_retention=0.52; freq_robust=no; AD-vs-AD pairs unverified against mesh noise
2026-09-27T17:49:23+00:00,7ca77f1,A,A-sphere7-ring6-hfss,hfss-v1-masked,three:Normal|Mild|Severe,M6,M6.N[3.75]: <N> in 50 MHz sub-band from 3.75 GHz,1,none-fisher,good,none (noisy realisations of 1 sim/stage),Normal:1|Mild:1|Severe:1,1500,,,,28.30223352051655,7.075831292485296,,,weakest=Normal|Mild; J_eff_min=0.0354; gap/port_min=0.266; gap/mesh=pending; bayes_err_max=8.42e-05; shift_robust=no; band_gap_retention=0.53; freq_robust=no; AD-vs-AD pairs unverified against mesh noise
2026-09-27T17:49:23+00:00,7ca77f1,A,A-sphere7-ring6-hfss,hfss-v1-masked,three:Normal|Mild|Severe,M6,M6.A[3.80]: <A> in 50 MHz sub-band from 3.80 GHz,1,none-fisher,good,none (noisy realisations of 1 sim/stage),Normal:1|Mild:1|Severe:1,1500,,,,35.456432245495904,8.864133093728627,,,weakest=Mild|Severe; J_eff_min=0.0594; gap/port_min=0.345; gap/mesh=pending; bayes_err_max=1.27e-05; shift_robust=no; band_gap_retention=0.96; freq_robust=no; AD-vs-AD pairs unverified against mesh noise
2026-09-27T17:49:23+00:00,7ca77f1,A,A-sphere7-ring6-hfss,hfss-v1-masked,three:Normal|Mild|Severe,M6,M6.N[3.80]: <N> in 50 MHz sub-band from 3.80 GHz,1,none-fisher,good,none (noisy realisations of 1 sim/stage),Normal:1|Mild:1|Severe:1,1500,,,,35.502418116804925,8.875629595191286,,,weakest=Mild|Severe; J_eff_min=0.0595; gap/port_min=0.345; gap/mesh=pending; bayes_err_max=1.26e-05; shift_robust=no; band_gap_retention=0.96; freq_robust=no; AD-vs-AD pairs unverified against mesh noise
2026-09-27T17:49:23+00:00,7ca77f1,A,A-sphere7-ring6-hfss,hfss-v1-masked,three:Normal|Mild|Severe,M6,M6.A[3.85]: <A> in 50 MHz sub-band from 3.85 GHz,1,none-fisher,good,none (noisy realisations of 1 sim/stage),Normal:1|Mild:1|Severe:1,1500,,,,14.8701077390029,3.718230952485876,,,weakest=Mild|Severe; J_eff_min=0.351; gap/port_min=0.848; gap/mesh=pending; bayes_err_max=0.00319; shift_robust=no; band_gap_retention=0.98; freq_robust=no; AD-vs-AD pairs unverified against mesh noise
2026-09-27T17:49:23+00:00,7ca77f1,A,A-sphere7-ring6-hfss,hfss-v1-masked,three:Normal|Mild|Severe,M6,M6.N[3.85]: <N> in 50 MHz sub-band from 3.85 GHz,1,none-fisher,good,none (noisy realisations of 1 sim/stage),Normal:1|Mild:1|Severe:1,1500,,,,14.876051279592843,3.7197169233282494,,,weakest=Mild|Severe; J_eff_min=0.352; gap/port_min=0.849; gap/mesh=pending; bayes_err_max=0.00318; shift_robust=no; band_gap_retention=0.98; freq_robust=no; AD-vs-AD pairs unverified against mesh noise
2026-09-27T17:49:23+00:00,7ca77f1,A,A-sphere7-ring6-hfss,hfss-v1-masked,three:Normal|Mild|Severe,M6,M6.A[3.90]: <A> in 50 MHz sub-band from 3.90 GHz,1,none-fisher,good,none (noisy realisations of 1 sim/stage),Normal:1|Mild:1|Severe:1,1500,,,,6.168564367673199,1.54251792383522,,,weakest=Mild|Severe; J_eff_min=0.9; gap/port_min=1.45; gap/mesh=pending; bayes_err_max=0.0395; shift_robust=no; band_gap_retention=0.97; freq_robust=no; AD-vs-AD pairs unverified against mesh noise
2026-09-27T17:49:23+00:00,7ca77f1,A,A-sphere7-ring6-hfss,hfss-v1-masked,three:Normal|Mild|Severe,M6,M6.N[3.90]: <N> in 50 MHz sub-band from 3.90 GHz,1,none-fisher,good,none (noisy realisations of 1 sim/stage),Normal:1|Mild:1|Severe:1,1500,,,,6.169968253344194,1.5428688856017212,,,weakest=Mild|Severe; J_eff_min=0.901; gap/port_min=1.45; gap/mesh=pending; bayes_err_max=0.0395; shift_robust=no; band_gap_retention=0.97; freq_robust=no; AD-vs-AD pairs unverified against mesh noise
2026-09-27T17:49:23+00:00,7ca77f1,A,A-sphere7-ring6-hfss,hfss-v1-masked,three:Normal|Mild|Severe,M6,M6.A[3.95]: <A> in 50 MHz sub-band from 3.95 GHz,1,none-fisher,good,none (noisy realisations of 1 sim/stage),Normal:1|Mild:1|Severe:1,1500,,,,3.016637033708102,0.7553649330489329,,,weakest=Mild|Severe; J_eff_min=1.13; gap/port_min=1.89; gap/mesh=pending; bayes_err_max=0.109; shift_robust=no; band_gap_retention=0.97; freq_robust=no; AD-vs-AD pairs unverified against mesh noise
2026-09-27T17:49:23+00:00,7ca77f1,A,A-sphere7-ring6-hfss,hfss-v1-masked,three:Normal|Mild|Severe,M6,M6.N[3.95]: <N> in 50 MHz sub-band from 3.95 GHz,1,none-fisher,good,none (noisy realisations of 1 sim/stage),Normal:1|Mild:1|Severe:1,1500,,,,3.0171582843530493,0.7554952434294204,,,weakest=Mild|Severe; J_eff_min=1.13; gap/port_min=1.89; gap/mesh=pending; bayes_err_max=0.109; shift_robust=no; band_gap_retention=0.97; freq_robust=no; AD-vs-AD pairs unverified against mesh noise
2026-09-27T17:49:23+00:00,7ca77f1,A,A-sphere7-ring6-hfss,hfss-v1-masked,three:Normal|Mild|Severe,M6,M6.A[4.00]: <A> in 50 MHz sub-band from 4.00 GHz,1,none-fisher,good,none (noisy realisations of 1 sim/stage),Normal:1|Mild:1|Severe:1,1500,,,,1.382644654813107,0.3464326891796132,,,weakest=Mild|Severe; J_eff_min=0.833; gap/port_min=2.05; gap/mesh=pending; bayes_err_max=0.203; shift_robust=no; band_gap_retention=0.97; freq_robust=no; AD-vs-AD pairs unverified against mesh noise
2026-09-27T17:49:23+00:00,7ca77f1,A,A-sphere7-ring6-hfss,hfss-v1-masked,three:Normal|Mild|Severe,M6,M6.N[4.00]: <N> in 50 MHz sub-band from 4.00 GHz,1,none-fisher,good,none (noisy realisations of 1 sim/stage),Normal:1|Mild:1|Severe:1,1500,,,,1.3828395391243382,0.34648144086748167,,,weakest=Mild|Severe; J_eff_min=0.833; gap/port_min=2.05; gap/mesh=pending; bayes_err_max=0.203; shift_robust=no; band_gap_retention=0.97; freq_robust=no; AD-vs-AD pairs unverified against mesh noise
2026-09-27T17:49:23+00:00,7ca77f1,A,A-sphere7-ring6-hfss,hfss-v1-masked,three:Normal|Mild|Severe,M6,M6.A[4.05]: <A> in 50 MHz sub-band from 4.05 GHz,1,none-fisher,good,none (noisy realisations of 1 sim/stage),Normal:1|Mild:1|Severe:1,1500,,,,0.7063100261180929,0.17671470325818403,,,weakest=Mild|Severe; J_eff_min=0.512; gap/port_min=1.93; gap/mesh=pending; bayes_err_max=0.276; shift_robust=no; band_gap_retention=0.96; freq_robust=no; AD-vs-AD pairs unverified against mesh noise
2026-09-27T17:49:23+00:00,7ca77f1,A,A-sphere7-ring6-hfss,hfss-v1-masked,three:Normal|Mild|Severe,M6,M6.N[4.05]: <N> in 50 MHz sub-band from 4.05 GHz,1,none-fisher,good,none (noisy realisations of 1 sim/stage),Normal:1|Mild:1|Severe:1,1500,,,,0.7064004053554237,0.1767373107466237,,,weakest=Mild|Severe; J_eff_min=0.512; gap/port_min=1.93; gap/mesh=pending; bayes_err_max=0.276; shift_robust=no; band_gap_retention=0.96; freq_robust=no; AD-vs-AD pairs unverified against mesh noise
2026-09-27T17:49:23+00:00,7ca77f1,A,A-sphere7-ring6-hfss,hfss-v1-masked,three:Normal|Mild|Severe,M6,M6.A[4.10]: <A> in 50 MHz sub-band from 4.10 GHz,1,none-fisher,good,none (noisy realisations of 1 sim/stage),Normal:1|Mild:1|Severe:1,1500,,,,0.21095659664660477,0.05288580051954058,,,weakest=Mild|Severe; J_eff_min=0.171; gap/port_min=1.33; gap/mesh=pending; bayes_err_max=0.373; shift_robust=no; band_gap_retention=0.94; freq_robust=no; AD-vs-AD pairs unverified against mesh noise
2026-09-27T17:49:23+00:00,7ca77f1,A,A-sphere7-ring6-hfss,hfss-v1-masked,three:Normal|Mild|Severe,M6,M6.N[4.10]: <N> in 50 MHz sub-band from 4.10 GHz,1,none-fisher,good,none (noisy realisations of 1 sim/stage),Normal:1|Mild:1|Severe:1,1500,,,,0.21099487373202996,0.05289536856052784,,,weakest=Mild|Severe; J_eff_min=0.171; gap/port_min=1.34; gap/mesh=pending; bayes_err_max=0.373; shift_robust=no; band_gap_retention=0.94; freq_robust=no; AD-vs-AD pairs unverified against mesh noise
2026-09-27T17:49:23+00:00,7ca77f1,A,A-sphere7-ring6-hfss,hfss-v1-masked,three:Normal|Mild|Severe,M6,M6.A[4.15]: <A> in 50 MHz sub-band from 4.15 GHz,1,none-fisher,good,none (noisy realisations of 1 sim/stage),Normal:1|Mild:1|Severe:1,1500,,,,0.04930541282710507,0.012345273034466399,,,weakest=Mild|Severe; J_eff_min=0.0425; gap/port_min=0.782; gap/mesh=pending; bayes_err_max=0.438; shift_robust=no; band_gap_retention=0.94; freq_robust=no; AD-vs-AD pairs unverified against mesh noise
2026-09-27T17:49:23+00:00,7ca77f1,A,A-sphere7-ring6-hfss,hfss-v1-masked,three:Normal|Mild|Severe,M6,M6.N[4.15]: <N> in 50 MHz sub-band from 4.15 GHz,1,none-fisher,good,none (noisy realisations of 1 sim/stage),Normal:1|Mild:1|Severe:1,1500,,,,0.04932141570205449,0.012349270556327048,,,weakest=Mild|Severe; J_eff_min=0.0425; gap/port_min=0.782; gap/mesh=pending; bayes_err_max=0.438; shift_robust=no; band_gap_retention=0.94; freq_robust=no; AD-vs-AD pairs unverified against mesh noise
2026-09-27T17:49:23+00:00,7ca77f1,A,A-sphere7-ring6-hfss,hfss-v1-masked,three:Normal|Mild|Severe,M7,"M7.D: <Σ_j|S_ji - S_ref,ji|^2>_B, ref = circulant(Normal)",1,none-fisher,good,none (noisy realisations of 1 sim/stage),Normal:1|Mild:1|Severe:1,1500,,,,303.45618593318125,75.86939330216836,,,weakest=Mild|Severe; J_eff_min=0.697; gap/port_min=1.18; gap/mesh=pending; bayes_err_max=2.41e-35; shift_robust=no; band_gap_retention=0.88; freq_robust=no; AD-vs-AD pairs unverified against mesh noise
2026-09-27T17:49:23+00:00,7ca77f1,A,A-sphere7-ring6-hfss,hfss-v1-masked,three:Normal|Mild|Severe,M7,"M7.D_pow: <Σ_j(|S_ji|^2 - |S_ref,ji|^2)^2>_B (phase-free)",1,none-fisher,good,none (noisy realisations of 1 sim/stage),Normal:1|Mild:1|Severe:1,1500,,,,134.14241955388425,33.546152389032414,,,weakest=Mild|Severe; J_eff_min=3.99; gap/port_min=2.87; gap/mesh=pending; bayes_err_max=9.1e-17; shift_robust=no; band_gap_retention=0.82; freq_robust=no; AD-vs-AD pairs unverified against mesh noise
2026-09-27T17:49:23+00:00,7ca77f1,A,A-sphere7-ring6-hfss,hfss-v1-masked,three:Normal|Mild|Severe,M7,"M7.D0: <|S_(i±0,i) - ref|^2>_B",1,none-fisher,good,none (noisy realisations of 1 sim/stage),Normal:1|Mild:1|Severe:1,1500,,,,300.1942359347806,75.0538843193086,,,weakest=Mild|Severe; J_eff_min=0.697; gap/port_min=1.18; gap/mesh=pending; bayes_err_max=5.51e-35; shift_robust=no; band_gap_retention=0.88; freq_robust=no; AD-vs-AD pairs unverified against mesh noise
2026-09-27T17:49:23+00:00,7ca77f1,A,A-sphere7-ring6-hfss,hfss-v1-masked,three:Normal|Mild|Severe,M7,"M7.D1: <|S_(i±1,i) - ref|^2>_B",1,none-fisher,good,none (noisy realisations of 1 sim/stage),Normal:1|Mild:1|Severe:1,1500,,,,254.29137749593863,63.57521179917701,,,weakest=Mild|Severe; J_eff_min=0.0267; gap/port_min=0.231; gap/mesh=pending; bayes_err_max=7.41e-30; shift_robust=no; band_gap_retention=1.02; freq_robust=no; AD-vs-AD pairs unverified against mesh noise
2026-09-27T17:49:23+00:00,7ca77f1,A,A-sphere7-ring6-hfss,hfss-v1-masked,three:Normal|Mild|Severe,M7,"M7.D2: <|S_(i±2,i) - ref|^2>_B",1,none-fisher,good,none (noisy realisations of 1 sim/stage),Normal:1|Mild:1|Severe:1,1500,,,,4759.9337989323085,1189.9987691019414,,,weakest=Mild|Severe; J_eff_min=3.17; gap/port_min=2.52; gap/mesh=pending; bayes_err_max=0; shift_robust=no; band_gap_retention=1.05; freq_robust=no; AD-vs-AD pairs unverified against mesh noise
2026-09-27T17:49:23+00:00,7ca77f1,A,A-sphere7-ring6-hfss,hfss-v1-masked,three:Normal|Mild|Severe,M7,"M7.D3: <|S_(i±3,i) - ref|^2>_B",1,none-fisher,good,none (noisy realisations of 1 sim/stage),Normal:1|Mild:1|Severe:1,1500,,,,6076.110641675484,1519.0529784349803,,,weakest=Mild|Severe; J_eff_min=3.29; gap/port_min=2.57; gap/mesh=pending; bayes_err_max=0; shift_robust=no; band_gap_retention=1.10; freq_robust=no; AD-vs-AD pairs unverified against mesh noise
2026-09-27T17:49:23+00:00,7ca77f1,A,A-sphere7-ring6-hfss,hfss-v1-masked,three:Normal|Mild|Severe,M7,"M7.D3[k3]: <|S_(i+3,i) - ref|^2> over k3 window",1,none-fisher,good,none (noisy realisations of 1 sim/stage),Normal:1|Mild:1|Severe:1,1500,,,,4994.16381297953,1248.570608540378,,,weakest=Mild|Severe; J_eff_min=5.04; gap/port_min=3.18; gap/mesh=pending; bayes_err_max=0; shift_robust=no; band_gap_retention=0.87; freq_robust=no; AD-vs-AD pairs unverified against mesh noise
2026-09-27T17:49:23+00:00,7ca77f1,A,A-sphere7-ring6-hfss,hfss-v1-masked,three:Normal|Mild|Severe,M8,M8.s1^2: <s_1(S)^2>_B (singular value),1,none-fisher,good,none (noisy realisations of 1 sim/stage),Normal:1|Mild:1|Severe:1,1500,,,,0.00013035276665696304,0.00027438067717901773,,,weakest=Normal|Mild; J_eff_min=nan; gap/port_min=nan; gap/mesh=pending; bayes_err_max=0.492; shift_robust=no; band_gap_retention=0.20; freq_robust=no; AD-vs-AD pairs unverified against mesh noise; matrix-level: no per-antenna port-noise estimate
2026-09-27T17:49:23+00:00,7ca77f1,A,A-sphere7-ring6-hfss,hfss-v1-masked,three:Normal|Mild|Severe,M8,M8.s2^2: <s_2(S)^2>_B (singular value),1,none-fisher,good,none (noisy realisations of 1 sim/stage),Normal:1|Mild:1|Severe:1,1500,,,,3.4773550652261385,0.8693482669229045,,,weakest=Mild|Severe; J_eff_min=nan; gap/port_min=nan; gap/mesh=pending; bayes_err_max=0.0937; shift_robust=no; band_gap_retention=-0.75; freq_robust=no; AD-vs-AD pairs unverified against mesh noise; matrix-level: no per-antenna port-noise estimate
2026-09-27T17:49:23+00:00,7ca77f1,A,A-sphere7-ring6-hfss,hfss-v1-masked,three:Normal|Mild|Severe,M8,M8.s3^2: <s_3(S)^2>_B (singular value),1,none-fisher,good,none (noisy realisations of 1 sim/stage),Normal:1|Mild:1|Severe:1,1500,,,,2.129053660613825,0.5323520723400406,,,weakest=Mild|Severe; J_eff_min=nan; gap/port_min=nan; gap/mesh=pending; bayes_err_max=0.151; shift_robust=no; band_gap_retention=-266.80; freq_robust=no; AD-vs-AD pairs unverified against mesh noise; matrix-level: no per-antenna port-noise estimate
2026-09-27T17:49:23+00:00,7ca77f1,A,A-sphere7-ring6-hfss,hfss-v1-masked,three:Normal|Mild|Severe,M8,M8.s4^2: <s_4(S)^2>_B (singular value),1,none-fisher,good,none (noisy realisations of 1 sim/stage),Normal:1|Mild:1|Severe:1,1500,,,,0.7480526437997583,0.1871365531520581,,,weakest=Mild|Severe; J_eff_min=nan; gap/port_min=nan; gap/mesh=pending; bayes_err_max=0.27; shift_robust=no; band_gap_retention=-0.15; freq_robust=no; AD-vs-AD pairs unverified against mesh noise; matrix-level: no per-antenna port-noise estimate
2026-09-27T17:49:23+00:00,7ca77f1,A,A-sphere7-ring6-hfss,hfss-v1-masked,three:Normal|Mild|Severe,M8,M8.s5^2: <s_5(S)^2>_B (singular value),1,none-fisher,good,none (noisy realisations of 1 sim/stage),Normal:1|Mild:1|Severe:1,1500,,,,1.6012252046605777,0.40061620585693897,,,weakest=Mild|Severe; J_eff_min=nan; gap/port_min=nan; gap/mesh=pending; bayes_err_max=0.185; shift_robust=no; band_gap_retention=0.57; freq_robust=no; AD-vs-AD pairs unverified against mesh noise; matrix-level: no per-antenna port-noise estimate
2026-09-27T17:49:23+00:00,7ca77f1,A,A-sphere7-ring6-hfss,hfss-v1-masked,three:Normal|Mild|Severe,M8,M8.s6^2: <s_6(S)^2>_B (singular value),1,none-fisher,good,none (noisy realisations of 1 sim/stage),Normal:1|Mild:1|Severe:1,1500,,,,0.049172318918284504,0.012665631424908187,,,weakest=Mild|Severe; J_eff_min=nan; gap/port_min=nan; gap/mesh=pending; bayes_err_max=0.437; shift_robust=no; band_gap_retention=-2.61; freq_robust=no; AD-vs-AD pairs unverified against mesh noise; matrix-level: no per-antenna port-noise estimate
2026-09-27T17:49:23+00:00,7ca77f1,A,A-sphere7-ring6-hfss,hfss-v1-masked,three:Normal|Mild|Severe,M8,M8.lam0^2: <|λ_0|^2> circulant mode 0 (full),1,none-fisher,good,none (noisy realisations of 1 sim/stage),Normal:1|Mild:1|Severe:1,1500,,,,6.684641954658025,1.6712400617004213,,,weakest=Mild|Severe; J_eff_min=0.207; gap/port_min=0.654; gap/mesh=pending; bayes_err_max=0.0338; shift_robust=no; band_gap_retention=0.40; freq_robust=no; AD-vs-AD pairs unverified against mesh noise
2026-09-27T17:49:23+00:00,7ca77f1,A,A-sphere7-ring6-hfss,hfss-v1-masked,three:Normal|Mild|Severe,M8,M8.lam1^2: <|λ_1|^2> circulant mode 1 (full),1,none-fisher,good,none (noisy realisations of 1 sim/stage),Normal:1|Mild:1|Severe:1,1500,,,,6.525479272935757,1.631485993203747,,,weakest=Mild|Severe; J_eff_min=0.203; gap/port_min=0.647; gap/mesh=pending; bayes_err_max=0.0354; shift_robust=no; band_gap_retention=0.30; freq_robust=no; AD-vs-AD pairs unverified against mesh noise
2026-09-27T17:49:24+00:00,7ca77f1,A,A-sphere7-ring6-hfss,hfss-v1-masked,three:Normal|Mild|Severe,M8,M8.lam2^2: <|λ_2|^2> circulant mode 2 (full),1,none-fisher,good,none (noisy realisations of 1 sim/stage),Normal:1|Mild:1|Severe:1,1500,,,,7.083737785835252,1.771074685614972,,,weakest=Mild|Severe; J_eff_min=0.229; gap/port_min=0.688; gap/mesh=pending; bayes_err_max=0.0299; shift_robust=no; band_gap_retention=0.28; freq_robust=no; AD-vs-AD pairs unverified against mesh noise
2026-09-27T17:49:24+00:00,7ca77f1,A,A-sphere7-ring6-hfss,hfss-v1-masked,three:Normal|Mild|Severe,M8,M8.lam3^2: <|λ_3|^2> circulant mode 3 (full),1,none-fisher,good,none (noisy realisations of 1 sim/stage),Normal:1|Mild:1|Severe:1,1500,,,,10.33843233698743,2.584741639207576,,,weakest=Mild|Severe; J_eff_min=0.325; gap/port_min=0.82; gap/mesh=pending; bayes_err_max=0.0115; shift_robust=no; band_gap_retention=0.21; freq_robust=no; AD-vs-AD pairs unverified against mesh noise
2026-09-27T17:49:24+00:00,7ca77f1,A,A-sphere7-ring6-hfss,hfss-v1-masked,three:Normal|Mild|Severe,M8,M8.lam0^2[k3]: <|λ_0|^2> circulant mode 0 (k3),1,none-fisher,good,none (noisy realisations of 1 sim/stage),Normal:1|Mild:1|Severe:1,1500,,,,1112.772279636666,278.1976964275386,,,weakest=Mild|Severe; J_eff_min=2.59; gap/port_min=2.28; gap/mesh=pending; bayes_err_max=7.06e-124; shift_robust=no; band_gap_retention=0.86; freq_robust=no; AD-vs-AD pairs unverified against mesh noise
2026-09-27T17:49:24+00:00,7ca77f1,A,A-sphere7-ring6-hfss,hfss-v1-masked,three:Normal|Mild|Severe,M8,M8.lam1^2[k3]: <|λ_1|^2> circulant mode 1 (k3),1,none-fisher,good,none (noisy realisations of 1 sim/stage),Normal:1|Mild:1|Severe:1,1500,,,,1109.3248303515845,277.33568697396214,,,weakest=Mild|Severe; J_eff_min=2.4; gap/port_min=2.19; gap/mesh=pending; bayes_err_max=1.75e-123; shift_robust=no; band_gap_retention=0.86; freq_robust=no; AD-vs-AD pairs unverified against mesh noise
2026-09-27T17:49:24+00:00,7ca77f1,A,A-sphere7-ring6-hfss,hfss-v1-masked,three:Normal|Mild|Severe,M8,M8.lam2^2[k3]: <|λ_2|^2> circulant mode 2 (k3),1,none-fisher,good,none (noisy realisations of 1 sim/stage),Normal:1|Mild:1|Severe:1,1500,,,,981.3487582168897,245.34033726071897,,,weakest=Mild|Severe; J_eff_min=1.93; gap/port_min=1.97; gap/mesh=pending; bayes_err_max=2.34e-109; shift_robust=no; band_gap_retention=0.85; freq_robust=no; AD-vs-AD pairs unverified against mesh noise
2026-09-27T17:49:24+00:00,7ca77f1,A,A-sphere7-ring6-hfss,hfss-v1-masked,three:Normal|Mild|Severe,M8,M8.lam3^2[k3]: <|λ_3|^2> circulant mode 3 (k3),1,none-fisher,good,none (noisy realisations of 1 sim/stage),Normal:1|Mild:1|Severe:1,1500,,,,1010.5456353047284,252.63923640370703,,,weakest=Mild|Severe; J_eff_min=2.02; gap/port_min=2.01; gap/mesh=pending; bayes_err_max=1.65e-112; shift_robust=no; band_gap_retention=0.86; freq_robust=no; AD-vs-AD pairs unverified against mesh noise
2026-09-27T17:49:24+00:00,7ca77f1,A,A-sphere7-ring6-hfss,hfss-v1-masked,three:Normal|Mild|Severe,M0,M0.old_score: mean_B Σ_{j≠i}|S_ii+S_ij|/VSWR_i,1,none-fisher,typical,none (noisy realisations of 1 sim/stage),Normal:1|Mild:1|Severe:1,1500,,,,2.6319008354579054,0.6579921010496459,,,weakest=Mild|Severe; J_eff_min=0.725; gap/port_min=1.42; gap/mesh=pending; bayes_err_max=0.126; shift_robust=no; band_gap_retention=0.74; freq_robust=no; AD-vs-AD pairs unverified against mesh noise; baseline only; not a physical quantity
2026-09-27T17:49:24+00:00,7ca77f1,A,A-sphere7-ring6-hfss,hfss-v1-masked,three:Normal|Mild|Severe,M1,M1.Sii_dBavg: mean_B 20log10|S_ii|,1,none-fisher,typical,none (noisy realisations of 1 sim/stage),Normal:1|Mild:1|Severe:1,1500,,,,0.0917877431889732,0.023312440253948588,,,weakest=Normal|Severe; J_eff_min=0.00234; gap/port_min=0.0694; gap/mesh=pending; bayes_err_max=0.415; shift_robust=no; band_gap_retention=0.67; freq_robust=no; AD-vs-AD pairs unverified against mesh noise; dB averaging; shown for fragility
2026-09-27T17:49:24+00:00,7ca77f1,A,A-sphere7-ring6-hfss,hfss-v1-masked,three:Normal|Mild|Severe,M2,M2.R: <|S_ii|^2>_B,1,none-fisher,typical,none (noisy realisations of 1 sim/stage),Normal:1|Mild:1|Severe:1,1500,,,,1.178760679993309,0.2947342159551319,,,weakest=Mild|Severe; J_eff_min=0.19; gap/port_min=0.673; gap/mesh=pending; bayes_err_max=0.221; shift_robust=no; band_gap_retention=0.29; freq_robust=no; AD-vs-AD pairs unverified against mesh noise
2026-09-27T17:49:24+00:00,7ca77f1,A,A-sphere7-ring6-hfss,hfss-v1-masked,three:Normal|Mild|Severe,M2,M2.R[k3]: <|S_ii|^2> over k3 window,1,none-fisher,typical,none (noisy realisations of 1 sim/stage),Normal:1|Mild:1|Severe:1,1500,,,,196.18833134018521,49.04836150234473,,,weakest=Mild|Severe; J_eff_min=2.21; gap/port_min=2.11; gap/mesh=pending; bayes_err_max=1.87e-23; shift_robust=no; band_gap_retention=0.86; freq_robust=no; AD-vs-AD pairs unverified against mesh noise
2026-09-27T17:49:24+00:00,7ca77f1,A,A-sphere7-ring6-hfss,hfss-v1-masked,three:Normal|Mild|Severe,M3,M3.A: <1-|S_ii|^2>_B,1,none-fisher,typical,none (noisy realisations of 1 sim/stage),Normal:1|Mild:1|Severe:1,1500,,,,1.1787606799932937,0.29473421595512805,,,weakest=Mild|Severe; J_eff_min=0.19; gap/port_min=0.673; gap/mesh=pending; bayes_err_max=0.221; shift_robust=no; band_gap_retention=0.29; freq_robust=no; AD-vs-AD pairs unverified against mesh noise; affine copy of M2.R (identical separability)
2026-09-27T17:49:24+00:00,7ca77f1,A,A-sphere7-ring6-hfss,hfss-v1-masked,three:Normal|Mild|Severe,M3,M3.ML_of_powavg: -10log10<A>_B (dB),1,none-fisher,typical,none (noisy realisations of 1 sim/stage),Normal:1|Mild:1|Severe:1,1500,,,,1.1701165507073397,0.2925553392811778,,,weakest=Mild|Severe; J_eff_min=0.189; gap/port_min=0.672; gap/mesh=pending; bayes_err_max=0.222; shift_robust=no; band_gap_retention=0.28; freq_robust=no; AD-vs-AD pairs unverified against mesh noise
2026-09-27T17:49:24+00:00,7ca77f1,A,A-sphere7-ring6-hfss,hfss-v1-masked,three:Normal|Mild|Severe,M3,M3.ML_dBavg: <-10log10 A>_B (dB-averaged ML),1,none-fisher,typical,none (noisy realisations of 1 sim/stage),Normal:1|Mild:1|Severe:1,1500,,,,0.03878709482286443,0.009719805774489837,,,weakest=Mild|Severe; J_eff_min=0.0378; gap/port_min=1.68; gap/mesh=pending; bayes_err_max=0.445; shift_robust=no; band_gap_retention=0.75; freq_robust=no; AD-vs-AD pairs unverified against mesh noise; dB averaging; comparison only
2026-09-27T17:49:24+00:00,7ca77f1,A,A-sphere7-ring6-hfss,hfss-v1-masked,three:Normal|Mild|Severe,M4,M4.N: <1-Σ_j|S_ji|^2>_B (absorbed+radiated+loss),1,none-fisher,typical,none (noisy realisations of 1 sim/stage),Normal:1|Mild:1|Severe:1,1500,,,,1.218337983930217,0.3046284419726015,,,weakest=Mild|Severe; J_eff_min=0.196; gap/port_min=0.684; gap/mesh=pending; bayes_err_max=0.218; shift_robust=no; band_gap_retention=0.29; freq_robust=no; AD-vs-AD pairs unverified against mesh noise
2026-09-27T17:49:24+00:00,7ca77f1,A,A-sphere7-ring6-hfss,hfss-v1-masked,three:Normal|Mild|Severe,M4,M4.N[k3]: <N> over k3 window,1,none-fisher,typical,none (noisy realisations of 1 sim/stage),Normal:1|Mild:1|Severe:1,1500,,,,194.097597303385,48.5256724611055,,,weakest=Mild|Severe; J_eff_min=2.2; gap/port_min=2.11; gap/mesh=pending; bayes_err_max=3.18e-23; shift_robust=no; band_gap_retention=0.86; freq_robust=no; AD-vs-AD pairs unverified against mesh noise
2026-09-27T17:49:24+00:00,7ca77f1,A,A-sphere7-ring6-hfss,hfss-v1-masked,three:Normal|Mild|Severe,M5,M5.C: <Σ_(j≠i)|S_ji|^2> (full),1,none-fisher,typical,none (noisy realisations of 1 sim/stage),Normal:1|Mild:1|Severe:1,1500,,,,410.14790043969447,102.53838817115961,,,weakest=Normal|Mild; J_eff_min=2.69; gap/port_min=2.33; gap/mesh=pending; bayes_err_max=7.05e-47; shift_robust=yes; band_gap_retention=1.11; freq_robust=no; AD-vs-AD pairs unverified against mesh noise
2026-09-27T17:49:24+00:00,7ca77f1,A,A-sphere7-ring6-hfss,hfss-v1-masked,three:Normal|Mild|Severe,M5,"M5.C1: <|S_(i±1,i)|^2> (full)",1,none-fisher,typical,none (noisy realisations of 1 sim/stage),Normal:1|Mild:1|Severe:1,1500,,,,347.38997122284866,86.84897069688176,,,weakest=Normal|Mild; J_eff_min=2.2; gap/port_min=2.11; gap/mesh=pending; bayes_err_max=5.07e-40; shift_robust=yes; band_gap_retention=1.11; freq_robust=no; AD-vs-AD pairs unverified against mesh noise
2026-09-27T17:49:24+00:00,7ca77f1,A,A-sphere7-ring6-hfss,hfss-v1-masked,three:Normal|Mild|Severe,M5,"M5.C2: <|S_(i±2,i)|^2> (full)",1,none-fisher,typical,none (noisy realisations of 1 sim/stage),Normal:1|Mild:1|Severe:1,1500,,,,403.75134766802637,100.94270170265756,,,weakest=Normal|Mild; J_eff_min=2.32; gap/port_min=2.16; gap/mesh=pending; bayes_err_max=2.48e-46; shift_robust=yes; band_gap_retention=0.98; freq_robust=no; AD-vs-AD pairs unverified against mesh noise
2026-09-27T17:49:24+00:00,7ca77f1,A,A-sphere7-ring6-hfss,hfss-v1-masked,three:Normal|Mild|Severe,M5,"M5.C3: <|S_(i±3,i)|^2> (full)",1,none-fisher,typical,none (noisy realisations of 1 sim/stage),Normal:1|Mild:1|Severe:1,1500,,,,3.3644595827897876,0.8411194458318214,,,weakest=Mild|Severe; J_eff_min=0.00997; gap/port_min=0.141; gap/mesh=pending; bayes_err_max=0.0973; shift_robust=no; band_gap_retention=0.16; freq_robust=no; AD-vs-AD pairs unverified against mesh noise
2026-09-27T17:49:24+00:00,7ca77f1,A,A-sphere7-ring6-hfss,hfss-v1-masked,three:Normal|Mild|Severe,M5,M5.C[k3]: <Σ_(j≠i)|S_ji|^2> (k3),1,none-fisher,typical,none (noisy realisations of 1 sim/stage),Normal:1|Mild:1|Severe:1,1500,,,,185.0182470952778,46.257574514102515,,,weakest=Normal|Mild; J_eff_min=0.424; gap/port_min=0.922; gap/mesh=pending; bayes_err_max=2.91e-22; shift_robust=no; band_gap_retention=0.67; freq_robust=no; AD-vs-AD pairs unverified against mesh noise
2026-09-27T17:49:24+00:00,7ca77f1,A,A-sphere7-ring6-hfss,hfss-v1-masked,three:Normal|Mild|Severe,M5,"M5.C1[k3]: <|S_(i±1,i)|^2> (k3)",1,none-fisher,typical,none (noisy realisations of 1 sim/stage),Normal:1|Mild:1|Severe:1,1500,,,,123.80306937689501,30.95368440291884,,,weakest=Normal|Mild; J_eff_min=0.281; gap/port_min=0.75; gap/mesh=pending; bayes_err_max=1.64e-15; shift_robust=no; band_gap_retention=0.60; freq_robust=no; AD-vs-AD pairs unverified against mesh noise
2026-09-27T17:49:24+00:00,7ca77f1,A,A-sphere7-ring6-hfss,hfss-v1-masked,three:Normal|Mild|Severe,M5,"M5.C2[k3]: <|S_(i±2,i)|^2> (k3)",1,none-fisher,typical,none (noisy realisations of 1 sim/stage),Normal:1|Mild:1|Severe:1,1500,,,,183.13543011437426,45.79043418718424,,,weakest=Normal|Mild; J_eff_min=3.63; gap/port_min=2.72; gap/mesh=pending; bayes_err_max=3.96e-22; shift_robust=yes; band_gap_retention=0.75; freq_robust=no; AD-vs-AD pairs unverified against mesh noise
2026-09-27T17:49:24+00:00,7ca77f1,A,A-sphere7-ring6-hfss,hfss-v1-masked,three:Normal|Mild|Severe,M5,"M5.C3[k3]: <|S_(i±3,i)|^2> (k3)",1,none-fisher,typical,none (noisy realisations of 1 sim/stage),Normal:1|Mild:1|Severe:1,1500,,,,0.07912088559009985,0.0198517245524932,,,weakest=Mild|Severe; J_eff_min=0.000329; gap/port_min=0.0257; gap/mesh=pending; bayes_err_max=0.421; shift_robust=no; band_gap_retention=-6.41; freq_robust=no; AD-vs-AD pairs unverified against mesh noise
2026-09-27T17:49:24+00:00,7ca77f1,A,A-sphere7-ring6-hfss,hfss-v1-masked,three:Normal|Mild|Severe,M5,"M5.C3_dBavg[k3]: mean over k3 window of 10log10|S_(i+3,i)|^2",1,none-fisher,typical,none (noisy realisations of 1 sim/stage),Normal:1|Mild:1|Severe:1,1500,,,,8.797473856589024,2.1993921643205123,,,weakest=Mild|Severe; J_eff_min=0.025; gap/port_min=0.224; gap/mesh=pending; bayes_err_max=0.018; shift_robust=no; band_gap_retention=0.11; freq_robust=no; AD-vs-AD pairs unverified against mesh noise; dB averaging; comparison only
2026-09-27T17:49:24+00:00,7ca77f1,A,A-sphere7-ring6-hfss,hfss-v1-masked,three:Normal|Mild|Severe,M6,M6.fc_A: power-weighted centroid of A(f) [GHz],1,none-fisher,typical,none (noisy realisations of 1 sim/stage),Normal:1|Mild:1|Severe:1,1500,,,,2.915096121113291,0.7295355416726393,,,weakest=Normal|Mild; J_eff_min=0.429; gap/port_min=1; gap/mesh=pending; bayes_err_max=0.114; shift_robust=no; band_gap_retention=0.78; freq_robust=no; AD-vs-AD pairs unverified against mesh noise
2026-09-27T17:49:24+00:00,7ca77f1,A,A-sphere7-ring6-hfss,hfss-v1-masked,three:Normal|Mild|Severe,M6,M6.spread_A: spectral spread of A(f) [MHz],1,none-fisher,typical,none (noisy realisations of 1 sim/stage),Normal:1|Mild:1|Severe:1,1500,,,,0.7616850391020389,0.19045535349526158,,,weakest=Mild|Severe; J_eff_min=0.624; gap/port_min=2.63; gap/mesh=pending; bayes_err_max=0.269; shift_robust=no; band_gap_retention=0.32; freq_robust=no; AD-vs-AD pairs unverified against mesh noise
2026-09-27T17:49:24+00:00,7ca77f1,A,A-sphere7-ring6-hfss,hfss-v1-masked,three:Normal|Mild|Severe,M6,M6.fc_N: power-weighted centroid of N(f) [GHz],1,none-fisher,typical,none (noisy realisations of 1 sim/stage),Normal:1|Mild:1|Severe:1,1500,,,,2.922950793111046,0.731500466072346,,,weakest=Normal|Mild; J_eff_min=0.431; gap/port_min=1.01; gap/mesh=pending; bayes_err_max=0.113; shift_robust=no; band_gap_retention=0.78; freq_robust=no; AD-vs-AD pairs unverified against mesh noise
2026-09-27T17:49:24+00:00,7ca77f1,A,A-sphere7-ring6-hfss,hfss-v1-masked,three:Normal|Mild|Severe,M6,M6.spread_N: spectral spread of N(f) [MHz],1,none-fisher,typical,none (noisy realisations of 1 sim/stage),Normal:1|Mild:1|Severe:1,1500,,,,0.75489534205651,0.18875781783372503,,,weakest=Mild|Severe; J_eff_min=0.619; gap/port_min=2.62; gap/mesh=pending; bayes_err_max=0.269; shift_robust=no; band_gap_retention=0.32; freq_robust=no; AD-vs-AD pairs unverified against mesh noise
2026-09-27T17:49:24+00:00,7ca77f1,A,A-sphere7-ring6-hfss,hfss-v1-masked,three:Normal|Mild|Severe,M6,M6.A[3.20]: <A> in 50 MHz sub-band from 3.20 GHz,1,none-fisher,typical,none (noisy realisations of 1 sim/stage),Normal:1|Mild:1|Severe:1,1500,,,,2.0471136184449366,0.5124466184665459,,,weakest=Mild|Severe; J_eff_min=1.21; gap/port_min=2.44; gap/mesh=pending; bayes_err_max=0.156; shift_robust=no; band_gap_retention=0.97; freq_robust=no; AD-vs-AD pairs unverified against mesh noise
2026-09-27T17:49:24+00:00,7ca77f1,A,A-sphere7-ring6-hfss,hfss-v1-masked,three:Normal|Mild|Severe,M6,M6.N[3.20]: <N> in 50 MHz sub-band from 3.20 GHz,1,none-fisher,typical,none (noisy realisations of 1 sim/stage),Normal:1|Mild:1|Severe:1,1500,,,,2.04639975849924,0.5122682823191149,,,weakest=Mild|Severe; J_eff_min=1.21; gap/port_min=2.44; gap/mesh=pending; bayes_err_max=0.156; shift_robust=no; band_gap_retention=0.97; freq_robust=no; AD-vs-AD pairs unverified against mesh noise
2026-09-27T17:49:24+00:00,7ca77f1,A,A-sphere7-ring6-hfss,hfss-v1-masked,three:Normal|Mild|Severe,M6,M6.A[3.25]: <A> in 50 MHz sub-band from 3.25 GHz,1,none-fisher,typical,none (noisy realisations of 1 sim/stage),Normal:1|Mild:1|Severe:1,1500,,,,0.4847539940565055,0.12129497337450922,,,weakest=Mild|Severe; J_eff_min=0.152; gap/port_min=0.665; gap/mesh=pending; bayes_err_max=0.311; shift_robust=no; band_gap_retention=0.77; freq_robust=no; AD-vs-AD pairs unverified against mesh noise
2026-09-27T17:49:24+00:00,7ca77f1,A,A-sphere7-ring6-hfss,hfss-v1-masked,three:Normal|Mild|Severe,M6,M6.N[3.25]: <N> in 50 MHz sub-band from 3.25 GHz,1,none-fisher,typical,none (noisy realisations of 1 sim/stage),Normal:1|Mild:1|Severe:1,1500,,,,0.4846491344558164,0.12126875585799723,,,weakest=Mild|Severe; J_eff_min=0.152; gap/port_min=0.665; gap/mesh=pending; bayes_err_max=0.311; shift_robust=no; band_gap_retention=0.77; freq_robust=no; AD-vs-AD pairs unverified against mesh noise
2026-09-27T17:49:24+00:00,7ca77f1,A,A-sphere7-ring6-hfss,hfss-v1-masked,three:Normal|Mild|Severe,M6,M6.A[3.30]: <A> in 50 MHz sub-band from 3.30 GHz,1,none-fisher,typical,none (noisy realisations of 1 sim/stage),Normal:1|Mild:1|Severe:1,1500,,,,3.648630674364315,0.9123200119975934,,,weakest=Mild|Severe; J_eff_min=0.542; gap/port_min=1.13; gap/mesh=pending; bayes_err_max=0.0884; shift_robust=no; band_gap_retention=0.62; freq_robust=no; AD-vs-AD pairs unverified against mesh noise
2026-09-27T17:49:24+00:00,7ca77f1,A,A-sphere7-ring6-hfss,hfss-v1-masked,three:Normal|Mild|Severe,M6,M6.N[3.30]: <N> in 50 MHz sub-band from 3.30 GHz,1,none-fisher,typical,none (noisy realisations of 1 sim/stage),Normal:1|Mild:1|Severe:1,1500,,,,3.641783522146453,0.9106084673227722,,,weakest=Mild|Severe; J_eff_min=0.542; gap/port_min=1.13; gap/mesh=pending; bayes_err_max=0.0886; shift_robust=no; band_gap_retention=0.62; freq_robust=no; AD-vs-AD pairs unverified against mesh noise
2026-09-27T17:49:24+00:00,7ca77f1,A,A-sphere7-ring6-hfss,hfss-v1-masked,three:Normal|Mild|Severe,M6,M6.A[3.35]: <A> in 50 MHz sub-band from 3.35 GHz,1,none-fisher,typical,none (noisy realisations of 1 sim/stage),Normal:1|Mild:1|Severe:1,1500,,,,29.063398896254803,7.2659882645956495,,,weakest=Normal|Mild; J_eff_min=1.64; gap/port_min=1.86; gap/mesh=pending; bayes_err_max=6.88e-05; shift_robust=no; band_gap_retention=0.73; freq_robust=no; AD-vs-AD pairs unverified against mesh noise
2026-09-27T17:49:24+00:00,7ca77f1,A,A-sphere7-ring6-hfss,hfss-v1-masked,three:Normal|Mild|Severe,M6,M6.N[3.35]: <N> in 50 MHz sub-band from 3.35 GHz,1,none-fisher,typical,none (noisy realisations of 1 sim/stage),Normal:1|Mild:1|Severe:1,1500,,,,29.042856971922532,7.260851945571586,,,weakest=Normal|Mild; J_eff_min=1.64; gap/port_min=1.86; gap/mesh=pending; bayes_err_max=6.92e-05; shift_robust=no; band_gap_retention=0.73; freq_robust=no; AD-vs-AD pairs unverified against mesh noise
2026-09-27T17:49:24+00:00,7ca77f1,A,A-sphere7-ring6-hfss,hfss-v1-masked,three:Normal|Mild|Severe,M6,M6.A[3.40]: <A> in 50 MHz sub-band from 3.40 GHz,1,none-fisher,typical,none (noisy realisations of 1 sim/stage),Normal:1|Mild:1|Severe:1,1500,,,,133.0168647528535,33.255877097649865,,,weakest=Mild|Severe; J_eff_min=4.13; gap/port_min=2.92; gap/mesh=pending; bayes_err_max=1.65e-16; shift_robust=no; band_gap_retention=0.96; freq_robust=no; AD-vs-AD pairs unverified against mesh noise
2026-09-27T17:49:24+00:00,7ca77f1,A,A-sphere7-ring6-hfss,hfss-v1-masked,three:Normal|Mild|Severe,M6,M6.N[3.40]: <N> in 50 MHz sub-band from 3.40 GHz,1,none-fisher,typical,none (noisy realisations of 1 sim/stage),Normal:1|Mild:1|Severe:1,1500,,,,132.55934790148234,33.14149250058101,,,weakest=Mild|Severe; J_eff_min=4.11; gap/port_min=2.91; gap/mesh=pending; bayes_err_max=1.85e-16; shift_robust=no; band_gap_retention=0.96; freq_robust=no; AD-vs-AD pairs unverified against mesh noise
2026-09-27T17:49:24+00:00,7ca77f1,A,A-sphere7-ring6-hfss,hfss-v1-masked,three:Normal|Mild|Severe,M6,M6.A[3.45]: <A> in 50 MHz sub-band from 3.45 GHz,1,none-fisher,typical,none (noisy realisations of 1 sim/stage),Normal:1|Mild:1|Severe:1,1500,,,,29.606778782382353,7.401720447846143,,,weakest=Mild|Severe; J_eff_min=0.772; gap/port_min=1.26; gap/mesh=pending; bayes_err_max=5.96e-05; shift_robust=no; band_gap_retention=0.91; freq_robust=no; AD-vs-AD pairs unverified against mesh noise
2026-09-27T17:49:24+00:00,7ca77f1,A,A-sphere7-ring6-hfss,hfss-v1-masked,three:Normal|Mild|Severe,M6,M6.N[3.45]: <N> in 50 MHz sub-band from 3.45 GHz,1,none-fisher,typical,none (noisy realisations of 1 sim/stage),Normal:1|Mild:1|Severe:1,1500,,,,29.29078696096165,7.322723226483472,,,weakest=Mild|Severe; J_eff_min=0.762; gap/port_min=1.25; gap/mesh=pending; bayes_err_max=6.49e-05; shift_robust=no; band_gap_retention=0.91; freq_robust=no; AD-vs-AD pairs unverified against mesh noise
2026-09-27T17:49:24+00:00,7ca77f1,A,A-sphere7-ring6-hfss,hfss-v1-masked,three:Normal|Mild|Severe,M6,M6.A[3.50]: <A> in 50 MHz sub-band from 3.50 GHz,1,none-fisher,typical,none (noisy realisations of 1 sim/stage),Normal:1|Mild:1|Severe:1,1500,,,,4.988745895986126,1.2477016919890582,,,weakest=Mild|Severe; J_eff_min=0.136; gap/port_min=0.529; gap/mesh=pending; bayes_err_max=0.0571; shift_robust=no; band_gap_retention=0.96; freq_robust=no; AD-vs-AD pairs unverified against mesh noise
2026-09-27T17:49:24+00:00,7ca77f1,A,A-sphere7-ring6-hfss,hfss-v1-masked,three:Normal|Mild|Severe,M6,M6.N[3.50]: <N> in 50 MHz sub-band from 3.50 GHz,1,none-fisher,typical,none (noisy realisations of 1 sim/stage),Normal:1|Mild:1|Severe:1,1500,,,,4.794703489712409,1.1991846184910795,,,weakest=Mild|Severe; J_eff_min=0.131; gap/port_min=0.519; gap/mesh=pending; bayes_err_max=0.0607; shift_robust=no; band_gap_retention=0.96; freq_robust=no; AD-vs-AD pairs unverified against mesh noise
2026-09-27T17:49:24+00:00,7ca77f1,A,A-sphere7-ring6-hfss,hfss-v1-masked,three:Normal|Mild|Severe,M6,M6.A[3.55]: <A> in 50 MHz sub-band from 3.55 GHz,1,none-fisher,typical,none (noisy realisations of 1 sim/stage),Normal:1|Mild:1|Severe:1,1500,,,,12.693438506573338,3.173428423724737,,,weakest=Mild|Severe; J_eff_min=0.0415; gap/port_min=0.289; gap/mesh=pending; bayes_err_max=0.00588; shift_robust=no; band_gap_retention=0.95; freq_robust=no; AD-vs-AD pairs unverified against mesh noise
2026-09-27T17:49:24+00:00,7ca77f1,A,A-sphere7-ring6-hfss,hfss-v1-masked,three:Normal|Mild|Severe,M6,M6.N[3.55]: <N> in 50 MHz sub-band from 3.55 GHz,1,none-fisher,typical,none (noisy realisations of 1 sim/stage),Normal:1|Mild:1|Severe:1,1500,,,,11.954906247015703,2.988796006991572,,,weakest=Mild|Severe; J_eff_min=0.0394; gap/port_min=0.281; gap/mesh=pending; bayes_err_max=0.00724; shift_robust=no; band_gap_retention=0.95; freq_robust=no; AD-vs-AD pairs unverified against mesh noise
2026-09-27T17:49:24+00:00,7ca77f1,A,A-sphere7-ring6-hfss,hfss-v1-masked,three:Normal|Mild|Severe,M6,M6.A[3.60]: <A> in 50 MHz sub-band from 3.60 GHz,1,none-fisher,typical,none (noisy realisations of 1 sim/stage),Normal:1|Mild:1|Severe:1,1500,,,,12.034029327779384,3.0085080002895537,,,weakest=Normal|Severe; J_eff_min=0.121; gap/port_min=0.494; gap/mesh=pending; bayes_err_max=0.00708; shift_robust=no; band_gap_retention=-3.49; freq_robust=no; AD-vs-AD pairs unverified against mesh noise
2026-09-27T17:49:24+00:00,7ca77f1,A,A-sphere7-ring6-hfss,hfss-v1-masked,three:Normal|Mild|Severe,M6,M6.N[3.60]: <N> in 50 MHz sub-band from 3.60 GHz,1,none-fisher,typical,none (noisy realisations of 1 sim/stage),Normal:1|Mild:1|Severe:1,1500,,,,8.750459792179,2.193085407210099,,,weakest=Normal|Mild; J_eff_min=0.0987; gap/port_min=0.447; gap/mesh=pending; bayes_err_max=0.0179; shift_robust=no; band_gap_retention=-2.38; freq_robust=no; AD-vs-AD pairs unverified against mesh noise
2026-09-27T17:49:24+00:00,7ca77f1,A,A-sphere7-ring6-hfss,hfss-v1-masked,three:Normal|Mild|Severe,M6,M6.A[3.65]: <A> in 50 MHz sub-band from 3.65 GHz,1,none-fisher,typical,none (noisy realisations of 1 sim/stage),Normal:1|Mild:1|Severe:1,1500,,,,45.143732612234324,11.285938118940154,,,weakest=Normal|Mild; J_eff_min=0.158; gap/port_min=0.562; gap/mesh=pending; bayes_err_max=1.01e-06; shift_robust=no; band_gap_retention=0.94; freq_robust=no; AD-vs-AD pairs unverified against mesh noise
2026-09-27T17:49:24+00:00,7ca77f1,A,A-sphere7-ring6-hfss,hfss-v1-masked,three:Normal|Mild|Severe,M6,M6.N[3.65]: <N> in 50 MHz sub-band from 3.65 GHz,1,none-fisher,typical,none (noisy realisations of 1 sim/stage),Normal:1|Mild:1|Severe:1,1500,,,,45.87192521700668,11.467987345265152,,,weakest=Normal|Mild; J_eff_min=0.161; gap/port_min=0.568; gap/mesh=pending; bayes_err_max=8.37e-07; shift_robust=no; band_gap_retention=0.94; freq_robust=no; AD-vs-AD pairs unverified against mesh noise
2026-09-27T17:49:24+00:00,7ca77f1,A,A-sphere7-ring6-hfss,hfss-v1-masked,three:Normal|Mild|Severe,M6,M6.A[3.70]: <A> in 50 MHz sub-band from 3.70 GHz,1,none-fisher,typical,none (noisy realisations of 1 sim/stage),Normal:1|Mild:1|Severe:1,1500,,,,0.6475380993627851,0.1622213653346714,,,weakest=Normal|Mild; J_eff_min=0.00366; gap/port_min=0.0858; gap/mesh=pending; bayes_err_max=0.285; shift_robust=no; band_gap_retention=0.46; freq_robust=no; AD-vs-AD pairs unverified against mesh noise
2026-09-27T17:49:24+00:00,7ca77f1,A,A-sphere7-ring6-hfss,hfss-v1-masked,three:Normal|Mild|Severe,M6,M6.N[3.70]: <N> in 50 MHz sub-band from 3.70 GHz,1,none-fisher,typical,none (noisy realisations of 1 sim/stage),Normal:1|Mild:1|Severe:1,1500,,,,0.6805333878387698,0.17047044566089012,,,weakest=Normal|Mild; J_eff_min=0.00386; gap/port_min=0.0881; gap/mesh=pending; bayes_err_max=0.28; shift_robust=no; band_gap_retention=0.47; freq_robust=no; AD-vs-AD pairs unverified against mesh noise
2026-09-27T17:49:24+00:00,7ca77f1,A,A-sphere7-ring6-hfss,hfss-v1-masked,three:Normal|Mild|Severe,M6,M6.A[3.75]: <A> in 50 MHz sub-band from 3.75 GHz,1,none-fisher,typical,none (noisy realisations of 1 sim/stage),Normal:1|Mild:1|Severe:1,1500,,,,4.03506907754932,1.0088742781195055,,,weakest=Normal|Mild; J_eff_min=0.0355; gap/port_min=0.268; gap/mesh=pending; bayes_err_max=0.0777; shift_robust=no; band_gap_retention=0.52; freq_robust=no; AD-vs-AD pairs unverified against mesh noise
2026-09-27T17:49:24+00:00,7ca77f1,A,A-sphere7-ring6-hfss,hfss-v1-masked,three:Normal|Mild|Severe,M6,M6.N[3.75]: <N> in 50 MHz sub-band from 3.75 GHz,1,none-fisher,typical,none (noisy realisations of 1 sim/stage),Normal:1|Mild:1|Severe:1,1500,,,,4.167275189631452,1.0419313385629931,,,weakest=Normal|Mild; J_eff_min=0.0367; gap/port_min=0.272; gap/mesh=pending; bayes_err_max=0.0744; shift_robust=no; band_gap_retention=0.53; freq_robust=no; AD-vs-AD pairs unverified against mesh noise
2026-09-27T17:49:24+00:00,7ca77f1,A,A-sphere7-ring6-hfss,hfss-v1-masked,three:Normal|Mild|Severe,M6,M6.A[3.80]: <A> in 50 MHz sub-band from 3.80 GHz,1,none-fisher,typical,none (noisy realisations of 1 sim/stage),Normal:1|Mild:1|Severe:1,1500,,,,5.55921893377094,1.3898795378916577,,,weakest=Mild|Severe; J_eff_min=0.0589; gap/port_min=0.345; gap/mesh=pending; bayes_err_max=0.0477; shift_robust=no; band_gap_retention=0.96; freq_robust=no; AD-vs-AD pairs unverified against mesh noise
2026-09-27T17:49:24+00:00,7ca77f1,A,A-sphere7-ring6-hfss,hfss-v1-masked,three:Normal|Mild|Severe,M6,M6.N[3.80]: <N> in 50 MHz sub-band from 3.80 GHz,1,none-fisher,typical,none (noisy realisations of 1 sim/stage),Normal:1|Mild:1|Severe:1,1500,,,,5.566635361506094,1.3917337177119322,,,weakest=Mild|Severe; J_eff_min=0.059; gap/port_min=0.345; gap/mesh=pending; bayes_err_max=0.0476; shift_robust=no; band_gap_retention=0.96; freq_robust=no; AD-vs-AD pairs unverified against mesh noise
2026-09-27T17:49:24+00:00,7ca77f1,A,A-sphere7-ring6-hfss,hfss-v1-masked,three:Normal|Mild|Severe,M6,M6.A[3.85]: <A> in 50 MHz sub-band from 3.85 GHz,1,none-fisher,typical,none (noisy realisations of 1 sim/stage),Normal:1|Mild:1|Severe:1,1500,,,,2.802763404200522,0.702237016560511,,,weakest=Mild|Severe; J_eff_min=0.327; gap/port_min=0.86; gap/mesh=pending; bayes_err_max=0.118; shift_robust=no; band_gap_retention=0.98; freq_robust=no; AD-vs-AD pairs unverified against mesh noise
2026-09-27T17:49:24+00:00,7ca77f1,A,A-sphere7-ring6-hfss,hfss-v1-masked,three:Normal|Mild|Severe,M6,M6.N[3.85]: <N> in 50 MHz sub-band from 3.85 GHz,1,none-fisher,typical,none (noisy realisations of 1 sim/stage),Normal:1|Mild:1|Severe:1,1500,,,,2.8038926804453874,0.7025192667161675,,,weakest=Mild|Severe; J_eff_min=0.327; gap/port_min=0.86; gap/mesh=pending; bayes_err_max=0.118; shift_robust=no; band_gap_retention=0.98; freq_robust=no; AD-vs-AD pairs unverified against mesh noise
2026-09-27T17:49:24+00:00,7ca77f1,A,A-sphere7-ring6-hfss,hfss-v1-masked,three:Normal|Mild|Severe,M6,M6.A[3.90]: <A> in 50 MHz sub-band from 3.90 GHz,1,none-fisher,typical,none (noisy realisations of 1 sim/stage),Normal:1|Mild:1|Severe:1,1500,,,,1.0020156608763253,0.25063097364587816,,,weakest=Mild|Severe; J_eff_min=0.517; gap/port_min=1.46; gap/mesh=pending; bayes_err_max=0.239; shift_robust=no; band_gap_retention=0.97; freq_robust=no; AD-vs-AD pairs unverified against mesh noise
2026-09-27T17:49:24+00:00,7ca77f1,A,A-sphere7-ring6-hfss,hfss-v1-masked,three:Normal|Mild|Severe,M6,M6.N[3.90]: <N> in 50 MHz sub-band from 3.90 GHz,1,none-fisher,typical,none (noisy realisations of 1 sim/stage),Normal:1|Mild:1|Severe:1,1500,,,,1.0022481122137399,0.25068909090860586,,,weakest=Mild|Severe; J_eff_min=0.518; gap/port_min=1.46; gap/mesh=pending; bayes_err_max=0.239; shift_robust=no; band_gap_retention=0.97; freq_robust=no; AD-vs-AD pairs unverified against mesh noise
2026-09-27T17:49:24+00:00,7ca77f1,A,A-sphere7-ring6-hfss,hfss-v1-masked,three:Normal|Mild|Severe,M6,M6.A[3.95]: <A> in 50 MHz sub-band from 3.95 GHz,1,none-fisher,typical,none (noisy realisations of 1 sim/stage),Normal:1|Mild:1|Severe:1,1500,,,,0.45007313809901944,0.11459936687049944,,,weakest=Mild|Severe; J_eff_min=0.358; gap/port_min=1.87; gap/mesh=pending; bayes_err_max=0.317; shift_robust=no; band_gap_retention=0.97; freq_robust=no; AD-vs-AD pairs unverified against mesh noise
2026-09-27T17:49:24+00:00,7ca77f1,A,A-sphere7-ring6-hfss,hfss-v1-masked,three:Normal|Mild|Severe,M6,M6.N[3.95]: <N> in 50 MHz sub-band from 3.95 GHz,1,none-fisher,typical,none (noisy realisations of 1 sim/stage),Normal:1|Mild:1|Severe:1,1500,,,,0.4501528881021661,0.11461938882988575,,,weakest=Mild|Severe; J_eff_min=0.358; gap/port_min=1.87; gap/mesh=pending; bayes_err_max=0.317; shift_robust=no; band_gap_retention=0.97; freq_robust=no; AD-vs-AD pairs unverified against mesh noise
2026-09-27T17:49:24+00:00,7ca77f1,A,A-sphere7-ring6-hfss,hfss-v1-masked,three:Normal|Mild|Severe,M6,M6.A[4.00]: <A> in 50 MHz sub-band from 4.00 GHz,1,none-fisher,typical,none (noisy realisations of 1 sim/stage),Normal:1|Mild:1|Severe:1,1500,,,,0.1903551292170139,0.04774410440912109,,,weakest=Mild|Severe; J_eff_min=0.173; gap/port_min=1.92; gap/mesh=pending; bayes_err_max=0.379; shift_robust=no; band_gap_retention=0.97; freq_robust=no; AD-vs-AD pairs unverified against mesh noise
2026-09-27T17:49:24+00:00,7ca77f1,A,A-sphere7-ring6-hfss,hfss-v1-masked,three:Normal|Mild|Severe,M6,M6.N[4.00]: <N> in 50 MHz sub-band from 4.00 GHz,1,none-fisher,typical,none (noisy realisations of 1 sim/stage),Normal:1|Mild:1|Severe:1,1500,,,,0.1903831573229099,0.047751095927049195,,,weakest=Mild|Severe; J_eff_min=0.173; gap/port_min=1.92; gap/mesh=pending; bayes_err_max=0.379; shift_robust=no; band_gap_retention=0.97; freq_robust=no; AD-vs-AD pairs unverified against mesh noise
2026-09-27T17:49:24+00:00,7ca77f1,A,A-sphere7-ring6-hfss,hfss-v1-masked,three:Normal|Mild|Severe,M6,M6.A[4.05]: <A> in 50 MHz sub-band from 4.05 GHz,1,none-fisher,typical,none (noisy realisations of 1 sim/stage),Normal:1|Mild:1|Severe:1,1500,,,,0.0860463163175211,0.022190932703101122,,,weakest=Mild|Severe; J_eff_min=0.0817; gap/port_min=1.79; gap/mesh=pending; bayes_err_max=0.417; shift_robust=no; band_gap_retention=0.96; freq_robust=no; AD-vs-AD pairs unverified against mesh noise
2026-09-27T17:49:24+00:00,7ca77f1,A,A-sphere7-ring6-hfss,hfss-v1-masked,three:Normal|Mild|Severe,M6,M6.N[4.05]: <N> in 50 MHz sub-band from 4.05 GHz,1,none-fisher,typical,none (noisy realisations of 1 sim/stage),Normal:1|Mild:1|Severe:1,1500,,,,0.08605812651549663,0.022193879094537617,,,weakest=Mild|Severe; J_eff_min=0.0817; gap/port_min=1.79; gap/mesh=pending; bayes_err_max=0.417; shift_robust=no; band_gap_retention=0.96; freq_robust=no; AD-vs-AD pairs unverified against mesh noise
2026-09-27T17:49:24+00:00,7ca77f1,A,A-sphere7-ring6-hfss,hfss-v1-masked,three:Normal|Mild|Severe,M6,M6.A[4.10]: <A> in 50 MHz sub-band from 4.10 GHz,1,none-fisher,typical,none (noisy realisations of 1 sim/stage),Normal:1|Mild:1|Severe:1,1500,,,,0.0352469500485963,0.01109100410933794,,,weakest=Mild|Severe; J_eff_min=0.034; gap/port_min=1.39; gap/mesh=pending; bayes_err_max=0.444; shift_robust=no; band_gap_retention=0.94; freq_robust=no; AD-vs-AD pairs unverified against mesh noise
2026-09-27T17:49:24+00:00,7ca77f1,A,A-sphere7-ring6-hfss,hfss-v1-masked,three:Normal|Mild|Severe,M6,M6.N[4.10]: <N> in 50 MHz sub-band from 4.10 GHz,1,none-fisher,typical,none (noisy realisations of 1 sim/stage),Normal:1|Mild:1|Severe:1,1500,,,,0.03525287726190202,0.011092535823085576,,,weakest=Mild|Severe; J_eff_min=0.034; gap/port_min=1.39; gap/mesh=pending; bayes_err_max=0.444; shift_robust=no; band_gap_retention=0.94; freq_robust=no; AD-vs-AD pairs unverified against mesh noise
2026-09-27T17:49:24+00:00,7ca77f1,A,A-sphere7-ring6-hfss,hfss-v1-masked,three:Normal|Mild|Severe,M6,M6.A[4.15]: <A> in 50 MHz sub-band from 4.15 GHz,1,none-fisher,typical,none (noisy realisations of 1 sim/stage),Normal:1|Mild:1|Severe:1,1500,,,,0.009646795346461012,0.0025526290909982266,,,weakest=Mild|Severe; J_eff_min=0.00941; gap/port_min=0.871; gap/mesh=pending; bayes_err_max=0.472; shift_robust=no; band_gap_retention=0.94; freq_robust=no; AD-vs-AD pairs unverified against mesh noise
2026-09-27T17:49:24+00:00,7ca77f1,A,A-sphere7-ring6-hfss,hfss-v1-masked,three:Normal|Mild|Severe,M6,M6.N[4.15]: <N> in 50 MHz sub-band from 4.15 GHz,1,none-fisher,typical,none (noisy realisations of 1 sim/stage),Normal:1|Mild:1|Severe:1,1500,,,,0.009649691077882194,0.002553367652581507,,,weakest=Mild|Severe; J_eff_min=0.00941; gap/port_min=0.871; gap/mesh=pending; bayes_err_max=0.472; shift_robust=no; band_gap_retention=0.94; freq_robust=no; AD-vs-AD pairs unverified against mesh noise
2026-09-27T17:49:24+00:00,7ca77f1,A,A-sphere7-ring6-hfss,hfss-v1-masked,three:Normal|Mild|Severe,M7,"M7.D: <Σ_j|S_ji - S_ref,ji|^2>_B, ref = circulant(Normal)",1,none-fisher,typical,none (noisy realisations of 1 sim/stage),Normal:1|Mild:1|Severe:1,1500,,,,41.715320154675275,10.432457702305385,,,weakest=Mild|Severe; J_eff_min=0.672; gap/port_min=1.17; gap/mesh=pending; bayes_err_max=2.37e-06; shift_robust=no; band_gap_retention=0.88; freq_robust=no; AD-vs-AD pairs unverified against mesh noise
2026-09-27T17:49:24+00:00,7ca77f1,A,A-sphere7-ring6-hfss,hfss-v1-masked,three:Normal|Mild|Severe,M7,"M7.D_pow: <Σ_j(|S_ji|^2 - |S_ref,ji|^2)^2>_B (phase-free)",1,none-fisher,typical,none (noisy realisations of 1 sim/stage),Normal:1|Mild:1|Severe:1,1500,,,,7.448542540001283,1.8666266300355598,,,weakest=Mild|Severe; J_eff_min=2.49; gap/port_min=2.73; gap/mesh=pending; bayes_err_max=0.0265; shift_robust=no; band_gap_retention=0.82; freq_robust=no; AD-vs-AD pairs unverified against mesh noise
2026-09-27T17:49:24+00:00,7ca77f1,A,A-sphere7-ring6-hfss,hfss-v1-masked,three:Normal|Mild|Severe,M7,"M7.D0: <|S_(i±0,i) - ref|^2>_B",1,none-fisher,typical,none (noisy realisations of 1 sim/stage),Normal:1|Mild:1|Severe:1,1500,,,,41.276429697187766,10.322749053688408,,,weakest=Mild|Severe; J_eff_min=0.672; gap/port_min=1.17; gap/mesh=pending; bayes_err_max=2.66e-06; shift_robust=no; band_gap_retention=0.88; freq_robust=no; AD-vs-AD pairs unverified against mesh noise
2026-09-27T17:49:24+00:00,7ca77f1,A,A-sphere7-ring6-hfss,hfss-v1-masked,three:Normal|Mild|Severe,M7,"M7.D1: <|S_(i±1,i) - ref|^2>_B",1,none-fisher,typical,none (noisy realisations of 1 sim/stage),Normal:1|Mild:1|Severe:1,1500,,,,54.164519470915934,13.541418285909403,,,weakest=Mild|Severe; J_eff_min=0.0259; gap/port_min=0.228; gap/mesh=pending; bayes_err_max=9.71e-08; shift_robust=no; band_gap_retention=1.02; freq_robust=no; AD-vs-AD pairs unverified against mesh noise
2026-09-27T17:49:24+00:00,7ca77f1,A,A-sphere7-ring6-hfss,hfss-v1-masked,three:Normal|Mild|Severe,M7,"M7.D2: <|S_(i±2,i) - ref|^2>_B",1,none-fisher,typical,none (noisy realisations of 1 sim/stage),Normal:1|Mild:1|Severe:1,1500,,,,460.022758047725,115.01921201868696,,,weakest=Mild|Severe; J_eff_min=3.19; gap/port_min=2.53; gap/mesh=pending; bayes_err_max=6.17e-53; shift_robust=no; band_gap_retention=1.05; freq_robust=no; AD-vs-AD pairs unverified against mesh noise
2026-09-27T17:49:24+00:00,7ca77f1,A,A-sphere7-ring6-hfss,hfss-v1-masked,three:Normal|Mild|Severe,M7,"M7.D3: <|S_(i±3,i) - ref|^2>_B",1,none-fisher,typical,none (noisy realisations of 1 sim/stage),Normal:1|Mild:1|Severe:1,1500,,,,637.6353824426473,159.43079281489327,,,weakest=Mild|Severe; J_eff_min=3.27; gap/port_min=2.56; gap/mesh=pending; bayes_err_max=3.88e-73; shift_robust=no; band_gap_retention=1.10; freq_robust=no; AD-vs-AD pairs unverified against mesh noise
2026-09-27T17:49:24+00:00,7ca77f1,A,A-sphere7-ring6-hfss,hfss-v1-masked,three:Normal|Mild|Severe,M7,"M7.D3[k3]: <|S_(i+3,i) - ref|^2> over k3 window",1,none-fisher,typical,none (noisy realisations of 1 sim/stage),Normal:1|Mild:1|Severe:1,1500,,,,587.9300747761893,147.00541833133005,,,weakest=Mild|Severe; J_eff_min=5; gap/port_min=3.18; gap/mesh=pending; bayes_err_max=1.15e-67; shift_robust=no; band_gap_retention=0.87; freq_robust=no; AD-vs-AD pairs unverified against mesh noise
2026-09-27T17:49:24+00:00,7ca77f1,A,A-sphere7-ring6-hfss,hfss-v1-masked,three:Normal|Mild|Severe,M8,M8.s1^2: <s_1(S)^2>_B (singular value),1,none-fisher,typical,none (noisy realisations of 1 sim/stage),Normal:1|Mild:1|Severe:1,1500,,,,0.2116126593320109,0.05379044311849565,,,weakest=Normal|Mild; J_eff_min=nan; gap/port_min=nan; gap/mesh=pending; bayes_err_max=0.372; shift_robust=no; band_gap_retention=0.20; freq_robust=no; AD-vs-AD pairs unverified against mesh noise; matrix-level: no per-antenna port-noise estimate
2026-09-27T17:49:24+00:00,7ca77f1,A,A-sphere7-ring6-hfss,hfss-v1-masked,three:Normal|Mild|Severe,M8,M8.s2^2: <s_2(S)^2>_B (singular value),1,none-fisher,typical,none (noisy realisations of 1 sim/stage),Normal:1|Mild:1|Severe:1,1500,,,,0.867977658200464,0.2170698407374242,,,weakest=Mild|Severe; J_eff_min=nan; gap/port_min=nan; gap/mesh=pending; bayes_err_max=0.255; shift_robust=no; band_gap_retention=-0.75; freq_robust=no; AD-vs-AD pairs unverified against mesh noise; matrix-level: no per-antenna port-noise estimate
2026-09-27T17:49:24+00:00,7ca77f1,A,A-sphere7-ring6-hfss,hfss-v1-masked,three:Normal|Mild|Severe,M8,M8.s3^2: <s_3(S)^2>_B (singular value),1,none-fisher,typical,none (noisy realisations of 1 sim/stage),Normal:1|Mild:1|Severe:1,1500,,,,0.6702475251062961,0.16759724278160595,,,weakest=Mild|Severe; J_eff_min=nan; gap/port_min=nan; gap/mesh=pending; bayes_err_max=0.281; shift_robust=no; band_gap_retention=-266.80; freq_robust=no; AD-vs-AD pairs unverified against mesh noise; matrix-level: no per-antenna port-noise estimate
2026-09-27T17:49:24+00:00,7ca77f1,A,A-sphere7-ring6-hfss,hfss-v1-masked,three:Normal|Mild|Severe,M8,M8.s4^2: <s_4(S)^2>_B (singular value),1,none-fisher,typical,none (noisy realisations of 1 sim/stage),Normal:1|Mild:1|Severe:1,1500,,,,0.17148167127959224,0.04305934423015694,,,weakest=Mild|Severe; J_eff_min=nan; gap/port_min=nan; gap/mesh=pending; bayes_err_max=0.385; shift_robust=no; band_gap_retention=-0.15; freq_robust=no; AD-vs-AD pairs unverified against mesh noise; matrix-level: no per-antenna port-noise estimate
2026-09-27T17:49:24+00:00,7ca77f1,A,A-sphere7-ring6-hfss,hfss-v1-masked,three:Normal|Mild|Severe,M8,M8.s5^2: <s_5(S)^2>_B (singular value),1,none-fisher,typical,none (noisy realisations of 1 sim/stage),Normal:1|Mild:1|Severe:1,1500,,,,0.08869187167086331,0.02229112222669085,,,weakest=Mild|Severe; J_eff_min=nan; gap/port_min=nan; gap/mesh=pending; bayes_err_max=0.416; shift_robust=no; band_gap_retention=0.57; freq_robust=no; AD-vs-AD pairs unverified against mesh noise; matrix-level: no per-antenna port-noise estimate
2026-09-27T17:49:24+00:00,7ca77f1,A,A-sphere7-ring6-hfss,hfss-v1-masked,three:Normal|Mild|Severe,M8,M8.s6^2: <s_6(S)^2>_B (singular value),1,none-fisher,typical,none (noisy realisations of 1 sim/stage),Normal:1|Mild:1|Severe:1,1500,,,,0.025640085748863544,0.006410553544061218,,,weakest=Mild|Severe; J_eff_min=nan; gap/port_min=nan; gap/mesh=pending; bayes_err_max=0.455; shift_robust=no; band_gap_retention=-2.61; freq_robust=no; AD-vs-AD pairs unverified against mesh noise; matrix-level: no per-antenna port-noise estimate
2026-09-27T17:49:24+00:00,7ca77f1,A,A-sphere7-ring6-hfss,hfss-v1-masked,three:Normal|Mild|Severe,M8,M8.lam0^2: <|λ_0|^2> circulant mode 0 (full),1,none-fisher,typical,none (noisy realisations of 1 sim/stage),Normal:1|Mild:1|Severe:1,1500,,,,1.118175458736588,0.27957019415211803,,,weakest=Mild|Severe; J_eff_min=0.175; gap/port_min=0.644; gap/mesh=pending; bayes_err_max=0.227; shift_robust=no; band_gap_retention=0.40; freq_robust=no; AD-vs-AD pairs unverified against mesh noise
2026-09-27T17:49:24+00:00,7ca77f1,A,A-sphere7-ring6-hfss,hfss-v1-masked,three:Normal|Mild|Severe,M8,M8.lam1^2: <|λ_1|^2> circulant mode 1 (full),1,none-fisher,typical,none (noisy realisations of 1 sim/stage),Normal:1|Mild:1|Severe:1,1500,,,,1.085303860613708,0.27138941887857804,,,weakest=Mild|Severe; J_eff_min=0.17; gap/port_min=0.636; gap/mesh=pending; bayes_err_max=0.231; shift_robust=no; band_gap_retention=0.30; freq_robust=no; AD-vs-AD pairs unverified against mesh noise
2026-09-27T17:49:24+00:00,7ca77f1,A,A-sphere7-ring6-hfss,hfss-v1-masked,three:Normal|Mild|Severe,M8,M8.lam2^2: <|λ_2|^2> circulant mode 2 (full),1,none-fisher,typical,none (noisy realisations of 1 sim/stage),Normal:1|Mild:1|Severe:1,1500,,,,1.1762866874422944,0.2941091684067359,,,weakest=Mild|Severe; J_eff_min=0.191; gap/port_min=0.675; gap/mesh=pending; bayes_err_max=0.222; shift_robust=no; band_gap_retention=0.28; freq_robust=no; AD-vs-AD pairs unverified against mesh noise
2026-09-27T17:49:24+00:00,7ca77f1,A,A-sphere7-ring6-hfss,hfss-v1-masked,three:Normal|Mild|Severe,M8,M8.lam3^2: <|λ_3|^2> circulant mode 3 (full),1,none-fisher,typical,none (noisy realisations of 1 sim/stage),Normal:1|Mild:1|Severe:1,1500,,,,1.7178050254878408,0.42949320988064027,,,weakest=Mild|Severe; J_eff_min=0.273; gap/port_min=0.807; gap/mesh=pending; bayes_err_max=0.177; shift_robust=no; band_gap_retention=0.21; freq_robust=no; AD-vs-AD pairs unverified against mesh noise
2026-09-27T17:49:24+00:00,7ca77f1,A,A-sphere7-ring6-hfss,hfss-v1-masked,three:Normal|Mild|Severe,M8,M8.lam0^2[k3]: <|λ_0|^2> circulant mode 0 (k3),1,none-fisher,typical,none (noisy realisations of 1 sim/stage),Normal:1|Mild:1|Severe:1,1500,,,,203.62643518535722,50.90798422174078,,,weakest=Mild|Severe; J_eff_min=2.57; gap/port_min=2.28; gap/mesh=pending; bayes_err_max=2.84e-24; shift_robust=no; band_gap_retention=0.86; freq_robust=no; AD-vs-AD pairs unverified against mesh noise
2026-09-27T17:49:24+00:00,7ca77f1,A,A-sphere7-ring6-hfss,hfss-v1-masked,three:Normal|Mild|Severe,M8,M8.lam1^2[k3]: <|λ_1|^2> circulant mode 1 (k3),1,none-fisher,typical,none (noisy realisations of 1 sim/stage),Normal:1|Mild:1|Severe:1,1500,,,,202.73435277227648,50.684809422823264,,,weakest=Mild|Severe; J_eff_min=2.39; gap/port_min=2.2; gap/mesh=pending; bayes_err_max=3.59e-24; shift_robust=no; band_gap_retention=0.86; freq_robust=no; AD-vs-AD pairs unverified against mesh noise
2026-09-27T17:49:24+00:00,7ca77f1,A,A-sphere7-ring6-hfss,hfss-v1-masked,three:Normal|Mild|Severe,M8,M8.lam2^2[k3]: <|λ_2|^2> circulant mode 2 (k3),1,none-fisher,typical,none (noisy realisations of 1 sim/stage),Normal:1|Mild:1|Severe:1,1500,,,,180.4885219824842,45.123384259304785,,,weakest=Mild|Severe; J_eff_min=1.92; gap/port_min=1.97; gap/mesh=pending; bayes_err_max=9.93e-22; shift_robust=no; band_gap_retention=0.85; freq_robust=no; AD-vs-AD pairs unverified against mesh noise
2026-09-27T17:49:24+00:00,7ca77f1,A,A-sphere7-ring6-hfss,hfss-v1-masked,three:Normal|Mild|Severe,M8,M8.lam3^2[k3]: <|λ_3|^2> circulant mode 3 (k3),1,none-fisher,typical,none (noisy realisations of 1 sim/stage),Normal:1|Mild:1|Severe:1,1500,,,,188.25832079557023,47.06576630600063,,,weakest=Mild|Severe; J_eff_min=2.01; gap/port_min=2.02; gap/mesh=pending; bayes_err_max=1.4e-22; shift_robust=no; band_gap_retention=0.86; freq_robust=no; AD-vs-AD pairs unverified against mesh noise
2026-09-27T17:49:24+00:00,7ca77f1,A,A-sphere7-ring6-hfss,hfss-v1-masked,three:Normal|Mild|Severe,M0,M0.old_score: mean_B Σ_{j≠i}|S_ii+S_ij|/VSWR_i,1,none-fisher,noisy,none (noisy realisations of 1 sim/stage),Normal:1|Mild:1|Severe:1,1500,,,,0.7362127771788859,0.18409428423311094,,,weakest=Mild|Severe; J_eff_min=0.428; gap/port_min=1.43; gap/mesh=pending; bayes_err_max=0.272; shift_robust=no; band_gap_retention=0.74; freq_robust=no; AD-vs-AD pairs unverified against mesh noise; baseline only; not a physical quantity
2026-09-27T17:49:24+00:00,7ca77f1,A,A-sphere7-ring6-hfss,hfss-v1-masked,three:Normal|Mild|Severe,M1,M1.Sii_dBavg: mean_B 20log10|S_ii|,1,none-fisher,noisy,none (noisy realisations of 1 sim/stage),Normal:1|Mild:1|Severe:1,1500,,,,0.023066250676613047,0.006314919042895934,,,weakest=Normal|Severe; J_eff_min=0.00228; gap/port_min=0.0712; gap/mesh=pending; bayes_err_max=0.456; shift_robust=no; band_gap_retention=0.67; freq_robust=no; AD-vs-AD pairs unverified against mesh noise; dB averaging; shown for fragility
2026-09-27T17:49:24+00:00,7ca77f1,A,A-sphere7-ring6-hfss,hfss-v1-masked,three:Normal|Mild|Severe,M2,M2.R: <|S_ii|^2>_B,1,none-fisher,noisy,none (noisy realisations of 1 sim/stage),Normal:1|Mild:1|Severe:1,1500,,,,0.3322912517607671,0.08308709963913878,,,weakest=Mild|Severe; J_eff_min=0.15; gap/port_min=0.738; gap/mesh=pending; bayes_err_max=0.342; shift_robust=no; band_gap_retention=0.29; freq_robust=no; AD-vs-AD pairs unverified against mesh noise
2026-09-27T17:49:24+00:00,7ca77f1,A,A-sphere7-ring6-hfss,hfss-v1-masked,three:Normal|Mild|Severe,M2,M2.R[k3]: <|S_ii|^2> over k3 window,1,none-fisher,noisy,none (noisy realisations of 1 sim/stage),Normal:1|Mild:1|Severe:1,1500,,,,46.16111685209144,11.542442947226863,,,weakest=Mild|Severe; J_eff_min=2.14; gap/port_min=2.12; gap/mesh=pending; bayes_err_max=7.56e-07; shift_robust=no; band_gap_retention=0.86; freq_robust=no; AD-vs-AD pairs unverified against mesh noise
2026-09-27T17:49:24+00:00,7ca77f1,A,A-sphere7-ring6-hfss,hfss-v1-masked,three:Normal|Mild|Severe,M3,M3.A: <1-|S_ii|^2>_B,1,none-fisher,noisy,none (noisy realisations of 1 sim/stage),Normal:1|Mild:1|Severe:1,1500,,,,0.33229125176074004,0.08308709963913201,,,weakest=Mild|Severe; J_eff_min=0.15; gap/port_min=0.738; gap/mesh=pending; bayes_err_max=0.342; shift_robust=no; band_gap_retention=0.29; freq_robust=no; AD-vs-AD pairs unverified against mesh noise; affine copy of M2.R (identical separability)
2026-09-27T17:49:24+00:00,7ca77f1,A,A-sphere7-ring6-hfss,hfss-v1-masked,three:Normal|Mild|Severe,M3,M3.ML_of_powavg: -10log10<A>_B (dB),1,none-fisher,noisy,none (noisy realisations of 1 sim/stage),Normal:1|Mild:1|Severe:1,1500,,,,0.33035468732068207,0.08259543153277552,,,weakest=Mild|Severe; J_eff_min=0.15; gap/port_min=0.741; gap/mesh=pending; bayes_err_max=0.342; shift_robust=no; band_gap_retention=0.28; freq_robust=no; AD-vs-AD pairs unverified against mesh noise
2026-09-27T17:49:24+00:00,7ca77f1,A,A-sphere7-ring6-hfss,hfss-v1-masked,three:Normal|Mild|Severe,M3,M3.ML_dBavg: <-10log10 A>_B (dB-averaged ML),1,none-fisher,noisy,none (noisy realisations of 1 sim/stage),Normal:1|Mild:1|Severe:1,1500,,,,0.04427326957981587,0.011107074546818923,,,weakest=Mild|Severe; J_eff_min=0.0441; gap/port_min=5.59; gap/mesh=pending; bayes_err_max=0.441; shift_robust=no; band_gap_retention=0.75; freq_robust=no; AD-vs-AD pairs unverified against mesh noise; dB averaging; comparison only
2026-09-27T17:49:24+00:00,7ca77f1,A,A-sphere7-ring6-hfss,hfss-v1-masked,three:Normal|Mild|Severe,M4,M4.N: <1-Σ_j|S_ji|^2>_B (absorbed+radiated+loss),1,none-fisher,noisy,none (noisy realisations of 1 sim/stage),Normal:1|Mild:1|Severe:1,1500,,,,0.3424931636678611,0.08563770226863078,,,weakest=Mild|Severe; J_eff_min=0.154; gap/port_min=0.749; gap/mesh=pending; bayes_err_max=0.339; shift_robust=no; band_gap_retention=0.29; freq_robust=no; AD-vs-AD pairs unverified against mesh noise
2026-09-27T17:49:24+00:00,7ca77f1,A,A-sphere7-ring6-hfss,hfss-v1-masked,three:Normal|Mild|Severe,M4,M4.N[k3]: <N> over k3 window,1,none-fisher,noisy,none (noisy realisations of 1 sim/stage),Normal:1|Mild:1|Severe:1,1500,,,,45.661232199336055,11.417485538311261,,,weakest=Mild|Severe; J_eff_min=2.13; gap/port_min=2.11; gap/mesh=pending; bayes_err_max=8.61e-07; shift_robust=no; band_gap_retention=0.86; freq_robust=no; AD-vs-AD pairs unverified against mesh noise
2026-09-27T17:49:24+00:00,7ca77f1,A,A-sphere7-ring6-hfss,hfss-v1-masked,three:Normal|Mild|Severe,M5,M5.C: <Σ_(j≠i)|S_ji|^2> (full),1,none-fisher,noisy,none (noisy realisations of 1 sim/stage),Normal:1|Mild:1|Severe:1,1500,,,,83.17678944170915,20.79445341845805,,,weakest=Normal|Mild; J_eff_min=2.63; gap/port_min=2.33; gap/mesh=pending; bayes_err_max=5.6e-11; shift_robust=yes; band_gap_retention=1.11; freq_robust=no; AD-vs-AD pairs unverified against mesh noise
2026-09-27T17:49:24+00:00,7ca77f1,A,A-sphere7-ring6-hfss,hfss-v1-masked,three:Normal|Mild|Severe,M5,"M5.C1: <|S_(i±1,i)|^2> (full)",1,none-fisher,noisy,none (noisy realisations of 1 sim/stage),Normal:1|Mild:1|Severe:1,1500,,,,71.44611548191489,17.86183229195319,,,weakest=Normal|Mild; J_eff_min=2.15; gap/port_min=2.11; gap/mesh=pending; bayes_err_max=1.13e-09; shift_robust=yes; band_gap_retention=1.11; freq_robust=no; AD-vs-AD pairs unverified against mesh noise
2026-09-27T17:49:24+00:00,7ca77f1,A,A-sphere7-ring6-hfss,hfss-v1-masked,three:Normal|Mild|Severe,M5,"M5.C2: <|S_(i±2,i)|^2> (full)",1,none-fisher,noisy,none (noisy realisations of 1 sim/stage),Normal:1|Mild:1|Severe:1,1500,,,,35.00112162827763,8.752489187102132,,,weakest=Normal|Mild; J_eff_min=2.22; gap/port_min=2.18; gap/mesh=pending; bayes_err_max=1.41e-05; shift_robust=yes; band_gap_retention=0.98; freq_robust=no; AD-vs-AD pairs unverified against mesh noise
2026-09-27T17:49:24+00:00,7ca77f1,A,A-sphere7-ring6-hfss,hfss-v1-masked,three:Normal|Mild|Severe,M5,"M5.C3: <|S_(i±3,i)|^2> (full)",1,none-fisher,noisy,none (noisy realisations of 1 sim/stage),Normal:1|Mild:1|Severe:1,1500,,,,0.3422722208758444,0.08559811348565942,,,weakest=Mild|Severe; J_eff_min=0.0109; gap/port_min=0.15; gap/mesh=pending; bayes_err_max=0.34; shift_robust=no; band_gap_retention=0.16; freq_robust=no; AD-vs-AD pairs unverified against mesh noise
2026-09-27T17:49:24+00:00,7ca77f1,A,A-sphere7-ring6-hfss,hfss-v1-masked,three:Normal|Mild|Severe,M5,M5.C[k3]: <Σ_(j≠i)|S_ji|^2> (k3),1,none-fisher,noisy,none (noisy realisations of 1 sim/stage),Normal:1|Mild:1|Severe:1,1500,,,,35.2062416669462,8.803463015930832,,,weakest=Normal|Mild; J_eff_min=0.413; gap/port_min=0.914; gap/mesh=pending; bayes_err_max=1.34e-05; shift_robust=no; band_gap_retention=0.67; freq_robust=no; AD-vs-AD pairs unverified against mesh noise
2026-09-27T17:49:24+00:00,7ca77f1,A,A-sphere7-ring6-hfss,hfss-v1-masked,three:Normal|Mild|Severe,M5,"M5.C1[k3]: <|S_(i±1,i)|^2> (k3)",1,none-fisher,noisy,none (noisy realisations of 1 sim/stage),Normal:1|Mild:1|Severe:1,1500,,,,23.661306318608826,5.91750579461256,,,weakest=Normal|Mild; J_eff_min=0.272; gap/port_min=0.742; gap/mesh=pending; bayes_err_max=0.000287; shift_robust=no; band_gap_retention=0.60; freq_robust=no; AD-vs-AD pairs unverified against mesh noise
2026-09-27T17:49:24+00:00,7ca77f1,A,A-sphere7-ring6-hfss,hfss-v1-masked,three:Normal|Mild|Severe,M5,"M5.C2[k3]: <|S_(i±2,i)|^2> (k3)",1,none-fisher,noisy,none (noisy realisations of 1 sim/stage),Normal:1|Mild:1|Severe:1,1500,,,,17.987022230394476,4.499904447808344,,,weakest=Normal|Mild; J_eff_min=3.17; gap/port_min=2.78; gap/mesh=pending; bayes_err_max=0.00133; shift_robust=yes; band_gap_retention=0.75; freq_robust=no; AD-vs-AD pairs unverified against mesh noise
2026-09-27T17:49:24+00:00,7ca77f1,A,A-sphere7-ring6-hfss,hfss-v1-masked,three:Normal|Mild|Severe,M5,"M5.C3[k3]: <|S_(i±3,i)|^2> (k3)",1,none-fisher,noisy,none (noisy realisations of 1 sim/stage),Normal:1|Mild:1|Severe:1,1500,,,,0.016416810836684892,0.004108968859072209,,,weakest=Mild|Severe; J_eff_min=0.000622; gap/port_min=0.036; gap/mesh=pending; bayes_err_max=0.464; shift_robust=no; band_gap_retention=-6.41; freq_robust=no; AD-vs-AD pairs unverified against mesh noise
2026-09-27T17:49:24+00:00,7ca77f1,A,A-sphere7-ring6-hfss,hfss-v1-masked,three:Normal|Mild|Severe,M5,"M5.C3_dBavg[k3]: mean over k3 window of 10log10|S_(i+3,i)|^2",1,none-fisher,noisy,none (noisy realisations of 1 sim/stage),Normal:1|Mild:1|Severe:1,1500,,,,0.7847055066422505,0.19649687034238625,,,weakest=Mild|Severe; J_eff_min=0.0207; gap/port_min=0.206; gap/mesh=pending; bayes_err_max=0.265; shift_robust=no; band_gap_retention=0.11; freq_robust=no; AD-vs-AD pairs unverified against mesh noise; dB averaging; comparison only
2026-09-27T17:49:24+00:00,7ca77f1,A,A-sphere7-ring6-hfss,hfss-v1-masked,three:Normal|Mild|Severe,M6,M6.fc_A: power-weighted centroid of A(f) [GHz],1,none-fisher,noisy,none (noisy realisations of 1 sim/stage),Normal:1|Mild:1|Severe:1,1500,,,,0.6664694697267337,0.16681122167012932,,,weakest=Normal|Mild; J_eff_min=0.281; gap/port_min=0.985; gap/mesh=pending; bayes_err_max=0.282; shift_robust=no; band_gap_retention=0.78; freq_robust=no; AD-vs-AD pairs unverified against mesh noise
2026-09-27T17:49:24+00:00,7ca77f1,A,A-sphere7-ring6-hfss,hfss-v1-masked,three:Normal|Mild|Severe,M6,M6.spread_A: spectral spread of A(f) [MHz],1,none-fisher,noisy,none (noisy realisations of 1 sim/stage),Normal:1|Mild:1|Severe:1,1500,,,,0.2307922661011582,0.057870224542015555,,,weakest=Mild|Severe; J_eff_min=0.22; gap/port_min=3; gap/mesh=pending; bayes_err_max=0.367; shift_robust=no; band_gap_retention=0.32; freq_robust=no; AD-vs-AD pairs unverified against mesh noise
2026-09-27T17:49:24+00:00,7ca77f1,A,A-sphere7-ring6-hfss,hfss-v1-masked,three:Normal|Mild|Severe,M6,M6.fc_N: power-weighted centroid of N(f) [GHz],1,none-fisher,noisy,none (noisy realisations of 1 sim/stage),Normal:1|Mild:1|Severe:1,1500,,,,0.6683499925040395,0.16728197297719014,,,weakest=Normal|Mild; J_eff_min=0.282; gap/port_min=0.987; gap/mesh=pending; bayes_err_max=0.282; shift_robust=no; band_gap_retention=0.78; freq_robust=no; AD-vs-AD pairs unverified against mesh noise
2026-09-27T17:49:24+00:00,7ca77f1,A,A-sphere7-ring6-hfss,hfss-v1-masked,three:Normal|Mild|Severe,M6,M6.spread_N: spectral spread of N(f) [MHz],1,none-fisher,noisy,none (noisy realisations of 1 sim/stage),Normal:1|Mild:1|Severe:1,1500,,,,0.228989969292789,0.05741999290619139,,,weakest=Mild|Severe; J_eff_min=0.218; gap/port_min=2.99; gap/mesh=pending; bayes_err_max=0.367; shift_robust=no; band_gap_retention=0.32; freq_robust=no; AD-vs-AD pairs unverified against mesh noise
2026-09-27T17:49:24+00:00,7ca77f1,A,A-sphere7-ring6-hfss,hfss-v1-masked,three:Normal|Mild|Severe,M6,M6.A[3.20]: <A> in 50 MHz sub-band from 3.20 GHz,1,none-fisher,noisy,none (noisy realisations of 1 sim/stage),Normal:1|Mild:1|Severe:1,1500,,,,0.48525866184601796,0.12164142011650858,,,weakest=Mild|Severe; J_eff_min=0.415; gap/port_min=2.39; gap/mesh=pending; bayes_err_max=0.311; shift_robust=no; band_gap_retention=0.97; freq_robust=no; AD-vs-AD pairs unverified against mesh noise
2026-09-27T17:49:24+00:00,7ca77f1,A,A-sphere7-ring6-hfss,hfss-v1-masked,three:Normal|Mild|Severe,M6,M6.N[3.20]: <N> in 50 MHz sub-band from 3.20 GHz,1,none-fisher,noisy,none (noisy realisations of 1 sim/stage),Normal:1|Mild:1|Severe:1,1500,,,,0.48507134882314995,0.12159480356610156,,,weakest=Mild|Severe; J_eff_min=0.415; gap/port_min=2.39; gap/mesh=pending; bayes_err_max=0.311; shift_robust=no; band_gap_retention=0.97; freq_robust=no; AD-vs-AD pairs unverified against mesh noise
2026-09-27T17:49:24+00:00,7ca77f1,A,A-sphere7-ring6-hfss,hfss-v1-masked,three:Normal|Mild|Severe,M6,M6.A[3.25]: <A> in 50 MHz sub-band from 3.25 GHz,1,none-fisher,noisy,none (noisy realisations of 1 sim/stage),Normal:1|Mild:1|Severe:1,1500,,,,0.1390244428503609,0.03481062573316813,,,weakest=Mild|Severe; J_eff_min=0.094; gap/port_min=0.761; gap/mesh=pending; bayes_err_max=0.396; shift_robust=no; band_gap_retention=0.77; freq_robust=no; AD-vs-AD pairs unverified against mesh noise
2026-09-27T17:49:24+00:00,7ca77f1,A,A-sphere7-ring6-hfss,hfss-v1-masked,three:Normal|Mild|Severe,M6,M6.N[3.25]: <N> in 50 MHz sub-band from 3.25 GHz,1,none-fisher,noisy,none (noisy realisations of 1 sim/stage),Normal:1|Mild:1|Severe:1,1500,,,,0.13899127018160268,0.034802221345753094,,,weakest=Mild|Severe; J_eff_min=0.0939; gap/port_min=0.761; gap/mesh=pending; bayes_err_max=0.396; shift_robust=no; band_gap_retention=0.77; freq_robust=no; AD-vs-AD pairs unverified against mesh noise
2026-09-27T17:49:24+00:00,7ca77f1,A,A-sphere7-ring6-hfss,hfss-v1-masked,three:Normal|Mild|Severe,M6,M6.A[3.30]: <A> in 50 MHz sub-band from 3.30 GHz,1,none-fisher,noisy,none (noisy realisations of 1 sim/stage),Normal:1|Mild:1|Severe:1,1500,,,,0.9396303391700915,0.2349121212431601,,,weakest=Mild|Severe; J_eff_min=0.396; gap/port_min=1.17; gap/mesh=pending; bayes_err_max=0.247; shift_robust=no; band_gap_retention=0.62; freq_robust=no; AD-vs-AD pairs unverified against mesh noise
2026-09-27T17:49:24+00:00,7ca77f1,A,A-sphere7-ring6-hfss,hfss-v1-masked,three:Normal|Mild|Severe,M6,M6.N[3.30]: <N> in 50 MHz sub-band from 3.30 GHz,1,none-fisher,noisy,none (noisy realisations of 1 sim/stage),Normal:1|Mild:1|Severe:1,1500,,,,0.9379100585574611,0.23448204238942397,,,weakest=Mild|Severe; J_eff_min=0.395; gap/port_min=1.17; gap/mesh=pending; bayes_err_max=0.247; shift_robust=no; band_gap_retention=0.62; freq_robust=no; AD-vs-AD pairs unverified against mesh noise
2026-09-27T17:49:24+00:00,7ca77f1,A,A-sphere7-ring6-hfss,hfss-v1-masked,three:Normal|Mild|Severe,M6,M6.A[3.35]: <A> in 50 MHz sub-band from 3.35 GHz,1,none-fisher,noisy,none (noisy realisations of 1 sim/stage),Normal:1|Mild:1|Severe:1,1500,,,,8.013668649943929,2.0054890096680236,,,weakest=Normal|Mild; J_eff_min=1.45; gap/port_min=1.88; gap/mesh=pending; bayes_err_max=0.0225; shift_robust=no; band_gap_retention=0.73; freq_robust=no; AD-vs-AD pairs unverified against mesh noise
2026-09-27T17:49:24+00:00,7ca77f1,A,A-sphere7-ring6-hfss,hfss-v1-masked,three:Normal|Mild|Severe,M6,M6.N[3.35]: <N> in 50 MHz sub-band from 3.35 GHz,1,none-fisher,noisy,none (noisy realisations of 1 sim/stage),Normal:1|Mild:1|Severe:1,1500,,,,8.009270068562179,2.0043922970063255,,,weakest=Normal|Mild; J_eff_min=1.45; gap/port_min=1.88; gap/mesh=pending; bayes_err_max=0.0225; shift_robust=no; band_gap_retention=0.73; freq_robust=no; AD-vs-AD pairs unverified against mesh noise
2026-09-27T17:49:24+00:00,7ca77f1,A,A-sphere7-ring6-hfss,hfss-v1-masked,three:Normal|Mild|Severe,M6,M6.A[3.40]: <A> in 50 MHz sub-band from 3.40 GHz,1,none-fisher,noisy,none (noisy realisations of 1 sim/stage),Normal:1|Mild:1|Severe:1,1500,,,,36.32811931915263,9.085928824228835,,,weakest=Mild|Severe; J_eff_min=3.86; gap/port_min=2.94; gap/mesh=pending; bayes_err_max=9.74e-06; shift_robust=no; band_gap_retention=0.96; freq_robust=no; AD-vs-AD pairs unverified against mesh noise
2026-09-27T17:49:24+00:00,7ca77f1,A,A-sphere7-ring6-hfss,hfss-v1-masked,three:Normal|Mild|Severe,M6,M6.N[3.40]: <N> in 50 MHz sub-band from 3.40 GHz,1,none-fisher,noisy,none (noisy realisations of 1 sim/stage),Normal:1|Mild:1|Severe:1,1500,,,,36.18341291928477,9.049777016382757,,,weakest=Mild|Severe; J_eff_min=3.84; gap/port_min=2.93; gap/mesh=pending; bayes_err_max=1.01e-05; shift_robust=no; band_gap_retention=0.96; freq_robust=no; AD-vs-AD pairs unverified against mesh noise
2026-09-27T17:49:24+00:00,7ca77f1,A,A-sphere7-ring6-hfss,hfss-v1-masked,three:Normal|Mild|Severe,M6,M6.A[3.45]: <A> in 50 MHz sub-band from 3.45 GHz,1,none-fisher,noisy,none (noisy realisations of 1 sim/stage),Normal:1|Mild:1|Severe:1,1500,,,,6.764964747243071,1.6915796117275228,,,weakest=Mild|Severe; J_eff_min=0.674; gap/port_min=1.22; gap/mesh=pending; bayes_err_max=0.0329; shift_robust=no; band_gap_retention=0.91; freq_robust=no; AD-vs-AD pairs unverified against mesh noise
2026-09-27T17:49:24+00:00,7ca77f1,A,A-sphere7-ring6-hfss,hfss-v1-masked,three:Normal|Mild|Severe,M6,M6.N[3.45]: <N> in 50 MHz sub-band from 3.45 GHz,1,none-fisher,noisy,none (noisy realisations of 1 sim/stage),Normal:1|Mild:1|Severe:1,1500,,,,6.690459264414239,1.6729516605976205,,,weakest=Mild|Severe; J_eff_min=0.665; gap/port_min=1.22; gap/mesh=pending; bayes_err_max=0.0337; shift_robust=no; band_gap_retention=0.91; freq_robust=no; AD-vs-AD pairs unverified against mesh noise
2026-09-27T17:49:24+00:00,7ca77f1,A,A-sphere7-ring6-hfss,hfss-v1-masked,three:Normal|Mild|Severe,M6,M6.A[3.50]: <A> in 50 MHz sub-band from 3.50 GHz,1,none-fisher,noisy,none (noisy realisations of 1 sim/stage),Normal:1|Mild:1|Severe:1,1500,,,,1.357391884481166,0.3413395190952588,,,weakest=Mild|Severe; J_eff_min=0.135; gap/port_min=0.548; gap/mesh=pending; bayes_err_max=0.204; shift_robust=no; band_gap_retention=0.96; freq_robust=no; AD-vs-AD pairs unverified against mesh noise
2026-09-27T17:49:24+00:00,7ca77f1,A,A-sphere7-ring6-hfss,hfss-v1-masked,three:Normal|Mild|Severe,M6,M6.N[3.50]: <N> in 50 MHz sub-band from 3.50 GHz,1,none-fisher,noisy,none (noisy realisations of 1 sim/stage),Normal:1|Mild:1|Severe:1,1500,,,,1.306055171529891,0.3285242505625681,,,weakest=Mild|Severe; J_eff_min=0.13; gap/port_min=0.538; gap/mesh=pending; bayes_err_max=0.209; shift_robust=no; band_gap_retention=0.96; freq_robust=no; AD-vs-AD pairs unverified against mesh noise
2026-09-27T17:49:24+00:00,7ca77f1,A,A-sphere7-ring6-hfss,hfss-v1-masked,three:Normal|Mild|Severe,M6,M6.A[3.55]: <A> in 50 MHz sub-band from 3.55 GHz,1,none-fisher,noisy,none (noisy realisations of 1 sim/stage),Normal:1|Mild:1|Severe:1,1500,,,,2.7028298133834485,0.6801478893550267,,,weakest=Mild|Severe; J_eff_min=0.0394; gap/port_min=0.283; gap/mesh=pending; bayes_err_max=0.122; shift_robust=no; band_gap_retention=0.95; freq_robust=no; AD-vs-AD pairs unverified against mesh noise
2026-09-27T17:49:24+00:00,7ca77f1,A,A-sphere7-ring6-hfss,hfss-v1-masked,three:Normal|Mild|Severe,M6,M6.N[3.55]: <N> in 50 MHz sub-band from 3.55 GHz,1,none-fisher,noisy,none (noisy realisations of 1 sim/stage),Normal:1|Mild:1|Severe:1,1500,,,,2.537439223496899,0.6387895126725741,,,weakest=Mild|Severe; J_eff_min=0.0372; gap/port_min=0.275; gap/mesh=pending; bayes_err_max=0.129; shift_robust=no; band_gap_retention=0.95; freq_robust=no; AD-vs-AD pairs unverified against mesh noise
2026-09-27T17:49:24+00:00,7ca77f1,A,A-sphere7-ring6-hfss,hfss-v1-masked,three:Normal|Mild|Severe,M6,M6.A[3.60]: <A> in 50 MHz sub-band from 3.60 GHz,1,none-fisher,noisy,none (noisy realisations of 1 sim/stage),Normal:1|Mild:1|Severe:1,1500,,,,3.2396461204959555,0.8099300314122064,,,weakest=Normal|Severe; J_eff_min=0.116; gap/port_min=0.491; gap/mesh=pending; bayes_err_max=0.102; shift_robust=no; band_gap_retention=-3.49; freq_robust=no; AD-vs-AD pairs unverified against mesh noise
2026-09-27T17:49:24+00:00,7ca77f1,A,A-sphere7-ring6-hfss,hfss-v1-masked,three:Normal|Mild|Severe,M6,M6.N[3.60]: <N> in 50 MHz sub-band from 3.60 GHz,1,none-fisher,noisy,none (noisy realisations of 1 sim/stage),Normal:1|Mild:1|Severe:1,1500,,,,2.449078249412014,0.6173216647583425,,,weakest=Normal|Mild; J_eff_min=0.0976; gap/port_min=0.451; gap/mesh=pending; bayes_err_max=0.133; shift_robust=no; band_gap_retention=-2.38; freq_robust=no; AD-vs-AD pairs unverified against mesh noise
2026-09-27T17:49:24+00:00,7ca77f1,A,A-sphere7-ring6-hfss,hfss-v1-masked,three:Normal|Mild|Severe,M6,M6.A[3.65]: <A> in 50 MHz sub-band from 3.65 GHz,1,none-fisher,noisy,none (noisy realisations of 1 sim/stage),Normal:1|Mild:1|Severe:1,1500,,,,10.200055915922526,2.5504031950919495,,,weakest=Normal|Mild; J_eff_min=0.155; gap/port_min=0.562; gap/mesh=pending; bayes_err_max=0.0119; shift_robust=no; band_gap_retention=0.94; freq_robust=no; AD-vs-AD pairs unverified against mesh noise
2026-09-27T17:49:24+00:00,7ca77f1,A,A-sphere7-ring6-hfss,hfss-v1-masked,three:Normal|Mild|Severe,M6,M6.N[3.65]: <N> in 50 MHz sub-band from 3.65 GHz,1,none-fisher,noisy,none (noisy realisations of 1 sim/stage),Normal:1|Mild:1|Severe:1,1500,,,,10.358888508913969,2.5901052289614217,,,weakest=Normal|Mild; J_eff_min=0.158; gap/port_min=0.567; gap/mesh=pending; bayes_err_max=0.0114; shift_robust=no; band_gap_retention=0.94; freq_robust=no; AD-vs-AD pairs unverified against mesh noise
2026-09-27T17:49:24+00:00,7ca77f1,A,A-sphere7-ring6-hfss,hfss-v1-masked,three:Normal|Mild|Severe,M6,M6.A[3.70]: <A> in 50 MHz sub-band from 3.70 GHz,1,none-fisher,noisy,none (noisy realisations of 1 sim/stage),Normal:1|Mild:1|Severe:1,1500,,,,0.16032321532875432,0.040689900751326814,,,weakest=Normal|Mild; J_eff_min=0.00372; gap/port_min=0.0873; gap/mesh=pending; bayes_err_max=0.388; shift_robust=no; band_gap_retention=0.46; freq_robust=no; AD-vs-AD pairs unverified against mesh noise
2026-09-27T17:49:24+00:00,7ca77f1,A,A-sphere7-ring6-hfss,hfss-v1-masked,three:Normal|Mild|Severe,M6,M6.N[3.70]: <N> in 50 MHz sub-band from 3.70 GHz,1,none-fisher,noisy,none (noisy realisations of 1 sim/stage),Normal:1|Mild:1|Severe:1,1500,,,,0.16820682198365225,0.04265929797905525,,,weakest=Normal|Mild; J_eff_min=0.00391; gap/port_min=0.0895; gap/mesh=pending; bayes_err_max=0.385; shift_robust=no; band_gap_retention=0.47; freq_robust=no; AD-vs-AD pairs unverified against mesh noise
2026-09-27T17:49:24+00:00,7ca77f1,A,A-sphere7-ring6-hfss,hfss-v1-masked,three:Normal|Mild|Severe,M6,M6.A[3.75]: <A> in 50 MHz sub-band from 3.75 GHz,1,none-fisher,noisy,none (noisy realisations of 1 sim/stage),Normal:1|Mild:1|Severe:1,1500,,,,1.153673427567062,0.289284697573697,,,weakest=Normal|Mild; J_eff_min=0.0375; gap/port_min=0.278; gap/mesh=pending; bayes_err_max=0.224; shift_robust=no; band_gap_retention=0.52; freq_robust=no; AD-vs-AD pairs unverified against mesh noise
2026-09-27T17:49:24+00:00,7ca77f1,A,A-sphere7-ring6-hfss,hfss-v1-masked,three:Normal|Mild|Severe,M6,M6.N[3.75]: <N> in 50 MHz sub-band from 3.75 GHz,1,none-fisher,noisy,none (noisy realisations of 1 sim/stage),Normal:1|Mild:1|Severe:1,1500,,,,1.1901370708674988,0.2984028009242393,,,weakest=Normal|Mild; J_eff_min=0.0387; gap/port_min=0.283; gap/mesh=pending; bayes_err_max=0.22; shift_robust=no; band_gap_retention=0.53; freq_robust=no; AD-vs-AD pairs unverified against mesh noise
2026-09-27T17:49:24+00:00,7ca77f1,A,A-sphere7-ring6-hfss,hfss-v1-masked,three:Normal|Mild|Severe,M6,M6.A[3.80]: <A> in 50 MHz sub-band from 3.80 GHz,1,none-fisher,noisy,none (noisy realisations of 1 sim/stage),Normal:1|Mild:1|Severe:1,1500,,,,1.7360926581344749,0.4342164376595576,,,weakest=Mild|Severe; J_eff_min=0.0678; gap/port_min=0.376; gap/mesh=pending; bayes_err_max=0.176; shift_robust=no; band_gap_retention=0.96; freq_robust=no; AD-vs-AD pairs unverified against mesh noise
2026-09-27T17:49:24+00:00,7ca77f1,A,A-sphere7-ring6-hfss,hfss-v1-masked,three:Normal|Mild|Severe,M6,M6.N[3.80]: <N> in 50 MHz sub-band from 3.80 GHz,1,none-fisher,noisy,none (noisy realisations of 1 sim/stage),Normal:1|Mild:1|Severe:1,1500,,,,1.738266266180371,0.4347597016767135,,,weakest=Mild|Severe; J_eff_min=0.0679; gap/port_min=0.376; gap/mesh=pending; bayes_err_max=0.176; shift_robust=no; band_gap_retention=0.96; freq_robust=no; AD-vs-AD pairs unverified against mesh noise
2026-09-27T17:49:24+00:00,7ca77f1,A,A-sphere7-ring6-hfss,hfss-v1-masked,three:Normal|Mild|Severe,M6,M6.A[3.85]: <A> in 50 MHz sub-band from 3.85 GHz,1,none-fisher,noisy,none (noisy realisations of 1 sim/stage),Normal:1|Mild:1|Severe:1,1500,,,,0.5187240993517067,0.13018815513422025,,,weakest=Mild|Severe; J_eff_min=0.199; gap/port_min=0.805; gap/mesh=pending; bayes_err_max=0.305; shift_robust=no; band_gap_retention=0.98; freq_robust=no; AD-vs-AD pairs unverified against mesh noise
2026-09-27T17:49:24+00:00,7ca77f1,A,A-sphere7-ring6-hfss,hfss-v1-masked,three:Normal|Mild|Severe,M6,M6.N[3.85]: <N> in 50 MHz sub-band from 3.85 GHz,1,none-fisher,noisy,none (noisy realisations of 1 sim/stage),Normal:1|Mild:1|Severe:1,1500,,,,0.5189485721230481,0.13024442065304592,,,weakest=Mild|Severe; J_eff_min=0.2; gap/port_min=0.805; gap/mesh=pending; bayes_err_max=0.305; shift_robust=no; band_gap_retention=0.98; freq_robust=no; AD-vs-AD pairs unverified against mesh noise
2026-09-27T17:49:24+00:00,7ca77f1,A,A-sphere7-ring6-hfss,hfss-v1-masked,three:Normal|Mild|Severe,M6,M6.A[3.90]: <A> in 50 MHz sub-band from 3.90 GHz,1,none-fisher,noisy,none (noisy realisations of 1 sim/stage),Normal:1|Mild:1|Severe:1,1500,,,,0.17048911856502313,0.0426747678556253,,,weakest=Mild|Severe; J_eff_min=0.137; gap/port_min=1.18; gap/mesh=pending; bayes_err_max=0.385; shift_robust=no; band_gap_retention=0.97; freq_robust=no; AD-vs-AD pairs unverified against mesh noise
2026-09-27T17:49:24+00:00,7ca77f1,A,A-sphere7-ring6-hfss,hfss-v1-masked,three:Normal|Mild|Severe,M6,M6.N[3.90]: <N> in 50 MHz sub-band from 3.90 GHz,1,none-fisher,noisy,none (noisy realisations of 1 sim/stage),Normal:1|Mild:1|Severe:1,1500,,,,0.17054097306082094,0.04268768726409173,,,weakest=Mild|Severe; J_eff_min=0.137; gap/port_min=1.18; gap/mesh=pending; bayes_err_max=0.385; shift_robust=no; band_gap_retention=0.97; freq_robust=no; AD-vs-AD pairs unverified against mesh noise
2026-09-27T17:49:24+00:00,7ca77f1,A,A-sphere7-ring6-hfss,hfss-v1-masked,three:Normal|Mild|Severe,M6,M6.A[3.95]: <A> in 50 MHz sub-band from 3.95 GHz,1,none-fisher,noisy,none (noisy realisations of 1 sim/stage),Normal:1|Mild:1|Severe:1,1500,,,,0.1821682011315356,0.045737335961724565,,,weakest=Mild|Severe; J_eff_min=0.171; gap/port_min=2.31; gap/mesh=pending; bayes_err_max=0.381; shift_robust=no; band_gap_retention=0.97; freq_robust=no; AD-vs-AD pairs unverified against mesh noise
2026-09-27T17:49:24+00:00,7ca77f1,A,A-sphere7-ring6-hfss,hfss-v1-masked,three:Normal|Mild|Severe,M6,M6.N[3.95]: <N> in 50 MHz sub-band from 3.95 GHz,1,none-fisher,noisy,none (noisy realisations of 1 sim/stage),Normal:1|Mild:1|Severe:1,1500,,,,0.1821941364421044,0.04574385563501315,,,weakest=Mild|Severe; J_eff_min=0.171; gap/port_min=2.31; gap/mesh=pending; bayes_err_max=0.381; shift_robust=no; band_gap_retention=0.97; freq_robust=no; AD-vs-AD pairs unverified against mesh noise
2026-09-27T17:49:24+00:00,7ca77f1,A,A-sphere7-ring6-hfss,hfss-v1-masked,three:Normal|Mild|Severe,M6,M6.A[4.00]: <A> in 50 MHz sub-band from 4.00 GHz,1,none-fisher,noisy,none (noisy realisations of 1 sim/stage),Normal:1|Mild:1|Severe:1,1500,,,,0.07868769502279059,0.020023757085543367,,,weakest=Mild|Severe; J_eff_min=0.0765; gap/port_min=2.36; gap/mesh=pending; bayes_err_max=0.421; shift_robust=no; band_gap_retention=0.97; freq_robust=no; AD-vs-AD pairs unverified against mesh noise
2026-09-27T17:49:24+00:00,7ca77f1,A,A-sphere7-ring6-hfss,hfss-v1-masked,three:Normal|Mild|Severe,M6,M6.N[4.00]: <N> in 50 MHz sub-band from 4.00 GHz,1,none-fisher,noisy,none (noisy realisations of 1 sim/stage),Normal:1|Mild:1|Severe:1,1500,,,,0.07869620751289726,0.020025954899960847,,,weakest=Mild|Severe; J_eff_min=0.0765; gap/port_min=2.36; gap/mesh=pending; bayes_err_max=0.421; shift_robust=no; band_gap_retention=0.97; freq_robust=no; AD-vs-AD pairs unverified against mesh noise
2026-09-27T17:49:24+00:00,7ca77f1,A,A-sphere7-ring6-hfss,hfss-v1-masked,three:Normal|Mild|Severe,M6,M6.A[4.05]: <A> in 50 MHz sub-band from 4.05 GHz,1,none-fisher,noisy,none (noisy realisations of 1 sim/stage),Normal:1|Mild:1|Severe:1,1500,,,,0.054214555320140544,0.013707969136567405,,,weakest=Mild|Severe; J_eff_min=0.0535; gap/port_min=2.93; gap/mesh=pending; bayes_err_max=0.434; shift_robust=no; band_gap_retention=0.96; freq_robust=no; AD-vs-AD pairs unverified against mesh noise
2026-09-27T17:49:24+00:00,7ca77f1,A,A-sphere7-ring6-hfss,hfss-v1-masked,three:Normal|Mild|Severe,M6,M6.N[4.05]: <N> in 50 MHz sub-band from 4.05 GHz,1,none-fisher,noisy,none (noisy realisations of 1 sim/stage),Normal:1|Mild:1|Severe:1,1500,,,,0.05421944921674296,0.013709194103113465,,,weakest=Mild|Severe; J_eff_min=0.0535; gap/port_min=2.93; gap/mesh=pending; bayes_err_max=0.434; shift_robust=no; band_gap_retention=0.96; freq_robust=no; AD-vs-AD pairs unverified against mesh noise
2026-09-27T17:49:24+00:00,7ca77f1,A,A-sphere7-ring6-hfss,hfss-v1-masked,three:Normal|Mild|Severe,M6,M6.A[4.10]: <A> in 50 MHz sub-band from 4.10 GHz,1,none-fisher,noisy,none (noisy realisations of 1 sim/stage),Normal:1|Mild:1|Severe:1,1500,,,,0.0053191919091594144,0.0014307280568286976,,,weakest=Mild|Severe; J_eff_min=0.00527; gap/port_min=1.11; gap/mesh=pending; bayes_err_max=0.479; shift_robust=no; band_gap_retention=0.94; freq_robust=no; AD-vs-AD pairs unverified against mesh noise
2026-09-27T17:49:24+00:00,7ca77f1,A,A-sphere7-ring6-hfss,hfss-v1-masked,three:Normal|Mild|Severe,M6,M6.N[4.10]: <N> in 50 MHz sub-band from 4.10 GHz,1,none-fisher,noisy,none (noisy realisations of 1 sim/stage),Normal:1|Mild:1|Severe:1,1500,,,,0.005320470153354543,0.001431063025949316,,,weakest=Mild|Severe; J_eff_min=0.00528; gap/port_min=1.11; gap/mesh=pending; bayes_err_max=0.479; shift_robust=no; band_gap_retention=0.94; freq_robust=no; AD-vs-AD pairs unverified against mesh noise
2026-09-27T17:49:24+00:00,7ca77f1,A,A-sphere7-ring6-hfss,hfss-v1-masked,three:Normal|Mild|Severe,M6,M6.A[4.15]: <A> in 50 MHz sub-band from 4.15 GHz,1,none-fisher,noisy,none (noisy realisations of 1 sim/stage),Normal:1|Mild:1|Severe:1,1500,,,,0.0024897232936887336,0.0006521193386950281,,,weakest=Mild|Severe; J_eff_min=0.00247; gap/port_min=0.874; gap/mesh=pending; bayes_err_max=0.486; shift_robust=no; band_gap_retention=0.94; freq_robust=no; AD-vs-AD pairs unverified against mesh noise
2026-09-27T17:49:24+00:00,7ca77f1,A,A-sphere7-ring6-hfss,hfss-v1-masked,three:Normal|Mild|Severe,M6,M6.N[4.15]: <N> in 50 MHz sub-band from 4.15 GHz,1,none-fisher,noisy,none (noisy realisations of 1 sim/stage),Normal:1|Mild:1|Severe:1,1500,,,,0.002490348227680028,0.0006522840057174861,,,weakest=Mild|Severe; J_eff_min=0.00247; gap/port_min=0.874; gap/mesh=pending; bayes_err_max=0.486; shift_robust=no; band_gap_retention=0.94; freq_robust=no; AD-vs-AD pairs unverified against mesh noise
2026-09-27T17:49:24+00:00,7ca77f1,A,A-sphere7-ring6-hfss,hfss-v1-masked,three:Normal|Mild|Severe,M7,"M7.D: <Σ_j|S_ji - S_ref,ji|^2>_B, ref = circulant(Normal)",1,none-fisher,noisy,none (noisy realisations of 1 sim/stage),Normal:1|Mild:1|Severe:1,1500,,,,2.4655249969558817,0.617722129358728,,,weakest=Mild|Severe; J_eff_min=0.54; gap/port_min=1.18; gap/mesh=pending; bayes_err_max=0.133; shift_robust=no; band_gap_retention=0.88; freq_robust=no; AD-vs-AD pairs unverified against mesh noise
2026-09-27T17:49:24+00:00,7ca77f1,A,A-sphere7-ring6-hfss,hfss-v1-masked,three:Normal|Mild|Severe,M7,"M7.D_pow: <Σ_j(|S_ji|^2 - |S_ref,ji|^2)^2>_B (phase-free)",1,none-fisher,noisy,none (noisy realisations of 1 sim/stage),Normal:1|Mild:1|Severe:1,1500,,,,0.18127374074070454,0.04748643355681786,,,weakest=Normal|Mild; J_eff_min=0.169; gap/port_min=2.23; gap/mesh=pending; bayes_err_max=0.38; shift_robust=no; band_gap_retention=0.82; freq_robust=no; AD-vs-AD pairs unverified against mesh noise
2026-09-27T17:49:24+00:00,7ca77f1,A,A-sphere7-ring6-hfss,hfss-v1-masked,three:Normal|Mild|Severe,M7,"M7.D0: <|S_(i±0,i) - ref|^2>_B",1,none-fisher,noisy,none (noisy realisations of 1 sim/stage),Normal:1|Mild:1|Severe:1,1500,,,,2.4414030783339085,0.6116940372760109,,,weakest=Mild|Severe; J_eff_min=0.539; gap/port_min=1.18; gap/mesh=pending; bayes_err_max=0.134; shift_robust=no; band_gap_retention=0.88; freq_robust=no; AD-vs-AD pairs unverified against mesh noise
2026-09-27T17:49:24+00:00,7ca77f1,A,A-sphere7-ring6-hfss,hfss-v1-masked,three:Normal|Mild|Severe,M7,"M7.D1: <|S_(i±1,i) - ref|^2>_B",1,none-fisher,noisy,none (noisy realisations of 1 sim/stage),Normal:1|Mild:1|Severe:1,1500,,,,5.169794581701636,1.2931923029455226,,,weakest=Mild|Severe; J_eff_min=0.0191; gap/port_min=0.196; gap/mesh=pending; bayes_err_max=0.0539; shift_robust=no; band_gap_retention=1.02; freq_robust=no; AD-vs-AD pairs unverified against mesh noise
2026-09-27T17:49:24+00:00,7ca77f1,A,A-sphere7-ring6-hfss,hfss-v1-masked,three:Normal|Mild|Severe,M7,"M7.D2: <|S_(i±2,i) - ref|^2>_B",1,none-fisher,noisy,none (noisy realisations of 1 sim/stage),Normal:1|Mild:1|Severe:1,1500,,,,21.49815528942474,5.376016192567082,,,weakest=Normal|Mild; J_eff_min=2.82; gap/port_min=2.55; gap/mesh=pending; bayes_err_max=0.000517; shift_robust=no; band_gap_retention=1.05; freq_robust=no; AD-vs-AD pairs unverified against mesh noise
2026-09-27T17:49:24+00:00,7ca77f1,A,A-sphere7-ring6-hfss,hfss-v1-masked,three:Normal|Mild|Severe,M7,"M7.D3: <|S_(i±3,i) - ref|^2>_B",1,none-fisher,noisy,none (noisy realisations of 1 sim/stage),Normal:1|Mild:1|Severe:1,1500,,,,42.02805655623514,10.513122508628996,,,weakest=Mild|Severe; J_eff_min=3.01; gap/port_min=2.55; gap/mesh=pending; bayes_err_max=2.13e-06; shift_robust=no; band_gap_retention=1.10; freq_robust=no; AD-vs-AD pairs unverified against mesh noise
2026-09-27T17:49:24+00:00,7ca77f1,A,A-sphere7-ring6-hfss,hfss-v1-masked,three:Normal|Mild|Severe,M7,"M7.D3[k3]: <|S_(i+3,i) - ref|^2> over k3 window",1,none-fisher,noisy,none (noisy realisations of 1 sim/stage),Normal:1|Mild:1|Severe:1,1500,,,,49.597609190181494,12.421403545905042,,,weakest=Mild|Severe; J_eff_min=4.47; gap/port_min=3.14; gap/mesh=pending; bayes_err_max=2.37e-07; shift_robust=no; band_gap_retention=0.87; freq_robust=no; AD-vs-AD pairs unverified against mesh noise
2026-09-27T17:49:24+00:00,7ca77f1,A,A-sphere7-ring6-hfss,hfss-v1-masked,three:Normal|Mild|Severe,M8,M8.s1^2: <s_1(S)^2>_B (singular value),1,none-fisher,noisy,none (noisy realisations of 1 sim/stage),Normal:1|Mild:1|Severe:1,1500,,,,0.16633836621366063,0.04166341178382074,,,weakest=Normal|Mild; J_eff_min=nan; gap/port_min=nan; gap/mesh=pending; bayes_err_max=0.386; shift_robust=no; band_gap_retention=0.20; freq_robust=no; AD-vs-AD pairs unverified against mesh noise; matrix-level: no per-antenna port-noise estimate
2026-09-27T17:49:24+00:00,7ca77f1,A,A-sphere7-ring6-hfss,hfss-v1-masked,three:Normal|Mild|Severe,M8,M8.s2^2: <s_2(S)^2>_B (singular value),1,none-fisher,noisy,none (noisy realisations of 1 sim/stage),Normal:1|Mild:1|Severe:1,1500,,,,0.2971627530685121,0.0747894800531845,,,weakest=Mild|Severe; J_eff_min=nan; gap/port_min=nan; gap/mesh=pending; bayes_err_max=0.35; shift_robust=no; band_gap_retention=-0.75; freq_robust=no; AD-vs-AD pairs unverified against mesh noise; matrix-level: no per-antenna port-noise estimate
2026-09-27T17:49:24+00:00,7ca77f1,A,A-sphere7-ring6-hfss,hfss-v1-masked,three:Normal|Mild|Severe,M8,M8.s3^2: <s_3(S)^2>_B (singular value),1,none-fisher,noisy,none (noisy realisations of 1 sim/stage),Normal:1|Mild:1|Severe:1,1500,,,,0.22596172381630056,0.05727255896789556,,,weakest=Mild|Severe; J_eff_min=nan; gap/port_min=nan; gap/mesh=pending; bayes_err_max=0.368; shift_robust=no; band_gap_retention=-266.80; freq_robust=no; AD-vs-AD pairs unverified against mesh noise; matrix-level: no per-antenna port-noise estimate
2026-09-27T17:49:24+00:00,7ca77f1,A,A-sphere7-ring6-hfss,hfss-v1-masked,three:Normal|Mild|Severe,M8,M8.s4^2: <s_4(S)^2>_B (singular value),1,none-fisher,noisy,none (noisy realisations of 1 sim/stage),Normal:1|Mild:1|Severe:1,1500,,,,0.11095200403305334,0.027904939357153116,,,weakest=Mild|Severe; J_eff_min=nan; gap/port_min=nan; gap/mesh=pending; bayes_err_max=0.407; shift_robust=no; band_gap_retention=-0.15; freq_robust=no; AD-vs-AD pairs unverified against mesh noise; matrix-level: no per-antenna port-noise estimate
2026-09-27T17:49:24+00:00,7ca77f1,A,A-sphere7-ring6-hfss,hfss-v1-masked,three:Normal|Mild|Severe,M8,M8.s5^2: <s_5(S)^2>_B (singular value),1,none-fisher,noisy,none (noisy realisations of 1 sim/stage),Normal:1|Mild:1|Severe:1,1500,,,,0.06289613666493833,0.01682024674765021,,,weakest=Mild|Severe; J_eff_min=nan; gap/port_min=nan; gap/mesh=pending; bayes_err_max=0.428; shift_robust=no; band_gap_retention=0.57; freq_robust=no; AD-vs-AD pairs unverified against mesh noise; matrix-level: no per-antenna port-noise estimate
2026-09-27T17:49:24+00:00,7ca77f1,A,A-sphere7-ring6-hfss,hfss-v1-masked,three:Normal|Mild|Severe,M8,M8.s6^2: <s_6(S)^2>_B (singular value),1,none-fisher,noisy,none (noisy realisations of 1 sim/stage),Normal:1|Mild:1|Severe:1,1500,,,,0.018618217073497978,0.005136533335840373,,,weakest=Mild|Severe; J_eff_min=nan; gap/port_min=nan; gap/mesh=pending; bayes_err_max=0.461; shift_robust=no; band_gap_retention=-2.61; freq_robust=no; AD-vs-AD pairs unverified against mesh noise; matrix-level: no per-antenna port-noise estimate
2026-09-27T17:49:24+00:00,7ca77f1,A,A-sphere7-ring6-hfss,hfss-v1-masked,three:Normal|Mild|Severe,M8,M8.lam0^2: <|λ_0|^2> circulant mode 0 (full),1,none-fisher,noisy,none (noisy realisations of 1 sim/stage),Normal:1|Mild:1|Severe:1,1500,,,,0.3113646181975863,0.07786660917156278,,,weakest=Mild|Severe; J_eff_min=0.138; gap/port_min=0.702; gap/mesh=pending; bayes_err_max=0.347; shift_robust=no; band_gap_retention=0.40; freq_robust=no; AD-vs-AD pairs unverified against mesh noise
2026-09-27T17:49:24+00:00,7ca77f1,A,A-sphere7-ring6-hfss,hfss-v1-masked,three:Normal|Mild|Severe,M8,M8.lam1^2: <|λ_1|^2> circulant mode 1 (full),1,none-fisher,noisy,none (noisy realisations of 1 sim/stage),Normal:1|Mild:1|Severe:1,1500,,,,0.30533290518101935,0.0763579646383758,,,weakest=Mild|Severe; J_eff_min=0.135; gap/port_min=0.697; gap/mesh=pending; bayes_err_max=0.348; shift_robust=no; band_gap_retention=0.30; freq_robust=no; AD-vs-AD pairs unverified against mesh noise
2026-09-27T17:49:24+00:00,7ca77f1,A,A-sphere7-ring6-hfss,hfss-v1-masked,three:Normal|Mild|Severe,M8,M8.lam2^2: <|λ_2|^2> circulant mode 2 (full),1,none-fisher,noisy,none (noisy realisations of 1 sim/stage),Normal:1|Mild:1|Severe:1,1500,,,,0.335415524675395,0.08386312381051148,,,weakest=Mild|Severe; J_eff_min=0.152; gap/port_min=0.746; gap/mesh=pending; bayes_err_max=0.341; shift_robust=no; band_gap_retention=0.28; freq_robust=no; AD-vs-AD pairs unverified against mesh noise
2026-09-27T17:49:24+00:00,7ca77f1,A,A-sphere7-ring6-hfss,hfss-v1-masked,three:Normal|Mild|Severe,M8,M8.lam3^2: <|λ_3|^2> circulant mode 3 (full),1,none-fisher,noisy,none (noisy realisations of 1 sim/stage),Normal:1|Mild:1|Severe:1,1500,,,,0.47346011586763653,0.11836749665921147,,,weakest=Mild|Severe; J_eff_min=0.212; gap/port_min=0.875; gap/mesh=pending; bayes_err_max=0.313; shift_robust=no; band_gap_retention=0.21; freq_robust=no; AD-vs-AD pairs unverified against mesh noise
2026-09-27T17:49:24+00:00,7ca77f1,A,A-sphere7-ring6-hfss,hfss-v1-masked,three:Normal|Mild|Severe,M8,M8.lam0^2[k3]: <|λ_0|^2> circulant mode 0 (k3),1,none-fisher,noisy,none (noisy realisations of 1 sim/stage),Normal:1|Mild:1|Severe:1,1500,,,,48.3487462927409,12.088885265754778,,,weakest=Mild|Severe; J_eff_min=2.49; gap/port_min=2.29; gap/mesh=pending; bayes_err_max=4.3e-07; shift_robust=no; band_gap_retention=0.86; freq_robust=no; AD-vs-AD pairs unverified against mesh noise
2026-09-27T17:49:24+00:00,7ca77f1,A,A-sphere7-ring6-hfss,hfss-v1-masked,three:Normal|Mild|Severe,M8,M8.lam1^2[k3]: <|λ_1|^2> circulant mode 1 (k3),1,none-fisher,noisy,none (noisy realisations of 1 sim/stage),Normal:1|Mild:1|Severe:1,1500,,,,47.97620813487502,11.99607260246563,,,weakest=Mild|Severe; J_eff_min=2.31; gap/port_min=2.2; gap/mesh=pending; bayes_err_max=4.72e-07; shift_robust=no; band_gap_retention=0.86; freq_robust=no; AD-vs-AD pairs unverified against mesh noise
2026-09-27T17:49:24+00:00,7ca77f1,A,A-sphere7-ring6-hfss,hfss-v1-masked,three:Normal|Mild|Severe,M8,M8.lam2^2[k3]: <|λ_2|^2> circulant mode 2 (k3),1,none-fisher,noisy,none (noisy realisations of 1 sim/stage),Normal:1|Mild:1|Severe:1,1500,,,,42.186938106363925,10.549091997019902,,,weakest=Mild|Severe; J_eff_min=1.86; gap/port_min=1.97; gap/mesh=pending; bayes_err_max=2.13e-06; shift_robust=no; band_gap_retention=0.85; freq_robust=no; AD-vs-AD pairs unverified against mesh noise
2026-09-27T17:49:24+00:00,7ca77f1,A,A-sphere7-ring6-hfss,hfss-v1-masked,three:Normal|Mild|Severe,M8,M8.lam3^2[k3]: <|λ_3|^2> circulant mode 3 (k3),1,none-fisher,noisy,none (noisy realisations of 1 sim/stage),Normal:1|Mild:1|Severe:1,1500,,,,43.39875442617229,10.852061934363578,,,weakest=Mild|Severe; J_eff_min=1.95; gap/port_min=2.02; gap/mesh=pending; bayes_err_max=1.55e-06; shift_robust=no; band_gap_retention=0.86; freq_robust=no; AD-vs-AD pairs unverified against mesh noise
2026-09-27T17:49:24+00:00,7ca77f1,A,A-sphere7-ring6-hfss,hfss-v1-masked,three:Normal|Mild|Severe,M0,M0.old_score: mean_B Σ_{j≠i}|S_ii+S_ij|/VSWR_i,1,none-fisher,very_noisy,none (noisy realisations of 1 sim/stage),Normal:1|Mild:1|Severe:1,1500,,,,0.30851554476679616,0.07827245261027253,,,weakest=Mild|Severe; J_eff_min=0.249; gap/port_min=1.61; gap/mesh=pending; bayes_err_max=0.347; shift_robust=no; band_gap_retention=0.74; freq_robust=no; AD-vs-AD pairs unverified against mesh noise; baseline only; not a physical quantity
2026-09-27T17:49:24+00:00,7ca77f1,A,A-sphere7-ring6-hfss,hfss-v1-masked,three:Normal|Mild|Severe,M1,M1.Sii_dBavg: mean_B 20log10|S_ii|,1,none-fisher,very_noisy,none (noisy realisations of 1 sim/stage),Normal:1|Mild:1|Severe:1,1500,,,,0.002363406984548116,0.0006502712216828391,,,weakest=Normal|Severe; J_eff_min=0.000764; gap/port_min=0.0475; gap/mesh=pending; bayes_err_max=0.486; shift_robust=no; band_gap_retention=0.67; freq_robust=no; AD-vs-AD pairs unverified against mesh noise; dB averaging; shown for fragility
2026-09-27T17:49:24+00:00,7ca77f1,A,A-sphere7-ring6-hfss,hfss-v1-masked,three:Normal|Mild|Severe,M2,M2.R: <|S_ii|^2>_B,1,none-fisher,very_noisy,none (noisy realisations of 1 sim/stage),Normal:1|Mild:1|Severe:1,1500,,,,0.14842425063637146,0.03783387906045823,,,weakest=Mild|Severe; J_eff_min=0.116; gap/port_min=1.04; gap/mesh=pending; bayes_err_max=0.392; shift_robust=no; band_gap_retention=0.29; freq_robust=no; AD-vs-AD pairs unverified against mesh noise
2026-09-27T17:49:24+00:00,7ca77f1,A,A-sphere7-ring6-hfss,hfss-v1-masked,three:Normal|Mild|Severe,M2,M2.R[k3]: <|S_ii|^2> over k3 window,1,none-fisher,very_noisy,none (noisy realisations of 1 sim/stage),Normal:1|Mild:1|Severe:1,1500,,,,11.729481984976857,2.9334734946456638,,,weakest=Mild|Severe; J_eff_min=1.96; gap/port_min=2.17; gap/mesh=pending; bayes_err_max=0.00769; shift_robust=no; band_gap_retention=0.86; freq_robust=no; AD-vs-AD pairs unverified against mesh noise
2026-09-27T17:49:24+00:00,7ca77f1,A,A-sphere7-ring6-hfss,hfss-v1-masked,three:Normal|Mild|Severe,M3,M3.A: <1-|S_ii|^2>_B,1,none-fisher,very_noisy,none (noisy realisations of 1 sim/stage),Normal:1|Mild:1|Severe:1,1500,,,,0.14842425063637976,0.037833879060460304,,,weakest=Mild|Severe; J_eff_min=0.116; gap/port_min=1.04; gap/mesh=pending; bayes_err_max=0.392; shift_robust=no; band_gap_retention=0.29; freq_robust=no; AD-vs-AD pairs unverified against mesh noise; affine copy of M2.R (identical separability)
2026-09-27T17:49:24+00:00,7ca77f1,A,A-sphere7-ring6-hfss,hfss-v1-masked,three:Normal|Mild|Severe,M3,M3.ML_of_powavg: -10log10<A>_B (dB),1,none-fisher,very_noisy,none (noisy realisations of 1 sim/stage),Normal:1|Mild:1|Severe:1,1500,,,,0.14737952998374573,0.037492832229833954,,,weakest=Mild|Severe; J_eff_min=0.117; gap/port_min=1.06; gap/mesh=pending; bayes_err_max=0.393; shift_robust=no; band_gap_retention=0.28; freq_robust=no; AD-vs-AD pairs unverified against mesh noise
2026-09-27T17:49:24+00:00,7ca77f1,A,A-sphere7-ring6-hfss,hfss-v1-masked,three:Normal|Mild|Severe,M3,M3.ML_dBavg: <-10log10 A>_B (dB-averaged ML),1,none-fisher,very_noisy,none (noisy realisations of 1 sim/stage),Normal:1|Mild:1|Severe:1,1500,,,,0.09047557153632878,0.022621103534472047,,,weakest=Mild|Severe; J_eff_min=0.0904; gap/port_min=13; gap/mesh=pending; bayes_err_max=0.416; shift_robust=no; band_gap_retention=0.75; freq_robust=no; AD-vs-AD pairs unverified against mesh noise; dB averaging; comparison only
2026-09-27T17:49:24+00:00,7ca77f1,A,A-sphere7-ring6-hfss,hfss-v1-masked,three:Normal|Mild|Severe,M4,M4.N: <1-Σ_j|S_ji|^2>_B (absorbed+radiated+loss),1,none-fisher,very_noisy,none (noisy realisations of 1 sim/stage),Normal:1|Mild:1|Severe:1,1500,,,,0.15169316842601357,0.03865189033416213,,,weakest=Mild|Severe; J_eff_min=0.119; gap/port_min=1.05; gap/mesh=pending; bayes_err_max=0.391; shift_robust=no; band_gap_retention=0.29; freq_robust=no; AD-vs-AD pairs unverified against mesh noise
2026-09-27T17:49:24+00:00,7ca77f1,A,A-sphere7-ring6-hfss,hfss-v1-masked,three:Normal|Mild|Severe,M4,M4.N[k3]: <N> over k3 window,1,none-fisher,very_noisy,none (noisy realisations of 1 sim/stage),Normal:1|Mild:1|Severe:1,1500,,,,11.600820415944856,2.90129833555708,,,weakest=Mild|Severe; J_eff_min=1.95; gap/port_min=2.16; gap/mesh=pending; bayes_err_max=0.00798; shift_robust=no; band_gap_retention=0.86; freq_robust=no; AD-vs-AD pairs unverified against mesh noise
2026-09-27T17:49:24+00:00,7ca77f1,A,A-sphere7-ring6-hfss,hfss-v1-masked,three:Normal|Mild|Severe,M5,M5.C: <Σ_(j≠i)|S_ji|^2> (full),1,none-fisher,very_noisy,none (noisy realisations of 1 sim/stage),Normal:1|Mild:1|Severe:1,1500,,,,14.841598056454638,3.712973001007163,,,weakest=Normal|Mild; J_eff_min=2.38; gap/port_min=2.37; gap/mesh=pending; bayes_err_max=0.00319; shift_robust=yes; band_gap_retention=1.11; freq_robust=no; AD-vs-AD pairs unverified against mesh noise
2026-09-27T17:49:24+00:00,7ca77f1,A,A-sphere7-ring6-hfss,hfss-v1-masked,three:Normal|Mild|Severe,M5,"M5.C1: <|S_(i±1,i)|^2> (full)",1,none-fisher,very_noisy,none (noisy realisations of 1 sim/stage),Normal:1|Mild:1|Severe:1,1500,,,,13.100465908678016,3.2780955680148507,,,weakest=Normal|Mild; J_eff_min=1.98; gap/port_min=2.16; gap/mesh=pending; bayes_err_max=0.00518; shift_robust=yes; band_gap_retention=1.11; freq_robust=no; AD-vs-AD pairs unverified against mesh noise
2026-09-27T17:49:24+00:00,7ca77f1,A,A-sphere7-ring6-hfss,hfss-v1-masked,three:Normal|Mild|Severe,M5,"M5.C2: <|S_(i±2,i)|^2> (full)",1,none-fisher,very_noisy,none (noisy realisations of 1 sim/stage),Normal:1|Mild:1|Severe:1,1500,,,,1.2846279054001604,0.32163580349178295,,,weakest=Normal|Mild; J_eff_min=0.866; gap/port_min=2.3; gap/mesh=pending; bayes_err_max=0.211; shift_robust=yes; band_gap_retention=0.98; freq_robust=no; AD-vs-AD pairs unverified against mesh noise
2026-09-27T17:49:24+00:00,7ca77f1,A,A-sphere7-ring6-hfss,hfss-v1-masked,three:Normal|Mild|Severe,M5,"M5.C3: <|S_(i±3,i)|^2> (full)",1,none-fisher,very_noisy,none (noisy realisations of 1 sim/stage),Normal:1|Mild:1|Severe:1,1500,,,,0.01810854624594773,0.004547414723649681,,,weakest=Mild|Severe; J_eff_min=0.00676; gap/port_min=0.147; gap/mesh=pending; bayes_err_max=0.462; shift_robust=no; band_gap_retention=0.16; freq_robust=no; AD-vs-AD pairs unverified against mesh noise
2026-09-27T17:49:24+00:00,7ca77f1,A,A-sphere7-ring6-hfss,hfss-v1-masked,three:Normal|Mild|Severe,M5,M5.C[k3]: <Σ_(j≠i)|S_ji|^2> (k3),1,none-fisher,very_noisy,none (noisy realisations of 1 sim/stage),Normal:1|Mild:1|Severe:1,1500,,,,5.38362357018413,1.3465213126346727,,,weakest=Normal|Mild; J_eff_min=0.393; gap/port_min=0.921; gap/mesh=pending; bayes_err_max=0.0504; shift_robust=no; band_gap_retention=0.67; freq_robust=no; AD-vs-AD pairs unverified against mesh noise
2026-09-27T17:49:24+00:00,7ca77f1,A,A-sphere7-ring6-hfss,hfss-v1-masked,three:Normal|Mild|Severe,M5,"M5.C1[k3]: <|S_(i±1,i)|^2> (k3)",1,none-fisher,very_noisy,none (noisy realisations of 1 sim/stage),Normal:1|Mild:1|Severe:1,1500,,,,3.7037429141296374,0.926749005877246,,,weakest=Normal|Mild; J_eff_min=0.26; gap/port_min=0.748; gap/mesh=pending; bayes_err_max=0.0866; shift_robust=no; band_gap_retention=0.60; freq_robust=no; AD-vs-AD pairs unverified against mesh noise
2026-09-27T17:49:24+00:00,7ca77f1,A,A-sphere7-ring6-hfss,hfss-v1-masked,three:Normal|Mild|Severe,M5,"M5.C2[k3]: <|S_(i±2,i)|^2> (k3)",1,none-fisher,very_noisy,none (noisy realisations of 1 sim/stage),Normal:1|Mild:1|Severe:1,1500,,,,0.9322771625380102,0.23750671428798065,,,weakest=Normal|Mild; J_eff_min=0.758; gap/port_min=2.85; gap/mesh=pending; bayes_err_max=0.246; shift_robust=yes; band_gap_retention=0.75; freq_robust=no; AD-vs-AD pairs unverified against mesh noise
2026-09-27T17:49:24+00:00,7ca77f1,A,A-sphere7-ring6-hfss,hfss-v1-masked,three:Normal|Mild|Severe,M5,"M5.C3[k3]: <|S_(i±3,i)|^2> (k3)",1,none-fisher,very_noisy,none (noisy realisations of 1 sim/stage),Normal:1|Mild:1|Severe:1,1500,,,,0.0007227115046432358,0.00021460292573524995,,,weakest=Mild|Severe; J_eff_min=0.00025; gap/port_min=0.0276; gap/mesh=pending; bayes_err_max=0.492; shift_robust=no; band_gap_retention=-6.41; freq_robust=no; AD-vs-AD pairs unverified against mesh noise
2026-09-27T17:49:24+00:00,7ca77f1,A,A-sphere7-ring6-hfss,hfss-v1-masked,three:Normal|Mild|Severe,M5,"M5.C3_dBavg[k3]: mean over k3 window of 10log10|S_(i+3,i)|^2",1,none-fisher,very_noisy,none (noisy realisations of 1 sim/stage),Normal:1|Mild:1|Severe:1,1500,,,,0.0045606470081329545,0.0013967336850432572,,,weakest=Mild|Severe; J_eff_min=0.000592; gap/port_min=0.0369; gap/mesh=pending; bayes_err_max=0.48; shift_robust=no; band_gap_retention=0.11; freq_robust=no; AD-vs-AD pairs unverified against mesh noise; dB averaging; comparison only
2026-09-27T17:49:24+00:00,7ca77f1,A,A-sphere7-ring6-hfss,hfss-v1-masked,three:Normal|Mild|Severe,M6,M6.fc_A: power-weighted centroid of A(f) [GHz],1,none-fisher,very_noisy,none (noisy realisations of 1 sim/stage),Normal:1|Mild:1|Severe:1,1500,,,,0.1279228748049495,0.032854092120434795,,,weakest=Normal|Mild; J_eff_min=0.0977; gap/port_min=0.91; gap/mesh=pending; bayes_err_max=0.399; shift_robust=no; band_gap_retention=0.78; freq_robust=no; AD-vs-AD pairs unverified against mesh noise
2026-09-27T17:49:24+00:00,7ca77f1,A,A-sphere7-ring6-hfss,hfss-v1-masked,three:Normal|Mild|Severe,M6,M6.spread_A: spectral spread of A(f) [MHz],1,none-fisher,very_noisy,none (noisy realisations of 1 sim/stage),Normal:1|Mild:1|Severe:1,1500,,,,0.09303751763910162,0.02326037256877174,,,weakest=Mild|Severe; J_eff_min=0.092; gap/port_min=4.15; gap/mesh=pending; bayes_err_max=0.415; shift_robust=no; band_gap_retention=0.32; freq_robust=no; AD-vs-AD pairs unverified against mesh noise
2026-09-27T17:49:24+00:00,7ca77f1,A,A-sphere7-ring6-hfss,hfss-v1-masked,three:Normal|Mild|Severe,M6,M6.fc_N: power-weighted centroid of N(f) [GHz],1,none-fisher,very_noisy,none (noisy realisations of 1 sim/stage),Normal:1|Mild:1|Severe:1,1500,,,,0.12836934184750515,0.03296767313658108,,,weakest=Normal|Mild; J_eff_min=0.0981; gap/port_min=0.912; gap/mesh=pending; bayes_err_max=0.399; shift_robust=no; band_gap_retention=0.78; freq_robust=no; AD-vs-AD pairs unverified against mesh noise
2026-09-27T17:49:24+00:00,7ca77f1,A,A-sphere7-ring6-hfss,hfss-v1-masked,three:Normal|Mild|Severe,M6,M6.spread_N: spectral spread of N(f) [MHz],1,none-fisher,very_noisy,none (noisy realisations of 1 sim/stage),Normal:1|Mild:1|Severe:1,1500,,,,0.09251872159504779,0.023130658624302716,,,weakest=Mild|Severe; J_eff_min=0.0915; gap/port_min=4.14; gap/mesh=pending; bayes_err_max=0.415; shift_robust=no; band_gap_retention=0.32; freq_robust=no; AD-vs-AD pairs unverified against mesh noise
2026-09-27T17:49:24+00:00,7ca77f1,A,A-sphere7-ring6-hfss,hfss-v1-masked,three:Normal|Mild|Severe,M6,M6.A[3.20]: <A> in 50 MHz sub-band from 3.20 GHz,1,none-fisher,very_noisy,none (noisy realisations of 1 sim/stage),Normal:1|Mild:1|Severe:1,1500,,,,0.17178812795865847,0.04373875960291337,,,weakest=Mild|Severe; J_eff_min=0.166; gap/port_min=3.01; gap/mesh=pending; bayes_err_max=0.384; shift_robust=no; band_gap_retention=0.97; freq_robust=no; AD-vs-AD pairs unverified against mesh noise
2026-09-27T17:49:24+00:00,7ca77f1,A,A-sphere7-ring6-hfss,hfss-v1-masked,three:Normal|Mild|Severe,M6,M6.N[3.20]: <N> in 50 MHz sub-band from 3.20 GHz,1,none-fisher,very_noisy,none (noisy realisations of 1 sim/stage),Normal:1|Mild:1|Severe:1,1500,,,,0.17173854389025522,0.04372570545245462,,,weakest=Mild|Severe; J_eff_min=0.165; gap/port_min=3.01; gap/mesh=pending; bayes_err_max=0.384; shift_robust=no; band_gap_retention=0.97; freq_robust=no; AD-vs-AD pairs unverified against mesh noise
2026-09-27T17:49:24+00:00,7ca77f1,A,A-sphere7-ring6-hfss,hfss-v1-masked,three:Normal|Mild|Severe,M6,M6.A[3.25]: <A> in 50 MHz sub-band from 3.25 GHz,1,none-fisher,very_noisy,none (noisy realisations of 1 sim/stage),Normal:1|Mild:1|Severe:1,1500,,,,0.015281285025842108,0.0038203775214524687,,,weakest=Mild|Severe; J_eff_min=0.0137; gap/port_min=0.51; gap/mesh=pending; bayes_err_max=0.465; shift_robust=no; band_gap_retention=0.77; freq_robust=no; AD-vs-AD pairs unverified against mesh noise
2026-09-27T17:49:24+00:00,7ca77f1,A,A-sphere7-ring6-hfss,hfss-v1-masked,three:Normal|Mild|Severe,M6,M6.N[3.25]: <N> in 50 MHz sub-band from 3.25 GHz,1,none-fisher,very_noisy,none (noisy realisations of 1 sim/stage),Normal:1|Mild:1|Severe:1,1500,,,,0.015280731016576671,0.003820240208565418,,,weakest=Mild|Severe; J_eff_min=0.0137; gap/port_min=0.51; gap/mesh=pending; bayes_err_max=0.465; shift_robust=no; band_gap_retention=0.77; freq_robust=no; AD-vs-AD pairs unverified against mesh noise
2026-09-27T17:49:24+00:00,7ca77f1,A,A-sphere7-ring6-hfss,hfss-v1-masked,three:Normal|Mild|Severe,M6,M6.A[3.30]: <A> in 50 MHz sub-band from 3.30 GHz,1,none-fisher,very_noisy,none (noisy realisations of 1 sim/stage),Normal:1|Mild:1|Severe:1,1500,,,,0.27459998958892085,0.06955362720288341,,,weakest=Mild|Severe; J_eff_min=0.206; gap/port_min=1.28; gap/mesh=pending; bayes_err_max=0.355; shift_robust=no; band_gap_retention=0.62; freq_robust=no; AD-vs-AD pairs unverified against mesh noise
2026-09-27T17:49:24+00:00,7ca77f1,A,A-sphere7-ring6-hfss,hfss-v1-masked,three:Normal|Mild|Severe,M6,M6.N[3.30]: <N> in 50 MHz sub-band from 3.30 GHz,1,none-fisher,very_noisy,none (noisy realisations of 1 sim/stage),Normal:1|Mild:1|Severe:1,1500,,,,0.2741592653535313,0.06944066002568926,,,weakest=Mild|Severe; J_eff_min=0.205; gap/port_min=1.28; gap/mesh=pending; bayes_err_max=0.355; shift_robust=no; band_gap_retention=0.62; freq_robust=no; AD-vs-AD pairs unverified against mesh noise
2026-09-27T17:49:24+00:00,7ca77f1,A,A-sphere7-ring6-hfss,hfss-v1-masked,three:Normal|Mild|Severe,M6,M6.A[3.35]: <A> in 50 MHz sub-band from 3.35 GHz,1,none-fisher,very_noisy,none (noisy realisations of 1 sim/stage),Normal:1|Mild:1|Severe:1,1500,,,,1.6847479219688979,0.4216875734250554,,,weakest=Normal|Mild; J_eff_min=0.851; gap/port_min=1.85; gap/mesh=pending; bayes_err_max=0.179; shift_robust=no; band_gap_retention=0.73; freq_robust=no; AD-vs-AD pairs unverified against mesh noise
2026-09-27T17:49:24+00:00,7ca77f1,A,A-sphere7-ring6-hfss,hfss-v1-masked,three:Normal|Mild|Severe,M6,M6.N[3.35]: <N> in 50 MHz sub-band from 3.35 GHz,1,none-fisher,very_noisy,none (noisy realisations of 1 sim/stage),Normal:1|Mild:1|Severe:1,1500,,,,1.6836637778009578,0.42141746190508517,,,weakest=Normal|Mild; J_eff_min=0.851; gap/port_min=1.85; gap/mesh=pending; bayes_err_max=0.179; shift_robust=no; band_gap_retention=0.73; freq_robust=no; AD-vs-AD pairs unverified against mesh noise
2026-09-27T17:49:24+00:00,7ca77f1,A,A-sphere7-ring6-hfss,hfss-v1-masked,three:Normal|Mild|Severe,M6,M6.A[3.40]: <A> in 50 MHz sub-band from 3.40 GHz,1,none-fisher,very_noisy,none (noisy realisations of 1 sim/stage),Normal:1|Mild:1|Severe:1,1500,,,,7.154570704416913,1.7895723692848569,,,weakest=Mild|Severe; J_eff_min=2.63; gap/port_min=2.88; gap/mesh=pending; bayes_err_max=0.0292; shift_robust=no; band_gap_retention=0.96; freq_robust=no; AD-vs-AD pairs unverified against mesh noise
2026-09-27T17:49:24+00:00,7ca77f1,A,A-sphere7-ring6-hfss,hfss-v1-masked,three:Normal|Mild|Severe,M6,M6.N[3.40]: <N> in 50 MHz sub-band from 3.40 GHz,1,none-fisher,very_noisy,none (noisy realisations of 1 sim/stage),Normal:1|Mild:1|Severe:1,1500,,,,7.127134158201044,1.7827164698852043,,,weakest=Mild|Severe; J_eff_min=2.62; gap/port_min=2.87; gap/mesh=pending; bayes_err_max=0.0295; shift_robust=no; band_gap_retention=0.96; freq_robust=no; AD-vs-AD pairs unverified against mesh noise
2026-09-27T17:49:24+00:00,7ca77f1,A,A-sphere7-ring6-hfss,hfss-v1-masked,three:Normal|Mild|Severe,M6,M6.A[3.45]: <A> in 50 MHz sub-band from 3.45 GHz,1,none-fisher,very_noisy,none (noisy realisations of 1 sim/stage),Normal:1|Mild:1|Severe:1,1500,,,,1.7581956994779853,0.4414898998966389,,,weakest=Mild|Severe; J_eff_min=0.548; gap/port_min=1.26; gap/mesh=pending; bayes_err_max=0.174; shift_robust=no; band_gap_retention=0.91; freq_robust=no; AD-vs-AD pairs unverified against mesh noise
2026-09-27T17:49:24+00:00,7ca77f1,A,A-sphere7-ring6-hfss,hfss-v1-masked,three:Normal|Mild|Severe,M6,M6.N[3.45]: <N> in 50 MHz sub-band from 3.45 GHz,1,none-fisher,very_noisy,none (noisy realisations of 1 sim/stage),Normal:1|Mild:1|Severe:1,1500,,,,1.7396349232226191,0.43685787618496336,,,weakest=Mild|Severe; J_eff_min=0.542; gap/port_min=1.25; gap/mesh=pending; bayes_err_max=0.175; shift_robust=no; band_gap_retention=0.91; freq_robust=no; AD-vs-AD pairs unverified against mesh noise
2026-09-27T17:49:24+00:00,7ca77f1,A,A-sphere7-ring6-hfss,hfss-v1-masked,three:Normal|Mild|Severe,M6,M6.A[3.50]: <A> in 50 MHz sub-band from 3.50 GHz,1,none-fisher,very_noisy,none (noisy realisations of 1 sim/stage),Normal:1|Mild:1|Severe:1,1500,,,,0.42128472976803577,0.10549487428435961,,,weakest=Mild|Severe; J_eff_min=0.135; gap/port_min=0.63; gap/mesh=pending; bayes_err_max=0.323; shift_robust=no; band_gap_retention=0.96; freq_robust=no; AD-vs-AD pairs unverified against mesh noise
2026-09-27T17:49:24+00:00,7ca77f1,A,A-sphere7-ring6-hfss,hfss-v1-masked,three:Normal|Mild|Severe,M6,M6.N[3.50]: <N> in 50 MHz sub-band from 3.50 GHz,1,none-fisher,very_noisy,none (noisy realisations of 1 sim/stage),Normal:1|Mild:1|Severe:1,1500,,,,0.40684522664827033,0.10188291141503435,,,weakest=Mild|Severe; J_eff_min=0.131; gap/port_min=0.62; gap/mesh=pending; bayes_err_max=0.326; shift_robust=no; band_gap_retention=0.96; freq_robust=no; AD-vs-AD pairs unverified against mesh noise
2026-09-27T17:49:24+00:00,7ca77f1,A,A-sphere7-ring6-hfss,hfss-v1-masked,three:Normal|Mild|Severe,M6,M6.A[3.55]: <A> in 50 MHz sub-band from 3.55 GHz,1,none-fisher,very_noisy,none (noisy realisations of 1 sim/stage),Normal:1|Mild:1|Severe:1,1500,,,,0.7774461167458276,0.195759445940067,,,weakest=Mild|Severe; J_eff_min=0.0447; gap/port_min=0.308; gap/mesh=pending; bayes_err_max=0.266; shift_robust=no; band_gap_retention=0.95; freq_robust=no; AD-vs-AD pairs unverified against mesh noise
2026-09-27T17:49:24+00:00,7ca77f1,A,A-sphere7-ring6-hfss,hfss-v1-masked,three:Normal|Mild|Severe,M6,M6.N[3.55]: <N> in 50 MHz sub-band from 3.55 GHz,1,none-fisher,very_noisy,none (noisy realisations of 1 sim/stage),Normal:1|Mild:1|Severe:1,1500,,,,0.7335466678806941,0.18480255453447417,,,weakest=Mild|Severe; J_eff_min=0.0424; gap/port_min=0.3; gap/mesh=pending; bayes_err_max=0.272; shift_robust=no; band_gap_retention=0.95; freq_robust=no; AD-vs-AD pairs unverified against mesh noise
2026-09-27T17:49:24+00:00,7ca77f1,A,A-sphere7-ring6-hfss,hfss-v1-masked,three:Normal|Mild|Severe,M6,M6.A[3.60]: <A> in 50 MHz sub-band from 3.60 GHz,1,none-fisher,very_noisy,none (noisy realisations of 1 sim/stage),Normal:1|Mild:1|Severe:1,1500,,,,0.8448121545049025,0.21130547552714601,,,weakest=Normal|Severe; J_eff_min=0.123; gap/port_min=0.536; gap/mesh=pending; bayes_err_max=0.258; shift_robust=no; band_gap_retention=-3.49; freq_robust=no; AD-vs-AD pairs unverified against mesh noise
2026-09-27T17:49:24+00:00,7ca77f1,A,A-sphere7-ring6-hfss,hfss-v1-masked,three:Normal|Mild|Severe,M6,M6.N[3.60]: <N> in 50 MHz sub-band from 3.60 GHz,1,none-fisher,very_noisy,none (noisy realisations of 1 sim/stage),Normal:1|Mild:1|Severe:1,1500,,,,0.6103730345000274,0.15558667243079707,,,weakest=Normal|Mild; J_eff_min=0.0941; gap/port_min=0.472; gap/mesh=pending; bayes_err_max=0.289; shift_robust=no; band_gap_retention=-2.38; freq_robust=no; AD-vs-AD pairs unverified against mesh noise
2026-09-27T17:49:24+00:00,7ca77f1,A,A-sphere7-ring6-hfss,hfss-v1-masked,three:Normal|Mild|Severe,M6,M6.A[3.65]: <A> in 50 MHz sub-band from 3.65 GHz,1,none-fisher,very_noisy,none (noisy realisations of 1 sim/stage),Normal:1|Mild:1|Severe:1,1500,,,,2.572628983076189,0.6449677631358217,,,weakest=Normal|Mild; J_eff_min=0.145; gap/port_min=0.554; gap/mesh=pending; bayes_err_max=0.128; shift_robust=no; band_gap_retention=0.94; freq_robust=no; AD-vs-AD pairs unverified against mesh noise
2026-09-27T17:49:24+00:00,7ca77f1,A,A-sphere7-ring6-hfss,hfss-v1-masked,three:Normal|Mild|Severe,M6,M6.N[3.65]: <N> in 50 MHz sub-band from 3.65 GHz,1,none-fisher,very_noisy,none (noisy realisations of 1 sim/stage),Normal:1|Mild:1|Severe:1,1500,,,,2.614031577698285,0.655345424692519,,,weakest=Normal|Mild; J_eff_min=0.148; gap/port_min=0.559; gap/mesh=pending; bayes_err_max=0.126; shift_robust=no; band_gap_retention=0.94; freq_robust=no; AD-vs-AD pairs unverified against mesh noise
2026-09-27T17:49:24+00:00,7ca77f1,A,A-sphere7-ring6-hfss,hfss-v1-masked,three:Normal|Mild|Severe,M6,M6.A[3.70]: <A> in 50 MHz sub-band from 3.70 GHz,1,none-fisher,very_noisy,none (noisy realisations of 1 sim/stage),Normal:1|Mild:1|Severe:1,1500,,,,0.04563499226794807,0.01140880075809061,,,weakest=Normal|Mild; J_eff_min=0.00425; gap/port_min=0.0968; gap/mesh=pending; bayes_err_max=0.44; shift_robust=no; band_gap_retention=0.46; freq_robust=no; AD-vs-AD pairs unverified against mesh noise
2026-09-27T17:49:24+00:00,7ca77f1,A,A-sphere7-ring6-hfss,hfss-v1-masked,three:Normal|Mild|Severe,M6,M6.N[3.70]: <N> in 50 MHz sub-band from 3.70 GHz,1,none-fisher,very_noisy,none (noisy realisations of 1 sim/stage),Normal:1|Mild:1|Severe:1,1500,,,,0.04773606213778166,0.01193408992394921,,,weakest=Normal|Mild; J_eff_min=0.00445; gap/port_min=0.0991; gap/mesh=pending; bayes_err_max=0.439; shift_robust=no; band_gap_retention=0.47; freq_robust=no; AD-vs-AD pairs unverified against mesh noise
2026-09-27T17:49:24+00:00,7ca77f1,A,A-sphere7-ring6-hfss,hfss-v1-masked,three:Normal|Mild|Severe,M6,M6.A[3.75]: <A> in 50 MHz sub-band from 3.75 GHz,1,none-fisher,very_noisy,none (noisy realisations of 1 sim/stage),Normal:1|Mild:1|Severe:1,1500,,,,0.22432670405588184,0.056695118716876276,,,weakest=Normal|Mild; J_eff_min=0.0283; gap/port_min=0.255; gap/mesh=pending; bayes_err_max=0.368; shift_robust=no; band_gap_retention=0.52; freq_robust=no; AD-vs-AD pairs unverified against mesh noise
2026-09-27T17:49:24+00:00,7ca77f1,A,A-sphere7-ring6-hfss,hfss-v1-masked,three:Normal|Mild|Severe,M6,M6.N[3.75]: <N> in 50 MHz sub-band from 3.75 GHz,1,none-fisher,very_noisy,none (noisy realisations of 1 sim/stage),Normal:1|Mild:1|Severe:1,1500,,,,0.23212741555710148,0.058645063705051015,,,weakest=Normal|Mild; J_eff_min=0.0293; gap/port_min=0.259; gap/mesh=pending; bayes_err_max=0.366; shift_robust=no; band_gap_retention=0.53; freq_robust=no; AD-vs-AD pairs unverified against mesh noise
2026-09-27T17:49:24+00:00,7ca77f1,A,A-sphere7-ring6-hfss,hfss-v1-masked,three:Normal|Mild|Severe,M6,M6.A[3.80]: <A> in 50 MHz sub-band from 3.80 GHz,1,none-fisher,very_noisy,none (noisy realisations of 1 sim/stage),Normal:1|Mild:1|Severe:1,1500,,,,0.4400929322880388,0.11007819397932644,,,weakest=Mild|Severe; J_eff_min=0.0638; gap/port_min=0.386; gap/mesh=pending; bayes_err_max=0.319; shift_robust=no; band_gap_retention=0.96; freq_robust=no; AD-vs-AD pairs unverified against mesh noise
2026-09-27T17:49:24+00:00,7ca77f1,A,A-sphere7-ring6-hfss,hfss-v1-masked,three:Normal|Mild|Severe,M6,M6.N[3.80]: <N> in 50 MHz sub-band from 3.80 GHz,1,none-fisher,very_noisy,none (noisy realisations of 1 sim/stage),Normal:1|Mild:1|Severe:1,1500,,,,0.44057968103857353,0.11019980939167656,,,weakest=Mild|Severe; J_eff_min=0.0639; gap/port_min=0.387; gap/mesh=pending; bayes_err_max=0.319; shift_robust=no; band_gap_retention=0.96; freq_robust=no; AD-vs-AD pairs unverified against mesh noise
2026-09-27T17:49:24+00:00,7ca77f1,A,A-sphere7-ring6-hfss,hfss-v1-masked,three:Normal|Mild|Severe,M6,M6.A[3.85]: <A> in 50 MHz sub-band from 3.85 GHz,1,none-fisher,very_noisy,none (noisy realisations of 1 sim/stage),Normal:1|Mild:1|Severe:1,1500,,,,0.2472276412468483,0.06210597584829333,,,weakest=Mild|Severe; J_eff_min=0.177; gap/port_min=1.12; gap/mesh=pending; bayes_err_max=0.362; shift_robust=no; band_gap_retention=0.98; freq_robust=no; AD-vs-AD pairs unverified against mesh noise
2026-09-27T17:49:24+00:00,7ca77f1,A,A-sphere7-ring6-hfss,hfss-v1-masked,three:Normal|Mild|Severe,M6,M6.N[3.85]: <N> in 50 MHz sub-band from 3.85 GHz,1,none-fisher,very_noisy,none (noisy realisations of 1 sim/stage),Normal:1|Mild:1|Severe:1,1500,,,,0.24730883057808362,0.06212659486744388,,,weakest=Mild|Severe; J_eff_min=0.177; gap/port_min=1.12; gap/mesh=pending; bayes_err_max=0.362; shift_robust=no; band_gap_retention=0.98; freq_robust=no; AD-vs-AD pairs unverified against mesh noise
2026-09-27T17:49:24+00:00,7ca77f1,A,A-sphere7-ring6-hfss,hfss-v1-masked,three:Normal|Mild|Severe,M6,M6.A[3.90]: <A> in 50 MHz sub-band from 3.90 GHz,1,none-fisher,very_noisy,none (noisy realisations of 1 sim/stage),Normal:1|Mild:1|Severe:1,1500,,,,0.08419484760367482,0.021075120621210836,,,weakest=Mild|Severe; J_eff_min=0.0794; gap/port_min=1.68; gap/mesh=pending; bayes_err_max=0.419; shift_robust=no; band_gap_retention=0.97; freq_robust=no; AD-vs-AD pairs unverified against mesh noise
2026-09-27T17:49:24+00:00,7ca77f1,A,A-sphere7-ring6-hfss,hfss-v1-masked,three:Normal|Mild|Severe,M6,M6.N[3.90]: <N> in 50 MHz sub-band from 3.90 GHz,1,none-fisher,very_noisy,none (noisy realisations of 1 sim/stage),Normal:1|Mild:1|Severe:1,1500,,,,0.08420955449009063,0.021078833485645213,,,weakest=Mild|Severe; J_eff_min=0.0794; gap/port_min=1.68; gap/mesh=pending; bayes_err_max=0.419; shift_robust=no; band_gap_retention=0.97; freq_robust=no; AD-vs-AD pairs unverified against mesh noise
2026-09-27T17:49:24+00:00,7ca77f1,A,A-sphere7-ring6-hfss,hfss-v1-masked,three:Normal|Mild|Severe,M6,M6.A[3.95]: <A> in 50 MHz sub-band from 3.95 GHz,1,none-fisher,very_noisy,none (noisy realisations of 1 sim/stage),Normal:1|Mild:1|Severe:1,1500,,,,0.08171874472830963,0.02102765259506802,,,weakest=Mild|Severe; J_eff_min=0.0804; gap/port_min=3.2; gap/mesh=pending; bayes_err_max=0.419; shift_robust=no; band_gap_retention=0.97; freq_robust=no; AD-vs-AD pairs unverified against mesh noise
2026-09-27T17:49:24+00:00,7ca77f1,A,A-sphere7-ring6-hfss,hfss-v1-masked,three:Normal|Mild|Severe,M6,M6.N[3.95]: <N> in 50 MHz sub-band from 3.95 GHz,1,none-fisher,very_noisy,none (noisy realisations of 1 sim/stage),Normal:1|Mild:1|Severe:1,1500,,,,0.08173155469587019,0.021030885661765246,,,weakest=Mild|Severe; J_eff_min=0.0805; gap/port_min=3.2; gap/mesh=pending; bayes_err_max=0.419; shift_robust=no; band_gap_retention=0.97; freq_robust=no; AD-vs-AD pairs unverified against mesh noise
2026-09-27T17:49:24+00:00,7ca77f1,A,A-sphere7-ring6-hfss,hfss-v1-masked,three:Normal|Mild|Severe,M6,M6.A[4.00]: <A> in 50 MHz sub-band from 4.00 GHz,1,none-fisher,very_noisy,none (noisy realisations of 1 sim/stage),Normal:1|Mild:1|Severe:1,1500,,,,0.03203719012413404,0.008261556388062332,,,weakest=Mild|Severe; J_eff_min=0.0319; gap/port_min=3.31; gap/mesh=pending; bayes_err_max=0.449; shift_robust=no; band_gap_retention=0.97; freq_robust=no; AD-vs-AD pairs unverified against mesh noise
2026-09-27T17:49:24+00:00,7ca77f1,A,A-sphere7-ring6-hfss,hfss-v1-masked,three:Normal|Mild|Severe,M6,M6.N[4.00]: <N> in 50 MHz sub-band from 4.00 GHz,1,none-fisher,very_noisy,none (noisy realisations of 1 sim/stage),Normal:1|Mild:1|Severe:1,1500,,,,0.03204047197345554,0.008262373556898482,,,weakest=Mild|Severe; J_eff_min=0.0319; gap/port_min=3.31; gap/mesh=pending; bayes_err_max=0.449; shift_robust=no; band_gap_retention=0.97; freq_robust=no; AD-vs-AD pairs unverified against mesh noise
2026-09-27T17:49:24+00:00,7ca77f1,A,A-sphere7-ring6-hfss,hfss-v1-masked,three:Normal|Mild|Severe,M6,M6.A[4.05]: <A> in 50 MHz sub-band from 4.05 GHz,1,none-fisher,very_noisy,none (noisy realisations of 1 sim/stage),Normal:1|Mild:1|Severe:1,1500,,,,0.016966932182607215,0.006013747531243118,,,weakest=Normal|Mild; J_eff_min=0.0169; gap/port_min=3.92; gap/mesh=pending; bayes_err_max=0.46; shift_robust=no; band_gap_retention=0.96; freq_robust=no; AD-vs-AD pairs unverified against mesh noise
2026-09-27T17:49:24+00:00,7ca77f1,A,A-sphere7-ring6-hfss,hfss-v1-masked,three:Normal|Mild|Severe,M6,M6.N[4.05]: <N> in 50 MHz sub-band from 4.05 GHz,1,none-fisher,very_noisy,none (noisy realisations of 1 sim/stage),Normal:1|Mild:1|Severe:1,1500,,,,0.016967641710245,0.006014110771138486,,,weakest=Normal|Mild; J_eff_min=0.0169; gap/port_min=3.92; gap/mesh=pending; bayes_err_max=0.46; shift_robust=no; band_gap_retention=0.96; freq_robust=no; AD-vs-AD pairs unverified against mesh noise
2026-09-27T17:49:24+00:00,7ca77f1,A,A-sphere7-ring6-hfss,hfss-v1-masked,three:Normal|Mild|Severe,M6,M6.A[4.10]: <A> in 50 MHz sub-band from 4.10 GHz,1,none-fisher,very_noisy,none (noisy realisations of 1 sim/stage),Normal:1|Mild:1|Severe:1,1500,,,,0.00044617676570887907,0.00012243556544010894,,,weakest=Mild|Severe; J_eff_min=0.000445; gap/port_min=0.661; gap/mesh=pending; bayes_err_max=0.494; shift_robust=no; band_gap_retention=0.94; freq_robust=no; AD-vs-AD pairs unverified against mesh noise
2026-09-27T17:49:24+00:00,7ca77f1,A,A-sphere7-ring6-hfss,hfss-v1-masked,three:Normal|Mild|Severe,M6,M6.N[4.10]: <N> in 50 MHz sub-band from 4.10 GHz,1,none-fisher,very_noisy,none (noisy realisations of 1 sim/stage),Normal:1|Mild:1|Severe:1,1500,,,,0.00044657070028051964,0.0001225317398928493,,,weakest=Mild|Severe; J_eff_min=0.000446; gap/port_min=0.661; gap/mesh=pending; bayes_err_max=0.494; shift_robust=no; band_gap_retention=0.94; freq_robust=no; AD-vs-AD pairs unverified against mesh noise
2026-09-27T17:49:24+00:00,7ca77f1,A,A-sphere7-ring6-hfss,hfss-v1-masked,three:Normal|Mild|Severe,M6,M6.A[4.15]: <A> in 50 MHz sub-band from 4.15 GHz,1,none-fisher,very_noisy,none (noisy realisations of 1 sim/stage),Normal:1|Mild:1|Severe:1,1500,,,,0.0002298772048084852,0.00024409152120185277,,,weakest=Mild|Severe; J_eff_min=0.00023; gap/port_min=0.542; gap/mesh=pending; bayes_err_max=0.492; shift_robust=no; band_gap_retention=0.94; freq_robust=no; AD-vs-AD pairs unverified against mesh noise
2026-09-27T17:49:24+00:00,7ca77f1,A,A-sphere7-ring6-hfss,hfss-v1-masked,three:Normal|Mild|Severe,M6,M6.N[4.15]: <N> in 50 MHz sub-band from 4.15 GHz,1,none-fisher,very_noisy,none (noisy realisations of 1 sim/stage),Normal:1|Mild:1|Severe:1,1500,,,,0.00022975831541394135,0.0002441389695082931,,,weakest=Mild|Severe; J_eff_min=0.000229; gap/port_min=0.541; gap/mesh=pending; bayes_err_max=0.492; shift_robust=no; band_gap_retention=0.94; freq_robust=no; AD-vs-AD pairs unverified against mesh noise
2026-09-27T17:49:24+00:00,7ca77f1,A,A-sphere7-ring6-hfss,hfss-v1-masked,three:Normal|Mild|Severe,M7,"M7.D: <Σ_j|S_ji - S_ref,ji|^2>_B, ref = circulant(Normal)",1,none-fisher,very_noisy,none (noisy realisations of 1 sim/stage),Normal:1|Mild:1|Severe:1,1500,,,,0.11814412545539886,0.029554963641661797,,,weakest=Mild|Severe; J_eff_min=0.0945; gap/port_min=0.971; gap/mesh=pending; bayes_err_max=0.404; shift_robust=no; band_gap_retention=0.88; freq_robust=no; AD-vs-AD pairs unverified against mesh noise
2026-09-27T17:49:24+00:00,7ca77f1,A,A-sphere7-ring6-hfss,hfss-v1-masked,three:Normal|Mild|Severe,M7,"M7.D_pow: <Σ_j(|S_ji|^2 - |S_ref,ji|^2)^2>_B (phase-free)",1,none-fisher,very_noisy,none (noisy realisations of 1 sim/stage),Normal:1|Mild:1|Severe:1,1500,,,,1.398808619699962e-08,0.0001634348654312565,,,weakest=Mild|Severe; J_eff_min=1.39e-08; gap/port_min=0.00233; gap/mesh=pending; bayes_err_max=0.494; shift_robust=no; band_gap_retention=0.82; freq_robust=no; AD-vs-AD pairs unverified against mesh noise
2026-09-27T17:49:24+00:00,7ca77f1,A,A-sphere7-ring6-hfss,hfss-v1-masked,three:Normal|Mild|Severe,M7,"M7.D0: <|S_(i±0,i) - ref|^2>_B",1,none-fisher,very_noisy,none (noisy realisations of 1 sim/stage),Normal:1|Mild:1|Severe:1,1500,,,,0.11710454452240615,0.029295265723667082,,,weakest=Mild|Severe; J_eff_min=0.0938; gap/port_min=0.972; gap/mesh=pending; bayes_err_max=0.404; shift_robust=no; band_gap_retention=0.88; freq_robust=no; AD-vs-AD pairs unverified against mesh noise
2026-09-27T17:49:24+00:00,7ca77f1,A,A-sphere7-ring6-hfss,hfss-v1-masked,three:Normal|Mild|Severe,M7,"M7.D1: <|S_(i±1,i) - ref|^2>_B",1,none-fisher,very_noisy,none (noisy realisations of 1 sim/stage),Normal:1|Mild:1|Severe:1,1500,,,,0.22328772146256823,0.05603452371438166,,,weakest=Mild|Severe; J_eff_min=0.00642; gap/port_min=0.115; gap/mesh=pending; bayes_err_max=0.369; shift_robust=no; band_gap_retention=1.02; freq_robust=no; AD-vs-AD pairs unverified against mesh noise
2026-09-27T17:49:24+00:00,7ca77f1,A,A-sphere7-ring6-hfss,hfss-v1-masked,three:Normal|Mild|Severe,M7,"M7.D2: <|S_(i±2,i) - ref|^2>_B",1,none-fisher,very_noisy,none (noisy realisations of 1 sim/stage),Normal:1|Mild:1|Severe:1,1500,,,,0.2979663221895783,0.074700228229074,,,weakest=Normal|Mild; J_eff_min=0.282; gap/port_min=2.75; gap/mesh=pending; bayes_err_max=0.35; shift_robust=no; band_gap_retention=1.05; freq_robust=no; AD-vs-AD pairs unverified against mesh noise
2026-09-27T17:49:24+00:00,7ca77f1,A,A-sphere7-ring6-hfss,hfss-v1-masked,three:Normal|Mild|Severe,M7,"M7.D3: <|S_(i±3,i) - ref|^2>_B",1,none-fisher,very_noisy,none (noisy realisations of 1 sim/stage),Normal:1|Mild:1|Severe:1,1500,,,,0.5861640173791004,0.14678382570684934,,,weakest=Normal|Mild; J_eff_min=0.563; gap/port_min=2.57; gap/mesh=pending; bayes_err_max=0.294; shift_robust=no; band_gap_retention=1.10; freq_robust=no; AD-vs-AD pairs unverified against mesh noise
2026-09-27T17:49:24+00:00,7ca77f1,A,A-sphere7-ring6-hfss,hfss-v1-masked,three:Normal|Mild|Severe,M7,"M7.D3[k3]: <|S_(i+3,i) - ref|^2> over k3 window",1,none-fisher,very_noisy,none (noisy realisations of 1 sim/stage),Normal:1|Mild:1|Severe:1,1500,,,,1.5087434115858094,0.3823579458628151,,,weakest=Normal|Mild; J_eff_min=1.39; gap/port_min=3.1; gap/mesh=pending; bayes_err_max=0.191; shift_robust=no; band_gap_retention=0.87; freq_robust=no; AD-vs-AD pairs unverified against mesh noise
2026-09-27T17:49:24+00:00,7ca77f1,A,A-sphere7-ring6-hfss,hfss-v1-masked,three:Normal|Mild|Severe,M8,M8.s1^2: <s_1(S)^2>_B (singular value),1,none-fisher,very_noisy,none (noisy realisations of 1 sim/stage),Normal:1|Mild:1|Severe:1,1500,,,,0.07982400593816369,0.019958282965439354,,,weakest=Normal|Mild; J_eff_min=nan; gap/port_min=nan; gap/mesh=pending; bayes_err_max=0.421; shift_robust=no; band_gap_retention=0.20; freq_robust=no; AD-vs-AD pairs unverified against mesh noise; matrix-level: no per-antenna port-noise estimate
2026-09-27T17:49:24+00:00,7ca77f1,A,A-sphere7-ring6-hfss,hfss-v1-masked,three:Normal|Mild|Severe,M8,M8.s2^2: <s_2(S)^2>_B (singular value),1,none-fisher,very_noisy,none (noisy realisations of 1 sim/stage),Normal:1|Mild:1|Severe:1,1500,,,,0.1328804102665362,0.03327071463517719,,,weakest=Mild|Severe; J_eff_min=nan; gap/port_min=nan; gap/mesh=pending; bayes_err_max=0.398; shift_robust=no; band_gap_retention=-0.75; freq_robust=no; AD-vs-AD pairs unverified against mesh noise; matrix-level: no per-antenna port-noise estimate
2026-09-27T17:49:24+00:00,7ca77f1,A,A-sphere7-ring6-hfss,hfss-v1-masked,three:Normal|Mild|Severe,M8,M8.s3^2: <s_3(S)^2>_B (singular value),1,none-fisher,very_noisy,none (noisy realisations of 1 sim/stage),Normal:1|Mild:1|Severe:1,1500,,,,0.13191811328986963,0.032984568561938106,,,weakest=Mild|Severe; J_eff_min=nan; gap/port_min=nan; gap/mesh=pending; bayes_err_max=0.399; shift_robust=no; band_gap_retention=-266.80; freq_robust=no; AD-vs-AD pairs unverified against mesh noise; matrix-level: no per-antenna port-noise estimate
2026-09-27T17:49:24+00:00,7ca77f1,A,A-sphere7-ring6-hfss,hfss-v1-masked,three:Normal|Mild|Severe,M8,M8.s4^2: <s_4(S)^2>_B (singular value),1,none-fisher,very_noisy,none (noisy realisations of 1 sim/stage),Normal:1|Mild:1|Severe:1,1500,,,,0.08551561032994227,0.021378991511197827,,,weakest=Mild|Severe; J_eff_min=nan; gap/port_min=nan; gap/mesh=pending; bayes_err_max=0.418; shift_robust=no; band_gap_retention=-0.15; freq_robust=no; AD-vs-AD pairs unverified against mesh noise; matrix-level: no per-antenna port-noise estimate
2026-09-27T17:49:24+00:00,7ca77f1,A,A-sphere7-ring6-hfss,hfss-v1-masked,three:Normal|Mild|Severe,M8,M8.s5^2: <s_5(S)^2>_B (singular value),1,none-fisher,very_noisy,none (noisy realisations of 1 sim/stage),Normal:1|Mild:1|Severe:1,1500,,,,0.0322465279834894,0.00844312711132923,,,weakest=Mild|Severe; J_eff_min=nan; gap/port_min=nan; gap/mesh=pending; bayes_err_max=0.449; shift_robust=no; band_gap_retention=0.57; freq_robust=no; AD-vs-AD pairs unverified against mesh noise; matrix-level: no per-antenna port-noise estimate
2026-09-27T17:49:24+00:00,7ca77f1,A,A-sphere7-ring6-hfss,hfss-v1-masked,three:Normal|Mild|Severe,M8,M8.s6^2: <s_6(S)^2>_B (singular value),1,none-fisher,very_noisy,none (noisy realisations of 1 sim/stage),Normal:1|Mild:1|Severe:1,1500,,,,0.017431833590958585,0.00532529237155566,,,weakest=Mild|Severe; J_eff_min=nan; gap/port_min=nan; gap/mesh=pending; bayes_err_max=0.461; shift_robust=no; band_gap_retention=-2.61; freq_robust=no; AD-vs-AD pairs unverified against mesh noise; matrix-level: no per-antenna port-noise estimate
2026-09-27T17:49:24+00:00,7ca77f1,A,A-sphere7-ring6-hfss,hfss-v1-masked,three:Normal|Mild|Severe,M8,M8.lam0^2: <|λ_0|^2> circulant mode 0 (full),1,none-fisher,very_noisy,none (noisy realisations of 1 sim/stage),Normal:1|Mild:1|Severe:1,1500,,,,0.1421986349412706,0.036466998345989494,,,weakest=Mild|Severe; J_eff_min=0.111; gap/port_min=1; gap/mesh=pending; bayes_err_max=0.394; shift_robust=no; band_gap_retention=0.40; freq_robust=no; AD-vs-AD pairs unverified against mesh noise
2026-09-27T17:49:24+00:00,7ca77f1,A,A-sphere7-ring6-hfss,hfss-v1-masked,three:Normal|Mild|Severe,M8,M8.lam1^2: <|λ_1|^2> circulant mode 1 (full),1,none-fisher,very_noisy,none (noisy realisations of 1 sim/stage),Normal:1|Mild:1|Severe:1,1500,,,,0.14035321923846025,0.03588216179984428,,,weakest=Mild|Severe; J_eff_min=0.109; gap/port_min=0.996; gap/mesh=pending; bayes_err_max=0.395; shift_robust=no; band_gap_retention=0.30; freq_robust=no; AD-vs-AD pairs unverified against mesh noise
2026-09-27T17:49:24+00:00,7ca77f1,A,A-sphere7-ring6-hfss,hfss-v1-masked,three:Normal|Mild|Severe,M8,M8.lam2^2: <|λ_2|^2> circulant mode 2 (full),1,none-fisher,very_noisy,none (noisy realisations of 1 sim/stage),Normal:1|Mild:1|Severe:1,1500,,,,0.1483974375226355,0.03779975287988676,,,weakest=Mild|Severe; J_eff_min=0.117; gap/port_min=1.05; gap/mesh=pending; bayes_err_max=0.392; shift_robust=no; band_gap_retention=0.28; freq_robust=no; AD-vs-AD pairs unverified against mesh noise
2026-09-27T17:49:24+00:00,7ca77f1,A,A-sphere7-ring6-hfss,hfss-v1-masked,three:Normal|Mild|Severe,M8,M8.lam3^2: <|λ_3|^2> circulant mode 3 (full),1,none-fisher,very_noisy,none (noisy realisations of 1 sim/stage),Normal:1|Mild:1|Severe:1,1500,,,,0.19185128304347246,0.048454542731334774,,,weakest=Mild|Severe; J_eff_min=0.15; gap/port_min=1.17; gap/mesh=pending; bayes_err_max=0.378; shift_robust=no; band_gap_retention=0.21; freq_robust=no; AD-vs-AD pairs unverified against mesh noise
2026-09-27T17:49:24+00:00,7ca77f1,A,A-sphere7-ring6-hfss,hfss-v1-masked,three:Normal|Mild|Severe,M8,M8.lam0^2[k3]: <|λ_0|^2> circulant mode 0 (k3),1,none-fisher,very_noisy,none (noisy realisations of 1 sim/stage),Normal:1|Mild:1|Severe:1,1500,,,,11.971148807584166,2.993951800382555,,,weakest=Mild|Severe; J_eff_min=2.22; gap/port_min=2.34; gap/mesh=pending; bayes_err_max=0.00718; shift_robust=no; band_gap_retention=0.86; freq_robust=no; AD-vs-AD pairs unverified against mesh noise
2026-09-27T17:49:24+00:00,7ca77f1,A,A-sphere7-ring6-hfss,hfss-v1-masked,three:Normal|Mild|Severe,M8,M8.lam1^2[k3]: <|λ_1|^2> circulant mode 1 (k3),1,none-fisher,very_noisy,none (noisy realisations of 1 sim/stage),Normal:1|Mild:1|Severe:1,1500,,,,12.044197506048068,3.0123568715124747,,,weakest=Mild|Severe; J_eff_min=2.1; gap/port_min=2.26; gap/mesh=pending; bayes_err_max=0.00703; shift_robust=no; band_gap_retention=0.86; freq_robust=no; AD-vs-AD pairs unverified against mesh noise
2026-09-27T17:49:24+00:00,7ca77f1,A,A-sphere7-ring6-hfss,hfss-v1-masked,three:Normal|Mild|Severe,M8,M8.lam2^2[k3]: <|λ_2|^2> circulant mode 2 (k3),1,none-fisher,very_noisy,none (noisy realisations of 1 sim/stage),Normal:1|Mild:1|Severe:1,1500,,,,10.808054778635826,2.702894837541729,,,weakest=Mild|Severe; J_eff_min=1.72; gap/port_min=2.02; gap/mesh=pending; bayes_err_max=0.01; shift_robust=no; band_gap_retention=0.85; freq_robust=no; AD-vs-AD pairs unverified against mesh noise
2026-09-27T17:49:24+00:00,7ca77f1,A,A-sphere7-ring6-hfss,hfss-v1-masked,three:Normal|Mild|Severe,M8,M8.lam3^2[k3]: <|λ_3|^2> circulant mode 3 (k3),1,none-fisher,very_noisy,none (noisy realisations of 1 sim/stage),Normal:1|Mild:1|Severe:1,1500,,,,11.085308071492442,2.772325527755137,,,weakest=Mild|Severe; J_eff_min=1.79; gap/port_min=2.06; gap/mesh=pending; bayes_err_max=0.00924; shift_robust=no; band_gap_retention=0.86; freq_robust=no; AD-vs-AD pairs unverified against mesh noise
2026-09-27T17:49:24+00:00,7ca77f1,A,A-sphere7-ring6-hfss,hfss-v1-masked,three:Normal|Mild|Severe,M0,M0.old_score: mean_B Σ_{j≠i}|S_ii+S_ij|/VSWR_i,1,none-fisher,typical_jitter,none (noisy realisations of 1 sim/stage),Normal:1|Mild:1|Severe:1,1500,,,,1.650844266379621,0.4127183875146531,,,weakest=Mild|Severe; J_eff_min=0.633; gap/port_min=1.43; gap/mesh=pending; bayes_err_max=0.182; shift_robust=no; band_gap_retention=0.74; freq_robust=no; AD-vs-AD pairs unverified against mesh noise; baseline only; not a physical quantity
2026-09-27T17:49:24+00:00,7ca77f1,A,A-sphere7-ring6-hfss,hfss-v1-masked,three:Normal|Mild|Severe,M1,M1.Sii_dBavg: mean_B 20log10|S_ii|,1,none-fisher,typical_jitter,none (noisy realisations of 1 sim/stage),Normal:1|Mild:1|Severe:1,1500,,,,0.00930719997781905,0.009996712454316933,,,weakest=Normal|Severe; J_eff_min=0.000332; gap/port_min=0.0262; gap/mesh=pending; bayes_err_max=0.451; shift_robust=no; band_gap_retention=0.67; freq_robust=no; AD-vs-AD pairs unverified against mesh noise; dB averaging; shown for fragility
2026-09-27T17:49:24+00:00,7ca77f1,A,A-sphere7-ring6-hfss,hfss-v1-masked,three:Normal|Mild|Severe,M2,M2.R: <|S_ii|^2>_B,1,none-fisher,typical_jitter,none (noisy realisations of 1 sim/stage),Normal:1|Mild:1|Severe:1,1500,,,,0.7337125886862018,0.18343947758995746,,,weakest=Mild|Severe; J_eff_min=0.178; gap/port_min=0.685; gap/mesh=pending; bayes_err_max=0.272; shift_robust=no; band_gap_retention=0.29; freq_robust=no; AD-vs-AD pairs unverified against mesh noise
2026-09-27T17:49:24+00:00,7ca77f1,A,A-sphere7-ring6-hfss,hfss-v1-masked,three:Normal|Mild|Severe,M2,M2.R[k3]: <|S_ii|^2> over k3 window,1,none-fisher,typical_jitter,none (noisy realisations of 1 sim/stage),Normal:1|Mild:1|Severe:1,1500,,,,6.425406589830181,1.6087572194462747,,,weakest=Mild|Severe; J_eff_min=1.69; gap/port_min=2.14; gap/mesh=pending; bayes_err_max=0.0363; shift_robust=no; band_gap_retention=0.86; freq_robust=no; AD-vs-AD pairs unverified against mesh noise
2026-09-27T17:49:24+00:00,7ca77f1,A,A-sphere7-ring6-hfss,hfss-v1-masked,three:Normal|Mild|Severe,M3,M3.A: <1-|S_ii|^2>_B,1,none-fisher,typical_jitter,none (noisy realisations of 1 sim/stage),Normal:1|Mild:1|Severe:1,1500,,,,0.7337125886862597,0.18343947758997203,,,weakest=Mild|Severe; J_eff_min=0.178; gap/port_min=0.685; gap/mesh=pending; bayes_err_max=0.272; shift_robust=no; band_gap_retention=0.29; freq_robust=no; AD-vs-AD pairs unverified against mesh noise; affine copy of M2.R (identical separability)
2026-09-27T17:49:24+00:00,7ca77f1,A,A-sphere7-ring6-hfss,hfss-v1-masked,three:Normal|Mild|Severe,M3,M3.ML_of_powavg: -10log10<A>_B (dB),1,none-fisher,typical_jitter,none (noisy realisations of 1 sim/stage),Normal:1|Mild:1|Severe:1,1500,,,,0.7290952229793681,0.18227828318741426,,,weakest=Mild|Severe; J_eff_min=0.177; gap/port_min=0.685; gap/mesh=pending; bayes_err_max=0.273; shift_robust=no; band_gap_retention=0.28; freq_robust=no; AD-vs-AD pairs unverified against mesh noise
2026-09-27T17:49:24+00:00,7ca77f1,A,A-sphere7-ring6-hfss,hfss-v1-masked,three:Normal|Mild|Severe,M3,M3.ML_dBavg: <-10log10 A>_B (dB-averaged ML),1,none-fisher,typical_jitter,none (noisy realisations of 1 sim/stage),Normal:1|Mild:1|Severe:1,1500,,,,0.049859592770262674,0.012497262069973212,,,weakest=Mild|Severe; J_eff_min=0.0486; gap/port_min=2; gap/mesh=pending; bayes_err_max=0.437; shift_robust=no; band_gap_retention=0.75; freq_robust=no; AD-vs-AD pairs unverified against mesh noise; dB averaging; comparison only
2026-09-27T17:49:24+00:00,7ca77f1,A,A-sphere7-ring6-hfss,hfss-v1-masked,three:Normal|Mild|Severe,M4,M4.N: <1-Σ_j|S_ji|^2>_B (absorbed+radiated+loss),1,none-fisher,typical_jitter,none (noisy realisations of 1 sim/stage),Normal:1|Mild:1|Severe:1,1500,,,,0.757953388040028,0.18949969224916485,,,weakest=Mild|Severe; J_eff_min=0.184; gap/port_min=0.696; gap/mesh=pending; bayes_err_max=0.269; shift_robust=no; band_gap_retention=0.29; freq_robust=no; AD-vs-AD pairs unverified against mesh noise
2026-09-27T17:49:24+00:00,7ca77f1,A,A-sphere7-ring6-hfss,hfss-v1-masked,three:Normal|Mild|Severe,M4,M4.N[k3]: <N> over k3 window,1,none-fisher,typical_jitter,none (noisy realisations of 1 sim/stage),Normal:1|Mild:1|Severe:1,1500,,,,6.414286654861292,1.6060007413368862,,,weakest=Mild|Severe; J_eff_min=1.68; gap/port_min=2.14; gap/mesh=pending; bayes_err_max=0.0364; shift_robust=no; band_gap_retention=0.86; freq_robust=no; AD-vs-AD pairs unverified against mesh noise
2026-09-27T17:49:24+00:00,7ca77f1,A,A-sphere7-ring6-hfss,hfss-v1-masked,three:Normal|Mild|Severe,M5,M5.C: <Σ_(j≠i)|S_ji|^2> (full),1,none-fisher,typical_jitter,none (noisy realisations of 1 sim/stage),Normal:1|Mild:1|Severe:1,1500,,,,380.1128064253136,95.03045173904226,,,weakest=Normal|Mild; J_eff_min=2.7; gap/port_min=2.33; gap/mesh=pending; bayes_err_max=1.25e-43; shift_robust=yes; band_gap_retention=1.11; freq_robust=no; AD-vs-AD pairs unverified against mesh noise
2026-09-27T17:49:24+00:00,7ca77f1,A,A-sphere7-ring6-hfss,hfss-v1-masked,three:Normal|Mild|Severe,M5,"M5.C1: <|S_(i±1,i)|^2> (full)",1,none-fisher,typical_jitter,none (noisy realisations of 1 sim/stage),Normal:1|Mild:1|Severe:1,1500,,,,324.9406527467774,81.237692103644,,,weakest=Normal|Mild; J_eff_min=2.23; gap/port_min=2.12; gap/mesh=pending; bayes_err_max=1.33e-37; shift_robust=yes; band_gap_retention=1.11; freq_robust=no; AD-vs-AD pairs unverified against mesh noise
2026-09-27T17:49:24+00:00,7ca77f1,A,A-sphere7-ring6-hfss,hfss-v1-masked,three:Normal|Mild|Severe,M5,"M5.C2: <|S_(i±2,i)|^2> (full)",1,none-fisher,typical_jitter,none (noisy realisations of 1 sim/stage),Normal:1|Mild:1|Severe:1,1500,,,,442.55959522532413,110.64060520245874,,,weakest=Normal|Mild; J_eff_min=2.32; gap/port_min=2.16; gap/mesh=pending; bayes_err_max=2.2e-50; shift_robust=yes; band_gap_retention=0.98; freq_robust=no; AD-vs-AD pairs unverified against mesh noise
2026-09-27T17:49:24+00:00,7ca77f1,A,A-sphere7-ring6-hfss,hfss-v1-masked,three:Normal|Mild|Severe,M5,"M5.C3: <|S_(i±3,i)|^2> (full)",1,none-fisher,typical_jitter,none (noisy realisations of 1 sim/stage),Normal:1|Mild:1|Severe:1,1500,,,,3.2724135631041533,0.8181995397092042,,,weakest=Mild|Severe; J_eff_min=0.00983; gap/port_min=0.14; gap/mesh=pending; bayes_err_max=0.1; shift_robust=no; band_gap_retention=0.16; freq_robust=no; AD-vs-AD pairs unverified against mesh noise
2026-09-27T17:49:24+00:00,7ca77f1,A,A-sphere7-ring6-hfss,hfss-v1-masked,three:Normal|Mild|Severe,M5,M5.C[k3]: <Σ_(j≠i)|S_ji|^2> (k3),1,none-fisher,typical_jitter,none (noisy realisations of 1 sim/stage),Normal:1|Mild:1|Severe:1,1500,,,,2.535656192463696,0.6386477628473529,,,weakest=Normal|Mild; J_eff_min=0.365; gap/port_min=0.924; gap/mesh=pending; bayes_err_max=0.129; shift_robust=no; band_gap_retention=0.67; freq_robust=no; AD-vs-AD pairs unverified against mesh noise
2026-09-27T17:49:24+00:00,7ca77f1,A,A-sphere7-ring6-hfss,hfss-v1-masked,three:Normal|Mild|Severe,M5,"M5.C1[k3]: <|S_(i±1,i)|^2> (k3)",1,none-fisher,typical_jitter,none (noisy realisations of 1 sim/stage),Normal:1|Mild:1|Severe:1,1500,,,,1.6785923481364404,0.4244875999182879,,,weakest=Normal|Mild; J_eff_min=0.242; gap/port_min=0.752; gap/mesh=pending; bayes_err_max=0.179; shift_robust=no; band_gap_retention=0.60; freq_robust=no; AD-vs-AD pairs unverified against mesh noise
2026-09-27T17:49:24+00:00,7ca77f1,A,A-sphere7-ring6-hfss,hfss-v1-masked,three:Normal|Mild|Severe,M5,"M5.C2[k3]: <|S_(i±2,i)|^2> (k3)",1,none-fisher,typical_jitter,none (noisy realisations of 1 sim/stage),Normal:1|Mild:1|Severe:1,1500,,,,161.30762585000463,40.32919819868267,,,weakest=Normal|Mild; J_eff_min=3.63; gap/port_min=2.73; gap/mesh=pending; bayes_err_max=1.22e-19; shift_robust=yes; band_gap_retention=0.75; freq_robust=no; AD-vs-AD pairs unverified against mesh noise
2026-09-27T17:49:24+00:00,7ca77f1,A,A-sphere7-ring6-hfss,hfss-v1-masked,three:Normal|Mild|Severe,M5,"M5.C3[k3]: <|S_(i±3,i)|^2> (k3)",1,none-fisher,typical_jitter,none (noisy realisations of 1 sim/stage),Normal:1|Mild:1|Severe:1,1500,,,,0.0477554712212841,0.01830307284967124,,,weakest=Mild|Severe; J_eff_min=0.000267; gap/port_min=0.0232; gap/mesh=pending; bayes_err_max=0.431; shift_robust=no; band_gap_retention=-6.41; freq_robust=no; AD-vs-AD pairs unverified against mesh noise
2026-09-27T17:49:24+00:00,7ca77f1,A,A-sphere7-ring6-hfss,hfss-v1-masked,three:Normal|Mild|Severe,M5,"M5.C3_dBavg[k3]: mean over k3 window of 10log10|S_(i+3,i)|^2",1,none-fisher,typical_jitter,none (noisy realisations of 1 sim/stage),Normal:1|Mild:1|Severe:1,1500,,,,5.700937511901324,1.4451786881751152,,,weakest=Mild|Severe; J_eff_min=0.0254; gap/port_min=0.226; gap/mesh=pending; bayes_err_max=0.0435; shift_robust=no; band_gap_retention=0.11; freq_robust=no; AD-vs-AD pairs unverified against mesh noise; dB averaging; comparison only
2026-09-27T17:49:24+00:00,7ca77f1,A,A-sphere7-ring6-hfss,hfss-v1-masked,three:Normal|Mild|Severe,M6,M6.fc_A: power-weighted centroid of A(f) [GHz],1,none-fisher,typical_jitter,none (noisy realisations of 1 sim/stage),Normal:1|Mild:1|Severe:1,1500,,,,0.2701104519010901,0.06790361681641412,,,weakest=Normal|Mild; J_eff_min=0.173; gap/port_min=0.985; gap/mesh=pending; bayes_err_max=0.356; shift_robust=no; band_gap_retention=0.78; freq_robust=no; AD-vs-AD pairs unverified against mesh noise
2026-09-27T17:49:24+00:00,7ca77f1,A,A-sphere7-ring6-hfss,hfss-v1-masked,three:Normal|Mild|Severe,M6,M6.spread_A: spectral spread of A(f) [MHz],1,none-fisher,typical_jitter,none (noisy realisations of 1 sim/stage),Normal:1|Mild:1|Severe:1,1500,,,,0.7682528705081795,0.19253595702199877,,,weakest=Mild|Severe; J_eff_min=0.63; gap/port_min=2.64; gap/mesh=pending; bayes_err_max=0.268; shift_robust=no; band_gap_retention=0.32; freq_robust=no; AD-vs-AD pairs unverified against mesh noise
2026-09-27T17:49:24+00:00,7ca77f1,A,A-sphere7-ring6-hfss,hfss-v1-masked,three:Normal|Mild|Severe,M6,M6.fc_N: power-weighted centroid of N(f) [GHz],1,none-fisher,typical_jitter,none (noisy realisations of 1 sim/stage),Normal:1|Mild:1|Severe:1,1500,,,,0.27131651860313144,0.06820478716774767,,,weakest=Normal|Mild; J_eff_min=0.174; gap/port_min=0.987; gap/mesh=pending; bayes_err_max=0.356; shift_robust=no; band_gap_retention=0.78; freq_robust=no; AD-vs-AD pairs unverified against mesh noise
2026-09-27T17:49:24+00:00,7ca77f1,A,A-sphere7-ring6-hfss,hfss-v1-masked,three:Normal|Mild|Severe,M6,M6.spread_N: spectral spread of N(f) [MHz],1,none-fisher,typical_jitter,none (noisy realisations of 1 sim/stage),Normal:1|Mild:1|Severe:1,1500,,,,0.7614618969113931,0.1908390169063384,,,weakest=Mild|Severe; J_eff_min=0.624; gap/port_min=2.63; gap/mesh=pending; bayes_err_max=0.268; shift_robust=no; band_gap_retention=0.32; freq_robust=no; AD-vs-AD pairs unverified against mesh noise
2026-09-27T17:49:24+00:00,7ca77f1,A,A-sphere7-ring6-hfss,hfss-v1-masked,three:Normal|Mild|Severe,M6,M6.A[3.20]: <A> in 50 MHz sub-band from 3.20 GHz,1,none-fisher,typical_jitter,none (noisy realisations of 1 sim/stage),Normal:1|Mild:1|Severe:1,1500,,,,0.6344207716893576,0.16033289810927556,,,weakest=Mild|Severe; J_eff_min=0.513; gap/port_min=2.32; gap/mesh=pending; bayes_err_max=0.286; shift_robust=no; band_gap_retention=0.97; freq_robust=no; AD-vs-AD pairs unverified against mesh noise
2026-09-27T17:49:25+00:00,7ca77f1,A,A-sphere7-ring6-hfss,hfss-v1-masked,three:Normal|Mild|Severe,M6,M6.N[3.20]: <N> in 50 MHz sub-band from 3.20 GHz,1,none-fisher,typical_jitter,none (noisy realisations of 1 sim/stage),Normal:1|Mild:1|Severe:1,1500,,,,0.6343932832629305,0.16032617409198352,,,weakest=Mild|Severe; J_eff_min=0.513; gap/port_min=2.32; gap/mesh=pending; bayes_err_max=0.286; shift_robust=no; band_gap_retention=0.97; freq_robust=no; AD-vs-AD pairs unverified against mesh noise
2026-09-27T17:49:25+00:00,7ca77f1,A,A-sphere7-ring6-hfss,hfss-v1-masked,three:Normal|Mild|Severe,M6,M6.A[3.25]: <A> in 50 MHz sub-band from 3.25 GHz,1,none-fisher,typical_jitter,none (noisy realisations of 1 sim/stage),Normal:1|Mild:1|Severe:1,1500,,,,0.048992948333244975,0.012498501715350278,,,weakest=Mild|Severe; J_eff_min=0.0373; gap/port_min=0.559; gap/mesh=pending; bayes_err_max=0.437; shift_robust=no; band_gap_retention=0.77; freq_robust=no; AD-vs-AD pairs unverified against mesh noise
2026-09-27T17:49:25+00:00,7ca77f1,A,A-sphere7-ring6-hfss,hfss-v1-masked,three:Normal|Mild|Severe,M6,M6.N[3.25]: <N> in 50 MHz sub-band from 3.25 GHz,1,none-fisher,typical_jitter,none (noisy realisations of 1 sim/stage),Normal:1|Mild:1|Severe:1,1500,,,,0.049020650563659125,0.01250553438916611,,,weakest=Mild|Severe; J_eff_min=0.0373; gap/port_min=0.559; gap/mesh=pending; bayes_err_max=0.437; shift_robust=no; band_gap_retention=0.77; freq_robust=no; AD-vs-AD pairs unverified against mesh noise
2026-09-27T17:49:25+00:00,7ca77f1,A,A-sphere7-ring6-hfss,hfss-v1-masked,three:Normal|Mild|Severe,M6,M6.A[3.30]: <A> in 50 MHz sub-band from 3.30 GHz,1,none-fisher,typical_jitter,none (noisy realisations of 1 sim/stage),Normal:1|Mild:1|Severe:1,1500,,,,0.3077218200276249,0.07699800575677505,,,weakest=Mild|Severe; J_eff_min=0.225; gap/port_min=1.3; gap/mesh=pending; bayes_err_max=0.347; shift_robust=no; band_gap_retention=0.62; freq_robust=no; AD-vs-AD pairs unverified against mesh noise
2026-09-27T17:49:25+00:00,7ca77f1,A,A-sphere7-ring6-hfss,hfss-v1-masked,three:Normal|Mild|Severe,M6,M6.N[3.30]: <N> in 50 MHz sub-band from 3.30 GHz,1,none-fisher,typical_jitter,none (noisy realisations of 1 sim/stage),Normal:1|Mild:1|Severe:1,1500,,,,0.3075268598613869,0.07694910769722187,,,weakest=Mild|Severe; J_eff_min=0.225; gap/port_min=1.29; gap/mesh=pending; bayes_err_max=0.347; shift_robust=no; band_gap_retention=0.62; freq_robust=no; AD-vs-AD pairs unverified against mesh noise
2026-09-27T17:49:25+00:00,7ca77f1,A,A-sphere7-ring6-hfss,hfss-v1-masked,three:Normal|Mild|Severe,M6,M6.A[3.35]: <A> in 50 MHz sub-band from 3.35 GHz,1,none-fisher,typical_jitter,none (noisy realisations of 1 sim/stage),Normal:1|Mild:1|Severe:1,1500,,,,0.9425512113881954,0.2500297460793848,,,weakest=Normal|Mild; J_eff_min=0.611; gap/port_min=1.87; gap/mesh=pending; bayes_err_max=0.241; shift_robust=no; band_gap_retention=0.73; freq_robust=no; AD-vs-AD pairs unverified against mesh noise
2026-09-27T17:49:25+00:00,7ca77f1,A,A-sphere7-ring6-hfss,hfss-v1-masked,three:Normal|Mild|Severe,M6,M6.N[3.35]: <N> in 50 MHz sub-band from 3.35 GHz,1,none-fisher,typical_jitter,none (noisy realisations of 1 sim/stage),Normal:1|Mild:1|Severe:1,1500,,,,0.9439954153965254,0.2503973582015672,,,weakest=Normal|Mild; J_eff_min=0.612; gap/port_min=1.86; gap/mesh=pending; bayes_err_max=0.241; shift_robust=no; band_gap_retention=0.73; freq_robust=no; AD-vs-AD pairs unverified against mesh noise
2026-09-27T17:49:25+00:00,7ca77f1,A,A-sphere7-ring6-hfss,hfss-v1-masked,three:Normal|Mild|Severe,M6,M6.A[3.40]: <A> in 50 MHz sub-band from 3.40 GHz,1,none-fisher,typical_jitter,none (noisy realisations of 1 sim/stage),Normal:1|Mild:1|Severe:1,1500,,,,63.633539586440186,15.926185529149482,,,weakest=Mild|Severe; J_eff_min=4.05; gap/port_min=2.94; gap/mesh=pending; bayes_err_max=6.27e-09; shift_robust=no; band_gap_retention=0.96; freq_robust=no; AD-vs-AD pairs unverified against mesh noise
2026-09-27T17:49:25+00:00,7ca77f1,A,A-sphere7-ring6-hfss,hfss-v1-masked,three:Normal|Mild|Severe,M6,M6.N[3.40]: <N> in 50 MHz sub-band from 3.40 GHz,1,none-fisher,typical_jitter,none (noisy realisations of 1 sim/stage),Normal:1|Mild:1|Severe:1,1500,,,,63.75300965844009,15.956077918631697,,,weakest=Mild|Severe; J_eff_min=4.04; gap/port_min=2.94; gap/mesh=pending; bayes_err_max=6.08e-09; shift_robust=no; band_gap_retention=0.96; freq_robust=no; AD-vs-AD pairs unverified against mesh noise
2026-09-27T17:49:25+00:00,7ca77f1,A,A-sphere7-ring6-hfss,hfss-v1-masked,three:Normal|Mild|Severe,M6,M6.A[3.45]: <A> in 50 MHz sub-band from 3.45 GHz,1,none-fisher,typical_jitter,none (noisy realisations of 1 sim/stage),Normal:1|Mild:1|Severe:1,1500,,,,9.60032783271476,2.4042569565608645,,,weakest=Mild|Severe; J_eff_min=0.672; gap/port_min=1.2; gap/mesh=pending; bayes_err_max=0.014; shift_robust=no; band_gap_retention=0.91; freq_robust=no; AD-vs-AD pairs unverified against mesh noise
2026-09-27T17:49:25+00:00,7ca77f1,A,A-sphere7-ring6-hfss,hfss-v1-masked,three:Normal|Mild|Severe,M6,M6.N[3.45]: <N> in 50 MHz sub-band from 3.45 GHz,1,none-fisher,typical_jitter,none (noisy realisations of 1 sim/stage),Normal:1|Mild:1|Severe:1,1500,,,,9.418106461935206,2.3587305183247804,,,weakest=Mild|Severe; J_eff_min=0.663; gap/port_min=1.19; gap/mesh=pending; bayes_err_max=0.0148; shift_robust=no; band_gap_retention=0.91; freq_robust=no; AD-vs-AD pairs unverified against mesh noise
2026-09-27T17:49:25+00:00,7ca77f1,A,A-sphere7-ring6-hfss,hfss-v1-masked,three:Normal|Mild|Severe,M6,M6.A[3.50]: <A> in 50 MHz sub-band from 3.50 GHz,1,none-fisher,typical_jitter,none (noisy realisations of 1 sim/stage),Normal:1|Mild:1|Severe:1,1500,,,,1.914807992175428,0.4805864689464072,,,weakest=Mild|Severe; J_eff_min=0.14; gap/port_min=0.549; gap/mesh=pending; bayes_err_max=0.163; shift_robust=no; band_gap_retention=0.96; freq_robust=no; AD-vs-AD pairs unverified against mesh noise
2026-09-27T17:49:25+00:00,7ca77f1,A,A-sphere7-ring6-hfss,hfss-v1-masked,three:Normal|Mild|Severe,M6,M6.N[3.50]: <N> in 50 MHz sub-band from 3.50 GHz,1,none-fisher,typical_jitter,none (noisy realisations of 1 sim/stage),Normal:1|Mild:1|Severe:1,1500,,,,1.8637646494876607,0.4678377130245337,,,weakest=Mild|Severe; J_eff_min=0.135; gap/port_min=0.539; gap/mesh=pending; bayes_err_max=0.167; shift_robust=no; band_gap_retention=0.96; freq_robust=no; AD-vs-AD pairs unverified against mesh noise
2026-09-27T17:49:25+00:00,7ca77f1,A,A-sphere7-ring6-hfss,hfss-v1-masked,three:Normal|Mild|Severe,M6,M6.A[3.55]: <A> in 50 MHz sub-band from 3.55 GHz,1,none-fisher,typical_jitter,none (noisy realisations of 1 sim/stage),Normal:1|Mild:1|Severe:1,1500,,,,0.19952427505448458,0.050876666639497276,,,weakest=Mild|Severe; J_eff_min=0.0405; gap/port_min=0.319; gap/mesh=pending; bayes_err_max=0.375; shift_robust=no; band_gap_retention=0.95; freq_robust=no; AD-vs-AD pairs unverified against mesh noise
2026-09-27T17:49:25+00:00,7ca77f1,A,A-sphere7-ring6-hfss,hfss-v1-masked,three:Normal|Mild|Severe,M6,M6.N[3.55]: <N> in 50 MHz sub-band from 3.55 GHz,1,none-fisher,typical_jitter,none (noisy realisations of 1 sim/stage),Normal:1|Mild:1|Severe:1,1500,,,,0.1904977818334783,0.04862499526677406,,,weakest=Mild|Severe; J_eff_min=0.0386; gap/port_min=0.311; gap/mesh=pending; bayes_err_max=0.378; shift_robust=no; band_gap_retention=0.95; freq_robust=no; AD-vs-AD pairs unverified against mesh noise
2026-09-27T17:49:25+00:00,7ca77f1,A,A-sphere7-ring6-hfss,hfss-v1-masked,three:Normal|Mild|Severe,M6,M6.A[3.60]: <A> in 50 MHz sub-band from 3.60 GHz,1,none-fisher,typical_jitter,none (noisy realisations of 1 sim/stage),Normal:1|Mild:1|Severe:1,1500,,,,0.19841007923180026,0.05093979096647157,,,weakest=Normal|Severe; J_eff_min=0.0719; gap/port_min=0.465; gap/mesh=pending; bayes_err_max=0.376; shift_robust=no; band_gap_retention=-3.49; freq_robust=no; AD-vs-AD pairs unverified against mesh noise
2026-09-27T17:49:25+00:00,7ca77f1,A,A-sphere7-ring6-hfss,hfss-v1-masked,three:Normal|Mild|Severe,M6,M6.N[3.60]: <N> in 50 MHz sub-band from 3.60 GHz,1,none-fisher,typical_jitter,none (noisy realisations of 1 sim/stage),Normal:1|Mild:1|Severe:1,1500,,,,0.1436551663701398,0.08582569495430034,,,weakest=Normal|Mild; J_eff_min=0.0473; gap/port_min=0.375; gap/mesh=pending; bayes_err_max=0.34; shift_robust=no; band_gap_retention=-2.38; freq_robust=no; AD-vs-AD pairs unverified against mesh noise
2026-09-27T17:49:25+00:00,7ca77f1,A,A-sphere7-ring6-hfss,hfss-v1-masked,three:Normal|Mild|Severe,M6,M6.A[3.65]: <A> in 50 MHz sub-band from 3.65 GHz,1,none-fisher,typical_jitter,none (noisy realisations of 1 sim/stage),Normal:1|Mild:1|Severe:1,1500,,,,0.4475103803385534,0.11232037124951162,,,weakest=Normal|Mild; J_eff_min=0.112; gap/port_min=0.545; gap/mesh=pending; bayes_err_max=0.318; shift_robust=no; band_gap_retention=0.94; freq_robust=no; AD-vs-AD pairs unverified against mesh noise
2026-09-27T17:49:25+00:00,7ca77f1,A,A-sphere7-ring6-hfss,hfss-v1-masked,three:Normal|Mild|Severe,M6,M6.N[3.65]: <N> in 50 MHz sub-band from 3.65 GHz,1,none-fisher,typical_jitter,none (noisy realisations of 1 sim/stage),Normal:1|Mild:1|Severe:1,1500,,,,0.4587258898653433,0.1151184956966095,,,weakest=Normal|Mild; J_eff_min=0.114; gap/port_min=0.551; gap/mesh=pending; bayes_err_max=0.316; shift_robust=no; band_gap_retention=0.94; freq_robust=no; AD-vs-AD pairs unverified against mesh noise
2026-09-27T17:49:25+00:00,7ca77f1,A,A-sphere7-ring6-hfss,hfss-v1-masked,three:Normal|Mild|Severe,M6,M6.A[3.70]: <A> in 50 MHz sub-band from 3.70 GHz,1,none-fisher,typical_jitter,none (noisy realisations of 1 sim/stage),Normal:1|Mild:1|Severe:1,1500,,,,0.0821852343027225,0.025099109693847044,,,weakest=Normal|Mild; J_eff_min=0.00322; gap/port_min=0.0818; gap/mesh=pending; bayes_err_max=0.415; shift_robust=no; band_gap_retention=0.46; freq_robust=no; AD-vs-AD pairs unverified against mesh noise
2026-09-27T17:49:25+00:00,7ca77f1,A,A-sphere7-ring6-hfss,hfss-v1-masked,three:Normal|Mild|Severe,M6,M6.N[3.70]: <N> in 50 MHz sub-band from 3.70 GHz,1,none-fisher,typical_jitter,none (noisy realisations of 1 sim/stage),Normal:1|Mild:1|Severe:1,1500,,,,0.08599870371085715,0.02602744015975348,,,weakest=Normal|Mild; J_eff_min=0.0034; gap/port_min=0.0841; gap/mesh=pending; bayes_err_max=0.414; shift_robust=no; band_gap_retention=0.47; freq_robust=no; AD-vs-AD pairs unverified against mesh noise
2026-09-27T17:49:25+00:00,7ca77f1,A,A-sphere7-ring6-hfss,hfss-v1-masked,three:Normal|Mild|Severe,M6,M6.A[3.75]: <A> in 50 MHz sub-band from 3.75 GHz,1,none-fisher,typical_jitter,none (noisy realisations of 1 sim/stage),Normal:1|Mild:1|Severe:1,1500,,,,0.16725482211120873,0.0510946329474619,,,weakest=Normal|Mild; J_eff_min=0.0314; gap/port_min=0.278; gap/mesh=pending; bayes_err_max=0.38; shift_robust=no; band_gap_retention=0.52; freq_robust=no; AD-vs-AD pairs unverified against mesh noise
2026-09-27T17:49:25+00:00,7ca77f1,A,A-sphere7-ring6-hfss,hfss-v1-masked,three:Normal|Mild|Severe,M6,M6.N[3.75]: <N> in 50 MHz sub-band from 3.75 GHz,1,none-fisher,typical_jitter,none (noisy realisations of 1 sim/stage),Normal:1|Mild:1|Severe:1,1500,,,,0.17405764621991185,0.0528315690552928,,,weakest=Normal|Mild; J_eff_min=0.0324; gap/port_min=0.282; gap/mesh=pending; bayes_err_max=0.378; shift_robust=no; band_gap_retention=0.53; freq_robust=no; AD-vs-AD pairs unverified against mesh noise
2026-09-27T17:49:25+00:00,7ca77f1,A,A-sphere7-ring6-hfss,hfss-v1-masked,three:Normal|Mild|Severe,M6,M6.A[3.80]: <A> in 50 MHz sub-band from 3.80 GHz,1,none-fisher,typical_jitter,none (noisy realisations of 1 sim/stage),Normal:1|Mild:1|Severe:1,1500,,,,0.1490326463433122,0.03805808928981497,,,weakest=Mild|Severe; J_eff_min=0.05; gap/port_min=0.388; gap/mesh=pending; bayes_err_max=0.392; shift_robust=no; band_gap_retention=0.96; freq_robust=no; AD-vs-AD pairs unverified against mesh noise
2026-09-27T17:49:25+00:00,7ca77f1,A,A-sphere7-ring6-hfss,hfss-v1-masked,three:Normal|Mild|Severe,M6,M6.N[3.80]: <N> in 50 MHz sub-band from 3.80 GHz,1,none-fisher,typical_jitter,none (noisy realisations of 1 sim/stage),Normal:1|Mild:1|Severe:1,1500,,,,0.1493207364588579,0.0381304807041889,,,weakest=Mild|Severe; J_eff_min=0.0501; gap/port_min=0.388; gap/mesh=pending; bayes_err_max=0.392; shift_robust=no; band_gap_retention=0.96; freq_robust=no; AD-vs-AD pairs unverified against mesh noise
2026-09-27T17:49:25+00:00,7ca77f1,A,A-sphere7-ring6-hfss,hfss-v1-masked,three:Normal|Mild|Severe,M6,M6.A[3.85]: <A> in 50 MHz sub-band from 3.85 GHz,1,none-fisher,typical_jitter,none (noisy realisations of 1 sim/stage),Normal:1|Mild:1|Severe:1,1500,,,,0.43477982003743915,0.10920962715302705,,,weakest=Mild|Severe; J_eff_min=0.204; gap/port_min=0.878; gap/mesh=pending; bayes_err_max=0.32; shift_robust=no; band_gap_retention=0.98; freq_robust=no; AD-vs-AD pairs unverified against mesh noise
2026-09-27T17:49:25+00:00,7ca77f1,A,A-sphere7-ring6-hfss,hfss-v1-masked,three:Normal|Mild|Severe,M6,M6.N[3.85]: <N> in 50 MHz sub-band from 3.85 GHz,1,none-fisher,typical_jitter,none (noisy realisations of 1 sim/stage),Normal:1|Mild:1|Severe:1,1500,,,,0.43502106455126516,0.10927012558183409,,,weakest=Mild|Severe; J_eff_min=0.205; gap/port_min=0.879; gap/mesh=pending; bayes_err_max=0.32; shift_robust=no; band_gap_retention=0.98; freq_robust=no; AD-vs-AD pairs unverified against mesh noise
2026-09-27T17:49:25+00:00,7ca77f1,A,A-sphere7-ring6-hfss,hfss-v1-masked,three:Normal|Mild|Severe,M6,M6.A[3.90]: <A> in 50 MHz sub-band from 3.90 GHz,1,none-fisher,typical_jitter,none (noisy realisations of 1 sim/stage),Normal:1|Mild:1|Severe:1,1500,,,,0.6051882866371413,0.15129895792316603,,,weakest=Mild|Severe; J_eff_min=0.4; gap/port_min=1.54; gap/mesh=pending; bayes_err_max=0.291; shift_robust=no; band_gap_retention=0.97; freq_robust=no; AD-vs-AD pairs unverified against mesh noise
2026-09-27T17:49:25+00:00,7ca77f1,A,A-sphere7-ring6-hfss,hfss-v1-masked,three:Normal|Mild|Severe,M6,M6.N[3.90]: <N> in 50 MHz sub-band from 3.90 GHz,1,none-fisher,typical_jitter,none (noisy realisations of 1 sim/stage),Normal:1|Mild:1|Severe:1,1500,,,,0.6053435389326726,0.15133776503845933,,,weakest=Mild|Severe; J_eff_min=0.4; gap/port_min=1.54; gap/mesh=pending; bayes_err_max=0.291; shift_robust=no; band_gap_retention=0.97; freq_robust=no; AD-vs-AD pairs unverified against mesh noise
2026-09-27T17:49:25+00:00,7ca77f1,A,A-sphere7-ring6-hfss,hfss-v1-masked,three:Normal|Mild|Severe,M6,M6.A[3.95]: <A> in 50 MHz sub-band from 3.95 GHz,1,none-fisher,typical_jitter,none (noisy realisations of 1 sim/stage),Normal:1|Mild:1|Severe:1,1500,,,,0.4639734406209483,0.1167293303308525,,,weakest=Mild|Severe; J_eff_min=0.379; gap/port_min=2.04; gap/mesh=pending; bayes_err_max=0.315; shift_robust=no; band_gap_retention=0.97; freq_robust=no; AD-vs-AD pairs unverified against mesh noise
2026-09-27T17:49:25+00:00,7ca77f1,A,A-sphere7-ring6-hfss,hfss-v1-masked,three:Normal|Mild|Severe,M6,M6.N[3.95]: <N> in 50 MHz sub-band from 3.95 GHz,1,none-fisher,typical_jitter,none (noisy realisations of 1 sim/stage),Normal:1|Mild:1|Severe:1,1500,,,,0.46405550890063524,0.11674986208533679,,,weakest=Mild|Severe; J_eff_min=0.379; gap/port_min=2.04; gap/mesh=pending; bayes_err_max=0.315; shift_robust=no; band_gap_retention=0.97; freq_robust=no; AD-vs-AD pairs unverified against mesh noise
2026-09-27T17:49:25+00:00,7ca77f1,A,A-sphere7-ring6-hfss,hfss-v1-masked,three:Normal|Mild|Severe,M6,M6.A[4.00]: <A> in 50 MHz sub-band from 4.00 GHz,1,none-fisher,typical_jitter,none (noisy realisations of 1 sim/stage),Normal:1|Mild:1|Severe:1,1500,,,,0.19008789938114276,0.04785913690674124,,,weakest=Mild|Severe; J_eff_min=0.172; gap/port_min=1.93; gap/mesh=pending; bayes_err_max=0.379; shift_robust=no; band_gap_retention=0.97; freq_robust=no; AD-vs-AD pairs unverified against mesh noise
2026-09-27T17:49:25+00:00,7ca77f1,A,A-sphere7-ring6-hfss,hfss-v1-masked,three:Normal|Mild|Severe,M6,M6.N[4.00]: <N> in 50 MHz sub-band from 4.00 GHz,1,none-fisher,typical_jitter,none (noisy realisations of 1 sim/stage),Normal:1|Mild:1|Severe:1,1500,,,,0.1901173054846834,0.04786645830447499,,,weakest=Mild|Severe; J_eff_min=0.172; gap/port_min=1.93; gap/mesh=pending; bayes_err_max=0.379; shift_robust=no; band_gap_retention=0.97; freq_robust=no; AD-vs-AD pairs unverified against mesh noise
2026-09-27T17:49:25+00:00,7ca77f1,A,A-sphere7-ring6-hfss,hfss-v1-masked,three:Normal|Mild|Severe,M6,M6.A[4.05]: <A> in 50 MHz sub-band from 4.05 GHz,1,none-fisher,typical_jitter,none (noisy realisations of 1 sim/stage),Normal:1|Mild:1|Severe:1,1500,,,,0.08835788511191116,0.02253673137774556,,,weakest=Mild|Severe; J_eff_min=0.0841; gap/port_min=1.88; gap/mesh=pending; bayes_err_max=0.416; shift_robust=no; band_gap_retention=0.96; freq_robust=no; AD-vs-AD pairs unverified against mesh noise
2026-09-27T17:49:25+00:00,7ca77f1,A,A-sphere7-ring6-hfss,hfss-v1-masked,three:Normal|Mild|Severe,M6,M6.N[4.05]: <N> in 50 MHz sub-band from 4.05 GHz,1,none-fisher,typical_jitter,none (noisy realisations of 1 sim/stage),Normal:1|Mild:1|Severe:1,1500,,,,0.08836953405403208,0.02253964157772251,,,weakest=Mild|Severe; J_eff_min=0.0842; gap/port_min=1.88; gap/mesh=pending; bayes_err_max=0.416; shift_robust=no; band_gap_retention=0.96; freq_robust=no; AD-vs-AD pairs unverified against mesh noise
2026-09-27T17:49:25+00:00,7ca77f1,A,A-sphere7-ring6-hfss,hfss-v1-masked,three:Normal|Mild|Severe,M6,M6.A[4.10]: <A> in 50 MHz sub-band from 4.10 GHz,1,none-fisher,typical_jitter,none (noisy realisations of 1 sim/stage),Normal:1|Mild:1|Severe:1,1500,,,,0.026882155106456564,0.0068385824788674545,,,weakest=Mild|Severe; J_eff_min=0.0261; gap/port_min=1.3; gap/mesh=pending; bayes_err_max=0.454; shift_robust=no; band_gap_retention=0.94; freq_robust=no; AD-vs-AD pairs unverified against mesh noise
2026-09-27T17:49:25+00:00,7ca77f1,A,A-sphere7-ring6-hfss,hfss-v1-masked,three:Normal|Mild|Severe,M6,M6.N[4.10]: <N> in 50 MHz sub-band from 4.10 GHz,1,none-fisher,typical_jitter,none (noisy realisations of 1 sim/stage),Normal:1|Mild:1|Severe:1,1500,,,,0.026887093837726937,0.006839819301231222,,,weakest=Mild|Severe; J_eff_min=0.0261; gap/port_min=1.3; gap/mesh=pending; bayes_err_max=0.454; shift_robust=no; band_gap_retention=0.94; freq_robust=no; AD-vs-AD pairs unverified against mesh noise
2026-09-27T17:49:25+00:00,7ca77f1,A,A-sphere7-ring6-hfss,hfss-v1-masked,three:Normal|Mild|Severe,M6,M6.A[4.15]: <A> in 50 MHz sub-band from 4.15 GHz,1,none-fisher,typical_jitter,none (noisy realisations of 1 sim/stage),Normal:1|Mild:1|Severe:1,1500,,,,0.01699106367981535,0.004871357994278987,,,weakest=Mild|Severe; J_eff_min=0.0165; gap/port_min=1.1; gap/mesh=pending; bayes_err_max=0.462; shift_robust=no; band_gap_retention=0.94; freq_robust=no; AD-vs-AD pairs unverified against mesh noise
2026-09-27T17:49:25+00:00,7ca77f1,A,A-sphere7-ring6-hfss,hfss-v1-masked,three:Normal|Mild|Severe,M6,M6.N[4.15]: <N> in 50 MHz sub-band from 4.15 GHz,1,none-fisher,typical_jitter,none (noisy realisations of 1 sim/stage),Normal:1|Mild:1|Severe:1,1500,,,,0.016995048662908737,0.004872349419826364,,,weakest=Mild|Severe; J_eff_min=0.0165; gap/port_min=1.1; gap/mesh=pending; bayes_err_max=0.462; shift_robust=no; band_gap_retention=0.94; freq_robust=no; AD-vs-AD pairs unverified against mesh noise
2026-09-27T17:49:25+00:00,7ca77f1,A,A-sphere7-ring6-hfss,hfss-v1-masked,three:Normal|Mild|Severe,M7,"M7.D: <Σ_j|S_ji - S_ref,ji|^2>_B, ref = circulant(Normal)",1,none-fisher,typical_jitter,none (noisy realisations of 1 sim/stage),Normal:1|Mild:1|Severe:1,1500,,,,1.8306135148753628,0.49009511055887356,,,weakest=Mild|Severe; J_eff_min=0.523; gap/port_min=1.21; gap/mesh=pending; bayes_err_max=0.161; shift_robust=no; band_gap_retention=0.88; freq_robust=no; AD-vs-AD pairs unverified against mesh noise
2026-09-27T17:49:25+00:00,7ca77f1,A,A-sphere7-ring6-hfss,hfss-v1-masked,three:Normal|Mild|Severe,M7,"M7.D_pow: <Σ_j(|S_ji|^2 - |S_ref,ji|^2)^2>_B (phase-free)",1,none-fisher,typical_jitter,none (noisy realisations of 1 sim/stage),Normal:1|Mild:1|Severe:1,1500,,,,2.09082341081152,0.5495202264448468,,,weakest=Mild|Severe; J_eff_min=1.37; gap/port_min=2.83; gap/mesh=pending; bayes_err_max=0.147; shift_robust=no; band_gap_retention=0.82; freq_robust=no; AD-vs-AD pairs unverified against mesh noise
2026-09-27T17:49:25+00:00,7ca77f1,A,A-sphere7-ring6-hfss,hfss-v1-masked,three:Normal|Mild|Severe,M7,"M7.D0: <|S_(i±0,i) - ref|^2>_B",1,none-fisher,typical_jitter,none (noisy realisations of 1 sim/stage),Normal:1|Mild:1|Severe:1,1500,,,,1.8120173856226107,0.4893986558502612,,,weakest=Mild|Severe; J_eff_min=0.522; gap/port_min=1.21; gap/mesh=pending; bayes_err_max=0.162; shift_robust=no; band_gap_retention=0.88; freq_robust=no; AD-vs-AD pairs unverified against mesh noise
2026-09-27T17:49:25+00:00,7ca77f1,A,A-sphere7-ring6-hfss,hfss-v1-masked,three:Normal|Mild|Severe,M7,"M7.D1: <|S_(i±1,i) - ref|^2>_B",1,none-fisher,typical_jitter,none (noisy realisations of 1 sim/stage),Normal:1|Mild:1|Severe:1,1500,,,,0.019768487106343064,0.016634738809590658,,,weakest=Mild|Severe; J_eff_min=0.00982; gap/port_min=0.198; gap/mesh=pending; bayes_err_max=0.437; shift_robust=no; band_gap_retention=1.02; freq_robust=no; AD-vs-AD pairs unverified against mesh noise
2026-09-27T17:49:25+00:00,7ca77f1,A,A-sphere7-ring6-hfss,hfss-v1-masked,three:Normal|Mild|Severe,M7,"M7.D2: <|S_(i±2,i) - ref|^2>_B",1,none-fisher,typical_jitter,none (noisy realisations of 1 sim/stage),Normal:1|Mild:1|Severe:1,1500,,,,28.531629354590162,7.1799828978341,,,weakest=Mild|Severe; J_eff_min=2.93; gap/port_min=2.55; gap/mesh=pending; bayes_err_max=5.42e-05; shift_robust=no; band_gap_retention=1.05; freq_robust=no; AD-vs-AD pairs unverified against mesh noise
2026-09-27T17:49:25+00:00,7ca77f1,A,A-sphere7-ring6-hfss,hfss-v1-masked,three:Normal|Mild|Severe,M7,"M7.D3: <|S_(i±3,i) - ref|^2>_B",1,none-fisher,typical_jitter,none (noisy realisations of 1 sim/stage),Normal:1|Mild:1|Severe:1,1500,,,,4.413040720858944,1.3059665029770824,,,weakest=Mild|Severe; J_eff_min=1.92; gap/port_min=2.61; gap/mesh=pending; bayes_err_max=0.0457; shift_robust=no; band_gap_retention=1.10; freq_robust=no; AD-vs-AD pairs unverified against mesh noise
2026-09-27T17:49:25+00:00,7ca77f1,A,A-sphere7-ring6-hfss,hfss-v1-masked,three:Normal|Mild|Severe,M7,"M7.D3[k3]: <|S_(i+3,i) - ref|^2> over k3 window",1,none-fisher,typical_jitter,none (noisy realisations of 1 sim/stage),Normal:1|Mild:1|Severe:1,1500,,,,3.644253478467001,1.0934667192510261,,,weakest=Mild|Severe; J_eff_min=2.14; gap/port_min=3.23; gap/mesh=pending; bayes_err_max=0.0634; shift_robust=no; band_gap_retention=0.87; freq_robust=no; AD-vs-AD pairs unverified against mesh noise
2026-09-27T17:49:25+00:00,7ca77f1,A,A-sphere7-ring6-hfss,hfss-v1-masked,three:Normal|Mild|Severe,M8,M8.s1^2: <s_1(S)^2>_B (singular value),1,none-fisher,typical_jitter,none (noisy realisations of 1 sim/stage),Normal:1|Mild:1|Severe:1,1500,,,,0.1788968168636582,0.047195170529394474,,,weakest=Normal|Mild; J_eff_min=nan; gap/port_min=nan; gap/mesh=pending; bayes_err_max=0.381; shift_robust=no; band_gap_retention=0.20; freq_robust=no; AD-vs-AD pairs unverified against mesh noise; matrix-level: no per-antenna port-noise estimate
2026-09-27T17:49:25+00:00,7ca77f1,A,A-sphere7-ring6-hfss,hfss-v1-masked,three:Normal|Mild|Severe,M8,M8.s2^2: <s_2(S)^2>_B (singular value),1,none-fisher,typical_jitter,none (noisy realisations of 1 sim/stage),Normal:1|Mild:1|Severe:1,1500,,,,0.6519241501999292,0.1631688396889684,,,weakest=Mild|Severe; J_eff_min=nan; gap/port_min=nan; gap/mesh=pending; bayes_err_max=0.284; shift_robust=no; band_gap_retention=-0.75; freq_robust=no; AD-vs-AD pairs unverified against mesh noise; matrix-level: no per-antenna port-noise estimate
2026-09-27T17:49:25+00:00,7ca77f1,A,A-sphere7-ring6-hfss,hfss-v1-masked,three:Normal|Mild|Severe,M8,M8.s3^2: <s_3(S)^2>_B (singular value),1,none-fisher,typical_jitter,none (noisy realisations of 1 sim/stage),Normal:1|Mild:1|Severe:1,1500,,,,0.4797221635376788,0.11997190189384116,,,weakest=Mild|Severe; J_eff_min=nan; gap/port_min=nan; gap/mesh=pending; bayes_err_max=0.312; shift_robust=no; band_gap_retention=-266.80; freq_robust=no; AD-vs-AD pairs unverified against mesh noise; matrix-level: no per-antenna port-noise estimate
2026-09-27T17:49:25+00:00,7ca77f1,A,A-sphere7-ring6-hfss,hfss-v1-masked,three:Normal|Mild|Severe,M8,M8.s4^2: <s_4(S)^2>_B (singular value),1,none-fisher,typical_jitter,none (noisy realisations of 1 sim/stage),Normal:1|Mild:1|Severe:1,1500,,,,0.12287248075516798,0.03099105592269776,,,weakest=Mild|Severe; J_eff_min=nan; gap/port_min=nan; gap/mesh=pending; bayes_err_max=0.402; shift_robust=no; band_gap_retention=-0.15; freq_robust=no; AD-vs-AD pairs unverified against mesh noise; matrix-level: no per-antenna port-noise estimate
2026-09-27T17:49:25+00:00,7ca77f1,A,A-sphere7-ring6-hfss,hfss-v1-masked,three:Normal|Mild|Severe,M8,M8.s5^2: <s_5(S)^2>_B (singular value),1,none-fisher,typical_jitter,none (noisy realisations of 1 sim/stage),Normal:1|Mild:1|Severe:1,1500,,,,0.07401671354525266,0.01856456930056348,,,weakest=Mild|Severe; J_eff_min=nan; gap/port_min=nan; gap/mesh=pending; bayes_err_max=0.424; shift_robust=no; band_gap_retention=0.57; freq_robust=no; AD-vs-AD pairs unverified against mesh noise; matrix-level: no per-antenna port-noise estimate
2026-09-27T17:49:25+00:00,7ca77f1,A,A-sphere7-ring6-hfss,hfss-v1-masked,three:Normal|Mild|Severe,M8,M8.s6^2: <s_6(S)^2>_B (singular value),1,none-fisher,typical_jitter,none (noisy realisations of 1 sim/stage),Normal:1|Mild:1|Severe:1,1500,,,,0.02189066136590854,0.007201709692427109,,,weakest=Mild|Severe; J_eff_min=nan; gap/port_min=nan; gap/mesh=pending; bayes_err_max=0.455; shift_robust=no; band_gap_retention=-2.61; freq_robust=no; AD-vs-AD pairs unverified against mesh noise; matrix-level: no per-antenna port-noise estimate
2026-09-27T17:49:25+00:00,7ca77f1,A,A-sphere7-ring6-hfss,hfss-v1-masked,three:Normal|Mild|Severe,M8,M8.lam0^2: <|λ_0|^2> circulant mode 0 (full),1,none-fisher,typical_jitter,none (noisy realisations of 1 sim/stage),Normal:1|Mild:1|Severe:1,1500,,,,0.6878368254716257,0.17197525375870223,,,weakest=Mild|Severe; J_eff_min=0.163; gap/port_min=0.654; gap/mesh=pending; bayes_err_max=0.279; shift_robust=no; band_gap_retention=0.40; freq_robust=no; AD-vs-AD pairs unverified against mesh noise
2026-09-27T17:49:25+00:00,7ca77f1,A,A-sphere7-ring6-hfss,hfss-v1-masked,three:Normal|Mild|Severe,M8,M8.lam1^2: <|λ_1|^2> circulant mode 1 (full),1,none-fisher,typical_jitter,none (noisy realisations of 1 sim/stage),Normal:1|Mild:1|Severe:1,1500,,,,0.6781215600445417,0.16954002613023741,,,weakest=Mild|Severe; J_eff_min=0.16; gap/port_min=0.647; gap/mesh=pending; bayes_err_max=0.28; shift_robust=no; band_gap_retention=0.30; freq_robust=no; AD-vs-AD pairs unverified against mesh noise
2026-09-27T17:49:25+00:00,7ca77f1,A,A-sphere7-ring6-hfss,hfss-v1-masked,three:Normal|Mild|Severe,M8,M8.lam2^2: <|λ_2|^2> circulant mode 2 (full),1,none-fisher,typical_jitter,none (noisy realisations of 1 sim/stage),Normal:1|Mild:1|Severe:1,1500,,,,0.7346087682037226,0.18366241418504226,,,weakest=Mild|Severe; J_eff_min=0.179; gap/port_min=0.688; gap/mesh=pending; bayes_err_max=0.272; shift_robust=no; band_gap_retention=0.28; freq_robust=no; AD-vs-AD pairs unverified against mesh noise
2026-09-27T17:49:25+00:00,7ca77f1,A,A-sphere7-ring6-hfss,hfss-v1-masked,three:Normal|Mild|Severe,M8,M8.lam3^2: <|λ_3|^2> circulant mode 3 (full),1,none-fisher,typical_jitter,none (noisy realisations of 1 sim/stage),Normal:1|Mild:1|Severe:1,1500,,,,1.0640059991416462,0.26601441324919456,,,weakest=Mild|Severe; J_eff_min=0.256; gap/port_min=0.822; gap/mesh=pending; bayes_err_max=0.233; shift_robust=no; band_gap_retention=0.21; freq_robust=no; AD-vs-AD pairs unverified against mesh noise
2026-09-27T17:49:25+00:00,7ca77f1,A,A-sphere7-ring6-hfss,hfss-v1-masked,three:Normal|Mild|Severe,M8,M8.lam0^2[k3]: <|λ_0|^2> circulant mode 0 (k3),1,none-fisher,typical_jitter,none (noisy realisations of 1 sim/stage),Normal:1|Mild:1|Severe:1,1500,,,,5.04034508518777,1.262345261613271,,,weakest=Mild|Severe; J_eff_min=1.75; gap/port_min=2.32; gap/mesh=pending; bayes_err_max=0.0559; shift_robust=no; band_gap_retention=0.86; freq_robust=no; AD-vs-AD pairs unverified against mesh noise
2026-09-27T17:49:25+00:00,7ca77f1,A,A-sphere7-ring6-hfss,hfss-v1-masked,three:Normal|Mild|Severe,M8,M8.lam1^2[k3]: <|λ_1|^2> circulant mode 1 (k3),1,none-fisher,typical_jitter,none (noisy realisations of 1 sim/stage),Normal:1|Mild:1|Severe:1,1500,,,,5.869072040690985,1.4696432464723952,,,weakest=Mild|Severe; J_eff_min=1.75; gap/port_min=2.23; gap/mesh=pending; bayes_err_max=0.0431; shift_robust=no; band_gap_retention=0.86; freq_robust=no; AD-vs-AD pairs unverified against mesh noise
2026-09-27T17:49:25+00:00,7ca77f1,A,A-sphere7-ring6-hfss,hfss-v1-masked,three:Normal|Mild|Severe,M8,M8.lam2^2[k3]: <|λ_2|^2> circulant mode 2 (k3),1,none-fisher,typical_jitter,none (noisy realisations of 1 sim/stage),Normal:1|Mild:1|Severe:1,1500,,,,6.900714633897624,1.7277092331013844,,,weakest=Mild|Severe; J_eff_min=1.54; gap/port_min=1.99; gap/mesh=pending; bayes_err_max=0.0314; shift_robust=no; band_gap_retention=0.85; freq_robust=no; AD-vs-AD pairs unverified against mesh noise
2026-09-27T17:49:25+00:00,7ca77f1,A,A-sphere7-ring6-hfss,hfss-v1-masked,three:Normal|Mild|Severe,M8,M8.lam3^2[k3]: <|λ_3|^2> circulant mode 3 (k3),1,none-fisher,typical_jitter,none (noisy realisations of 1 sim/stage),Normal:1|Mild:1|Severe:1,1500,,,,8.904414216970782,2.22863761895904,,,weakest=Mild|Severe; J_eff_min=1.68; gap/port_min=2.04; gap/mesh=pending; bayes_err_max=0.0173; shift_robust=no; band_gap_retention=0.86; freq_robust=no; AD-vs-AD pairs unverified against mesh noise
